{
"type": "FeatureCollection",
"name": "Imoveis_Cabedelo_MPF",
"crs": { "type": "name", "properties": { "name": "urn:ogc:def:crs:OGC:1.3:CRS84" } },
"features": [
{"type":"Feature","properties":{"fid":7,"Endereco":"Rua Alfredo Nóbrega","Bairro":"Camboinha","Quadra":"A","Lote":"02","Municipio":"Cabedelo-PB","Loteamento":"Jardim Atlântico","area_pecunia":null,"Situacao_recuo":null,"valor_m2":null,"valor_total":0.0,"valor_formatado":"R$ 0,00","geocodigo":"10003117040077","fid_2":14193.0,"id":14196.0,"distrito":"1","setor":"0003","quadra_2":"117","lote_2":"0077","geocode":"10003117040077","zoneamento":"Zona de Interesse Turístico (ZIT)","shape_leng":107.73595658399999,"shape_area":678.96,"bairro_2":"Camboinha","faces":"04","Reurb":null,"u_Inscriç":"1.0003.117.04.0077.0000.3","u_Sequenci":10088563,"u_Propriet":"MGM HOLDINGS LTDA","u_Propri_1":"37.246.724/0001-20","u_ÁreaTer":600.0,"u_ÁreaTot":371.22,"u_ÁreaCon":371.22,"u_TipoImó":"CASA ISOLADA","u_Patrimô":"Próprio","u2Natureza":"PREDIAL","u2Logradou":"RUA RODRIGUES DE CARVALHO","u2Número":"491","u2Compleme":null,"u2Edifíci":null,"u2ÁreaTer":600.0,"u2ÁreaTot":371.22,"u2ÁreaCon":371.22,"u2TipoImó":"CASA ISOLADA","u2Patrimô":"Próprio"},"geometry":{"type":"MultiPolygon","coordinates":[[[[-34.828790164403067,-7.014753894483492],[-34.828770576633914,-7.014761392947764],[-34.82883550785526,-7.014933661578239],[-34.829090516519422,-7.014834688638225],[-34.829046114368744,-7.014658653723058],[-34.828790164403067,-7.014753894483492]]]]}},
{"type":"Feature","properties":{"fid":13,"Endereco":"Rua Alfredo Nóbrega","Bairro":"Camboinha","Quadra":"A","Lote":"01","Municipio":"Cabedelo-PB","Loteamento":"Jardim Atlântico","area_pecunia":null,"Situacao_recuo":null,"valor_m2":null,"valor_total":0.0,"valor_formatado":"R$ 0,00","geocodigo":"10003117040058","fid_2":14194.0,"id":14197.0,"distrito":"1","setor":"0003","quadra_2":"117","lote_2":"0058","geocode":"10003117040058","zoneamento":"Zona de Interesse Turístico (ZIT)","shape_leng":98.910291861800005,"shape_area":542.3,"bairro_2":"Camboinha","faces":"04","Reurb":null,"u_Inscriç":"1.0003.117.04.0058.0000.0","u_Sequenci":10088555,"u_Propriet":"WELBER LOPES MARCOLINO","u_Propri_1":"789.769.604-91","u_ÁreaTer":600.0,"u_ÁreaTot":415.9,"u_ÁreaCon":415.9,"u_TipoImó":"CASA GEMINADA(2 LAD)","u_Patrimô":"Próprio","u2Natureza":"PREDIAL","u2Logradou":"RUA RODRIGUES DE CARVALHO","u2Número":"481","u2Compleme":null,"u2Edifíci":null,"u2ÁreaTer":600.0,"u2ÁreaTot":415.9,"u2ÁreaCon":415.9,"u2TipoImó":"CASA GEMINADA(2 LAD)","u2Patrimô":"Próprio"},"geometry":{"type":"MultiPolygon","coordinates":[[[[-34.829090516519422,-7.014834688638225],[-34.82883550785526,-7.014933661578239],[-34.828807857336301,-7.014944393176893],[-34.828843945567556,-7.015073226677325],[-34.82886893425254,-7.015066182585633],[-34.829130321993453,-7.014992499582185],[-34.829090516519422,-7.014834688638225]]]]}},
{"type":"Feature","properties":{"fid":18,"Endereco":"Avenida Max Zagel","Bairro":"Camboinha","Quadra":"03","Lote":"10","Municipio":"Cabedelo-PB","Loteamento":"Jardim Atlântico","area_pecunia":null,"Situacao_recuo":null,"valor_m2":null,"valor_total":0.0,"valor_formatado":"R$ 0,00","geocodigo":"10003105040244","fid_2":14267.0,"id":14274.0,"distrito":"1","setor":"0003","quadra_2":"105","lote_2":"0244","geocode":"10003105040244","zoneamento":"Zona de Interesse Turístico (ZIT)","shape_leng":93.203262519500001,"shape_area":478.1,"bairro_2":"Camboinha","faces":"04","Reurb":null,"u_Inscriç":"1.0003.105.04.0244.0000.6","u_Sequenci":10085122,"u_Propriet":"ANNALINE AMALIA PORPINO TRAVASSOS","u_Propri_1":"367.593.844-15","u_ÁreaTer":480.0,"u_ÁreaTot":514.72,"u_ÁreaCon":514.72,"u_TipoImó":"CASA ISOLADA","u_Patrimô":"Próprio","u2Natureza":"PREDIAL","u2Logradou":"AVN BEIRA MAR (JD. ATLANTICO)","u2Número":"743","u2Compleme":null,"u2Edifíci":null,"u2ÁreaTer":480.0,"u2ÁreaTot":514.72,"u2ÁreaCon":514.72,"u2TipoImó":"CASA ISOLADA","u2Patrimô":"Próprio"},"geometry":{"type":"MultiPolygon","coordinates":[[[[-34.827907896026822,-7.011615230802539],[-34.827945199298235,-7.011745679481989],[-34.828225745309275,-7.011673559905846],[-34.828188441976472,-7.011543111267032],[-34.827907896026822,-7.011615230802539]]]]}},
{"type":"Feature","properties":{"fid":21,"Endereco":"Avenida Max Zagel","Bairro":"Camboinha","Quadra":"03","Lote":"07","Municipio":"Cabedelo-PB","Loteamento":"Jardim Atlântico","area_pecunia":null,"Situacao_recuo":null,"valor_m2":null,"valor_total":0.0,"valor_formatado":"R$ 0,00","geocodigo":"10003105040281","fid_2":14270.0,"id":14277.0,"distrito":"1","setor":"0003","quadra_2":"105","lote_2":"0281","geocode":"10003105040281","zoneamento":"Zona de Interesse Turístico (ZIT)","shape_leng":88.989577153499994,"shape_area":395.49,"bairro_2":"Camboinha","faces":"04","Reurb":null,"u_Inscriç":"1.0003.105.04.0281.0000.7","u_Sequenci":10085157,"u_Propriet":"JOSE MARCOLINO DA SILVA","u_Propri_1":"046.201.514-91","u_ÁreaTer":384.0,"u_ÁreaTot":540.99,"u_ÁreaCon":540.99,"u_TipoImó":"CASA ISOLADA","u_Patrimô":"Próprio","u2Natureza":"PREDIAL","u2Logradou":"AVN BEIRA MAR (JD. ATLANTICO)","u2Número":"776","u2Compleme":null,"u2Edifíci":null,"u2ÁreaTer":384.0,"u2ÁreaTot":540.99,"u2ÁreaCon":540.99,"u2TipoImó":"CASA ISOLADA","u2Patrimô":"Próprio"},"geometry":{"type":"MultiPolygon","coordinates":[[[[-34.828004884593682,-7.011954397350316],[-34.827792481947888,-7.012008999317144],[-34.827824321281284,-7.012112844980851],[-34.828034727269653,-7.01205875627584],[-34.828315273428039,-7.011986636602099],[-34.828285430702948,-7.011882277709116],[-34.828004884593682,-7.011954397350316]]]]}},
{"type":"Feature","properties":{"fid":36,"Endereco":"Avenida Max Zagel","Bairro":"Camboinha","Quadra":"02","Lote":"02","Municipio":"Cabedelo-PB","Loteamento":"Jardim Atlântico","area_pecunia":null,"Situacao_recuo":null,"valor_m2":null,"valor_total":0.0,"valor_formatado":"R$ 0,00","geocodigo":"10003104040341","fid_2":13453.0,"id":13447.0,"distrito":"1","setor":"0003","quadra_2":"104","lote_2":"0341","geocode":"10003104040341","zoneamento":"Zona de Interesse Turístico (ZIT)","shape_leng":88.469563987900003,"shape_area":385.99,"bairro_2":"Camboinha","faces":"04","Reurb":null,"u_Inscriç":"1.0003.104.04.0341.0000.9","u_Sequenci":10085106,"u_Propriet":"HELIO DOMINGUES MALHEIROS","u_Propri_1":"160.206.854-20","u_ÁreaTer":384.0,"u_ÁreaTot":302.93,"u_ÁreaCon":302.93,"u_TipoImó":"CASA ISOLADA","u_Patrimô":"Próprio","u2Natureza":"PREDIAL","u2Logradou":"AVN BEIRA MAR (JD. ATLANTICO)","u2Número":"708","u2Compleme":null,"u2Edifíci":null,"u2ÁreaTer":384.0,"u2ÁreaTot":302.93,"u2ÁreaCon":302.93,"u2TipoImó":"CASA ISOLADA","u2Patrimô":"Próprio"},"geometry":{"type":"MultiPolygon","coordinates":[[[[-34.827811400445761,-7.011273231662084],[-34.827841188665865,-7.011377606119429],[-34.828121772010718,-7.011305632459439],[-34.828091983741444,-7.011201258034609],[-34.827811400445761,-7.011273231662084]]]]}},
{"type":"Feature","properties":{"fid":37,"Endereco":"Avenida Max Zagel","Bairro":"Camboinha","Quadra":"02","Lote":"01","Municipio":"Cabedelo-PB","Loteamento":"Jardim Atlântico","area_pecunia":null,"Situacao_recuo":null,"valor_m2":null,"valor_total":0.0,"valor_formatado":"R$ 0,00","geocodigo":"10003104040356","fid_2":13455.0,"id":13449.0,"distrito":"1","setor":"0003","quadra_2":"104","lote_2":"0356","geocode":"10003104040356","zoneamento":"Zona de Interesse Turístico (ZIT)","shape_leng":94.235383709900006,"shape_area":489.51,"bairro_2":"Camboinha","faces":"04","Reurb":null,"u_Inscriç":"1.0003.104.04.0356.0000.5","u_Sequenci":10085114,"u_Propriet":"HELIO DOMINGUES MALHEIROS","u_Propri_1":"160.206.854-20","u_ÁreaTer":480.0,"u_ÁreaTot":601.49,"u_ÁreaCon":601.49,"u_TipoImó":"CASA GEMINADA(1 LAD)","u_Patrimô":"Próprio","u2Natureza":"PREDIAL","u2Logradou":"AVN BEIRA MAR (JD. ATLANTICO)","u2Número":"712","u2Compleme":null,"u2Edifíci":null,"u2ÁreaTer":480.0,"u2ÁreaTot":601.49,"u2ÁreaCon":601.49,"u2TipoImó":"CASA GEMINADA(1 LAD)","u2Patrimô":"Próprio"},"geometry":{"type":"MultiPolygon","coordinates":[[[[-34.827841188665865,-7.011377606119429],[-34.827878423967455,-7.011508074182989],[-34.828159007373763,-7.011436100482427],[-34.828121772010718,-7.011305632459439],[-34.827841188665865,-7.011377606119429]]]]}},
{"type":"Feature","properties":{"fid":39,"Endereco":"Avenida Max Zagel","Bairro":"Camboinha","Quadra":"01","Lote":"07","Municipio":"Cabedelo-PB","Loteamento":"Jardim Atlântico","area_pecunia":null,"Situacao_recuo":null,"valor_m2":null,"valor_total":0.0,"valor_formatado":"R$ 0,00","geocodigo":"10003094050319","fid_2":13596.0,"id":13596.0,"distrito":"1","setor":"0003","quadra_2":"094","lote_2":"0319","geocode":"10003094050319","zoneamento":"Zona de Interesse Turístico (ZIT)","shape_leng":88.981833928200004,"shape_area":394.96,"bairro_2":"Camboinha","faces":"05","Reurb":null,"u_Inscriç":"1.0003.094.05.0319.0000.7","u_Sequenci":10080104,"u_Propriet":"GISELIA MARIA ARAUJO DE MESQUITA","u_Propri_1":"262.666.874-53","u_ÁreaTer":384.0,"u_ÁreaTot":527.22,"u_ÁreaCon":527.22,"u_TipoImó":"CASA GEMINADA(1 LAD)","u_Patrimô":"Próprio","u2Natureza":"PREDIAL","u2Logradou":"AVN BEIRA MAR (CAMBOINHA)","u2Número":"SN","u2Compleme":null,"u2Edifíci":null,"u2ÁreaTer":384.0,"u2ÁreaTot":527.22,"u2ÁreaCon":527.22,"u2TipoImó":"CASA GEMINADA(1 LAD)","u2Patrimô":"Próprio"},"geometry":{"type":"MultiPolygon","coordinates":[[[[-34.827323140404367,-7.009554296611623],[-34.827352338321582,-7.009658819886226],[-34.827632793940204,-7.009586535042847],[-34.827603595973642,-7.009482011800372],[-34.827323140404367,-7.009554296611623]]]]}},
{"type":"Feature","properties":{"fid":40,"Endereco":"Avenida Max Zagel","Bairro":"Camboinha","Quadra":"01","Lote":"06","Municipio":"Cabedelo-PB","Loteamento":"Jardim Atlântico","area_pecunia":null,"Situacao_recuo":null,"valor_m2":null,"valor_total":0.0,"valor_formatado":"R$ 0,00","geocodigo":"10003094050331","fid_2":13597.0,"id":13597.0,"distrito":"1","setor":"0003","quadra_2":"094","lote_2":"0331","geocode":"10003094050331","zoneamento":"Zona de Interesse Turístico (ZIT)","shape_leng":88.578247751600003,"shape_area":386.69,"bairro_2":"Camboinha","faces":"05","Reurb":null,"u_Inscriç":"1.0003.094.05.0331.0000.8","u_Sequenci":10080112,"u_Propriet":"GISELIA MARIA ARAUJO DE MESQUITA","u_Propri_1":"262.666.874-53","u_ÁreaTer":384.0,"u_ÁreaTot":590.97,"u_ÁreaCon":590.97,"u_TipoImó":"CASA ISOLADA","u_Patrimô":"Próprio","u2Natureza":"PREDIAL","u2Logradou":"AVN BEIRA MAR (CAMBOINHA)","u2Número":"505","u2Compleme":null,"u2Edifíci":null,"u2ÁreaTer":384.0,"u2ÁreaTot":590.97,"u2ÁreaCon":590.97,"u2TipoImó":"CASA ISOLADA","u2Patrimô":"Próprio"},"geometry":{"type":"MultiPolygon","coordinates":[[[[-34.827352338321582,-7.009658819886226],[-34.827381536257391,-7.009763343155253],[-34.827661991925368,-7.009691058279662],[-34.827632793940204,-7.009586535042847],[-34.827352338321582,-7.009658819886226]]]]}},
{"type":"Feature","properties":{"fid":41,"Endereco":"Avenida Max Zagel","Bairro":"Camboinha","Quadra":"01","Lote":"05","Municipio":"Cabedelo-PB","Loteamento":"Jardim Atlântico","area_pecunia":null,"Situacao_recuo":null,"valor_m2":null,"valor_total":0.0,"valor_formatado":"R$ 0,00","geocodigo":"10003094050343","fid_2":13598.0,"id":13598.0,"distrito":"1","setor":"0003","quadra_2":"094","lote_2":"0343","geocode":"10003094050343","zoneamento":"Zona de Interesse Turístico (ZIT)","shape_leng":90.782612681299995,"shape_area":420.27,"bairro_2":"Camboinha","faces":"05","Reurb":null,"u_Inscriç":"1.0003.094.05.0343.0000.0","u_Sequenci":10080120,"u_Propriet":"ESPEDITO JOSE BEZERRA MESQUITA","u_Propri_1":"002.053.974-68","u_ÁreaTer":384.0,"u_ÁreaTot":435.15,"u_ÁreaCon":435.15,"u_TipoImó":"CASA ISOLADA","u_Patrimô":"Próprio","u2Natureza":"PREDIAL","u2Logradou":"AVN BEIRA MAR (CAMBOINHA)","u2Número":"521","u2Compleme":null,"u2Edifíci":null,"u2ÁreaTer":384.0,"u2ÁreaTot":435.15,"u2ÁreaCon":435.15,"u2TipoImó":"CASA ISOLADA","u2Patrimô":"Próprio"},"geometry":{"type":"MultiPolygon","coordinates":[[[[-34.827381536257391,-7.009763343155253],[-34.827410734211803,-7.009867866418602],[-34.827691189929126,-7.0097955815109],[-34.827661991925368,-7.009691058279662],[-34.827381536257391,-7.009763343155253]]]]}},
{"type":"Feature","properties":{"fid":47,"Endereco":"Rua Zilda Pessoa Barreto","Bairro":"Areia Dourada","Quadra":"04","Lote":"12","Municipio":"Cabedelo-PB","Loteamento":"Areia Dourada","area_pecunia":null,"Situacao_recuo":null,"valor_m2":null,"valor_total":0.0,"valor_formatado":"R$ 0,00","geocodigo":"10002074030237","fid_2":19540.0,"id":19564.0,"distrito":"1","setor":"0002","quadra_2":"074","lote_2":"0237","geocode":"10002074030237","zoneamento":"Zona de Interesse Turístico (ZIT)","shape_leng":88.918458522199998,"shape_area":402.74,"bairro_2":"Areia Dourada","faces":"03","Reurb":null,"u_Inscriç":"1.0002.074.03.0237.0000.1","u_Sequenci":10060936,"u_Propriet":"HUMBERTO SOARES DE OLIVEIRA","u_Propri_1":"002.736.354-68","u_ÁreaTer":480.0,"u_ÁreaTot":0.0,"u_ÁreaCon":0.0,"u_TipoImó":null,"u_Patrimô":"Próprio","u2Natureza":"TERRITORIAL","u2Logradou":"AVN JOSE AMERICO DE ALMEIDA FILHO","u2Número":"S/N","u2Compleme":null,"u2Edifíci":null,"u2ÁreaTer":480.0,"u2ÁreaTot":0.0,"u2ÁreaCon":0.0,"u2TipoImó":null,"u2Patrimô":"Próprio"},"geometry":{"type":"MultiPolygon","coordinates":[[[[-34.827118145829914,-6.996708136593279],[-34.827117914477228,-6.996708104102701],[-34.827117682853263,-6.996708073602592],[-34.827117450975173,-6.996708045095198],[-34.827117218860124,-6.996708018582634],[-34.827116986525326,-6.996707994066875],[-34.82711675398798,-6.99670797154974],[-34.827116521265289,-6.996707951032864],[-34.827116288374498,-6.996707932517795],[-34.827116055332866,-6.996707916005898],[-34.827115822157637,-6.996707901498386],[-34.827115588866086,-6.996707888996355],[-34.827115355475506,-6.996707878500716],[-34.827115122003157,-6.996707870012238],[-34.827114888466348,-6.996707863531568],[-34.827114654882358,-6.996707859059191],[-34.827114421268512,-6.99670785659541],[-34.827114187642088,-6.996707856140445],[-34.827113954020383,-6.996707857694264],[-34.827113720420726,-6.996707861256831],[-34.827113486860405,-6.996707866827844],[-34.827113253356721,-6.996707874406884],[-34.827113019926948,-6.996707883993393],[-34.827112786588401,-6.99670789558668],[-34.827112553358347,-6.996707909185874],[-34.827112320254052,-6.996707924789944],[-34.827112087292804,-6.996707942397779],[-34.827111854491832,-6.996707962008051],[-34.827111621868383,-6.996707983619294],[-34.8271113894397,-6.996708007229942],[-34.82711115722298,-6.996708032838229],[-34.827110925235424,-6.996708060442249],[-34.82711069349422,-6.996708090039968],[-34.82711046201652,-6.996708121629181],[-34.827110230819478,-6.996708155207579],[-34.827109999920218,-6.996708190772639],[-34.827109769335841,-6.996708228321768],[-34.827109539083402,-6.996708267852134],[-34.827109309179981,-6.996708309360847],[-34.82710907964259,-6.996708352844824],[-34.82710885048823,-6.996708398300832],[-34.827108621733871,-6.996708445725523],[-34.827108393396458,-6.996708495115378],[-34.827108165492909,-6.996708546466726],[-34.827107938040101,-6.996708599775798],[-34.827107711054872,-6.996708655038605],[-34.82710748455402,-6.996708712251072],[-34.827107258554342,-6.996708771408973],[-34.827107033072579,-6.996708832507919],[-34.827106808125407,-6.996708895543365],[-34.827106583729503,-6.996708960510678],[-34.827106359901485,-6.996709027405014],[-34.827106136657918,-6.996709096221442],[-34.827105914015341,-6.99670916695486],[-34.827105691990255,-6.996709239600017],[-34.827105470599093,-6.996709314151548],[-34.827105249858242,-6.996709390603912],[-34.827105029784065,-6.996709468951472],[-34.827104810392861,-6.996709549188421],[-34.827104591700866,-6.996709631308806],[-34.827104373724289,-6.996709715306531],[-34.827104156479258,-6.996709801175404],[-34.827103939981889,-6.996709888909064],[-34.82710372424819,-6.996709978500999],[-34.827103509294147,-6.996710069944579],[-34.827103295135686,-6.996710163233038],[-34.827103081788664,-6.996710258359446],[-34.827102869268863,-6.996710355316766],[-34.82710265759205,-6.99671045409785],[-34.827102446773893,-6.996710554695326],[-34.827102236830001,-6.996710657101793],[-34.827102027775915,-6.996710761309626],[-34.827101819627138,-6.996710867311156],[-34.827101612399076,-6.99671097509849],[-34.827101406107076,-6.996711084663668],[-34.8271012007664,-6.996711195998551],[-34.827100996392289,-6.996711309094927],[-34.82710079299985,-6.996711423944403],[-34.827100590604154,-6.99671154053846],[-34.827100389220206,-6.996711658868475],[-34.8271001888629,-6.996711778925697],[-34.827099989547087,-6.996711900701226],[-34.82709979128753,-6.99671202418603],[-34.827099594098897,-6.996712149370975],[-34.827099397995802,-6.996712276246806],[-34.82709920299277,-6.996712404804073],[-34.827099009104245,-6.996712535033322],[-34.827098816344574,-6.996712666924878],[-34.827098624728052,-6.996712800468955],[-34.827098434268862,-6.996712935655694],[-34.827098244981094,-6.996713072475072],[-34.827098056878789,-6.996713210916947],[-34.827097869975859,-6.996713350971056],[-34.827097684286166,-6.99671349262706],[-34.827097499823452,-6.996713635874443],[-34.827097316601368,-6.996713780702612],[-34.827097134633512,-6.996713927100838],[-34.827096953933328,-6.996714075058253],[-34.827096774514217,-6.996714224563948],[-34.827096596389467,-6.996714375606802],[-34.827096419572264,-6.996714528175649],[-34.827096244075712,-6.99671468225919],[-34.827096069912791,-6.996714837846008],[-34.82709589709642,-6.996714994924598],[-34.827095725639381,-6.99671515348331],[-34.827095555554379,-6.996715313510387],[-34.827095386854019,-6.996715474994026],[-34.827095219550785,-6.996715637922225],[-34.827095053657061,-6.996715802282905],[-34.827094889185155,-6.996715968063948],[-34.82709472614723,-6.996716135253028],[-34.82709456455536,-6.996716303837788],[-34.82709440442153,-6.996716473805751],[-34.827094245757571,-6.996716645144277],[-34.827094088575265,-6.996716817840738],[-34.827093932886235,-6.996716991882321],[-34.827093778702007,-6.996717167256103],[-34.827093626034014,-6.996717343949152],[-34.827093474893566,-6.996717521948358],[-34.827093325291834,-6.996717701240524],[-34.827093177239909,-6.996717881812402],[-34.827093030748763,-6.996718063650595],[-34.827092885829245,-6.996718246741642],[-34.827092742492077,-6.996718431071973],[-34.827092600747882,-6.996718616627961],[-34.827092460607155,-6.996718803395853],[-34.827092322080276,-6.996718991361798],[-34.827092185177499,-6.996719180511882],[-34.82709204990897,-6.996719370832123],[-34.827091916284708,-6.996719562308416],[-34.827091784314604,-6.996719754926543],[-34.827091654008434,-6.996719948672285],[-34.827091525375856,-6.996720143531277],[-34.827091398426383,-6.996720339489094],[-34.827091273169422,-6.996720536531189],[-34.827091149614255,-6.99672073464302],[-34.827091027770031,-6.996720933809887],[-34.827090907645761,-6.996721134017034],[-34.827090789250356,-6.99672133524964],[-34.827090672592583,-6.996721537492817],[-34.827090557681082,-6.996721740731576],[-34.827090444524359,-6.996721944950847],[-34.827090333130791,-6.996722150135524],[-34.827090223508634,-6.996722356270419],[-34.82709011566601,-6.996722563340255],[-34.827090009610892,-6.996722771329679],[-34.827089905351144,-6.996722980223302],[-34.827089802894491,-6.996723190005684],[-34.827089702248522,-6.996723400661233],[-34.827089603420681,-6.996723612174394],[-34.827089506418289,-6.996723824529458],[-34.827089411248544,-6.996724037710755],[-34.827089317918478,-6.996724251702441],[-34.827089226435014,-6.99672446648869],[-34.827089136804915,-6.996724682053618],[-34.827089049034825,-6.996724898381212],[-34.82708896313126,-6.996725115455499],[-34.82708887910055,-6.996725333260356],[-34.827088796948942,-6.996725551779692],[-34.827088716682518,-6.996725770997315],[-34.827088638307217,-6.996725990896969],[-34.827088561828845,-6.996726211462375],[-34.827088487253057,-6.996726432677214],[-34.827088414585397,-6.99672665452511],[-34.827088343831235,-6.996726876989589],[-34.827088274995802,-6.996727100054209],[-34.827088208084213,-6.996727323702432],[-34.827088143101406,-6.996727547917732],[-34.827088080052221,-6.996727772683471],[-34.827088018941296,-6.996727997982988],[-34.827087959773181,-6.996728223799628],[-34.827087902552243,-6.996728450116668],[-34.827087847282726,-6.99672867691732],[-34.827087793968722,-6.996728904184807],[-34.827087742614175,-6.996729131902293],[-34.827087693222886,-6.996729360052901],[-34.827087645798528,-6.996729588619766],[-34.827087600344612,-6.996729817585927],[-34.827087556864498,-6.996730046934446],[-34.827087515361384,-6.996730276648336],[-34.82708747583839,-6.996730506710575],[-34.827069464625268,-6.99683812474292],[-34.827356110642064,-6.99687963795387],[-34.827373927078135,-6.996773183321031],[-34.827373965643027,-6.996772946456026],[-34.827374002108982,-6.996772709259387],[-34.827374036473174,-6.996772471749684],[-34.827374068732887,-6.996772233945517],[-34.827374098885613,-6.996771995865475],[-34.827374126928987,-6.99677175752821],[-34.827374152860806,-6.996771518952388],[-34.827374176679037,-6.996771280156678],[-34.82737419838184,-6.996771041159746],[-34.827374217967488,-6.996770801980345],[-34.827374235434476,-6.996770562637157],[-34.827374250781403,-6.99677032314893],[-34.827374264007091,-6.99677008353443],[-34.827374275110515,-6.996769843812372],[-34.82737428409078,-6.996769604001555],[-34.827374290947176,-6.996769364120759],[-34.827374295679206,-6.996769124188728],[-34.827374298286472,-6.996768884224259],[-34.827374298768767,-6.996768644246131],[-34.827374297126077,-6.996768404273142],[-34.82737429335851,-6.996768164324049],[-34.82737428746637,-6.996767924417661],[-34.827374279450098,-6.996767684572756],[-34.827374269310354,-6.996767444808093],[-34.827374257047907,-6.996767205142445],[-34.82737424266373,-6.996766965594571],[-34.827374226158938,-6.996766726183226],[-34.827374207534831,-6.996766486927166],[-34.827374186792873,-6.99676624784508],[-34.827374163934678,-6.996766008955705],[-34.827374138962043,-6.996765770277746],[-34.8273741118769,-6.996765531829888],[-34.827374082681395,-6.996765293630779],[-34.827374051377802,-6.996765055699059],[-34.827374017968573,-6.996764818053392],[-34.827373982456315,-6.996764580712346],[-34.827373944843835,-6.996764343694498],[-34.827373905134046,-6.996764107018435],[-34.827373863330081,-6.996763870702631],[-34.827373819435195,-6.996763634765621],[-34.827373773452834,-6.99676339922586],[-34.827373725386572,-6.996763164101797],[-34.827373675240203,-6.996762929411837],[-34.827373623017657,-6.996762695174326],[-34.827373568722983,-6.996762461407619],[-34.827373512360467,-6.996762228130005],[-34.827373453934506,-6.996761995359776],[-34.827373393449669,-6.996761763115101],[-34.82737333091071,-6.996761531414201],[-34.827373266322503,-6.996761300275175],[-34.827373199690115,-6.996761069716163],[-34.827373131018746,-6.996760839755177],[-34.827373060313796,-6.996760610410219],[-34.827372987580787,-6.996760381699254],[-34.827372912825417,-6.996760153640193],[-34.82737283605352,-6.996759926250866],[-34.827372757271135,-6.996759699549068],[-34.827372676484408,-6.996759473552578],[-34.827372593699664,-6.996759248279048],[-34.827372508923375,-6.996759023746143],[-34.827372422162206,-6.996758799971432],[-34.827372333422922,-6.996758576972406],[-34.827372242712478,-6.996758354766549],[-34.827372150037981,-6.996758133371233],[-34.82737205540667,-6.996757912803814],[-34.827371958825964,-6.996757693081533],[-34.827371860303423,-6.996757474221612],[-34.827371759846763,-6.996757256241146],[-34.827371657463821,-6.996757039157233],[-34.827371553162642,-6.996756822986852],[-34.827371446951382,-6.996756607746945],[-34.827371338838354,-6.996756393454306],[-34.827371228832014,-6.996756180125757],[-34.827371116940974,-6.996755967777993],[-34.827371003174001,-6.996755756427629],[-34.827370887539992,-6.996755546091191],[-34.827370770048006,-6.996755336785163],[-34.827370650707216,-6.996755128525928],[-34.827370529527002,-6.996754921329787],[-34.827370406516827,-6.996754715212937],[-34.827370281686328,-6.996754510191543],[-34.827370155045266,-6.996754306281649],[-34.827370026603553,-6.996754103499199],[-34.827369896371259,-6.996753901860068],[-34.827369764358572,-6.996753701380049],[-34.827369630575809,-6.996753502074847],[-34.827369495033466,-6.996753303960051],[-34.827369357742135,-6.996753107051144],[-34.827369218712576,-6.996752911363565],[-34.827369077955666,-6.996752716912644],[-34.827368935482426,-6.996752523713567],[-34.827368791303989,-6.996752331781494],[-34.827368645431655,-6.996752141131422],[-34.827368497876854,-6.996751951778279],[-34.827368348651135,-6.996751763736907],[-34.827368197766162,-6.996751577021997],[-34.82736804523374,-6.996751391648187],[-34.82736789106584,-6.996751207629949],[-34.827367735274507,-6.996751024981736],[-34.827367577871925,-6.996750843717833],[-34.827367418870452,-6.996750663852402],[-34.8273672582825,-6.996750485399566],[-34.827367096120668,-6.996750308373231],[-34.827366932397616,-6.996750132787326],[-34.827366767126179,-6.996749958655546],[-34.827366600319294,-6.996749785991532],[-34.827366431990022,-6.99674961480879],[-34.827366262151529,-6.996749445120758],[-34.827366090817101,-6.996749276940691],[-34.827365918000176,-6.996749110281736],[-34.82736574371426,-6.99674894515698],[-34.827365567973011,-6.996748781579304],[-34.827365390790163,-6.996748619561554],[-34.827365212179608,-6.99674845911639],[-34.827365032155328,-6.996748300256374],[-34.827364850731392,-6.996748142993927],[-34.827364667922026,-6.996747987341392],[-34.827364483741512,-6.996747833310922],[-34.827364298204294,-6.996747680914586],[-34.827364111324883,-6.99674753016432],[-34.827363923117908,-6.996747381071908],[-34.827363733598098,-6.996747233649043],[-34.82736354278029,-6.996747087907239],[-34.82736335067942,-6.996746943857925],[-34.827363157310536,-6.996746801512361],[-34.827362962688753,-6.9967466608817],[-34.827362766829324,-6.996746521976952],[-34.827362569747571,-6.996746384808968],[-34.827362371458939,-6.996746249388517],[-34.827362171978919,-6.996746115726181],[-34.827361971323135,-6.996745983832412],[-34.827361769507306,-6.996745853717569],[-34.827361566547225,-6.996745725391801],[-34.827361362458781,-6.996745598865164],[-34.827361157257926,-6.996745474147569],[-34.827360950960767,-6.996745351248768],[-34.827360743583398,-6.996745230178402],[-34.827360535142091,-6.99674511094594],[-34.827360325653167,-6.99674499356068],[-34.82736011513299,-6.996744878031858],[-34.827359903598051,-6.9967447643685],[-34.827359691064927,-6.996744652579503],[-34.827359477550232,-6.996744542673611],[-34.827359263070697,-6.996744434659433],[-34.827359047643114,-6.996744328545422],[-34.827358831284315,-6.996744224339887],[-34.827358614011253,-6.996744122050976],[-34.827358395840946,-6.99674402168671],[-34.827358176790462,-6.996743923254937],[-34.827357956876938,-6.996743826763372],[-34.827357736117612,-6.99674373221954],[-34.827357514529737,-6.996743639630871],[-34.827357292130685,-6.996743549004607],[-34.827357068937843,-6.996743460347822],[-34.827356844968691,-6.996743373667485],[-34.827356620240764,-6.996743288970365],[-34.827356394771641,-6.996743206263083],[-34.827356168578994,-6.996743125552135],[-34.827355941680494,-6.996743046843819],[-34.827355714093926,-6.996742970144315],[-34.827355485837103,-6.9967428954596],[-34.827355256927888,-6.99674282279555],[-34.827355027384193,-6.996742752157836],[-34.82735479722399,-6.996742683551981],[-34.827354566465317,-6.996742616983371],[-34.827354335126202,-6.996742552457207],[-34.827354103224764,-6.996742489978556],[-34.827353870779177,-6.996742429552281],[-34.827353637807612,-6.996742371183129],[-34.827353404328299,-6.996742314875675],[-34.827353170359551,-6.996742260634313],[-34.827352935919635,-6.996742208463284],[-34.827352701026946,-6.996742158366692],[-34.827352465699839,-6.996742110348456],[-34.827352229956745,-6.996742064412311],[-34.827351993816116,-6.996742020561875],[-34.827351757296441,-6.996741978800578],[-34.827351520416229,-6.996741939131685],[-34.827351283194034,-6.996741901558286],[-34.827351045648406,-6.996741866083358],[-34.827351045648406,-6.996741866083358],[-34.827118145829914,-6.996708136593279]]]]}},
{"type":"Feature","properties":{"fid":48,"Endereco":"Rua Zilda Pessoa Barreto","Bairro":"Areia Dourada","Quadra":"04","Lote":"11","Municipio":"Cabedelo-PB","Loteamento":"Areia Dourada","area_pecunia":null,"Situacao_recuo":null,"valor_m2":null,"valor_total":0.0,"valor_formatado":"R$ 0,00","geocodigo":"10002074030252","fid_2":13383.0,"id":13378.0,"distrito":"1","setor":"0002","quadra_2":"074","lote_2":"0252","geocode":"10002074030252","zoneamento":"Zona de Interesse Turístico (ZIT)","shape_leng":92.862551392300006,"shape_area":470.18,"bairro_2":"Areia Dourada","faces":"03","Reurb":null,"u_Inscriç":"1.0002.074.03.0252.0000.6","u_Sequenci":10060944,"u_Propriet":"GERALDO TEIXEIRA CARVALHO","u_Propri_1":null,"u_ÁreaTer":480.0,"u_ÁreaTot":236.29,"u_ÁreaCon":236.29,"u_TipoImó":"CASA GEMINADA(2 LAD)","u_Patrimô":"Próprio","u2Natureza":"PREDIAL","u2Logradou":"AVN JOSE AMERICO DE ALMEIDA FILHO","u2Número":"800","u2Compleme":null,"u2Edifíci":null,"u2ÁreaTer":480.0,"u2ÁreaTot":236.29,"u2ÁreaCon":236.29,"u2TipoImó":"CASA GEMINADA(2 LAD)","u2Patrimô":"Próprio"},"geometry":{"type":"MultiPolygon","coordinates":[[[[-34.827069464625268,-6.99683812474292],[-34.827047072298768,-6.996971920163628],[-34.827333718401896,-6.997013433367341],[-34.827356110642064,-6.99687963795387],[-34.827069464625268,-6.99683812474292]]]]}},
{"type":"Feature","properties":{"fid":49,"Endereco":"Rua Zilda Pessoa Barreto","Bairro":"Areia Dourada","Quadra":"04","Lote":"10","Municipio":"Cabedelo-PB","Loteamento":"Areia Dourada","area_pecunia":null,"Situacao_recuo":null,"valor_m2":null,"valor_total":0.0,"valor_formatado":"R$ 0,00","geocodigo":"10002074030267","fid_2":12905.0,"id":12895.0,"distrito":"1","setor":"0002","quadra_2":"074","lote_2":"0267","geocode":"10002074030267","zoneamento":"Zona de Interesse Turístico (ZIT)","shape_leng":93.212577171199996,"shape_area":481.41,"bairro_2":"Areia Dourada","faces":"03","Reurb":null,"u_Inscriç":"1.0002.074.03.0267.0000.2","u_Sequenci":10060952,"u_Propriet":"JOAO BATISTA RIBEIRO SIMOES","u_Propri_1":"005.731.324-53","u_ÁreaTer":480.0,"u_ÁreaTot":517.43,"u_ÁreaCon":517.43,"u_TipoImó":"CASA ISOLADA","u_Patrimô":"Próprio","u2Natureza":"PREDIAL","u2Logradou":"AVN JOSE AMERICO DE ALMEIDA FILHO","u2Número":"815","u2Compleme":null,"u2Edifíci":null,"u2ÁreaTer":480.0,"u2ÁreaTot":517.43,"u2ÁreaCon":517.43,"u2TipoImó":"CASA ISOLADA","u2Patrimô":"Próprio"},"geometry":{"type":"MultiPolygon","coordinates":[[[[-34.827047072298768,-6.996971920163628],[-34.827024679969135,-6.99710571558586],[-34.827311326158593,-6.997147228782334],[-34.827333718401896,-6.997013433367341],[-34.827047072298768,-6.996971920163628]]]]}},
{"type":"Feature","properties":{"fid":50,"Endereco":"Rua Zilda Pessoa Barreto","Bairro":"Areia Dourada","Quadra":"04","Lote":"09","Municipio":"Cabedelo-PB","Loteamento":"Areia Dourada","area_pecunia":null,"Situacao_recuo":null,"valor_m2":null,"valor_total":0.0,"valor_formatado":"R$ 0,00","geocodigo":"10002074030282","fid_2":12815.0,"id":12802.0,"distrito":"1","setor":"0002","quadra_2":"074","lote_2":"0282","geocode":"10002074030282","zoneamento":"Zona de Interesse Turístico (ZIT)","shape_leng":90.8534029721,"shape_area":449.78,"bairro_2":"Areia Dourada","faces":"03","Reurb":null,"u_Inscriç":"1.0002.074.03.0282.0000.7","u_Sequenci":10060960,"u_Propriet":"HUMBERTO SOARES DE OLIVEIRA","u_Propri_1":"002.736.354-68","u_ÁreaTer":480.0,"u_ÁreaTot":0.0,"u_ÁreaCon":0.0,"u_TipoImó":null,"u_Patrimô":"Próprio","u2Natureza":"TERRITORIAL","u2Logradou":"AVN JOSE AMERICO DE ALMEIDA FILHO","u2Número":"S/N","u2Compleme":null,"u2Edifíci":null,"u2ÁreaTer":480.0,"u2ÁreaTot":0.0,"u2ÁreaCon":0.0,"u2TipoImó":null,"u2Patrimô":"Próprio"},"geometry":{"type":"MultiPolygon","coordinates":[[[[-34.827024679969135,-6.99710571558586],[-34.827002287636354,-6.997239511009613],[-34.827288933912143,-6.997281024198852],[-34.827311326158593,-6.997147228782334],[-34.827024679969135,-6.99710571558586]]]]}},
{"type":"Feature","properties":{"fid":51,"Endereco":"Rua Zilda Pessoa Barreto","Bairro":"Areia Dourada","Quadra":"04","Lote":"08","Municipio":"Cabedelo-PB","Loteamento":"Areia Dourada","area_pecunia":null,"Situacao_recuo":null,"valor_m2":null,"valor_total":0.0,"valor_formatado":"R$ 0,00","geocodigo":"10002074030297","fid_2":12358.0,"id":12346.0,"distrito":"1","setor":"0002","quadra_2":"074","lote_2":"0297","geocode":"10002074030297","zoneamento":"Zona de Interesse Turístico (ZIT)","shape_leng":93.837749287500003,"shape_area":480.03,"bairro_2":"Areia Dourada","faces":"03","Reurb":null,"u_Inscriç":"1.0002.074.03.0297.0000.3","u_Sequenci":10060979,"u_Propriet":"LUIZ CAETANO CERIANI","u_Propri_1":null,"u_ÁreaTer":480.0,"u_ÁreaTot":291.1,"u_ÁreaCon":291.1,"u_TipoImó":"CASA ISOLADA","u_Patrimô":"Próprio","u2Natureza":"PREDIAL","u2Logradou":"AVN JOSE AMERICO DE ALMEIDA FILHO","u2Número":"840","u2Compleme":null,"u2Edifíci":null,"u2ÁreaTer":480.0,"u2ÁreaTot":291.1,"u2ÁreaCon":291.1,"u2TipoImó":"CASA ISOLADA","u2Patrimô":"Próprio"},"geometry":{"type":"MultiPolygon","coordinates":[[[[-34.827002287636354,-6.997239511009613],[-34.826979895300433,-6.997373306434887],[-34.827266541662567,-6.99741481961689],[-34.827288933912143,-6.997281024198852],[-34.827002287636354,-6.997239511009613]]]]}},
{"type":"Feature","properties":{"fid":52,"Endereco":"Rua Zilda Pessoa Barreto","Bairro":"Areia Dourada","Quadra":"04","Lote":"07","Municipio":"Cabedelo-PB","Loteamento":"Areia Dourada","area_pecunia":null,"Situacao_recuo":null,"valor_m2":null,"valor_total":0.0,"valor_formatado":"R$ 0,00","geocodigo":"10002074030312","fid_2":12332.0,"id":12321.0,"distrito":"1","setor":"0002","quadra_2":"074","lote_2":"0312","geocode":"10002074030312","zoneamento":"Zona de Interesse Turístico (ZIT)","shape_leng":93.561460875600005,"shape_area":479.9,"bairro_2":"Areia Dourada","faces":"03","Reurb":null,"u_Inscriç":"1.0002.074.03.0312.0006.3","u_Sequenci":10061037,"u_Propriet":"HERMANO JOSE COSTA BARROS","u_Propri_1":"090.675.074-15","u_ÁreaTer":480.0,"u_ÁreaTot":767.76,"u_ÁreaCon":127.96,"u_TipoImó":"APARTAMENTO","u_Patrimô":"Próprio","u2Natureza":"PREDIAL","u2Logradou":"AVN JOSE AMERICO DE ALMEIDA FILHO","u2Número":"251","u2Compleme":"AP 302  - FERNANDA PATRICIA, COND.","u2Edifíci":"FERNANDA PATRICIA, COND.","u2ÁreaTer":480.0,"u2ÁreaTot":767.76,"u2ÁreaCon":127.96,"u2TipoImó":"APARTAMENTO","u2Patrimô":"Próprio"},"geometry":{"type":"MultiPolygon","coordinates":[[[[-34.826979895300433,-6.997373306434887],[-34.826957502961378,-6.997507101861669],[-34.827244149409843,-6.997548615036452],[-34.827266541662567,-6.99741481961689],[-34.826979895300433,-6.997373306434887]]]]}},
{"type":"Feature","properties":{"fid":66,"Endereco":"Rua J. H. de Souza","Bairro":"Areia Dourada","Quadra":"06","Lote":"01","Municipio":"Cabedelo-PB","Loteamento":"Areia Dourada","area_pecunia":null,"Situacao_recuo":null,"valor_m2":null,"valor_total":0.0,"valor_formatado":"R$ 0,00","geocodigo":"10002069030464","fid_2":19513.0,"id":19537.0,"distrito":"1","setor":"0002","quadra_2":"069","lote_2":"0464","geocode":"10002069030464","zoneamento":"Zona de Interesse Turístico (ZIT)","shape_leng":255.61115819099999,"shape_area":4026.18,"bairro_2":"Areia Dourada","faces":"03","Reurb":null,"u_Inscriç":"1.0002.069.03.0464.0000.0","u_Sequenci":10060430,"u_Propriet":"ASSOCIAÇÃO DOS MAGISTRADOS DA PARAIBA","u_Propri_1":"09.169.871/0001-08","u_ÁreaTer":3674.46,"u_ÁreaTot":669.37,"u_ÁreaCon":669.37,"u_TipoImó":"COMERCIAL","u_Patrimô":"Próprio","u2Natureza":"PREDIAL","u2Logradou":"AVN JOSE AMERICO DE ALMEIDA FILHO","u2Número":"558","u2Compleme":null,"u2Edifíci":null,"u2ÁreaTer":3674.46,"u2ÁreaTot":669.37,"u2ÁreaCon":669.37,"u2TipoImó":"COMERCIAL","u2Patrimô":"Próprio"},"geometry":{"type":"MultiPolygon","coordinates":[[[[-34.827389175667925,-6.994642881939944],[-34.827321940385417,-6.995108127798023],[-34.827321907489647,-6.995108362681479],[-34.827321876650657,-6.995108597843346],[-34.827321847870834,-6.995108833265652],[-34.827321821152374,-6.995109068930365],[-34.827321796497287,-6.995109304819506],[-34.827321773907492,-6.995109540915034],[-34.827321753384702,-6.995109777198871],[-34.827321734930486,-6.995110013652991],[-34.827321718546258,-6.995110250259282],[-34.827321704233263,-6.995110486999675],[-34.827321691992609,-6.995110723856053],[-34.827321681825225,-6.995110960810314],[-34.827321673731888,-6.995111197844351],[-34.827321667713214,-6.995111434940022],[-34.827321663769681,-6.99511167207922],[-34.827321661901557,-6.995111909243792],[-34.827321662109014,-6.99511214641563],[-34.827321664392016,-6.9951123835766],[-34.827321668750415,-6.995112620708526],[-34.827321675183839,-6.995112857793345],[-34.827321683691842,-6.995113094812868],[-34.827321694273728,-6.995113331749025],[-34.827321706928721,-6.995113568583667],[-34.827321721655842,-6.995113805298693],[-34.827321738453968,-6.99511404187602],[-34.827321757321798,-6.995114278297532],[-34.827321778257918,-6.99511451454518],[-34.827321801260709,-6.995114750600885],[-34.827321826328415,-6.995114986446615],[-34.827321853459118,-6.995115222064325],[-34.82732188265075,-6.995115457435986],[-34.827321913901081,-6.995115692543637],[-34.8273219472077,-6.995115927369284],[-34.827321982568094,-6.995116161894969],[-34.827322019979512,-6.995116396102782],[-34.827322059439155,-6.995116629974782],[-34.827322100943967,-6.995116863493113],[-34.827322144490765,-6.995117096639935],[-34.827322190076259,-6.995117329397376],[-34.827322237696926,-6.995117561747682],[-34.827322287349155,-6.995117793673066],[-34.827322339029116,-6.99511802515581],[-34.827322392732896,-6.995118256178212],[-34.827322448456364,-6.995118486722587],[-34.827322506195259,-6.995118716771355],[-34.827322565945181,-6.995118946306881],[-34.827322627701562,-6.995119175311634],[-34.827322691459649,-6.995119403768123],[-34.82732275721461,-6.995119631658847],[-34.827322824961392,-6.995119858966412],[-34.827322894694824,-6.99512008567341],[-34.827322966409568,-6.995120311762549],[-34.827323040100154,-6.995120537216485],[-34.827323115760933,-6.995120762018031],[-34.827323193386121,-6.995120986149995],[-34.827323272969792,-6.995121209595206],[-34.827323354505857,-6.995121432336614],[-34.827323437988092,-6.995121654357179],[-34.827323523410094,-6.99512187563992],[-34.827323610765355,-6.995122096167917],[-34.827323700047174,-6.995122315924321],[-34.82732379124873,-6.995122534892337],[-34.827323884363068,-6.995122753055201],[-34.827323979383046,-6.995122970396232],[-34.827324076301409,-6.995123186898857],[-34.827324175110761,-6.995123402546462],[-34.827324275803527,-6.99512361732259],[-34.827324378372012,-6.995123831210818],[-34.827324482808379,-6.995124044194806],[-34.827324589104634,-6.99512425625825],[-34.827324697252664,-6.995124467384929],[-34.827324807244196,-6.995124677558725],[-34.827324919070819,-6.995124886763572],[-34.827325032723969,-6.99512509498345],[-34.82732514819498,-6.995125302202465],[-34.827325265475011,-6.995125508404735],[-34.827325384555095,-6.995125713574548],[-34.827325505426131,-6.995125917696176],[-34.827325628078881,-6.995126120754025],[-34.827325752503967,-6.995126322732558],[-34.827325878691873,-6.995126523616366],[-34.827326006632937,-6.995126723390059],[-34.827326136317396,-6.995126922038383],[-34.827326267735337,-6.995127119546139],[-34.827326400876693,-6.995127315898221],[-34.827326535731309,-6.995127511079634],[-34.827326672288855,-6.995127705075443],[-34.827326810538892,-6.995127897870821],[-34.827326950470862,-6.995128089451017],[-34.82732709207405,-6.995128279801395],[-34.827327235337648,-6.995128468907388],[-34.827327380250694,-6.99512865675456],[-34.827327526802108,-6.995128843328521],[-34.827327674980687,-6.995129028615033],[-34.827327824775089,-6.995129212599924],[-34.827327976173883,-6.995129395269111],[-34.827328129165473,-6.995129576608643],[-34.82732828373819,-6.995129756604657],[-34.827328439880183,-6.995129935243368],[-34.827328597579523,-6.995130112511148],[-34.827328756824166,-6.995130288394442],[-34.827328917601932,-6.995130462879769],[-34.82732907990053,-6.995130635953821],[-34.827329243707538,-6.995130807603344],[-34.827329409010446,-6.995130977815252],[-34.827329575796618,-6.995131146576488],[-34.827329744053287,-6.995131313874155],[-34.827329913767599,-6.995131479695496],[-34.827330084926572,-6.995131644027805],[-34.827330257517126,-6.995131806858514],[-34.827330431526065,-6.995131968175179],[-34.82733060694008,-6.995132127965475],[-34.827330783745772,-6.995132286217191],[-34.827330961929604,-6.995132442918204],[-34.827331141477956,-6.995132598056561],[-34.827331322377127,-6.995132751620358],[-34.827331504613255,-6.995132903597908],[-34.827331688172414,-6.995133053977564],[-34.827331873040585,-6.995133202747806],[-34.82733205920362,-6.99513334989729],[-34.827332246647281,-6.995133495414774],[-34.827332435357256,-6.995133639289111],[-34.827332625319094,-6.995133781509309],[-34.827332816518286,-6.995133922064495],[-34.827333008940208,-6.995134060943916],[-34.827333202570152,-6.995134198136949],[-34.827333397393318,-6.995134333633126],[-34.827333593394783,-6.995134467422081],[-34.827333790559614,-6.995134599493565],[-34.827333988872688,-6.995134729837499],[-34.827334188318872,-6.995134858443907],[-34.827334388882882,-6.995134985302974],[-34.827334590549427,-6.995135110404978],[-34.827334793303066,-6.995135233740363],[-34.82733499712829,-6.995135355299721],[-34.827335202009536,-6.995135475073721],[-34.827335407931123,-6.995135593053223],[-34.827335614877313,-6.995135709229213],[-34.827335822832289,-6.995135823592795],[-34.827336031780135,-6.995135936135236],[-34.827336241704899,-6.995136046847929],[-34.827336452590501,-6.995136155722428],[-34.827336664420862,-6.99513626275036],[-34.827336877179739,-6.995136367923585],[-34.827337090850875,-6.99513647123405],[-34.827337305417977,-6.995136572673836],[-34.827337520864589,-6.995136672235224],[-34.827337737174261,-6.995136769910584],[-34.827337954330432,-6.995136865692452],[-34.827338172316537,-6.995136959573498],[-34.827338391115887,-6.995137051546527],[-34.827338610711756,-6.99513714160455],[-34.827338831087353,-6.995137229740644],[-34.827339052225831,-6.995137315948102],[-34.827339274110294,-6.995137400220304],[-34.827339496723752,-6.995137482550816],[-34.82733972004921,-6.995137562933339],[-34.827339944069571,-6.995137641361754],[-34.827340168767741,-6.995137717830019],[-34.827340394126495,-6.99513779233234],[-34.827340620128645,-6.995137864862989],[-34.827340846756869,-6.995137935416424],[-34.827341073993885,-6.995138003987242],[-34.827341301822287,-6.995138070570236],[-34.827341530224679,-6.995138135160269],[-34.827341759183575,-6.995138197752429],[-34.827341988681482,-6.99513825834193],[-34.827342218700856,-6.995138316924123],[-34.827342449224105,-6.995138373494551],[-34.827342680233613,-6.995138428048884],[-34.82734291171171,-6.99513848058293],[-34.827343143640704,-6.995138531092699],[-34.827343376002851,-6.995138579574317],[-34.827343608780396,-6.995138626024083],[-34.827343841955539,-6.995138670438429],[-34.827344075510446,-6.995138712813988],[-34.827344309427261,-6.995138753147495],[-34.827344543688113,-6.995138791435884],[-34.827344778275091,-6.995138827676198],[-34.827345013170245,-6.995138861865707],[-34.827951883646591,-6.995224487258781],[-34.827951883646591,-6.995224487258781],[-34.827952130854399,-6.995224520981076],[-34.827952378361935,-6.995224552431899],[-34.827952626148338,-6.995224581608636],[-34.82795287419264,-6.995224608508775],[-34.827953122473915,-6.995224633130074],[-34.827953370971166,-6.99522465547044],[-34.827953619663425,-6.995224675528004],[-34.827953868529676,-6.995224693301059],[-34.827954117548899,-6.995224708788089],[-34.827954366700062,-6.995224721987827],[-34.827954615962113,-6.995224732899111],[-34.827954865314005,-6.99522474152106],[-34.827955114734685,-6.995224747852914],[-34.827955364203063,-6.99522475189415],[-34.82795561369808,-6.995224753644446],[-34.827955863198653,-6.995224753103613],[-34.827956112683722,-6.995224750271732],[-34.827956362132205,-6.995224745149022],[-34.827956611523035,-6.995224737735935],[-34.827956860835137,-6.995224728033073],[-34.827957110047464,-6.995224716041277],[-34.827957359138956,-6.995224701761553],[-34.827957608088575,-6.995224685195098],[-34.827957856875308,-6.995224666343322],[-34.827958105478125,-6.995224645207821],[-34.827958353876021,-6.995224621790364],[-34.827958602048028,-6.995224596092931],[-34.827958849973186,-6.995224568117711],[-34.82795909763054,-6.995224537867061],[-34.827959344999179,-6.995224505343518],[-34.8279595920582,-6.995224470549842],[-34.827959838786754,-6.995224433488994],[-34.82796008516398,-6.995224394164069],[-34.827960331169081,-6.995224352578398],[-34.827960576781258,-6.995224308735496],[-34.827960821979794,-6.995224262639069],[-34.827961066743953,-6.995224214293015],[-34.827961311053073,-6.995224163701426],[-34.827961554886514,-6.99522411086854],[-34.82796179822369,-6.99522405579885],[-34.827962041044024,-6.995223998497002],[-34.827962283327018,-6.995223938967837],[-34.827962525052214,-6.995223877216354],[-34.827962766199192,-6.995223813247821],[-34.827963006747574,-6.99522374706762],[-34.827963246677044,-6.995223678681305],[-34.827963485967338,-6.995223608094713],[-34.827963724598241,-6.99522353531375],[-34.82796396254961,-6.995223460344609],[-34.827964199801336,-6.995223383193612],[-34.827964436333374,-6.995223303867259],[-34.827964672125738,-6.995223222372257],[-34.827964907158531,-6.99522313871549],[-34.827965141411894,-6.995223052904025],[-34.827965374866039,-6.995222964945113],[-34.827965607501241,-6.995222874846188],[-34.82796583929786,-6.99522278261484],[-34.8279660702363,-6.995222688258874],[-34.827966300297071,-6.99522259178628],[-34.827966529460738,-6.995222493205184],[-34.827966757707927,-6.995222392523898],[-34.82796698501938,-6.995222289750949],[-34.827967211375906,-6.995222184895019],[-34.82796743675835,-6.995222077964955],[-34.827967661147703,-6.995221968969809],[-34.82796788452498,-6.995221857918747],[-34.827968106871346,-6.995221744821173],[-34.827968328168012,-6.995221629686657],[-34.827968548396278,-6.995221512524891],[-34.827968767537548,-6.995221393345814],[-34.827968985573307,-6.99522127215945],[-34.82796920248515,-6.995221148976063],[-34.827969418254725,-6.995221023806026],[-34.827969632863841,-6.995220896659954],[-34.827969846294351,-6.995220767548545],[-34.827970058528237,-6.995220636482749],[-34.827970269547563,-6.995220503473599],[-34.82797047933451,-6.995220368532344],[-34.827970687871357,-6.995220231670388],[-34.827970895140481,-6.995220092899273],[-34.827971101124398,-6.995219952230745],[-34.827971305805676,-6.99521980967667],[-34.827971509167064,-6.995219665249102],[-34.827971711191353,-6.99521951896023],[-34.827971911861489,-6.995219370822404],[-34.827972111160534,-6.995219220848146],[-34.827972309071626,-6.995219069050139],[-34.827972505578074,-6.995218915441179],[-34.827972700663267,-6.995218760034247],[-34.82797289431074,-6.995218602842476],[-34.827973086504109,-6.995218443879148],[-34.827973277227166,-6.995218283157669],[-34.827973466463796,-6.995218120691636],[-34.827973654198011,-6.995217956494774],[-34.827973840413947,-6.995217790580949],[-34.827974025095884,-6.995217622964156],[-34.827974208228213,-6.995217453658565],[-34.827974389795472,-6.995217282678483],[-34.827974569782342,-6.995217110038366],[-34.827974748173574,-6.995216935752764],[-34.827974924954155,-6.995216759836416],[-34.827975100109107,-6.995216582304182],[-34.827975273623672,-6.995216403171042],[-34.827975445483155,-6.995216222452147],[-34.827975615673068,-6.995216040162754],[-34.827975784179031,-6.995215856318265],[-34.827975950986797,-6.995215670934194],[-34.827976116082304,-6.995215484026239],[-34.827976279451569,-6.99521529561012],[-34.827976441080828,-6.995215105701821],[-34.827976600956404,-6.995214914317344],[-34.827976759064804,-6.995214721472856],[-34.827976915392668,-6.995214527184666],[-34.827977069926803,-6.99521433146917],[-34.827977222654148,-6.995214134342898],[-34.827977373561794,-6.995213935822512],[-34.827977522637006,-6.995213735924759],[-34.827977669867181,-6.995213534666543],[-34.827977815239898,-6.995213332064871],[-34.827977958742871,-6.995213128136852],[-34.827978100363971,-6.995212922899694],[-34.827978240091241,-6.995212716370737],[-34.827978377912885,-6.995212508567443],[-34.827978513817257,-6.995212299507354],[-34.827978647792875,-6.995212089208112],[-34.827978779828413,-6.9952118776875],[-34.827978909912744,-6.995211664963406],[-34.827979038034854,-6.995211451053745],[-34.827979164183951,-6.995211235976643],[-34.82797928834934,-6.995211019750217],[-34.827979410520555,-6.995210802392742],[-34.82797953068728,-6.9952105839226],[-34.827979648839367,-6.995210364358238],[-34.82797976496682,-6.995210143718202],[-34.827979879059853,-6.995209922021123],[-34.827979991108805,-6.995209699285716],[-34.82798010110421,-6.995209475530809],[-34.827980209036809,-6.995209250775305],[-34.827980314897459,-6.995209025038184],[-34.827980418677214,-6.995208798338509],[-34.827980520367326,-6.99520857069543],[-34.827980619959192,-6.995208342128179],[-34.827980717444412,-6.995208112656057],[-34.827980812814737,-6.995207882298458],[-34.827980906062123,-6.995207651074836],[-34.827980997178699,-6.995207419004721],[-34.827981086156747,-6.995207186107694],[-34.827981172988771,-6.995206952403478],[-34.827981257667417,-6.995206717911747],[-34.827981340185559,-6.995206482652373],[-34.827981420536204,-6.995206246645186],[-34.827981498712582,-6.995206009910115],[-34.827981574708069,-6.995205772467201],[-34.827981648516257,-6.995205534336451],[-34.827981720130929,-6.995205295538019],[-34.827981789546001,-6.995205056092037],[-34.827981856755635,-6.995204816018767],[-34.827981921754159,-6.995204575338462],[-34.827981984536059,-6.995204334071484],[-34.827982045096043,-6.995204092238163],[-34.827982103429001,-6.995203849858966],[-34.827982159529995,-6.995203606954357],[-34.827982213394307,-6.995203363544851],[-34.827982265017354,-6.995203119650991],[-34.827982314394809,-6.995202875293396],[-34.827982361522473,-6.995202630492707],[-34.827982406396387,-6.995202385269607],[-34.827982449012751,-6.995202139644791],[-34.827982489367969,-6.995201893639021],[-34.827982527458637,-6.995201647273073],[-34.827982563281509,-6.995201400567764],[-34.8279825968336,-6.995201153543914],[-34.827982628112046,-6.995200906222387],[-34.827982657114219,-6.995200658624092],[-34.827982683837668,-6.995200410769958],[-34.827982708280132,-6.995200162680875],[-34.827982730439551,-6.995199914377849],[-34.827982750314035,-6.995199665881788],[-34.827982767901943,-6.995199417213755],[-34.827982783201755,-6.995199168394699],[-34.828009444266954,-6.994730397917698],[-34.827389175667925,-6.994642881939944]]]]}},
{"type":"Feature","properties":{"fid":67,"Endereco":"Rodovia BR-230","Bairro":"Areia Dourada","Quadra":"06","Lote":"02","Municipio":"Cabedelo-PB","Loteamento":"Areia Dourada","area_pecunia":null,"Situacao_recuo":null,"valor_m2":null,"valor_total":0.0,"valor_formatado":"R$ 0,00","geocodigo":"10002069030429","fid_2":19514.0,"id":19538.0,"distrito":"1","setor":"0002","quadra_2":"069","lote_2":"0429","geocode":"10002069030429","zoneamento":"Zona de Interesse Turístico (ZIT)","shape_leng":164.438965873,"shape_area":992.86,"bairro_2":"Areia Dourada","faces":"03","Reurb":null,"u_Inscriç":"1.0002.069.03.0429.0000.9","u_Sequenci":10060421,"u_Propriet":"ROBERTO GERMANO BEZERRA CAVALCANTI","u_Propri_1":"086.762.754-91","u_ÁreaTer":999.75,"u_ÁreaTot":769.65,"u_ÁreaCon":769.65,"u_TipoImó":"CASA GEMINADA(2 LAD)","u_Patrimô":"Próprio","u2Natureza":"PREDIAL","u2Logradou":"AVN JOSE AMERICO DE ALMEIDA FILHO","u2Número":"548","u2Compleme":null,"u2Edifíci":null,"u2ÁreaTer":999.75,"u2ÁreaTot":769.65,"u2ÁreaCon":769.65,"u2TipoImó":"CASA GEMINADA(2 LAD)","u2Patrimô":"Próprio"},"geometry":{"type":"MultiPolygon","coordinates":[[[[-34.827408573943117,-6.994508652290964],[-34.827389175667925,-6.994642881939944],[-34.828009444266954,-6.994730397917698],[-34.82801717216514,-6.994594521705867],[-34.827408573943117,-6.994508652290964]]]]}},
{"type":"Feature","properties":{"fid":68,"Endereco":"Rodovia BR-230","Bairro":"Areia Dourada","Quadra":"06","Lote":"03","Municipio":"Cabedelo-PB","Loteamento":"Areia Dourada","area_pecunia":null,"Situacao_recuo":null,"valor_m2":null,"valor_total":0.0,"valor_formatado":"R$ 0,00","geocodigo":"10002069030414","fid_2":19515.0,"id":19539.0,"distrito":"1","setor":"0002","quadra_2":"069","lote_2":"0414","geocode":"10002069030414","zoneamento":"Zona de Interesse Turístico (ZIT)","shape_leng":161.133465632,"shape_area":995.23,"bairro_2":"Areia Dourada","faces":"03","Reurb":null,"u_Inscriç":"1.0002.069.03.0414.0000.2","u_Sequenci":10060413,"u_Propriet":"EDITE MONTEIRO VIANA","u_Propri_1":"002.237.004-87","u_ÁreaTer":982.5,"u_ÁreaTot":306.14,"u_ÁreaCon":306.14,"u_TipoImó":"CASA GEMINADA(1 LAD)","u_Patrimô":"Próprio","u2Natureza":"PREDIAL","u2Logradou":"AVN JOSE AMERICO DE ALMEIDA FILHO","u2Número":"SN","u2Compleme":null,"u2Edifíci":null,"u2ÁreaTer":982.5,"u2ÁreaTot":306.14,"u2ÁreaCon":306.14,"u2TipoImó":"CASA GEMINADA(1 LAD)","u2Patrimô":"Próprio"},"geometry":{"type":"MultiPolygon","coordinates":[[[[-34.827427972216981,-6.994374422643336],[-34.827408573943117,-6.994508652290964],[-34.82801717216514,-6.994594521705867],[-34.828024900069032,-6.994458645494312],[-34.827427972216981,-6.994374422643336]]]]}},
{"type":"Feature","properties":{"fid":69,"Endereco":"Rodovia BR-230","Bairro":"Areia Dourada","Quadra":"06","Lote":"04","Municipio":"Cabedelo-PB","Loteamento":"Areia Dourada","area_pecunia":null,"Situacao_recuo":null,"valor_m2":null,"valor_total":0.0,"valor_formatado":"R$ 0,00","geocodigo":"10002069030399","fid_2":19516.0,"id":19540.0,"distrito":"1","setor":"0002","quadra_2":"069","lote_2":"0399","geocode":"10002069030399","zoneamento":"Zona de Interesse Turístico (ZIT)","shape_leng":156.72737525599999,"shape_area":944.99,"bairro_2":"Areia Dourada","faces":"03","Reurb":null,"u_Inscriç":"1.0002.069.03.0399.0000.1","u_Sequenci":10060405,"u_Propriet":"ZENOBIO TOSCANO DE OLIVEIRA","u_Propri_1":"003.240.004-72","u_ÁreaTer":965.25,"u_ÁreaTot":759.8,"u_ÁreaCon":759.8,"u_TipoImó":"CASA GEMINADA(2 LAD)","u_Patrimô":"Próprio","u2Natureza":"PREDIAL","u2Logradou":"AVN JOSE AMERICO DE ALMEIDA FILHO","u2Número":"528","u2Compleme":null,"u2Edifíci":null,"u2ÁreaTer":965.25,"u2ÁreaTot":759.8,"u2ÁreaCon":759.8,"u2TipoImó":"CASA GEMINADA(2 LAD)","u2Patrimô":"Próprio"},"geometry":{"type":"MultiPolygon","coordinates":[[[[-34.827447370489516,-6.994240192997042],[-34.827427972216981,-6.994374422643336],[-34.828024900069032,-6.994458645494312],[-34.828032627978644,-6.994322769283081],[-34.827447370489516,-6.994240192997042]]]]}},
{"type":"Feature","properties":{"fid":70,"Endereco":"Rodovia BR-230","Bairro":"Areia Dourada","Quadra":"06","Lote":"05","Municipio":"Cabedelo-PB","Loteamento":"Areia Dourada","area_pecunia":null,"Situacao_recuo":null,"valor_m2":null,"valor_total":0.0,"valor_formatado":"R$ 0,00","geocodigo":"10002069030384","fid_2":19517.0,"id":19541.0,"distrito":"1","setor":"0002","quadra_2":"069","lote_2":"0384","geocode":"10002069030384","zoneamento":"Zona de Interesse Turístico (ZIT)","shape_leng":155.58062296,"shape_area":800.61,"bairro_2":"Areia Dourada","faces":"03","Reurb":null,"u_Inscriç":"1.0002.069.03.0384.0000.5","u_Sequenci":10060391,"u_Propriet":"CLAUDIA MARIA LOPES CARNEIRO TEIXEIRA","u_Propri_1":"725.915.604-04","u_ÁreaTer":942.75,"u_ÁreaTot":346.54,"u_ÁreaCon":346.54,"u_TipoImó":"CASA ISOLADA","u_Patrimô":"Próprio","u2Natureza":"PREDIAL","u2Logradou":"AVN JOSE AMERICO DE ALMEIDA FILHO","u2Número":"518","u2Compleme":null,"u2Edifíci":null,"u2ÁreaTer":942.75,"u2ÁreaTot":346.54,"u2ÁreaCon":346.54,"u2TipoImó":"CASA ISOLADA","u2Patrimô":"Próprio"},"geometry":{"type":"MultiPolygon","coordinates":[[[[-34.827466768760729,-6.994105963352133],[-34.827447370489516,-6.994240192997042],[-34.828032627978644,-6.994322769283081],[-34.828037337361984,-6.994239966453192],[-34.827819499900713,-6.994213323996088],[-34.827826305688646,-6.994159552359243],[-34.827466768760729,-6.994105963352133]]]]}},
{"type":"Feature","properties":{"fid":71,"Endereco":"Rodovia BR-230","Bairro":"Areia Dourada","Quadra":"06","Lote":"06","Municipio":"Cabedelo-PB","Loteamento":"Areia Dourada","area_pecunia":null,"Situacao_recuo":null,"valor_m2":null,"valor_total":0.0,"valor_formatado":"R$ 0,00","geocodigo":"10002069030369","fid_2":19518.0,"id":19542.0,"distrito":"1","setor":"0002","quadra_2":"069","lote_2":"0369","geocode":"10002069030369","zoneamento":"Zona de Interesse Turístico (ZIT)","shape_leng":166.28241238300001,"shape_area":1084.76,"bairro_2":"Areia Dourada","faces":"03","Reurb":null,"u_Inscriç":"1.0002.069.03.0369.0000.0","u_Sequenci":10060383,"u_Propriet":"CARLOS PEREIRA DE CARVALHO SILVA","u_Propri_1":"002.242.864-04","u_ÁreaTer":924.75,"u_ÁreaTot":372.62,"u_ÁreaCon":372.62,"u_TipoImó":"CASA GEMINADA(1 LAD)","u_Patrimô":"Próprio","u2Natureza":"PREDIAL","u2Logradou":"AVN JOSE AMERICO DE ALMEIDA FILHO","u2Número":"515","u2Compleme":null,"u2Edifíci":null,"u2ÁreaTer":924.75,"u2ÁreaTot":372.62,"u2ÁreaCon":372.62,"u2TipoImó":"CASA GEMINADA(1 LAD)","u2Patrimô":"Próprio"},"geometry":{"type":"MultiPolygon","coordinates":[[[[-34.827486167030607,-6.993971733708543],[-34.827466768760729,-6.994105963352133],[-34.827826305688646,-6.994159552359243],[-34.827819499900713,-6.994213323996088],[-34.828037337361984,-6.994239966453192],[-34.828048083814984,-6.994051016861476],[-34.827486167030607,-6.993971733708543]]]]}},
{"type":"Feature","properties":{"fid":74,"Endereco":"Rodovia BR-230","Bairro":"Areia Dourada","Quadra":"06","Lote":"09","Municipio":"Cabedelo-PB","Loteamento":"Areia Dourada","area_pecunia":null,"Situacao_recuo":null,"valor_m2":null,"valor_total":0.0,"valor_formatado":"R$ 0,00","geocodigo":"10002069030324","fid_2":17099.0,"id":17116.0,"distrito":"1","setor":"0002","quadra_2":"069","lote_2":"0324","geocode":"10002069030324","zoneamento":"Zona de Interesse Turístico (ZIT)","shape_leng":148.93390049600001,"shape_area":889.03,"bairro_2":"Areia Dourada","faces":"03","Reurb":null,"u_Inscriç":"1.0002.069.03.0324.0000.3","u_Sequenci":10060359,"u_Propriet":"M G R PARTICIPACOES E NEGOCIOS LTDA","u_Propri_1":null,"u_ÁreaTer":877.5,"u_ÁreaTot":623.19,"u_ÁreaCon":623.19,"u_TipoImó":"CASA ISOLADA","u_Patrimô":"Próprio","u2Natureza":"PREDIAL","u2Logradou":"AVN JOSE AMERICO DE ALMEIDA FILHO","u2Número":"486","u2Compleme":null,"u2Edifíci":null,"u2ÁreaTer":877.5,"u2ÁreaTot":623.19,"u2ÁreaCon":623.19,"u2TipoImó":"CASA ISOLADA","u2Patrimô":"Próprio"},"geometry":{"type":"MultiPolygon","coordinates":[[[[-34.827544361832281,-6.993569044785935],[-34.827524963566383,-6.993703274425467],[-34.828063539674183,-6.993779264441002],[-34.828071267612344,-6.993643388231211],[-34.827544361832281,-6.993569044785935]]]]}},
{"type":"Feature","properties":{"fid":75,"Endereco":"Rodovia BR-230","Bairro":"Areia Dourada","Quadra":"06","Lote":"10","Municipio":"Cabedelo-PB","Loteamento":"Areia Dourada","area_pecunia":null,"Situacao_recuo":null,"valor_m2":null,"valor_total":0.0,"valor_formatado":"R$ 0,00","geocodigo":"10002069030309","fid_2":17125.0,"id":17142.0,"distrito":"1","setor":"0002","quadra_2":"069","lote_2":"0309","geocode":"10002069030309","zoneamento":"Zona de Interesse Turístico (ZIT)","shape_leng":146.304357759,"shape_area":879.57,"bairro_2":"Areia Dourada","faces":"03","Reurb":null,"u_Inscriç":"1.0002.069.03.0309.0000.9","u_Sequenci":10060340,"u_Propriet":"ANIBAL DE SA NOBREGA","u_Propri_1":"020.374.324-53","u_ÁreaTer":862.5,"u_ÁreaTot":546.72,"u_ÁreaCon":546.72,"u_TipoImó":"CASA GEMINADA(2 LAD)","u_Patrimô":"Próprio","u2Natureza":"PREDIAL","u2Logradou":"AVN JOSE AMERICO DE ALMEIDA FILHO","u2Número":"478","u2Compleme":null,"u2Edifíci":null,"u2ÁreaTer":862.5,"u2ÁreaTot":546.72,"u2ÁreaCon":546.72,"u2TipoImó":"CASA GEMINADA(2 LAD)","u2Patrimô":"Próprio"},"geometry":{"type":"MultiPolygon","coordinates":[[[[-34.827563760096844,-6.993434815147787],[-34.827544361832281,-6.993569044785935],[-34.828071267612344,-6.993643388231211],[-34.828078995556218,-6.993507512021727],[-34.827563760096844,-6.993434815147787]]]]}},
{"type":"Feature","properties":{"fid":76,"Endereco":"Rodovia BR-230","Bairro":"Areia Dourada","Quadra":"06","Lote":"11","Municipio":"Cabedelo-PB","Loteamento":"Areia Dourada","area_pecunia":300.0,"Situacao_recuo":"RECUOU","valor_m2":120.0,"valor_total":36000.0,"valor_formatado":"R$ 36.000,00","geocodigo":"10002069030294","fid_2":17197.0,"id":17213.0,"distrito":"1","setor":"0002","quadra_2":"069","lote_2":"0294","geocode":"10002069030294","zoneamento":"Zona de Interesse Turístico (ZIT)","shape_leng":75.706288459299998,"shape_area":311.67,"bairro_2":"Areia Dourada","faces":"03","Reurb":null,"u_Inscriç":"1.0002.069.03.0294.0000.6","u_Sequenci":10060332,"u_Propriet":"GUSTAVO DOS GUIMARÃES LIMA","u_Propri_1":"025.619.414-93","u_ÁreaTer":513.0,"u_ÁreaTot":151.6,"u_ÁreaCon":151.6,"u_TipoImó":"CASA GEMINADA(1 LAD)","u_Patrimô":"Próprio","u2Natureza":"PREDIAL","u2Logradou":"AVN JOSE AMERICO DE ALMEIDA FILHO","u2Número":"468","u2Compleme":"CS A","u2Edifíci":null,"u2ÁreaTer":513.0,"u2ÁreaTot":151.6,"u2ÁreaCon":151.6,"u2TipoImó":"CASA GEMINADA(1 LAD)","u2Patrimô":"Próprio"},"geometry":{"type":"MultiPolygon","coordinates":[[[[-34.82775325456474,-6.993461551839943],[-34.82777406108454,-6.993330445283038],[-34.827774362579248,-6.993327563454129],[-34.827609955351001,-6.993304366435189],[-34.827609955351001,-6.993304366435189],[-34.827609721097829,-6.993304334422153],[-34.827609486574481,-6.993304304448739],[-34.827609251798762,-6.993304276517274],[-34.827609016788479,-6.993304250629825],[-34.827608781561459,-6.993304226788394],[-34.827608546135544,-6.993304204994765],[-34.827608310528582,-6.993304185250603],[-34.827608074758466,-6.993304167557407],[-34.827607838843058,-6.993304151916502],[-34.827607602800256,-6.993304138329101],[-34.827607366647975,-6.993304126796209],[-34.827607130404132,-6.993304117318738],[-34.827606894086628,-6.993304109897356],[-34.827606657713396,-6.993304104532651],[-34.82760642130237,-6.993304101225044],[-34.82760618487147,-6.993304099974764],[-34.827605948438659,-6.993304100781931],[-34.827605712021828,-6.993304103646455],[-34.827605475638947,-6.993304108568135],[-34.827605239307921,-6.993304115546596],[-34.827605003046699,-6.993304124581297],[-34.827604766873186,-6.993304135671582],[-34.827604530805296,-6.993304148816567],[-34.82760429486094,-6.993304164015281],[-34.827604059058018,-6.993304181266568],[-34.8276038234144,-6.99330420056912],[-34.827603587947983,-6.993304221921481],[-34.827603352676626,-6.993304245322019],[-34.827603117618146,-6.993304270768964],[-34.827602882790401,-6.993304298260373],[-34.827602648211197,-6.993304327794195],[-34.827602413898326,-6.993304359368151],[-34.827602179869558,-6.993304392979851],[-34.82760194614265,-6.993304428626781],[-34.827601712735323,-6.993304466306198],[-34.827601479665283,-6.99330450601525],[-34.827601246950216,-6.993304547750959],[-34.827601014607772,-6.993304591510105],[-34.827600782655573,-6.993304637289404],[-34.82760055111121,-6.993304685085401],[-34.82760031999225,-6.993304734894427],[-34.827600089316221,-6.993304786712723],[-34.827599859100623,-6.993304840536363],[-34.827599629362922,-6.993304896361258],[-34.827599400120533,-6.99330495418318],[-34.827599171390858,-6.993305013997731],[-34.827598943191227,-6.9933050758004],[-34.827598715538976,-6.993305139586456],[-34.827598488451343,-6.993305205351094],[-34.827598261945596,-6.993305273089335],[-34.827598036038864,-6.993305342796006],[-34.827597810748323,-6.99330541446584],[-34.827597586091031,-6.993305488093395],[-34.827597362084056,-6.993305563673101],[-34.827597138744366,-6.993305641199196],[-34.827596916088929,-6.993305720665824],[-34.827596694134613,-6.993305802066959],[-34.827596472898264,-6.993305885396399],[-34.827596252396646,-6.993305970647856],[-34.827596032646497,-6.993306057814842],[-34.827595813664495,-6.99330614689076],[-34.82759559546723,-6.993306237868828],[-34.827595378071273,-6.993306330742177],[-34.8275951614931,-6.993306425503753],[-34.827594945749141,-6.993306522146335],[-34.827594730855765,-6.993306620662652],[-34.827594516829279,-6.993306721045179],[-34.827594303685899,-6.993306823286343],[-34.827594091441796,-6.993306927378334],[-34.827593880113085,-6.993307033313325],[-34.827593669715782,-6.993307141083223],[-34.827593460265852,-6.993307250679898],[-34.827593251779184,-6.993307362095019],[-34.82759304427158,-6.993307475320102],[-34.827592837758793,-6.993307590346618],[-34.827592632256476,-6.993307707165783],[-34.827592427780232,-6.993307825768793],[-34.827592224345565,-6.993307946146612],[-34.827592021967895,-6.993308068290106],[-34.827591820662576,-6.993308192190052],[-34.827591620444892,-6.993308317837009],[-34.82759142133002,-6.993308445221454],[-34.827591223333066,-6.993308574333763],[-34.827591026469044,-6.993308705164093],[-34.827590830752889,-6.993308837702534],[-34.827590636199439,-6.993308971939043],[-34.827590442823464,-6.993309107863437],[-34.827590250639631,-6.993309245465409],[-34.827590059662512,-6.993309384734506],[-34.827589869906589,-6.993309525660165],[-34.827589681386279,-6.993309668231723],[-34.827589494115841,-6.993309812438326],[-34.827589308109509,-6.993309958269073],[-34.827589123381387,-6.993310105712879],[-34.827588939945493,-6.993310254758577],[-34.827588757815718,-6.993310405394844],[-34.827588577005905,-6.993310557610257],[-34.827588397529745,-6.993310711393264],[-34.827588219400873,-6.99331086673224],[-34.827588042632783,-6.993311023615345],[-34.827587867238904,-6.993311182030737],[-34.827587693232509,-6.993311341966358],[-34.827587520626828,-6.99331150341008],[-34.827587349434936,-6.993311666349661],[-34.82758717966982,-6.993311830772756],[-34.827587011344356,-6.993311996666886],[-34.827586844471327,-6.993312164019456],[-34.827586679063359,-6.993312332817784],[-34.827586515133035,-6.993312503049076],[-34.827586352692769,-6.993312674700396],[-34.827586191754875,-6.993312847758732],[-34.827586032331588,-6.993313022210964],[-34.82758587443498,-6.993313198043849],[-34.827585718077032,-6.993313375244061],[-34.827585563269601,-6.993313553798155],[-34.82758541002444,-6.993313733692592],[-34.82758525835316,-6.993313914913722],[-34.827585108267265,-6.993314097447773],[-34.827584959778157,-6.99331428128096],[-34.827584812897086,-6.993314466399276],[-34.827584667635193,-6.993314652788717],[-34.827584524003498,-6.993314840435128],[-34.827584382012894,-6.993315029324288],[-34.82758424167416,-6.993315219441855],[-34.827584102997932,-6.993315410773423],[-34.827583965994727,-6.993315603304469],[-34.827583830674946,-6.993315797020399],[-34.827583697048858,-6.993315991906508],[-34.827583565126574,-6.993316187948018],[-34.827583434918125,-6.993316385130073],[-34.827583306433368,-6.993316583437676],[-34.827583179682073,-6.993316782855821],[-34.827583054673838,-6.993316983369395],[-34.827582931418149,-6.99331718496314],[-34.827582809924351,-6.993317387621792],[-34.827582690201666,-6.993317591329993],[-34.827582572259168,-6.993317796072263],[-34.827582456105809,-6.993318001833073],[-34.827582341750414,-6.993318208596846],[-34.827582229201617,-6.993318416347883],[-34.827582118467994,-6.993318625070409],[-34.827582009557929,-6.993318834748609],[-34.827581902479679,-6.99331904536657],[-34.827581797241372,-6.993319256908327],[-34.827581693850988,-6.993319469357821],[-34.827581592316378,-6.993319682698965],[-34.82758149264523,-6.993319896915536],[-34.827581394845112,-6.993320111991297],[-34.827581298923441,-6.993320327909955],[-34.827581204887487,-6.993320544655109],[-34.827581112744397,-6.993320762210333],[-34.827581022501157,-6.99332098055914],[-34.827580934164594,-6.99332119968492],[-34.827580847741423,-6.993321419571088],[-34.82758076323821,-6.993321640200967],[-34.827580680661349,-6.993321861557806],[-34.827580600017107,-6.993322083624824],[-34.827580521311596,-6.993322306385158],[-34.82758044455079,-6.993322529821926],[-34.827580369740517,-6.993322753918197],[-34.827580296886453,-6.993322978656955],[-34.827580225994112,-6.993323204021139],[-34.82758015706888,-6.993323429993679],[-34.82758009011598,-6.993323656557418],[-34.827580025140499,-6.993323883695186],[-34.827579962147361,-6.993324111389737],[-34.827579901141341,-6.993324339623809],[-34.827579842127072,-6.993324568380105],[-34.827579785109016,-6.99332479764124],[-34.827579730091522,-6.993325027389841],[-34.827579677078745,-6.993325257608506],[-34.827579626074716,-6.993325488279726],[-34.827579577083291,-6.99332571938602],[-34.827579530108203,-6.99332595090989],[-34.827579485153002,-6.993326182833727],[-34.827579442221101,-6.993326415139968],[-34.827579401315766,-6.993326647810984],[-34.827579362440083,-6.993326880829132],[-34.827579325597021,-6.993327114176732],[-34.827579290789345,-6.993327347836076],[-34.827563760096844,-6.993434815147787],[-34.82775325456474,-6.993461551839943]]]]}},
{"type":"Feature","properties":{"fid":77,"Endereco":"Rodovia BR-230","Bairro":"Areia Dourada","Quadra":"07","Lote":"01","Municipio":"Cabedelo-PB","Loteamento":"Areia Dourada","area_pecunia":null,"Situacao_recuo":null,"valor_m2":null,"valor_total":0.0,"valor_formatado":"R$ 0,00","geocodigo":"10002068030353","fid_2":17316.0,"id":17331.0,"distrito":"1","setor":"0002","quadra_2":"068","lote_2":"0353","geocode":"10002068030353","zoneamento":"Zona de Interesse Turístico (ZIT)","shape_leng":144.040668,"shape_area":862.81,"bairro_2":"Areia Dourada","faces":"03","Reurb":null,"u_Inscriç":"1.0002.068.03.0353.0002.0","u_Sequenci":10060286,"u_Propriet":"CARLOS EDUARDO PESSOA DA CUNHA","u_Propri_1":"002.586.444-00","u_ÁreaTer":832.5,"u_ÁreaTot":550.2,"u_ÁreaCon":251.26,"u_TipoImó":"CASA GEMINADA(1 LAD)","u_Patrimô":"Próprio","u2Natureza":"PREDIAL","u2Logradou":"AVN JOSE AMERICO DE ALMEIDA FILHO","u2Número":"428","u2Compleme":null,"u2Edifíci":null,"u2ÁreaTer":832.5,"u2ÁreaTot":550.2,"u2ÁreaCon":251.26,"u2TipoImó":"CASA GEMINADA(1 LAD)","u2Patrimô":"Próprio"},"geometry":{"type":"MultiPolygon","coordinates":[[[[-34.827597938866624,-6.993070696700185],[-34.82759130793935,-6.993180381637132],[-34.827591295052308,-6.993180610932193],[-34.827591284108763,-6.993180840328047],[-34.827591275109512,-6.993181069808258],[-34.82759126805518,-6.993181299356382],[-34.827591262946292,-6.99318152895595],[-34.827591259783183,-6.993181758590522],[-34.827591258566123,-6.993181988243594],[-34.827591259295168,-6.993182217898744],[-34.827591261970277,-6.993182447539485],[-34.827591266591256,-6.993182677149368],[-34.827591273157765,-6.993182906711951],[-34.827591281669349,-6.993183136210737],[-34.827591292125398,-6.99318336562929],[-34.82759130452515,-6.993183594951173],[-34.827591318867718,-6.99318382415994],[-34.827591335152078,-6.993184053239155],[-34.827591353377059,-6.993184282172406],[-34.827591373541374,-6.993184510943256],[-34.827591395643545,-6.993184739535346],[-34.827591419682015,-6.993184967932259],[-34.827591445655038,-6.993185196117635],[-34.827591473560773,-6.99318542407511],[-34.827591503397201,-6.993185651788338],[-34.827591535162192,-6.99318587924101],[-34.827591568853478,-6.993186106416799],[-34.827591604468623,-6.993186333299446],[-34.827591642005103,-6.993186559872657],[-34.827591681460184,-6.993186786120226],[-34.82759172283108,-6.993187012025896],[-34.827591766114807,-6.993187237573492],[-34.827591811308267,-6.993187462746827],[-34.827591858408219,-6.99318768752978],[-34.827591907411261,-6.993187911906246],[-34.827591958313931,-6.993188135860107],[-34.827592011112529,-6.993188359375341],[-34.827592065803316,-6.993188582435899],[-34.827592122382335,-6.993188805025814],[-34.827592180845549,-6.993189027129103],[-34.827592241188746,-6.993189248729864],[-34.827592303407634,-6.993189469812203],[-34.827592367497729,-6.99318969036027],[-34.827592433454434,-6.993189910358256],[-34.827592501273045,-6.993190129790395],[-34.827592570948674,-6.993190348640947],[-34.82759264247634,-6.993190566894231],[-34.827592715850905,-6.993190784534607],[-34.827592791067126,-6.993191001546453],[-34.827592868119595,-6.993191217914223],[-34.827592947002785,-6.993191433622414],[-34.82759302771106,-6.993191648655555],[-34.827593110238624,-6.993191862998224],[-34.827593194579563,-6.993192076635069],[-34.827593280727825,-6.993192289550754],[-34.827593368677228,-6.99319250173006],[-34.827593458421482,-6.993192713157722],[-34.827593549954159,-6.993192923818607],[-34.827593643268685,-6.993193133697618],[-34.827593738358367,-6.993193342779707],[-34.827593835216383,-6.993193551049896],[-34.827593933835807,-6.993193758493225],[-34.827594034209575,-6.993193965094846],[-34.827594136330468,-6.993194170839939],[-34.827594240191189,-6.99319437571376],[-34.82759434578427,-6.99319457970162],[-34.827594453102144,-6.99319478278889],[-34.827594562137136,-6.993194984961026],[-34.827594672881403,-6.993195186203534],[-34.827594785327037,-6.993195386501966],[-34.82759489946595,-6.993195585841984],[-34.827595015289987,-6.993195784209273],[-34.827595132790805,-6.993195981589651],[-34.827595251960012,-6.993196177968954],[-34.827595372789069,-6.993196373333071],[-34.8275954952693,-6.993196567668035],[-34.827595619391928,-6.993196760959908],[-34.827595745148045,-6.993196953194827],[-34.827595872528647,-6.993197144359002],[-34.827596001524611,-6.993197334438741],[-34.827596132126658,-6.993197523420441],[-34.827596264325472,-6.993197711290497],[-34.827596398111538,-6.993197898035488],[-34.82759653347528,-6.993198083642014],[-34.827596670406983,-6.993198268096773],[-34.827596808896857,-6.993198451386531],[-34.827596948934946,-6.993198633498145],[-34.827597090511233,-6.993198814418565],[-34.827597233615542,-6.993198994134846],[-34.827597378237634,-6.993199172634077],[-34.827597524367143,-6.993199349903466],[-34.827597671993587,-6.993199525930305],[-34.82759782110638,-6.993199700701986],[-34.827597971694843,-6.993199874205956],[-34.827598123748167,-6.993200046429809],[-34.827598277255461,-6.993200217361178],[-34.827598432205711,-6.99320038698781],[-34.827598588587819,-6.993200555297554],[-34.827598746390578,-6.993200722278345],[-34.827598905602663,-6.99320088791819],[-34.82759906621267,-6.993201052205237],[-34.827599228209088,-6.993201215127712],[-34.827599391580286,-6.993201376673923],[-34.827599556314581,-6.993201536832294],[-34.82759972240013,-6.993201695591334],[-34.827599889825052,-6.993201852939685],[-34.827600058577339,-6.993202008866032],[-34.827600228644876,-6.993202163359235],[-34.827600400015498,-6.993202316408211],[-34.827600572676893,-6.99320246800196],[-34.827600746616717,-6.993202618129634],[-34.82760092182248,-6.993202766780468],[-34.827601098281619,-6.993202913943835],[-34.827601275981486,-6.993203059609124],[-34.827601454909356,-6.993203203765956],[-34.827601635052389,-6.993203346403946],[-34.827601816397674,-6.9932034875129],[-34.827601998932202,-6.993203627082683],[-34.827602182642899,-6.993203765103304],[-34.82760236751659,-6.99320390156488],[-34.827602553540025,-6.993204036457595],[-34.827602740699867,-6.993204169771798],[-34.827602928982706,-6.993204301497928],[-34.827603118375045,-6.993204431626536],[-34.827603308863296,-6.993204560148311],[-34.827603500433788,-6.993204687054047],[-34.827603693072824,-6.993204812334612],[-34.827603886766575,-6.993204935981042],[-34.827604081501164,-6.993205057984476],[-34.827604277262616,-6.99320517833616],[-34.827604474036903,-6.993205297027478],[-34.827604671809929,-6.993205414049929],[-34.827604870567512,-6.993205529395096],[-34.827605070295398,-6.993205643054714],[-34.827605270979269,-6.993205755020656],[-34.827605472604745,-6.993205865284894],[-34.827605675157365,-6.993205973839499],[-34.82760587862262,-6.993206080676716],[-34.827606082985902,-6.993206185788869],[-34.827606288232595,-6.993206289168439],[-34.827606494347954,-6.993206390807987],[-34.827606701317215,-6.993206490700246],[-34.827606909125535,-6.993206588838064],[-34.827607117758035,-6.993206685214376],[-34.827607327199743,-6.993206779822317],[-34.82760753743564,-6.993206872655059],[-34.82760774845066,-6.993206963705974],[-34.827607960229692,-6.993207052968535],[-34.827608172757522,-6.993207140436335],[-34.827608386018952,-6.993207226103086],[-34.827608599998669,-6.993207309962696],[-34.827608814681327,-6.993207392009117],[-34.827609030051555,-6.993207472236456],[-34.827609246093907,-6.993207550638986],[-34.827609462792907,-6.993207627211071],[-34.827609680132987,-6.993207701947252],[-34.827609898098608,-6.993207774842128],[-34.827610116674109,-6.993207845890526],[-34.827610335843843,-6.993207915087282],[-34.827610555592095,-6.99320798242751],[-34.827610775903104,-6.993208047906334],[-34.827610996761088,-6.993208111519068],[-34.827611218150196,-6.993208173261173],[-34.827611440054568,-6.993208233128184],[-34.827611662458295,-6.993208291115865],[-34.827611885345448,-6.993208347220003],[-34.827612108700038,-6.993208401436599],[-34.82761233250605,-6.993208453761774],[-34.827612556747432,-6.993208504191772],[-34.827612781408114,-6.993208552722979],[-34.827613006472006,-6.993208599351906],[-34.827613231922967,-6.993208644075214],[-34.827613457744818,-6.993208686889714],[-34.827613683921392,-6.993208727792321],[-34.827613910436469,-6.993208766780083],[-34.827614137273784,-6.993208803850267],[-34.827614364417123,-6.993208839000141],[-34.827614591850171,-6.993208872227226],[-34.827614819556636,-6.993208903529141],[-34.827615047520183,-6.993208932903626],[-34.827615275724483,-6.993208960348592],[-34.827615504153172,-6.993208985862061],[-34.827615504153172,-6.993208985862061],[-34.828065858848383,-6.993257358450356],[-34.828066101521678,-6.993257383414235],[-34.828066344409699,-6.993257406198238],[-34.828066587492835,-6.993257426800499],[-34.828066830751432,-6.993257445219358],[-34.828067074165894,-6.993257461453349],[-34.828067317716517,-6.993257475501144],[-34.828067561383641,-6.993257487361589],[-34.828067805147612,-6.993257497033756],[-34.82806804898874,-6.993257504516878],[-34.828068292887309,-6.993257509810286],[-34.82806853682365,-6.993257512913622],[-34.828068780778047,-6.993257513826609],[-34.828069024730802,-6.993257512549154],[-34.828069268662226,-6.993257509081384],[-34.828069512552602,-6.993257503423576],[-34.828069756382249,-6.993257495576181],[-34.828070000131468,-6.99325748553983],[-34.828070243780587,-6.993257473315356],[-34.828070487309915,-6.99325745890371],[-34.8280707306998,-6.9932574423061],[-34.828070973930572,-6.993257423523829],[-34.828071216982593,-6.993257402558406],[-34.828071459836245,-6.993257379411573],[-34.828071702471917,-6.99325735408516],[-34.82807194486999,-6.993257326581212],[-34.82807218701091,-6.993257296901961],[-34.828072428875124,-6.993257265049822],[-34.828072670443099,-6.993257231027334],[-34.828072911695315,-6.993257194837263],[-34.828073152612305,-6.993257156482533],[-34.828073393174606,-6.993257115966233],[-34.828073633362791,-6.993257073291623],[-34.828073873157464,-6.993257028462179],[-34.828074112539262,-6.993256981481513],[-34.828074351488851,-6.993256932353386],[-34.82807458998694,-6.993256881081818],[-34.828074828014259,-6.993256827670924],[-34.828075065551594,-6.993256772125005],[-34.828075302579762,-6.993256714448546],[-34.82807553907962,-6.993256654646239],[-34.828075775032062,-6.993256592722874],[-34.828076010418059,-6.993256528683474],[-34.828076245218568,-6.993256462533216],[-34.828076479414655,-6.993256394277429],[-34.828076712987389,-6.993256323921608],[-34.828076945917921,-6.993256251471469],[-34.828077178187435,-6.993256176932847],[-34.828077409777173,-6.993256100311752],[-34.828077640668425,-6.993256021614395],[-34.82807787084257,-6.993255940847111],[-34.828078100280983,-6.993255858016419],[-34.828078328965184,-6.993255773129047],[-34.828078556876662,-6.993255686191801],[-34.828078783997029,-6.993255597211727],[-34.828079010307953,-6.993255506195998],[-34.82807923579113,-6.993255413151966],[-34.828079460428377,-6.993255318087161],[-34.828079684201555,-6.993255221009263],[-34.828079907092572,-6.993255121926076],[-34.828080129083453,-6.993255020845631],[-34.828080350156249,-6.993254917776086],[-34.828080570293125,-6.993254812725776],[-34.828080789476282,-6.993254705703142],[-34.828081007688041,-6.993254596716874],[-34.828081224910768,-6.993254485775731],[-34.828081441126926,-6.993254372888705],[-34.828081656319057,-6.993254258064912],[-34.828081870469788,-6.993254141313628],[-34.828082083561803,-6.993254022644233],[-34.828082295577907,-6.993253902066363],[-34.828082506500991,-6.993253779589747],[-34.828082716314007,-6.993253655224255],[-34.828082925,-6.993253528979936],[-34.828083132542147,-6.993253400867],[-34.828083338923669,-6.993253270895782],[-34.828083544127914,-6.993253139076786],[-34.828083748138276,-6.993253005420624],[-34.828083950938321,-6.993252869938132],[-34.828084152511657,-6.993252732640239],[-34.828084352841998,-6.993252593538041],[-34.828084551913172,-6.993252452642731],[-34.828084749709099,-6.993252309965721],[-34.828084946213828,-6.993252165518546],[-34.828085141411442,-6.993252019312829],[-34.828085335286225,-6.993251871360396],[-34.828085527822509,-6.993251721673208],[-34.828085719004733,-6.993251570263354],[-34.828085908817464,-6.993251417143032],[-34.828086097245382,-6.993251262324631],[-34.828086284273255,-6.993251105820659],[-34.828086469885996,-6.993250947643734],[-34.828086654068599,-6.99325078780663],[-34.8280868368062,-6.993250626322273],[-34.828087018084041,-6.993250463203702],[-34.828087197887484,-6.993250298464078],[-34.828087376202006,-6.993250132116694],[-34.828087553013219,-6.993249964175028],[-34.828087728306812,-6.993249794652577],[-34.828087902068681,-6.993249623563099],[-34.828088074284743,-6.993249450920363],[-34.828088244941121,-6.993249276738331],[-34.828088414024009,-6.993249101031051],[-34.828088581519772,-6.993248923812724],[-34.828088747414895,-6.993248745097682],[-34.828088911695957,-6.993248564900327],[-34.828089074349698,-6.993248383235227],[-34.828089235362981,-6.993248200117034],[-34.828089394722817,-6.993248015560551],[-34.82808955241633,-6.9932478295807],[-34.828089708430767,-6.993247642192451],[-34.828089862753558,-6.993247453410976],[-34.828090015372226,-6.993247263251529],[-34.828090166274436,-6.993247071729418],[-34.828090315448023,-6.993246878860152],[-34.82809046288093,-6.993246684659285],[-34.828090608561254,-6.993246489142508],[-34.828090752477223,-6.993246292325618],[-34.828090894617226,-6.993246094224502],[-34.828091034969773,-6.993245894855141],[-34.828091173523539,-6.993245694233659],[-34.828091310267325,-6.993245492376251],[-34.828091445190097,-6.993245289299211],[-34.828091578280954,-6.993245085018935],[-34.828091709529161,-6.993244879551933],[-34.828091838924109,-6.993244672914805],[-34.828091966455339,-6.99324446512421],[-34.828092092112577,-6.993244256196947],[-34.828092215885647,-6.993244046149895],[-34.828092337764566,-6.993243834999983],[-34.828092457739501,-6.993243622764314],[-34.828092575800753,-6.993243409459965],[-34.828092691938792,-6.993243195104219],[-34.828092806144234,-6.993242979714357],[-34.828092918407854,-6.99324276330778],[-34.828093028720609,-6.993242545901952],[-34.828093137073559,-6.993242327514456],[-34.828093243457971,-6.993242108162892],[-34.828093347865256,-6.993241887865026],[-34.828093450286964,-6.993241666638576],[-34.828093550714854,-6.993241444501487],[-34.82809364914079,-6.993241221471619],[-34.828093745556842,-6.993240997567046],[-34.828093839955208,-6.993240772805824],[-34.828093932328279,-6.9932405472061],[-34.828094022668573,-6.993240320786094],[-34.828094110968827,-6.993240093564107],[-34.828094197221887,-6.993239865558473],[-34.828094281420782,-6.993239636787588],[-34.828094363558741,-6.993239407269958],[-34.828094443629105,-6.9932391770241],[-34.828094521625417,-6.99323894606863],[-34.82809459754138,-6.993238714422166],[-34.82809467137087,-6.993238482103441],[-34.828094743107904,-6.993238249131189],[-34.828094812746713,-6.993238015524262],[-34.828094880281654,-6.993237781301492],[-34.828094945707278,-6.993237546481795],[-34.828095009018305,-6.993237311084156],[-34.828095070209635,-6.993237075127573],[-34.828095129276306,-6.9932368386311],[-34.828095186213545,-6.993236601613815],[-34.828095241016776,-6.993236364094901],[-34.828095293681557,-6.993236126093511],[-34.828095344203646,-6.993235887628873],[-34.828095392578952,-6.993235648720252],[-34.828095438803572,-6.993235409386917],[-34.828095482873771,-6.99323516964821],[-34.828095524786008,-6.993234929523515],[-34.828095564536873,-6.993234689032164],[-34.82809560212317,-6.993234448193635],[-34.828095637541864,-6.993234207027357],[-34.82809567079007,-6.993233965552776],[-34.828095701865145,-6.993233723789443],[-34.828095730764566,-6.993233481756877],[-34.828095757485976,-6.99323323947458],[-34.828095782027233,-6.993232996962142],[-34.828095804386365,-6.993232754239161],[-34.828095824561544,-6.993232511325209],[-34.828095842551164,-6.993232268239933],[-34.828095858353755,-6.993232025002937],[-34.828102335974279,-6.993124874026694],[-34.827597938866624,-6.993070696700185]]]]}},
{"type":"Feature","properties":{"fid":78,"Endereco":"Rodovia BR-230","Bairro":"Areia Dourada","Quadra":"07","Lote":"02","Municipio":"Cabedelo-PB","Loteamento":"Areia Dourada","area_pecunia":null,"Situacao_recuo":null,"valor_m2":null,"valor_total":0.0,"valor_formatado":"R$ 0,00","geocodigo":"10002068030338","fid_2":17361.0,"id":17377.0,"distrito":"1","setor":"0002","quadra_2":"068","lote_2":"0338","geocode":"10002068030338","zoneamento":"Zona de Interesse Turístico (ZIT)","shape_leng":142.54327600100001,"shape_area":838.93,"bairro_2":"Areia Dourada","faces":"03","Reurb":null,"u_Inscriç":"1.0002.068.03.0338.0006.8","u_Sequenci":10328238,"u_Propriet":"MAURILIO ONOFRE DEININGER","u_Propri_1":"498.968.494-04","u_ÁreaTer":832.5,"u_ÁreaTot":1114.14,"u_ÁreaCon":200.79,"u_TipoImó":"APARTAMENTO","u_Patrimô":"Próprio","u2Natureza":"PREDIAL","u2Logradou":"AVN JOSE AMERICO DE ALMEIDA FILHO","u2Número":"448","u2Compleme":"AP 106  - VILLA DOURADA RESIDENCIAL","u2Edifíci":"VILLA DOURADA RESIDENCIAL","u2ÁreaTer":832.5,"u2ÁreaTot":1114.14,"u2ÁreaCon":200.79,"u2TipoImó":"APARTAMENTO","u2Patrimô":"Próprio"},"geometry":{"type":"MultiPolygon","coordinates":[[[[-34.827606131788428,-6.992935174240421],[-34.827597938866624,-6.993070696700185],[-34.828102335974279,-6.993124874026694],[-34.828110528745157,-6.992989351595939],[-34.827606131788428,-6.992935174240421]]]]}},
{"type":"Feature","properties":{"fid":79,"Endereco":"Rodovia BR-230","Bairro":"Areia Dourada","Quadra":"07","Lote":"03","Municipio":"Cabedelo-PB","Loteamento":"Areia Dourada","area_pecunia":null,"Situacao_recuo":null,"valor_m2":null,"valor_total":0.0,"valor_formatado":"R$ 0,00","geocodigo":"10002068030323","fid_2":17412.0,"id":17428.0,"distrito":"1","setor":"0002","quadra_2":"068","lote_2":"0323","geocode":"10002068030323","zoneamento":"Zona de Interesse Turístico (ZIT)","shape_leng":140.35295812199999,"shape_area":826.85,"bairro_2":"Areia Dourada","faces":"03","Reurb":null,"u_Inscriç":"1.0002.068.03.0323.0006.1","u_Sequenci":10346066,"u_Propriet":"MARIA POMPEIA FALCÃO DO REGO","u_Propri_1":"768.986.604-20","u_ÁreaTer":832.5,"u_ÁreaTot":1156.6,"u_ÁreaCon":202.85,"u_TipoImó":"APARTAMENTO","u_Patrimô":"Próprio","u2Natureza":"PREDIAL","u2Logradou":"AVN JOSE AMERICO DE ALMEIDA FILHO","u2Número":"438","u2Compleme":"AP 302  - JOSE BRAZ DO REGO ED. RES.","u2Edifíci":"JOSE BRAZ DO REGO ED. RES.","u2ÁreaTer":832.5,"u2ÁreaTot":1156.6,"u2ÁreaCon":202.85,"u2TipoImó":"APARTAMENTO","u2Patrimô":"Próprio"},"geometry":{"type":"MultiPolygon","coordinates":[[[[-34.827614324715633,-6.992799651780988],[-34.827606131788428,-6.992935174240421],[-34.828110528745157,-6.992989351595939],[-34.828118721521435,-6.992853829165514],[-34.827614324715633,-6.992799651780988]]]]}},
{"type":"Feature","properties":{"fid":97,"Endereco":"Rodovia BR-230","Bairro":"Areia Dourada","Quadra":"D","Lote":"02","Municipio":"Cabedelo-PB","Loteamento":"Jardim Maralina","area_pecunia":null,"Situacao_recuo":null,"valor_m2":null,"valor_total":0.0,"valor_formatado":"R$ 0,00","geocodigo":"10002035040022","fid_2":12285.0,"id":12273.0,"distrito":"1","setor":"0002","quadra_2":"035","lote_2":"0022","geocode":"10002035040022","zoneamento":"Zona de Interesse Turístico (ZIT)","shape_leng":129.46201475300001,"shape_area":1029.58,"bairro_2":"Areia Dourada","faces":"04","Reurb":null,"u_Inscriç":"1.0002.035.04.0022.0000.2","u_Sequenci":10052283,"u_Propriet":"ADERBAL MAIA PAIVA","u_Propri_1":"008.550.734-20","u_ÁreaTer":490.0,"u_ÁreaTot":198.4,"u_ÁreaCon":198.4,"u_TipoImó":"CASA ISOLADA","u_Patrimô":"Próprio","u2Natureza":"PREDIAL","u2Logradou":"RUA PASTOR JOSE ALVES DE OLIVEIRA","u2Número":"1205","u2Compleme":null,"u2Edifíci":null,"u2ÁreaTer":490.0,"u2ÁreaTot":198.4,"u2ÁreaCon":198.4,"u2TipoImó":"CASA ISOLADA","u2Patrimô":"Próprio"},"geometry":{"type":"MultiPolygon","coordinates":[[[[-34.828391425554493,-6.985556694240366],[-34.828391697083987,-6.985674225626516],[-34.828713266948995,-6.985676862020124],[-34.828734296656727,-6.985559505287776],[-34.828391425554493,-6.985556694240366]]]]}},
{"type":"Feature","properties":{"fid":98,"Endereco":"Rodovia BR-230","Bairro":"Areia Dourada","Quadra":"D","Lote":"01","Municipio":"Cabedelo-PB","Loteamento":"Jardim Maralina","area_pecunia":null,"Situacao_recuo":null,"valor_m2":null,"valor_total":0.0,"valor_formatado":"R$ 0,00","geocodigo":"10002035030002","fid_2":20112.0,"id":20148.0,"distrito":"1","setor":"0002","quadra_2":"035","lote_2":"0002","geocode":"10002035030002","zoneamento":"Zona de Interesse Turístico (ZIT)","shape_leng":99.410543448799999,"shape_area":503.69,"bairro_2":"Areia Dourada","faces":"03","Reurb":null,"u_Inscriç":"1.0002.035.03.0002.0000.7","u_Sequenci":10052275,"u_Propriet":"MARCOS ALBERTO PEIXOTO WANDERLEY","u_Propri_1":"040.008.544-53","u_ÁreaTer":490.0,"u_ÁreaTot":268.8,"u_ÁreaCon":268.8,"u_TipoImó":"CASA GEMINADA(1 LAD)","u_Patrimô":"Próprio","u2Natureza":"PREDIAL","u2Logradou":"RUA MUCIO ABILIO PEIXOTO WANDERLEY","u2Número":"78","u2Compleme":null,"u2Edifíci":null,"u2ÁreaTer":490.0,"u2ÁreaTot":268.8,"u2ÁreaCon":268.8,"u2TipoImó":"CASA GEMINADA(1 LAD)","u2Patrimô":"Próprio"},"geometry":{"type":"MultiPolygon","coordinates":[[[[-34.828391697083987,-6.985674225626516],[-34.828391997971572,-6.985800825088297],[-34.828690613215635,-6.985803281644064],[-34.828713266948995,-6.985676862020124],[-34.828391697083987,-6.985674225626516]]]]}},
{"type":"Feature","properties":{"fid":133,"Endereco":"Avenida Monsenhor José da Silva Coutinho","Bairro":"Areia Dourada","Quadra":"01","Lote":"SN","Municipio":"Cabedelo-PB","Loteamento":"Jardim Maralina","area_pecunia":null,"Situacao_recuo":null,"valor_m2":null,"valor_total":0.0,"valor_formatado":"R$ 0,00","geocodigo":"10002035010180","fid_2":13157.0,"id":13149.0,"distrito":"1","setor":"0002","quadra_2":"035","lote_2":"0180","geocode":"10002035010180","zoneamento":"Zona de Interesse Turístico (ZIT)","shape_leng":99.032282423200002,"shape_area":392.63,"bairro_2":"Areia Dourada","faces":"01","Reurb":null,"u_Inscriç":"1.0002.035.01.0180.0001.1","u_Sequenci":10274227,"u_Propriet":"HELIO VELOSO DA CUNHA","u_Propri_1":"645.320.204-25","u_ÁreaTer":455.0,"u_ÁreaTot":206.0,"u_ÁreaCon":9.0,"u_TipoImó":"COMERCIAL","u_Patrimô":"Próprio","u2Natureza":"PREDIAL","u2Logradou":"AVN MONSENHOR JOSE DA SILVA COUTINHO","u2Número":"65","u2Compleme":null,"u2Edifíci":null,"u2ÁreaTer":455.0,"u2ÁreaTot":206.0,"u2ÁreaCon":9.0,"u2TipoImó":"COMERCIAL","u2Patrimô":"Próprio"},"geometry":{"type":"MultiPolygon","coordinates":[[[[-34.828403390234705,-6.984705029519414],[-34.828408372293289,-6.984937871540871],[-34.82841090436257,-6.985056209974153],[-34.828502771809177,-6.985063956583989],[-34.828491293743205,-6.984700093683206],[-34.828403390234705,-6.984705029519414]]]]}},
{"type":"Feature","properties":{"fid":134,"Endereco":"Avenida Monsenhor José da Silva Coutinho","Bairro":"Areia Dourada","Quadra":"01","Lote":"SN","Municipio":"Cabedelo-PB","Loteamento":"Jardim Maralina","area_pecunia":null,"Situacao_recuo":null,"valor_m2":null,"valor_total":0.0,"valor_formatado":"R$ 0,00","geocodigo":"10002035010169","fid_2":12974.0,"id":12961.0,"distrito":"1","setor":"0002","quadra_2":"035","lote_2":"0169","geocode":"10002035010169","zoneamento":"Zona de Interesse Turístico (ZIT)","shape_leng":104.764335543,"shape_area":463.18,"bairro_2":"Areia Dourada","faces":"01","Reurb":null,"u_Inscriç":"1.0002.035.01.0169.0000.7","u_Sequenci":10052178,"u_Propriet":"MANUEL CABRAL DE ANDRADE NETO","u_Propri_1":"714.666.144-04","u_ÁreaTer":500.5,"u_ÁreaTot":157.71,"u_ÁreaCon":157.71,"u_TipoImó":"CASA ISOLADA","u_Patrimô":"Próprio","u2Natureza":"PREDIAL","u2Logradou":"AVN MONSENHOR JOSE DA SILVA COUTINHO","u2Número":"75","u2Compleme":null,"u2Edifíci":null,"u2ÁreaTer":500.5,"u2ÁreaTot":157.71,"u2ÁreaCon":157.71,"u2TipoImó":"CASA ISOLADA","u2Patrimô":"Próprio"},"geometry":{"type":"MultiPolygon","coordinates":[[[[-34.828491293743205,-6.984700093683206],[-34.828502771809177,-6.985063956583989],[-34.828605698035204,-6.985072635849004],[-34.828592726153886,-6.984694399212331],[-34.828491293743205,-6.984700093683206]]]]}},
{"type":"Feature","properties":{"fid":138,"Endereco":"Rodovia BR-230","Bairro":"Areia Dourada","Quadra":"01","Lote":"03","Municipio":"Cabedelo-PB","Loteamento":"Jardim Maralina","area_pecunia":null,"Situacao_recuo":null,"valor_m2":null,"valor_total":0.0,"valor_formatado":"R$ 0,00","geocodigo":"10002035020287","fid_2":19534.0,"id":19558.0,"distrito":"1","setor":"0002","quadra_2":"035","lote_2":"0287","geocode":"10002035020287","zoneamento":"Zona de Interesse Turístico (ZIT)","shape_leng":157.06322072899999,"shape_area":992.67,"bairro_2":"Areia Dourada","faces":"02","Reurb":null,"u_Inscriç":"1.0002.035.02.0287.0000.6","u_Sequenci":10052224,"u_Propriet":"CARLOS ANTONIO RIBEIRO COUTINHO","u_Propri_1":"004.376.114-34","u_ÁreaTer":840.0,"u_ÁreaTot":0.0,"u_ÁreaCon":0.0,"u_TipoImó":null,"u_Patrimô":"Próprio","u2Natureza":"TERRITORIAL","u2Logradou":"AVN JOSE AMERICO DE ALMEIDA FILHO","u2Número":"S/N","u2Compleme":null,"u2Edifíci":null,"u2ÁreaTer":840.0,"u2ÁreaTot":0.0,"u2ÁreaCon":0.0,"u2TipoImó":null,"u2Patrimô":"Próprio"},"geometry":{"type":"MultiPolygon","coordinates":[[[[-34.827968953684078,-6.985227927330742],[-34.82799615585202,-6.985227527307816],[-34.827994158364888,-6.985091920926039],[-34.827842388999613,-6.985094152747028],[-34.827839651943854,-6.985229565015957],[-34.827968953684078,-6.985227927330742]]],[[[-34.82799615585202,-6.985227527307816],[-34.828403122536479,-6.985226537162836],[-34.828408496113639,-6.985085827698],[-34.827994158364888,-6.985091920926023],[-34.82799615585202,-6.985227527307816]]]]}},
{"type":"Feature","properties":{"fid":165,"Endereco":"Avenida Max Zagel","Bairro":"Camboinha","Quadra":"01","Lote":"01","Municipio":"Cabedelo-PB","Loteamento":"Jardim Camboinha","area_pecunia":null,"Situacao_recuo":null,"valor_m2":null,"valor_total":0.0,"valor_formatado":"R$ 0,00","geocodigo":"10003048040356","fid_2":15589.0,"id":15597.0,"distrito":"1","setor":"0003","quadra_2":"048","lote_2":"0356","geocode":"10003048040356","zoneamento":"Zona de Interesse Turístico (ZIT)","shape_leng":98.783542952900007,"shape_area":512.22,"bairro_2":"Camboinha","faces":"04","Reurb":null,"u_Inscriç":"1.0003.048.04.0356.0000.8","u_Sequenci":10071300,"u_Propriet":"ANA ELIZABET NEVES G DE M","u_Propri_1":null,"u_ÁreaTer":480.0,"u_ÁreaTot":231.0,"u_ÁreaCon":231.0,"u_TipoImó":"CASA GEMINADA(1 LAD)","u_Patrimô":"Próprio","u2Natureza":"PREDIAL","u2Logradou":"AVN BEIRA MAR (CAMBOINHA)","u2Número":"648","u2Compleme":null,"u2Edifíci":null,"u2ÁreaTer":480.0,"u2ÁreaTot":231.0,"u2ÁreaCon":231.0,"u2TipoImó":"CASA GEMINADA(1 LAD)","u2Patrimô":"Próprio"},"geometry":{"type":"MultiPolygon","coordinates":[[[[-34.826029647952694,-7.004937588891709],[-34.826055558417458,-7.005070738241431],[-34.826338828853103,-7.005010457637651],[-34.826312918319729,-7.004877308323181],[-34.826029647952694,-7.004937588891709]]]]}},
{"type":"Feature","properties":{"fid":189,"Endereco":"Rua Zilda Pessoa Barreto","Bairro":"Camboinha","Quadra":"03","Lote":"11","Municipio":"Cabedelo-PB","Loteamento":"Jardim Camboinha","area_pecunia":null,"Situacao_recuo":null,"valor_m2":null,"valor_total":0.0,"valor_formatado":"R$ 0,00","geocodigo":"10003026040218","fid_2":13873.0,"id":13880.0,"distrito":"1","setor":"0003","quadra_2":"026","lote_2":"0218","geocode":"10003026040218","zoneamento":"Zona de Interesse Turístico (ZIT)","shape_leng":91.668822328999994,"shape_area":446.86,"bairro_2":"Camboinha","faces":"04","Reurb":null,"u_Inscriç":"1.0003.026.04.0218.0000.6","u_Sequenci":10066853,"u_Propriet":"HUMBERTO SOARES DE OLIVEIRA","u_Propri_1":"002.736.354-68","u_ÁreaTer":448.0,"u_ÁreaTot":328.0,"u_ÁreaCon":328.0,"u_TipoImó":"CASA ISOLADA","u_Patrimô":"Próprio","u2Natureza":"PREDIAL","u2Logradou":"AVN BEIRA MAR (CAMBOINHA)","u2Número":"332","u2Compleme":null,"u2Edifíci":null,"u2ÁreaTer":448.0,"u2ÁreaTot":328.0,"u2ÁreaCon":328.0,"u2TipoImó":"CASA ISOLADA","u2Patrimô":"Próprio"},"geometry":{"type":"MultiPolygon","coordinates":[[[[-34.826137546141425,-7.001356610215597],[-34.826113868783139,-7.001481026445449],[-34.826396605900293,-7.001544225512552],[-34.826420283178749,-7.001419809287343],[-34.826137546141425,-7.001356610215597]]]]}},
{"type":"Feature","properties":{"fid":190,"Endereco":"Rua Zilda Pessoa Barreto","Bairro":"Camboinha","Quadra":"03","Lote":"01","Municipio":"Cabedelo-PB","Loteamento":"Jardim Camboinha","area_pecunia":100.0,"Situacao_recuo":"RECUOU","valor_m2":70.0,"valor_total":7000.0,"valor_formatado":"R$ 7.000,00","geocodigo":"10003026040347","fid_2":13879.0,"id":13886.0,"distrito":"1","setor":"0003","quadra_2":"026","lote_2":"0347","geocode":"10003026040347","zoneamento":"Zona de Interesse Turístico (ZIT)","shape_leng":97.444801068100006,"shape_area":531.25,"bairro_2":"Camboinha","faces":"04","Reurb":null,"u_Inscriç":"1.0003.026.04.0347.0000.5","u_Sequenci":10066934,"u_Propriet":"3ME CONSTRUTORA E IMOBILIARIA LTDA","u_Propri_1":"04.956.541/0001-49","u_ÁreaTer":528.0,"u_ÁreaTot":0.0,"u_ÁreaCon":0.0,"u_TipoImó":null,"u_Patrimô":"Próprio","u2Natureza":"TERRITORIAL","u2Logradou":"AVN BEIRA MAR (CAMBOINHA)","u2Número":"S/N","u2Compleme":null,"u2Edifíci":null,"u2ÁreaTer":528.0,"u2ÁreaTot":0.0,"u2ÁreaCon":0.0,"u2TipoImó":null,"u2Patrimô":"Próprio"},"geometry":{"type":"MultiPolygon","coordinates":[[[[-34.82593121473144,-7.002440808838209],[-34.825897389878897,-7.002618546327706],[-34.826191966385458,-7.002619537232935],[-34.826213952464478,-7.002504007869402],[-34.82593121473144,-7.002440808838209]]]]}},
{"type":"Feature","properties":{"fid":191,"Endereco":"Rua Zilda Pessoa Barreto","Bairro":"Camboinha","Quadra":"04","Lote":"01","Municipio":"Cabedelo-PB","Loteamento":"Jardim Camboinha","area_pecunia":null,"Situacao_recuo":null,"valor_m2":null,"valor_total":0.0,"valor_formatado":"R$ 0,00","geocodigo":"10003025030162","fid_2":13925.0,"id":13931.0,"distrito":"1","setor":"0003","quadra_2":"025","lote_2":"0162","geocode":"10003025030162","zoneamento":"Zona de Interesse Turístico (ZIT)","shape_leng":88.885118685699993,"shape_area":399.86,"bairro_2":"Camboinha","faces":"03","Reurb":null,"u_Inscriç":"1.0003.025.03.0162.0000.0","u_Sequenci":10066764,"u_Propriet":"ANA GABRIELA GAMA CABRAL","u_Propri_1":"061.506.234-24","u_ÁreaTer":384.0,"u_ÁreaTot":252.77,"u_ÁreaCon":252.77,"u_TipoImó":"CASA GEMINADA(1 LAD)","u_Patrimô":"Próprio","u2Natureza":"PREDIAL","u2Logradou":"AVN BEIRA MAR (CAMBOINHA)","u2Número":"212","u2Compleme":null,"u2Edifíci":null,"u2ÁreaTer":384.0,"u2ÁreaTot":252.77,"u2ÁreaCon":252.77,"u2TipoImó":"CASA GEMINADA(1 LAD)","u2Patrimô":"Próprio"},"geometry":{"type":"MultiPolygon","coordinates":[[[[-34.826346659962731,-7.000179783874649],[-34.826327380886063,-7.000286622068528],[-34.826610598103684,-7.000347730298804],[-34.826629877111756,-7.00024089210964],[-34.826346659962731,-7.000179783874649]]]]}},
{"type":"Feature","properties":{"fid":192,"Endereco":"Rua Zilda Pessoa Barreto","Bairro":"Camboinha","Quadra":"04","Lote":"02","Municipio":"Cabedelo-PB","Loteamento":"Jardim Camboinha","area_pecunia":null,"Situacao_recuo":null,"valor_m2":null,"valor_total":0.0,"valor_formatado":"R$ 0,00","geocodigo":"10003025030177","fid_2":13926.0,"id":13932.0,"distrito":"1","setor":"0003","quadra_2":"025","lote_2":"0177","geocode":"10003025030177","zoneamento":"Zona de Interesse Turístico (ZIT)","shape_leng":87.590618644800003,"shape_area":378.41,"bairro_2":"Camboinha","faces":"03","Reurb":null,"u_Inscriç":"1.0003.025.03.0177.0000.6","u_Sequenci":10066772,"u_Propriet":"EVALDA MARIA VELLOSO FREIRE","u_Propri_1":"364.888.794-72","u_ÁreaTer":384.0,"u_ÁreaTot":281.1,"u_ÁreaCon":281.1,"u_TipoImó":"CASA GEMINADA(1 LAD)","u_Patrimô":"Próprio","u2Natureza":"PREDIAL","u2Logradou":"AVN BEIRA MAR (CAMBOINHA)","u2Número":"208","u2Compleme":null,"u2Edifíci":null,"u2ÁreaTer":384.0,"u2ÁreaTot":281.1,"u2ÁreaCon":281.1,"u2TipoImó":"CASA GEMINADA(1 LAD)","u2Patrimô":"Próprio"},"geometry":{"type":"MultiPolygon","coordinates":[[[[-34.826327380886063,-7.000286622068528],[-34.826308101806724,-7.000393460263398],[-34.826591319092941,-7.000454568488996],[-34.826610598103684,-7.000347730298804],[-34.826327380886063,-7.000286622068528]]]]}},
{"type":"Feature","properties":{"fid":193,"Endereco":"Rua Zilda Pessoa Barreto","Bairro":"Camboinha","Quadra":"04","Lote":"03","Municipio":"Cabedelo-PB","Loteamento":"Jardim Camboinha","area_pecunia":null,"Situacao_recuo":null,"valor_m2":null,"valor_total":0.0,"valor_formatado":"R$ 0,00","geocodigo":"10003025030191","fid_2":13924.0,"id":13930.0,"distrito":"1","setor":"0003","quadra_2":"025","lote_2":"0191","geocode":"10003025030191","zoneamento":"Zona de Interesse Turístico (ZIT)","shape_leng":88.410662609799999,"shape_area":385.48,"bairro_2":"Camboinha","faces":"03","Reurb":null,"u_Inscriç":"1.0003.025.03.0191.0000.6","u_Sequenci":10066780,"u_Propriet":"SELMA DE LUNA FREIRE CORREIA","u_Propri_1":"002.895.824-15","u_ÁreaTer":384.0,"u_ÁreaTot":445.41,"u_ÁreaCon":445.41,"u_TipoImó":"CASA ISOLADA","u_Patrimô":"Próprio","u2Natureza":"PREDIAL","u2Logradou":"AVN BEIRA MAR (CAMBOINHA)","u2Número":"220","u2Compleme":null,"u2Edifíci":null,"u2ÁreaTer":384.0,"u2ÁreaTot":445.41,"u2ÁreaCon":445.41,"u2TipoImó":"CASA ISOLADA","u2Patrimô":"Próprio"},"geometry":{"type":"MultiPolygon","coordinates":[[[[-34.826308101806724,-7.000393460263398],[-34.826288822724706,-7.000500298459324],[-34.826572040079519,-7.000561406680192],[-34.826591319092941,-7.000454568488996],[-34.826308101806724,-7.000393460263398]]]]}},
{"type":"Feature","properties":{"fid":194,"Endereco":"Rua Zilda Pessoa Barreto","Bairro":"Camboinha","Quadra":"04","Lote":"04","Municipio":"Cabedelo-PB","Loteamento":"Jardim Camboinha","area_pecunia":null,"Situacao_recuo":null,"valor_m2":null,"valor_total":0.0,"valor_formatado":"R$ 0,00","geocodigo":"10003025030206","fid_2":13923.0,"id":13929.0,"distrito":"1","setor":"0003","quadra_2":"025","lote_2":"0206","geocode":"10003025030206","zoneamento":"Zona de Interesse Turístico (ZIT)","shape_leng":87.962273486499996,"shape_area":380.72,"bairro_2":"Camboinha","faces":"03","Reurb":null,"u_Inscriç":"1.0003.025.03.0206.0000.9","u_Sequenci":10066799,"u_Propriet":"DORGIVAL TERCEIRO NETO JUNIOR","u_Propri_1":"299.580.754-15","u_ÁreaTer":384.0,"u_ÁreaTot":230.22,"u_ÁreaCon":230.22,"u_TipoImó":"CASA GEMINADA(1 LAD)","u_Patrimô":"Próprio","u2Natureza":"PREDIAL","u2Logradou":"AVN BEIRA MAR (CAMBOINHA)","u2Número":"226","u2Compleme":null,"u2Edifíci":null,"u2ÁreaTer":384.0,"u2ÁreaTot":230.22,"u2ÁreaCon":230.22,"u2TipoImó":"CASA GEMINADA(1 LAD)","u2Patrimô":"Próprio"},"geometry":{"type":"MultiPolygon","coordinates":[[[[-34.826288822724706,-7.000500298459324],[-34.826269543640016,-7.000607136656257],[-34.826552761063432,-7.000668244872462],[-34.826572040079519,-7.000561406680192],[-34.826288822724706,-7.000500298459324]]]]}},
{"type":"Feature","properties":{"fid":195,"Endereco":"Rua Zilda Pessoa Barreto","Bairro":"Camboinha","Quadra":"04","Lote":"05","Municipio":"Cabedelo-PB","Loteamento":"Jardim Camboinha","area_pecunia":null,"Situacao_recuo":null,"valor_m2":null,"valor_total":0.0,"valor_formatado":"R$ 0,00","geocodigo":"10003025030221","fid_2":13922.0,"id":13928.0,"distrito":"1","setor":"0003","quadra_2":"025","lote_2":"0221","geocode":"10003025030221","zoneamento":"Zona de Interesse Turístico (ZIT)","shape_leng":87.974799773000001,"shape_area":384.31,"bairro_2":"Camboinha","faces":"03","Reurb":null,"u_Inscriç":"1.0003.025.03.0221.0000.3","u_Sequenci":10066802,"u_Propriet":"ADRIANA MUNIZ TERCEIRO NETO","u_Propri_1":"674.774.294-04","u_ÁreaTer":384.0,"u_ÁreaTot":228.35,"u_ÁreaCon":228.35,"u_TipoImó":"CASA GEMINADA(1 LAD)","u_Patrimô":"Próprio","u2Natureza":"PREDIAL","u2Logradou":"AVN BEIRA MAR (CAMBOINHA)","u2Número":"238","u2Compleme":null,"u2Edifíci":null,"u2ÁreaTer":384.0,"u2ÁreaTot":228.35,"u2ÁreaCon":228.35,"u2TipoImó":"CASA GEMINADA(1 LAD)","u2Patrimô":"Próprio"},"geometry":{"type":"MultiPolygon","coordinates":[[[[-34.826269543640016,-7.000607136656257],[-34.826250264552648,-7.000713974854212],[-34.826533482044667,-7.000775083065721],[-34.826552761063432,-7.000668244872462],[-34.826269543640016,-7.000607136656257]]]]}},
{"type":"Feature","properties":{"fid":197,"Endereco":"Rua Zilda Pessoa Barreto","Bairro":"Camboinha","Quadra":"04","Lote":"07","Municipio":"Cabedelo-PB","Loteamento":"Jardim Camboinha","area_pecunia":null,"Situacao_recuo":null,"valor_m2":null,"valor_total":0.0,"valor_formatado":"R$ 0,00","geocodigo":"10003025030257","fid_2":13920.0,"id":13926.0,"distrito":"1","setor":"0003","quadra_2":"025","lote_2":"0257","geocode":"10003025030257","zoneamento":"Zona de Interesse Turístico (ZIT)","shape_leng":88.669984251299994,"shape_area":385.35,"bairro_2":"Camboinha","faces":"03","Reurb":null,"u_Inscriç":"1.0003.025.03.0257.0000.1","u_Sequenci":10066829,"u_Propriet":"MARIA DE LOURDES AZRA VILAR","u_Propri_1":"002.291.481-15","u_ÁreaTer":384.0,"u_ÁreaTot":427.8,"u_ÁreaCon":427.8,"u_TipoImó":"CASA ISOLADA","u_Patrimô":"Próprio","u2Natureza":"PREDIAL","u2Logradou":"AVN BEIRA MAR (CAMBOINHA)","u2Número":"256","u2Compleme":null,"u2Edifíci":null,"u2ÁreaTer":384.0,"u2ÁreaTot":427.8,"u2ÁreaCon":427.8,"u2TipoImó":"CASA ISOLADA","u2Patrimô":"Próprio"},"geometry":{"type":"MultiPolygon","coordinates":[[[[-34.826230985462608,-7.000820813053192],[-34.826211706369897,-7.000927651253194],[-34.826494923999121,-7.000988759455313],[-34.82651420302323,-7.000881921260005],[-34.826230985462608,-7.000820813053192]]]]}},
{"type":"Feature","properties":{"fid":201,"Endereco":"Rua Zilda Pessoa Barreto","Bairro":"Camboinha","Quadra":"05","Lote":"01","Municipio":"Cabedelo-PB","Loteamento":"Jardim Camboinha","area_pecunia":null,"Situacao_recuo":null,"valor_m2":null,"valor_total":0.0,"valor_formatado":"R$ 0,00","geocodigo":"10003003030296","fid_2":13948.0,"id":13953.0,"distrito":"1","setor":"0003","quadra_2":"003","lote_2":"0296","geocode":"10003003030296","zoneamento":"Zona de Interesse Turístico (ZIT)","shape_leng":88.201921390500004,"shape_area":361.06,"bairro_2":"Camboinha","faces":"03","Reurb":null,"u_Inscriç":"1.0003.003.03.0296.0000.8","u_Sequenci":10062335,"u_Propriet":"MANOEL BATISTA DE MEDEIROS","u_Propri_1":"003.883.864-87","u_ÁreaTer":384.0,"u_ÁreaTot":354.4,"u_ÁreaCon":354.4,"u_TipoImó":"CASA GEMINADA(1 LAD)","u_Patrimô":"Próprio","u2Natureza":"PREDIAL","u2Logradou":"AVN BEIRA MAR (CAMBOINHA)","u2Número":"740","u2Compleme":null,"u2Edifíci":null,"u2ÁreaTer":384.0,"u2ÁreaTot":354.4,"u2ÁreaCon":354.4,"u2TipoImó":"CASA GEMINADA(1 LAD)","u2Patrimô":"Próprio"},"geometry":{"type":"MultiPolygon","coordinates":[[[[-34.826394541747,-6.999975664362124],[-34.826366414181415,-7.000080613673532],[-34.826650074677246,-7.000140749783001],[-34.82667820217511,-7.000035800470375],[-34.826394541747,-6.999975664362124]]]]}},
{"type":"Feature","properties":{"fid":202,"Endereco":"Rua Zilda Pessoa Barreto","Bairro":"Camboinha","Quadra":"05","Lote":"02","Municipio":"Cabedelo-PB","Loteamento":"Jardim Camboinha","area_pecunia":null,"Situacao_recuo":null,"valor_m2":null,"valor_total":0.0,"valor_formatado":"R$ 0,00","geocodigo":"10003003030281","fid_2":13949.0,"id":13954.0,"distrito":"1","setor":"0003","quadra_2":"003","lote_2":"0281","geocode":"10003003030281","zoneamento":"Zona de Interesse Turístico (ZIT)","shape_leng":88.636381916100007,"shape_area":389.65,"bairro_2":"Camboinha","faces":"03","Reurb":null,"u_Inscriç":"1.0003.003.03.0281.0000.1","u_Sequenci":10062327,"u_Propriet":"FRANCISCO COELHO DE MELO","u_Propri_1":"005.714.824-49","u_ÁreaTer":384.0,"u_ÁreaTot":273.0,"u_ÁreaCon":273.0,"u_TipoImó":"CASA ISOLADA","u_Patrimô":"Próprio","u2Natureza":"PREDIAL","u2Logradou":"AVN BEIRA MAR (CAMBOINHA)","u2Número":"152","u2Compleme":null,"u2Edifíci":null,"u2ÁreaTer":384.0,"u2ÁreaTot":273.0,"u2ÁreaCon":273.0,"u2TipoImó":"CASA ISOLADA","u2Patrimô":"Próprio"},"geometry":{"type":"MultiPolygon","coordinates":[[[[-34.826422669305664,-6.999870715051832],[-34.826394541747,-6.999975664362124],[-34.82667820217511,-7.000035800470375],[-34.826706329666038,-6.999930851158858],[-34.826422669305664,-6.999870715051832]]]]}},
{"type":"Feature","properties":{"fid":203,"Endereco":"Rua Zilda Pessoa Barreto","Bairro":"Camboinha","Quadra":"05","Lote":"03","Municipio":"Cabedelo-PB","Loteamento":"Jardim Camboinha","area_pecunia":null,"Situacao_recuo":null,"valor_m2":null,"valor_total":0.0,"valor_formatado":"R$ 0,00","geocodigo":"10003003030266","fid_2":13950.0,"id":13955.0,"distrito":"1","setor":"0003","quadra_2":"003","lote_2":"0266","geocode":"10003003030266","zoneamento":"Zona de Interesse Turístico (ZIT)","shape_leng":88.427263563699995,"shape_area":382.45,"bairro_2":"Camboinha","faces":"03","Reurb":null,"u_Inscriç":"1.0003.003.03.0266.0000.7","u_Sequenci":10062319,"u_Propriet":"HACO ADMINISTRAÇÃO DE IMÓVEIS LTDA","u_Propri_1":"35.481.374/0001-50","u_ÁreaTer":384.0,"u_ÁreaTot":377.1,"u_ÁreaCon":377.1,"u_TipoImó":"CASA GEMINADA(1 LAD)","u_Patrimô":"Próprio","u2Natureza":"PREDIAL","u2Logradou":"AVN BEIRA MAR (CAMBOINHA)","u2Número":"144","u2Compleme":null,"u2Edifíci":null,"u2ÁreaTer":384.0,"u2ÁreaTot":377.1,"u2ÁreaCon":377.1,"u2TipoImó":"CASA GEMINADA(1 LAD)","u2Patrimô":"Próprio"},"geometry":{"type":"MultiPolygon","coordinates":[[[[-34.826450796857387,-6.999765765742673],[-34.826422669305664,-6.999870715051832],[-34.826706329666038,-6.999930851158858],[-34.826734457150039,-6.999825901848462],[-34.826450796857387,-6.999765765742673]]]]}},
{"type":"Feature","properties":{"fid":204,"Endereco":"Rua Zilda Pessoa Barreto","Bairro":"Camboinha","Quadra":"05","Lote":"04","Municipio":"Cabedelo-PB","Loteamento":"Jardim Camboinha","area_pecunia":null,"Situacao_recuo":null,"valor_m2":null,"valor_total":0.0,"valor_formatado":"R$ 0,00","geocodigo":"10003003030251","fid_2":13951.0,"id":13956.0,"distrito":"1","setor":"0003","quadra_2":"003","lote_2":"0251","geocode":"10003003030251","zoneamento":"Zona de Interesse Turístico (ZIT)","shape_leng":89.518241199399995,"shape_area":395.22,"bairro_2":"Camboinha","faces":"03","Reurb":null,"u_Inscriç":"1.0003.003.03.0251.0000.0","u_Sequenci":10062300,"u_Propriet":"FERNANDO ANTONIO PORTELA DA CUNHA FILHO","u_Propri_1":"069.325.304-57","u_ÁreaTer":384.0,"u_ÁreaTot":194.91,"u_ÁreaCon":194.91,"u_TipoImó":"CASA GEMINADA(2 LAD)","u_Patrimô":"Próprio","u2Natureza":"PREDIAL","u2Logradou":"AVN BEIRA MAR (CAMBOINHA)","u2Número":"138","u2Compleme":null,"u2Edifíci":null,"u2ÁreaTer":384.0,"u2ÁreaTot":194.91,"u2ÁreaCon":194.91,"u2TipoImó":"CASA GEMINADA(2 LAD)","u2Patrimô":"Próprio"},"geometry":{"type":"MultiPolygon","coordinates":[[[[-34.826481265031518,-6.99965208309299],[-34.826450796857387,-6.999765765742673],[-34.826734457150039,-6.999825901848462],[-34.826762584627119,-6.999720952539247],[-34.826481265031518,-6.99965208309299]]]]}},
{"type":"Feature","properties":{"fid":205,"Endereco":"Rua Zilda Pessoa Barreto","Bairro":"Camboinha","Quadra":"05","Lote":"05","Municipio":"Cabedelo-PB","Loteamento":"Jardim Camboinha","area_pecunia":null,"Situacao_recuo":null,"valor_m2":null,"valor_total":0.0,"valor_formatado":"R$ 0,00","geocodigo":"10003003030236","fid_2":13952.0,"id":13957.0,"distrito":"1","setor":"0003","quadra_2":"003","lote_2":"0236","geocode":"10003003030236","zoneamento":"Zona de Interesse Turístico (ZIT)","shape_leng":89.284290555699997,"shape_area":386.88,"bairro_2":"Camboinha","faces":"03","Reurb":null,"u_Inscriç":"1.0003.003.03.0236.0000.6","u_Sequenci":10062297,"u_Propriet":"FRANCISCO JOSE MASSA","u_Propri_1":"033.790.438-34","u_ÁreaTer":384.0,"u_ÁreaTot":252.56,"u_ÁreaCon":252.56,"u_TipoImó":"CASA ISOLADA","u_Patrimô":"Próprio","u2Natureza":"PREDIAL","u2Logradou":"AVN BEIRA MAR (CAMBOINHA)","u2Número":"136","u2Compleme":null,"u2Edifíci":null,"u2ÁreaTer":384.0,"u2ÁreaTot":252.56,"u2ÁreaCon":252.56,"u2TipoImó":"CASA ISOLADA","u2Patrimô":"Próprio"},"geometry":{"type":"MultiPolygon","coordinates":[[[[-34.826481265031518,-6.99965208309299],[-34.826762584627119,-6.999720952539247],[-34.82679067966302,-6.999616124249925],[-34.826509360134494,-6.999547254804962],[-34.826481265031518,-6.99965208309299]]]]}},
{"type":"Feature","properties":{"fid":206,"Endereco":"Rua Zilda Pessoa Barreto","Bairro":"Camboinha","Quadra":"05","Lote":"06","Municipio":"Cabedelo-PB","Loteamento":"Jardim Camboinha","area_pecunia":null,"Situacao_recuo":null,"valor_m2":null,"valor_total":0.0,"valor_formatado":"R$ 0,00","geocodigo":"10003003030221","fid_2":13961.0,"id":13964.0,"distrito":"1","setor":"0003","quadra_2":"003","lote_2":"0221","geocode":"10003003030221","zoneamento":"Zona de Interesse Turístico (ZIT)","shape_leng":90.408428774699999,"shape_area":400.68,"bairro_2":"Camboinha","faces":"03","Reurb":null,"u_Inscriç":"1.0003.003.03.0221.0000.0","u_Sequenci":10062289,"u_Propriet":"LUIZ CARLOS GUEDES PEREIRA ROCHA","u_Propri_1":"003.441.924-15","u_ÁreaTer":384.0,"u_ÁreaTot":410.16,"u_ÁreaCon":410.16,"u_TipoImó":"CASA GEMINADA(1 LAD)","u_Patrimô":"Próprio","u2Natureza":"PREDIAL","u2Logradou":"AVN BEIRA MAR (CAMBOINHA)","u2Número":"134","u2Compleme":null,"u2Edifíci":null,"u2ÁreaTer":384.0,"u2ÁreaTot":410.16,"u2ÁreaCon":410.16,"u2TipoImó":"CASA GEMINADA(1 LAD)","u2Patrimô":"Próprio"},"geometry":{"type":"MultiPolygon","coordinates":[[[[-34.826537455230557,-6.999442426518083],[-34.826509360134494,-6.999547254804962],[-34.82679067966302,-6.999616124249925],[-34.826818774692008,-6.999511295961715],[-34.826537455230557,-6.999442426518083]]]]}},
{"type":"Feature","properties":{"fid":207,"Endereco":"Rua Zilda Pessoa Barreto","Bairro":"Camboinha","Quadra":"05","Lote":"07","Municipio":"Cabedelo-PB","Loteamento":"Jardim Camboinha","area_pecunia":null,"Situacao_recuo":null,"valor_m2":null,"valor_total":0.0,"valor_formatado":"R$ 0,00","geocodigo":"10003003030206","fid_2":13962.0,"id":13965.0,"distrito":"1","setor":"0003","quadra_2":"003","lote_2":"0206","geocode":"10003003030206","zoneamento":"Zona de Interesse Turístico (ZIT)","shape_leng":90.427340306000005,"shape_area":397.47,"bairro_2":"Camboinha","faces":"03","Reurb":null,"u_Inscriç":"1.0003.003.03.0206.0000.5","u_Sequenci":10062270,"u_Propriet":"DORGIVAL TERCEIRO NETO","u_Propri_1":"003.369.714-00","u_ÁreaTer":384.0,"u_ÁreaTot":277.78,"u_ÁreaCon":277.78,"u_TipoImó":"CASA GEMINADA(1 LAD)","u_Patrimô":"Próprio","u2Natureza":"PREDIAL","u2Logradou":"AVN BEIRA MAR (CAMBOINHA)","u2Número":"122","u2Compleme":null,"u2Edifíci":null,"u2ÁreaTer":384.0,"u2ÁreaTot":277.78,"u2ÁreaCon":277.78,"u2TipoImó":"CASA GEMINADA(1 LAD)","u2Patrimô":"Próprio"},"geometry":{"type":"MultiPolygon","coordinates":[[[[-34.826565550319707,-6.999337598232348],[-34.826537455230557,-6.999442426518083],[-34.826818774692008,-6.999511295961715],[-34.826846869714089,-6.999406467674672],[-34.826565550319707,-6.999337598232348]]]]}},
{"type":"Feature","properties":{"fid":208,"Endereco":"Rua Zilda Pessoa Barreto","Bairro":"Camboinha","Quadra":"05","Lote":"08","Municipio":"Cabedelo-PB","Loteamento":"Jardim Camboinha","area_pecunia":null,"Situacao_recuo":null,"valor_m2":null,"valor_total":0.0,"valor_formatado":"R$ 0,00","geocodigo":"10003003030191","fid_2":13960.0,"id":13963.0,"distrito":"1","setor":"0003","quadra_2":"003","lote_2":"0191","geocode":"10003003030191","zoneamento":"Zona de Interesse Turístico (ZIT)","shape_leng":91.443658042600006,"shape_area":399.73,"bairro_2":"Camboinha","faces":"03","Reurb":null,"u_Inscriç":"1.0003.003.03.0191.0000.2","u_Sequenci":10062262,"u_Propriet":"OTIMA ADMINISTRACAO DE IMOVEIS LTDA","u_Propri_1":"31.589.196/0001-25","u_ÁreaTer":384.0,"u_ÁreaTot":425.73,"u_ÁreaCon":425.73,"u_TipoImó":"CASA GEMINADA(1 LAD)","u_Patrimô":"Próprio","u2Natureza":"PREDIAL","u2Logradou":"AVN BEIRA MAR (CAMBOINHA)","u2Número":"91","u2Compleme":null,"u2Edifíci":null,"u2ÁreaTer":384.0,"u2ÁreaTot":425.73,"u2ÁreaCon":425.73,"u2TipoImó":"CASA GEMINADA(1 LAD)","u2Patrimô":"Próprio"},"geometry":{"type":"MultiPolygon","coordinates":[[[[-34.826593645401942,-6.999232769947713],[-34.826565550319707,-6.999337598232348],[-34.826846869714089,-6.999406467674672],[-34.826874964729257,-6.99930163938874],[-34.826593645401942,-6.999232769947713]]]]}},
{"type":"Feature","properties":{"fid":209,"Endereco":"Rua Zilda Pessoa Barreto","Bairro":"Camboinha","Quadra":"05","Lote":"09","Municipio":"Cabedelo-PB","Loteamento":"Jardim Camboinha","area_pecunia":null,"Situacao_recuo":null,"valor_m2":null,"valor_total":0.0,"valor_formatado":"R$ 0,00","geocodigo":"10003003030176","fid_2":13964.0,"id":13967.0,"distrito":"1","setor":"0003","quadra_2":"003","lote_2":"0176","geocode":"10003003030176","zoneamento":"Zona de Interesse Turístico (ZIT)","shape_leng":92.596547951900007,"shape_area":421.45,"bairro_2":"Camboinha","faces":"03","Reurb":null,"u_Inscriç":"1.0003.003.03.0176.0000.8","u_Sequenci":10062254,"u_Propriet":"ANNA CAROLINA DE ARAUJO CUNHA LIMA","u_Propri_1":"069.263.404-55","u_ÁreaTer":384.0,"u_ÁreaTot":528.0,"u_ÁreaCon":528.0,"u_TipoImó":"CASA GEMINADA(1 LAD)","u_Patrimô":"Próprio","u2Natureza":"PREDIAL","u2Logradou":"AVN BEIRA MAR (CAMBOINHA)","u2Número":"79","u2Compleme":null,"u2Edifíci":null,"u2ÁreaTer":384.0,"u2ÁreaTot":528.0,"u2ÁreaCon":528.0,"u2TipoImó":"CASA GEMINADA(1 LAD)","u2Patrimô":"Próprio"},"geometry":{"type":"MultiPolygon","coordinates":[[[[-34.826621740477279,-6.999127941664222],[-34.826593645401942,-6.999232769947713],[-34.826874964729257,-6.99930163938874],[-34.826903059737511,-6.999196811103923],[-34.826621740477279,-6.999127941664222]]]]}},
{"type":"Feature","properties":{"fid":210,"Endereco":"Rua Zilda Pessoa Barreto","Bairro":"Camboinha","Quadra":"05","Lote":"10","Municipio":"Cabedelo-PB","Loteamento":"Jardim Camboinha","area_pecunia":null,"Situacao_recuo":null,"valor_m2":null,"valor_total":0.0,"valor_formatado":"R$ 0,00","geocodigo":"10003003030161","fid_2":13953.0,"id":13958.0,"distrito":"1","setor":"0003","quadra_2":"003","lote_2":"0161","geocode":"10003003030161","zoneamento":"Zona de Interesse Turístico (ZIT)","shape_leng":92.806351821600003,"shape_area":416.49,"bairro_2":"Camboinha","faces":"03","Reurb":null,"u_Inscriç":"1.0003.003.03.0161.0000.1","u_Sequenci":10062246,"u_Propriet":"PORTAL ADMINISTRADORA DE BENS LTDA","u_Propri_1":"04.067.463/0001-21","u_ÁreaTer":384.0,"u_ÁreaTot":823.65,"u_ÁreaCon":823.65,"u_TipoImó":"CASA GEMINADA(1 LAD)","u_Patrimô":"Próprio","u2Natureza":"PREDIAL","u2Logradou":"AVN BEIRA MAR (CAMBOINHA)","u2Número":"261","u2Compleme":null,"u2Edifíci":null,"u2ÁreaTer":384.0,"u2ÁreaTot":823.65,"u2ÁreaCon":823.65,"u2TipoImó":"CASA GEMINADA(1 LAD)","u2Patrimô":"Próprio"},"geometry":{"type":"MultiPolygon","coordinates":[[[[-34.826649835545695,-6.999023113381863],[-34.826621740477279,-6.999127941664222],[-34.826903059737511,-6.999196811103923],[-34.826931154738865,-6.999091982820254],[-34.826649835545695,-6.999023113381863]]]]}},
{"type":"Feature","properties":{"fid":217,"Endereco":"Rua Alfredo Nóbrega","Bairro":"Poço","Quadra":"A","Lote":"06","Municipio":"Cabedelo-PB","Loteamento":"Jardim Nazareth","area_pecunia":null,"Situacao_recuo":null,"valor_m2":null,"valor_total":0.0,"valor_formatado":"R$ 0,00","geocodigo":"10003150030113","fid_2":14180.0,"id":14182.0,"distrito":"1","setor":"0003","quadra_2":"150","lote_2":"0113","geocode":"10003150030113","zoneamento":"Zona de Interesse Turístico (ZIT)","shape_leng":107.35598008700001,"shape_area":423.65,"bairro_2":"Poco","faces":"03","Reurb":null,"u_Inscriç":"1.0003.150.03.0113.0000.5","u_Sequenci":10095047,"u_Propriet":"ANTONIO SOARES DA FONSECA JUNIOR","u_Propri_1":"044.642.144-87","u_ÁreaTer":297.0,"u_ÁreaTot":278.0,"u_ÁreaCon":278.0,"u_TipoImó":"CASA GEMINADA(1 LAD)","u_Patrimô":"Próprio","u2Natureza":"PREDIAL","u2Logradou":"RUA RODRIGUES DE CARVALHO","u2Número":"14","u2Compleme":null,"u2Edifíci":null,"u2ÁreaTer":297.0,"u2ÁreaTot":278.0,"u2ÁreaCon":278.0,"u2TipoImó":"CASA GEMINADA(1 LAD)","u2Patrimô":"Próprio"},"geometry":{"type":"MultiPolygon","coordinates":[[[[-34.829090701675462,-7.015786656953737],[-34.829113831820074,-7.015864727432049],[-34.829403636043267,-7.015789556018568],[-34.829378518459535,-7.015712001072258],[-34.829090701675462,-7.015786656953737]]]]}},
{"type":"Feature","properties":{"fid":227,"Endereco":"Rua Alfredo Nóbrega","Bairro":"Poço","Quadra":"A","Lote":"15","Municipio":"Cabedelo-PB","Loteamento":"Jardim Nazareth","area_pecunia":null,"Situacao_recuo":null,"valor_m2":null,"valor_total":0.0,"valor_formatado":"R$ 0,00","geocodigo":"10003150030224","fid_2":14188.0,"id":14189.0,"distrito":"1","setor":"0003","quadra_2":"150","lote_2":"0224","geocode":"10003150030224","zoneamento":"Zona de Interesse Turístico (ZIT)","shape_leng":145.96132981400001,"shape_area":772.47,"bairro_2":"Poco","faces":"03","Reurb":null,"u_Inscriç":"1.0003.150.03.0224.0000.6","u_Sequenci":10095144,"u_Propriet":"JOSE WILLIAM MONTENEGRO LEAL","u_Propri_1":"299.651.874-87","u_ÁreaTer":528.0,"u_ÁreaTot":289.22,"u_ÁreaCon":289.22,"u_TipoImó":"CASA ISOLADA","u_Patrimô":"Próprio","u2Natureza":"PREDIAL","u2Logradou":"RUA RODRIGUES DE CARVALHO","u2Número":"88","u2Compleme":null,"u2Edifíci":null,"u2ÁreaTer":528.0,"u2ÁreaTot":289.22,"u2ÁreaCon":289.22,"u2TipoImó":"CASA ISOLADA","u2Patrimô":"Próprio"},"geometry":{"type":"MultiPolygon","coordinates":[[[[-34.829293282398936,-7.016735001465457],[-34.829064734891588,-7.016774997582497],[-34.829091553823211,-7.016880452689253],[-34.829312018475463,-7.016841871067203],[-34.829704226766992,-7.016773233808348],[-34.829685490611794,-7.016666364244473],[-34.829293282398936,-7.016735001465457]]]]}},
{"type":"Feature","properties":{"fid":230,"Endereco":"Rua Alfredo Nóbrega","Bairro":"Poço","Quadra":"C","Lote":"01","Municipio":"Cabedelo-PB","Loteamento":"Jardim Nazareth","area_pecunia":null,"Situacao_recuo":null,"valor_m2":null,"valor_total":0.0,"valor_formatado":"R$ 0,00","geocodigo":"10003201040138","fid_2":14055.0,"id":14061.0,"distrito":"1","setor":"0003","quadra_2":"201","lote_2":"0138","geocode":"10003201040138","zoneamento":"Zona de Interesse Turístico (ZIT)","shape_leng":123.876337744,"shape_area":570.81,"bairro_2":"Poco","faces":"04","Reurb":null,"u_Inscriç":"1.0003.201.04.0138.0000.7","u_Sequenci":10106081,"u_Propriet":"CABO BRANCO HOTELARIA E TURISMO LTDA-EPP","u_Propri_1":"01.149.603/0001-12","u_ÁreaTer":535.1,"u_ÁreaTot":718.86,"u_ÁreaCon":718.86,"u_TipoImó":"CASA ISOLADA","u_Patrimô":"Próprio","u2Natureza":"PREDIAL","u2Logradou":"RUA RODRIGUES DE CARVALHO","u2Número":"207","u2Compleme":null,"u2Edifíci":null,"u2ÁreaTer":535.1,"u2ÁreaTot":718.86,"u2ÁreaCon":718.86,"u2TipoImó":"CASA ISOLADA","u2Patrimô":"Próprio"},"geometry":{"type":"MultiPolygon","coordinates":[[[[-34.829579024459306,-7.01880118006375],[-34.82952099006026,-7.018801491652065],[-34.829526253433521,-7.018891878545009],[-34.82959487588338,-7.018891510104253],[-34.830070220175237,-7.018889185324907],[-34.830055117955496,-7.018803868470524],[-34.829579024459306,-7.01880118006375]]]]}},
{"type":"Feature","properties":{"fid":231,"Endereco":"Rua Alfredo Nóbrega","Bairro":"Poço","Quadra":"C","Lote":"02","Municipio":"Cabedelo-PB","Loteamento":"Jardim Nazareth","area_pecunia":null,"Situacao_recuo":null,"valor_m2":null,"valor_total":0.0,"valor_formatado":"R$ 0,00","geocodigo":"10003201040126","fid_2":14032.0,"id":14039.0,"distrito":"1","setor":"0003","quadra_2":"201","lote_2":"0126","geocode":"10003201040126","zoneamento":"Zona de Interesse Turístico (ZIT)","shape_leng":120.416288252,"shape_area":520.38,"bairro_2":"Poco","faces":"04","Reurb":null,"u_Inscriç":"1.0003.201.04.0126.0000.4","u_Sequenci":10106090,"u_Propriet":"ANDRE PENAZZI GUEDES PEREIRA","u_Propri_1":"057.846.824-74","u_ÁreaTer":508.25,"u_ÁreaTot":574.99,"u_ÁreaCon":574.99,"u_TipoImó":"CASA ISOLADA","u_Patrimô":"Próprio","u2Natureza":"PREDIAL","u2Logradou":"RUA RODRIGUES DE CARVALHO","u2Número":"350","u2Compleme":null,"u2Edifíci":null,"u2ÁreaTer":508.25,"u2ÁreaTot":574.99,"u2ÁreaCon":574.99,"u2TipoImó":"CASA ISOLADA","u2Patrimô":"Próprio"},"geometry":{"type":"MultiPolygon","coordinates":[[[[-34.829562063447185,-7.018704526917698],[-34.829515358258114,-7.018704777675578],[-34.82952099006026,-7.018801491652065],[-34.829579024459306,-7.01880118006375],[-34.830055117955496,-7.018803868470524],[-34.830036615382916,-7.018701978808014],[-34.829562063447185,-7.018704526917698]]]]}},
{"type":"Feature","properties":{"fid":233,"Endereco":"Rua Alfredo Nóbrega","Bairro":"Poço","Quadra":"C","Lote":"03","Municipio":"Cabedelo-PB","Loteamento":"Jardim Nazareth","area_pecunia":null,"Situacao_recuo":null,"valor_m2":null,"valor_total":0.0,"valor_formatado":"R$ 0,00","geocodigo":"10003201040114","fid_2":14053.0,"id":14060.0,"distrito":"1","setor":"0003","quadra_2":"201","lote_2":"0114","geocode":"10003201040114","zoneamento":"Zona de Interesse Turístico (ZIT)","shape_leng":128.258818668,"shape_area":763.42,"bairro_2":"Poco","faces":"04","Reurb":null,"u_Inscriç":"1.0003.201.04.0114.0002.8","u_Sequenci":10106111,"u_Propriet":"CLINICA DE MED. E ODONT. LTDA","u_Propri_1":"10.757.821/0001-20","u_ÁreaTer":656.5,"u_ÁreaTot":618.66,"u_ÁreaCon":236.85,"u_TipoImó":"CASA GEMINADA(1 LAD)","u_Patrimô":"Próprio","u2Natureza":"PREDIAL","u2Logradou":"RUA RODRIGUES DE CARVALHO","u2Número":"338B","u2Compleme":null,"u2Edifíci":null,"u2ÁreaTer":656.5,"u2ÁreaTot":618.66,"u2ÁreaCon":236.85,"u2TipoImó":"CASA GEMINADA(1 LAD)","u2Patrimô":"Próprio"},"geometry":{"type":"MultiPolygon","coordinates":[[[[-34.829590599081996,-7.018573944966501],[-34.829508321072161,-7.01858392910078],[-34.829515358258114,-7.018704777675578],[-34.829613465597355,-7.018704250936678],[-34.829929221629314,-7.018702555501456],[-34.830036615382916,-7.018701978808014],[-34.830005316298184,-7.018523620335996],[-34.829590599081996,-7.018573944966501]]]]}},
{"type":"Feature","properties":{"fid":239,"Endereco":"Rua Alfredo Nóbrega","Bairro":"Poço","Quadra":"B","Lote":"08","Municipio":"Cabedelo-PB","Loteamento":"Jardim Nazareth","area_pecunia":null,"Situacao_recuo":null,"valor_m2":null,"valor_total":0.0,"valor_formatado":"R$ 0,00","geocodigo":"10003200010148","fid_2":14057.0,"id":14063.0,"distrito":"1","setor":"0003","quadra_2":"200","lote_2":"0148","geocode":"10003200010148","zoneamento":"Zona de Interesse Turístico (ZIT)","shape_leng":113.648424487,"shape_area":694.15,"bairro_2":"Poco","faces":"01","Reurb":null,"u_Inscriç":null,"u_Sequenci":null,"u_Propriet":null,"u_Propri_1":null,"u_ÁreaTer":null,"u_ÁreaTot":null,"u_ÁreaCon":null,"u_TipoImó":null,"u_Patrimô":"Próprio","u2Natureza":null,"u2Logradou":null,"u2Número":null,"u2Compleme":null,"u2Edifíci":null,"u2ÁreaTer":null,"u2ÁreaTot":null,"u2ÁreaCon":null,"u2TipoImó":null,"u2Patrimô":"Próprio"},"geometry":{"type":"MultiPolygon","coordinates":[[[[-34.829475330720371,-7.017750870511985],[-34.829398563074299,-7.017765920884286],[-34.829428186335718,-7.017916748032552],[-34.829517503527043,-7.017899237300507],[-34.829869927403273,-7.017830144048101],[-34.829844212486357,-7.017678550700382],[-34.829475330720371,-7.017750870511985]]]]}},
{"type":"Feature","properties":{"fid":243,"Endereco":"Rua Alfredo Nóbrega","Bairro":"Poço","Quadra":"B","Lote":"01","Municipio":"Cabedelo-PB","Loteamento":"Jardim Nazareth","area_pecunia":null,"Situacao_recuo":null,"valor_m2":null,"valor_total":0.0,"valor_formatado":"R$ 0,00","geocodigo":"10003200010051","fid_2":14064.0,"id":14070.0,"distrito":"1","setor":"0003","quadra_2":"200","lote_2":"0051","geocode":"10003200010051","zoneamento":"Zona de Interesse Turístico (ZIT)","shape_leng":121.803678647,"shape_area":682.12,"bairro_2":"Poco","faces":"01","Reurb":null,"u_Inscriç":"1.0003.200.01.0051.0000.9","u_Sequenci":10105948,"u_Propriet":"MATHEUS SANTOS CARNEIRO DA CUNHA","u_Propri_1":"704.096.634-41","u_ÁreaTer":630.0,"u_ÁreaTot":0.0,"u_ÁreaCon":0.0,"u_TipoImó":null,"u_Patrimô":"Próprio","u2Natureza":"TERRITORIAL","u2Logradou":"RUA RODRIGUES DE CARVALHO","u2Número":"S/N","u2Compleme":null,"u2Edifíci":null,"u2ÁreaTer":630.0,"u2ÁreaTot":0.0,"u2ÁreaCon":0.0,"u2TipoImó":null,"u2Patrimô":"Próprio"},"geometry":{"type":"MultiPolygon","coordinates":[[[[-34.8293006326601,-7.016908972234575],[-34.829328164631086,-7.01703340242145],[-34.829727865045861,-7.016992662615409],[-34.82970664878507,-7.01686758873276],[-34.8293006326601,-7.016908972234575]]]]}},
{"type":"Feature","properties":{"fid":246,"Endereco":"Rua Alfredo Nóbrega","Bairro":"Poço","Quadra":"D","Lote":"06","Municipio":"Cabedelo-PB","Loteamento":"Jardim Nazareth","area_pecunia":null,"Situacao_recuo":null,"valor_m2":null,"valor_total":0.0,"valor_formatado":"R$ 0,00","geocodigo":"10003202040346","fid_2":14041.0,"id":14048.0,"distrito":"1","setor":"0003","quadra_2":"202","lote_2":"0346","geocode":"10003202040346","zoneamento":"Zona de Interesse Turístico (ZIT)","shape_leng":125.398371821,"shape_area":669.52,"bairro_2":"Poco","faces":"04","Reurb":null,"u_Inscriç":"1.0003.202.04.0346.0000.3","u_Sequenci":10106278,"u_Propriet":"NEO CAMBOINHA EMPREENDIMENTO SPE LTDA","u_Propri_1":"49.914.605/0001-87","u_ÁreaTer":687.6,"u_ÁreaTot":0.0,"u_ÁreaCon":0.0,"u_TipoImó":null,"u_Patrimô":"Próprio","u2Natureza":"TERRITORIAL","u2Logradou":"RUA RODRIGUES DE CARVALHO","u2Número":"S/N","u2Compleme":null,"u2Edifíci":null,"u2ÁreaTer":687.6,"u2ÁreaTot":0.0,"u2ÁreaCon":0.0,"u2TipoImó":null,"u2Patrimô":"Próprio"},"geometry":{"type":"MultiPolygon","coordinates":[[[[-34.82971503098252,-7.019630113607718],[-34.829732988477268,-7.019755577011511],[-34.830181880537012,-7.019714321349531],[-34.830163922930808,-7.019588857993438],[-34.82971503098252,-7.019630113607718]]]]}},
{"type":"Feature","properties":{"fid":247,"Endereco":"Rua Alfredo Nóbrega","Bairro":"Poço","Quadra":"D","Lote":"05","Municipio":"Cabedelo-PB","Loteamento":"Jardim Nazareth","area_pecunia":null,"Situacao_recuo":null,"valor_m2":null,"valor_total":0.0,"valor_formatado":"R$ 0,00","geocodigo":"10003202040331","fid_2":14791.0,"id":14798.0,"distrito":"1","setor":"0003","quadra_2":"202","lote_2":"0331","geocode":"10003202040331","zoneamento":"Zona de Interesse Turístico (ZIT)","shape_leng":124.505749935,"shape_area":633.96,"bairro_2":"Poco","faces":"04","Reurb":null,"u_Inscriç":"1.0003.202.04.0331.0000.7","u_Sequenci":10106286,"u_Propriet":"MANOEL TAIGY DE QUEIROZ MELLO NETO","u_Propri_1":"205.562.844-53","u_ÁreaTer":597.0,"u_ÁreaTot":206.0,"u_ÁreaCon":206.0,"u_TipoImó":"CASA ISOLADA","u_Patrimô":"Próprio","u2Natureza":"PREDIAL","u2Logradou":"RUA RODRIGUES DE CARVALHO","u2Número":"460","u2Compleme":null,"u2Edifíci":null,"u2ÁreaTer":597.0,"u2ÁreaTot":206.0,"u2ÁreaCon":206.0,"u2TipoImó":"CASA ISOLADA","u2Patrimô":"Próprio"},"geometry":{"type":"MultiPolygon","coordinates":[[[[-34.829699638858635,-7.019522573544272],[-34.82971503098252,-7.019630113607718],[-34.830163922930808,-7.019588857993438],[-34.830148530711391,-7.019481317970892],[-34.829699638858635,-7.019522573544272]]]]}},
{"type":"Feature","properties":{"fid":248,"Endereco":"Rua Alfredo Nóbrega","Bairro":"Poço","Quadra":"D","Lote":"04","Municipio":"Cabedelo-PB","Loteamento":"Jardim Nazareth","area_pecunia":null,"Situacao_recuo":null,"valor_m2":null,"valor_total":0.0,"valor_formatado":"R$ 0,00","geocodigo":"10003202040319","fid_2":14040.0,"id":14047.0,"distrito":"1","setor":"0003","quadra_2":"202","lote_2":"0319","geocode":"10003202040319","zoneamento":"Zona de Interesse Turístico (ZIT)","shape_leng":127.402030243,"shape_area":692.14,"bairro_2":"Poco","faces":"04","Reurb":null,"u_Inscriç":"1.0003.202.04.0319.0005.7","u_Sequenci":10106332,"u_Propriet":"MANOEL TAIGY DE QUEIROZ MELLO NETO","u_Propri_1":"205.562.844-53","u_ÁreaTer":696.5,"u_ÁreaTot":818.0,"u_ÁreaCon":200.0,"u_TipoImó":"CASA ISOLADA","u_Patrimô":"Próprio","u2Natureza":"PREDIAL","u2Logradou":"RUA RODRIGUES DE CARVALHO","u2Número":"430/E","u2Compleme":null,"u2Edifíci":null,"u2ÁreaTer":696.5,"u2ÁreaTot":818.0,"u2ÁreaCon":200.0,"u2TipoImó":"CASA ISOLADA","u2Patrimô":"Próprio"},"geometry":{"type":"MultiPolygon","coordinates":[[[[-34.829681681397631,-7.019397110133359],[-34.829699638858635,-7.019522573544272],[-34.830148530711391,-7.019481317970892],[-34.830130573138945,-7.019355854607699],[-34.829681681397631,-7.019397110133359]]]]}},
{"type":"Feature","properties":{"fid":251,"Endereco":"Rua Alfredo Nóbrega","Bairro":"Poço","Quadra":"D","Lote":"01","Municipio":"Cabedelo-PB","Loteamento":"Jardim Nazareth","area_pecunia":null,"Situacao_recuo":null,"valor_m2":null,"valor_total":0.0,"valor_formatado":"R$ 0,00","geocodigo":"10003202040275","fid_2":14037.0,"id":14044.0,"distrito":"1","setor":"0003","quadra_2":"202","lote_2":"0275","geocode":"10003202040275","zoneamento":"Zona de Interesse Turístico (ZIT)","shape_leng":128.85495238600001,"shape_area":748.43,"bairro_2":"Poco","faces":"04","Reurb":null,"u_Inscriç":"1.0003.202.04.0275.0004.0","u_Sequenci":10335340,"u_Propriet":"FRANCISCO XAVIER MONTEIRO DA FRANCA","u_Propri_1":"140.941.004-82","u_ÁreaTer":720.0,"u_ÁreaTot":486.54,"u_ÁreaCon":196.84,"u_TipoImó":"APARTAMENTO","u_Patrimô":"Próprio","u2Natureza":"PREDIAL","u2Logradou":"RUA RODRIGUES DE CARVALHO","u2Número":"412","u2Compleme":"CS 104  - ILHAS CANARIAS RESIDENCE","u2Edifíci":"ILHAS CANARIAS RESIDENCE","u2ÁreaTer":720.0,"u2ÁreaTot":486.54,"u2ÁreaCon":196.84,"u2TipoImó":"APARTAMENTO","u2Patrimô":"Próprio"},"geometry":{"type":"MultiPolygon","coordinates":[[[[-34.829514744061903,-7.018996157910976],[-34.829535287622512,-7.019131085246861],[-34.829643008784387,-7.019126915703376],[-34.830095299388823,-7.019109408704631],[-34.830075980521805,-7.018974434023636],[-34.829514744061903,-7.018996157910976]]]]}},
{"type":"Feature","properties":{"fid":252,"Endereco":"Rua Alfredo Nóbrega","Bairro":"Poço","Quadra":"D","Lote":"12","Municipio":"Cabedelo-PB","Loteamento":"Jardim Nazareth","area_pecunia":null,"Situacao_recuo":null,"valor_m2":null,"valor_total":0.0,"valor_formatado":"R$ 0,00","geocodigo":"10003202040422","fid_2":14047.0,"id":14054.0,"distrito":"1","setor":"0003","quadra_2":"202","lote_2":"0422","geocode":"10003202040422","zoneamento":"Zona de Interesse Turístico (ZIT)","shape_leng":114.794691986,"shape_area":514.46,"bairro_2":"Poco","faces":"04","Reurb":null,"u_Inscriç":"1.0003.202.04.0422.0000.0","u_Sequenci":10106219,"u_Propriet":"SANTIAGO NÓBREGA","u_Propri_1":"025.421.704-44","u_ÁreaTer":462.0,"u_ÁreaTot":203.87,"u_ÁreaCon":203.87,"u_TipoImó":"CASA ISOLADA","u_Patrimô":"Próprio","u2Natureza":"PREDIAL","u2Logradou":"RUA RODRIGUES DE CARVALHO","u2Número":"93","u2Compleme":null,"u2Edifíci":null,"u2ÁreaTer":462.0,"u2ÁreaTot":203.87,"u2ÁreaCon":203.87,"u2TipoImó":"CASA ISOLADA","u2Patrimô":"Próprio"},"geometry":{"type":"MultiPolygon","coordinates":[[[[-34.829811783060364,-7.020306088593531],[-34.829825874745964,-7.020404542255108],[-34.830202130380727,-7.020350786345076],[-34.83018803862344,-7.02025233271468],[-34.829811783060364,-7.020306088593531]]]]}},
{"type":"Feature","properties":{"fid":253,"Endereco":"Rua Alfredo Nóbrega","Bairro":"Poço","Quadra":"D","Lote":"13","Municipio":"Cabedelo-PB","Loteamento":"Jardim Nazareth","area_pecunia":null,"Situacao_recuo":null,"valor_m2":null,"valor_total":0.0,"valor_formatado":"R$ 0,00","geocodigo":"10003202040431","fid_2":14048.0,"id":14055.0,"distrito":"1","setor":"0003","quadra_2":"202","lote_2":"0431","geocode":"10003202040431","zoneamento":"Zona de Interesse Turístico (ZIT)","shape_leng":111.489686937,"shape_area":423.46,"bairro_2":"Poco","faces":"04","Reurb":null,"u_Inscriç":"1.0003.202.04.0431.0000.0","u_Sequenci":10106197,"u_Propriet":"SANTIAGO NÓBREGA","u_Propri_1":"025.421.704-44","u_ÁreaTer":378.0,"u_ÁreaTot":156.75,"u_ÁreaCon":156.75,"u_TipoImó":"CASA ISOLADA","u_Patrimô":"Próprio","u2Natureza":"PREDIAL","u2Logradou":"RUA RODRIGUES DE CARVALHO","u2Número":"87","u2Compleme":null,"u2Edifíci":null,"u2ÁreaTer":378.0,"u2ÁreaTot":156.75,"u2ÁreaCon":156.75,"u2TipoImó":"CASA ISOLADA","u2Patrimô":"Próprio"},"geometry":{"type":"MultiPolygon","coordinates":[[[[-34.829825874745964,-7.020404542255108],[-34.829837404315221,-7.020485095249178],[-34.830215046931137,-7.020441029191139],[-34.830202130380734,-7.020350786345076],[-34.829825874745964,-7.020404542255108]]]]}},
{"type":"Feature","properties":{"fid":254,"Endereco":"Rua Alfredo Nóbrega","Bairro":"Poço","Quadra":"D","Lote":"14","Municipio":"Cabedelo-PB","Loteamento":"Jardim Nazareth","area_pecunia":null,"Situacao_recuo":null,"valor_m2":null,"valor_total":0.0,"valor_formatado":"R$ 0,00","geocodigo":"10003202040439","fid_2":14049.0,"id":14056.0,"distrito":"1","setor":"0003","quadra_2":"202","lote_2":"0439","geocode":"10003202040439","zoneamento":"Zona de Interesse Turístico (ZIT)","shape_leng":112.060723917,"shape_area":452.67,"bairro_2":"Poco","faces":"04","Reurb":null,"u_Inscriç":"1.0003.202.04.0439.0000.6","u_Sequenci":10106189,"u_Propriet":"SANTIAGO NÓBREGA","u_Propri_1":"025.421.704-44","u_ÁreaTer":378.0,"u_ÁreaTot":247.49,"u_ÁreaCon":247.49,"u_TipoImó":"CASA ISOLADA","u_Patrimô":"Próprio","u2Natureza":"PREDIAL","u2Logradou":"RUA RODRIGUES DE CARVALHO","u2Número":"514","u2Compleme":null,"u2Edifíci":null,"u2ÁreaTer":378.0,"u2ÁreaTot":247.49,"u2ÁreaCon":247.49,"u2TipoImó":"CASA ISOLADA","u2Patrimô":"Próprio"},"geometry":{"type":"MultiPolygon","coordinates":[[[[-34.829837404315221,-7.020485095249178],[-34.829848937721728,-7.020565674998781],[-34.83022658039723,-7.020521608915062],[-34.830215046931137,-7.020441029191139],[-34.829837404315221,-7.020485095249178]]]]}},
{"type":"Feature","properties":{"fid":255,"Endereco":"Rua Alfredo Nóbrega","Bairro":"Poço","Quadra":"D","Lote":"11","Municipio":"Cabedelo-PB","Loteamento":"Jardim Nazareth","area_pecunia":null,"Situacao_recuo":null,"valor_m2":null,"valor_total":0.0,"valor_formatado":"R$ 0,00","geocodigo":"10003202040408","fid_2":14046.0,"id":14053.0,"distrito":"1","setor":"0003","quadra_2":"202","lote_2":"0408","geocode":"10003202040408","zoneamento":"Zona de Interesse Turístico (ZIT)","shape_leng":126.16619462200001,"shape_area":761.54,"bairro_2":"Poco","faces":"04","Reurb":null,"u_Inscriç":"1.0003.202.04.0408.0000.0","u_Sequenci":10106227,"u_Propriet":"SOL E MAR PARTICIPAÇÕES IMOBILIÁRIA LTDA - EPP","u_Propri_1":"07.040.328/0001-80","u_ÁreaTer":678.3,"u_ÁreaTot":595.93,"u_ÁreaCon":595.93,"u_TipoImó":"CASA ISOLADA","u_Patrimô":"Próprio","u2Natureza":"PREDIAL","u2Logradou":"RUA RODRIGUES DE CARVALHO","u2Número":"107","u2Compleme":null,"u2Edifíci":null,"u2ÁreaTer":678.3,"u2ÁreaTot":595.93,"u2ÁreaCon":595.93,"u2TipoImó":"CASA ISOLADA","u2Patrimô":"Próprio"},"geometry":{"type":"MultiPolygon","coordinates":[[[[-34.829791093924065,-7.020161540713472],[-34.829811783060364,-7.020306088593531],[-34.83018803862344,-7.02025233271468],[-34.830167349381888,-7.020107784880337],[-34.829791093924065,-7.020161540713472]]]]}},
{"type":"Feature","properties":{"fid":256,"Endereco":"Rua Alfredo Nóbrega","Bairro":"Poço","Quadra":"D","Lote":"10","Municipio":"Cabedelo-PB","Loteamento":"Jardim Nazareth","area_pecunia":null,"Situacao_recuo":null,"valor_m2":null,"valor_total":0.0,"valor_formatado":"R$ 0,00","geocodigo":"10003202040393","fid_2":14045.0,"id":14052.0,"distrito":"1","setor":"0003","quadra_2":"202","lote_2":"0393","geocode":"10003202040393","zoneamento":"Zona de Interesse Turístico (ZIT)","shape_leng":118.56947953300001,"shape_area":560.24,"bairro_2":"Poco","faces":"04","Reurb":null,"u_Inscriç":"1.0003.202.04.0393.0000.8","u_Sequenci":10106235,"u_Propriet":"SANTIAGO NÓBREGA","u_Propri_1":"025.421.704-44","u_ÁreaTer":504.0,"u_ÁreaTot":186.72,"u_ÁreaCon":186.72,"u_TipoImó":"CASA ISOLADA","u_Patrimô":"Próprio","u2Natureza":"PREDIAL","u2Logradou":"RUA RODRIGUES DE CARVALHO","u2Número":"482","u2Compleme":null,"u2Edifíci":null,"u2ÁreaTer":504.0,"u2ÁreaTot":186.72,"u2ÁreaCon":186.72,"u2TipoImó":"CASA ISOLADA","u2Patrimô":"Próprio"},"geometry":{"type":"MultiPolygon","coordinates":[[[[-34.829775701734206,-7.020054000663855],[-34.829791093924065,-7.020161540713472],[-34.830167349381888,-7.020107784880337],[-34.830154666121416,-7.020019171694366],[-34.829775701734206,-7.020054000663855]]]]}},
{"type":"Feature","properties":{"fid":257,"Endereco":"Rua Alfredo Nóbrega","Bairro":"Poço","Quadra":"D","Lote":"09","Municipio":"Cabedelo-PB","Loteamento":"Jardim Nazareth","area_pecunia":null,"Situacao_recuo":null,"valor_m2":null,"valor_total":0.0,"valor_formatado":"R$ 0,00","geocodigo":"10003202040381","fid_2":14044.0,"id":14051.0,"distrito":"1","setor":"0003","quadra_2":"202","lote_2":"0381","geocode":"10003202040381","zoneamento":"Zona de Interesse Turístico (ZIT)","shape_leng":118.81124799200001,"shape_area":546.71,"bairro_2":"Poco","faces":"04","Reurb":null,"u_Inscriç":"1.0003.202.04.0381.0000.5","u_Sequenci":10106243,"u_Propriet":"SANTIAGO NÓBREGA","u_Propri_1":"025.421.704-44","u_ÁreaTer":474.6,"u_ÁreaTot":192.26,"u_ÁreaCon":192.26,"u_TipoImó":"CASA ISOLADA","u_Patrimô":"Próprio","u2Natureza":"PREDIAL","u2Logradou":"RUA RODRIGUES DE CARVALHO","u2Número":"484","u2Compleme":null,"u2Edifíci":null,"u2ÁreaTer":474.6,"u2ÁreaTot":192.26,"u2ÁreaCon":192.26,"u2TipoImó":"CASA ISOLADA","u2Patrimô":"Próprio"},"geometry":{"type":"MultiPolygon","coordinates":[[[[-34.829761207434288,-7.019952733781247],[-34.829775701734206,-7.020054000663855],[-34.830154666121416,-7.020019171694366],[-34.830140171745555,-7.019917904844289],[-34.829761207434288,-7.019952733781247]]]]}},
{"type":"Feature","properties":{"fid":258,"Endereco":"Rua Alfredo Nóbrega","Bairro":"Poço","Quadra":"D","Lote":"08","Municipio":"Cabedelo-PB","Loteamento":"Jardim Nazareth","area_pecunia":null,"Situacao_recuo":null,"valor_m2":null,"valor_total":0.0,"valor_formatado":"R$ 0,00","geocodigo":"10003202040369","fid_2":14043.0,"id":14050.0,"distrito":"1","setor":"0003","quadra_2":"202","lote_2":"0369","geocode":"10003202040369","zoneamento":"Zona de Interesse Turístico (ZIT)","shape_leng":118.587424189,"shape_area":526.6,"bairro_2":"Poco","faces":"04","Reurb":null,"u_Inscriç":"1.0003.202.04.0369.0000.4","u_Sequenci":10106251,"u_Propriet":"SANTIAGO NÓBREGA","u_Propri_1":"025.421.704-44","u_ÁreaTer":462.0,"u_ÁreaTot":190.71,"u_ÁreaCon":190.71,"u_TipoImó":"CASA ISOLADA","u_Patrimô":"Próprio","u2Natureza":"PREDIAL","u2Logradou":"RUA RODRIGUES DE CARVALHO","u2Número":"468","u2Compleme":null,"u2Edifíci":null,"u2ÁreaTer":462.0,"u2ÁreaTot":190.71,"u2ÁreaCon":190.71,"u2TipoImó":"CASA ISOLADA","u2Patrimô":"Próprio"},"geometry":{"type":"MultiPolygon","coordinates":[[[[-34.829747097950168,-7.019854155397566],[-34.829761207434288,-7.019952733781247],[-34.830140171745555,-7.019917904844289],[-34.83012606218751,-7.019819326492262],[-34.829747097950168,-7.019854155397566]]]]}},
{"type":"Feature","properties":{"fid":259,"Endereco":"Rua Alfredo Nóbrega","Bairro":"Poço","Quadra":"D","Lote":"07","Municipio":"Cabedelo-PB","Loteamento":"Jardim Nazareth","area_pecunia":null,"Situacao_recuo":null,"valor_m2":null,"valor_total":0.0,"valor_formatado":"R$ 0,00","geocodigo":"10003202040358","fid_2":14042.0,"id":14049.0,"distrito":"1","setor":"0003","quadra_2":"202","lote_2":"0358","geocode":"10003202040358","zoneamento":"Zona de Interesse Turístico (ZIT)","shape_leng":118.139263384,"shape_area":504.79,"bairro_2":"Poco","faces":"04","Reurb":null,"u_Inscriç":"1.0003.202.04.0358.0000.6","u_Sequenci":10106260,"u_Propriet":"SANTIAGO NÓBREGA","u_Propri_1":"025.421.704-44","u_ÁreaTer":462.0,"u_ÁreaTot":128.62,"u_ÁreaCon":128.62,"u_TipoImó":"CASA ISOLADA","u_Patrimô":"Próprio","u2Natureza":"PREDIAL","u2Logradou":"RUA RODRIGUES DE CARVALHO","u2Número":"324","u2Compleme":null,"u2Edifíci":null,"u2ÁreaTer":462.0,"u2ÁreaTot":128.62,"u2ÁreaCon":128.62,"u2TipoImó":"CASA ISOLADA","u2Patrimô":"Próprio"},"geometry":{"type":"MultiPolygon","coordinates":[[[[-34.829732988477268,-7.019755577011511],[-34.829747097950168,-7.019854155397566],[-34.83012606218751,-7.019819326492262],[-34.830111952640671,-7.019720748137876],[-34.829732988477268,-7.019755577011511]]]]}},
{"type":"Feature","properties":{"fid":260,"Endereco":"Rua Alfredo Nóbrega","Bairro":"Poço","Quadra":"D","Lote":"15","Municipio":"Cabedelo-PB","Loteamento":"Jardim Nazareth","area_pecunia":null,"Situacao_recuo":null,"valor_m2":null,"valor_total":0.0,"valor_formatado":"R$ 0,00","geocodigo":"10003202010008","fid_2":14790.0,"id":14797.0,"distrito":"1","setor":"0003","quadra_2":"202","lote_2":"0008","geocode":"10003202010008","zoneamento":"Zona de Interesse Turístico (ZIT)","shape_leng":74.756012776999995,"shape_area":336.94,"bairro_2":"Poco","faces":"01","Reurb":null,"u_Inscriç":"1.0003.202.01.0008.0000.5","u_Sequenci":10106162,"u_Propriet":"ANTONIO CARLOS DOS SANTOS","u_Propri_1":"504.126.044-34","u_ÁreaTer":210.0,"u_ÁreaTot":97.74,"u_ÁreaCon":97.74,"u_TipoImó":"CASA ISOLADA","u_Patrimô":"Próprio","u2Natureza":"PREDIAL","u2Logradou":"RUA CAROLINO CARDOSO","u2Número":"30","u2Compleme":null,"u2Edifíci":null,"u2ÁreaTer":210.0,"u2ÁreaTot":97.74,"u2ÁreaCon":97.74,"u2TipoImó":"CASA ISOLADA","u2Patrimô":"Próprio"},"geometry":{"type":"MultiPolygon","coordinates":[[[[-34.830188179967799,-7.020526089769262],[-34.830195976513544,-7.020729418595424],[-34.83029096050771,-7.020726639238873],[-34.830282846921627,-7.020515043303324],[-34.830188179967799,-7.020526089769262]]]]}},
{"type":"Feature","properties":{"fid":261,"Endereco":"Rua Alfredo Nóbrega","Bairro":"Poço","Quadra":"D","Lote":"16","Municipio":"Cabedelo-PB","Loteamento":"Jardim Nazareth","area_pecunia":null,"Situacao_recuo":null,"valor_m2":null,"valor_total":0.0,"valor_formatado":"R$ 0,00","geocodigo":"10003202040448","fid_2":14050.0,"id":14057.0,"distrito":"1","setor":"0003","quadra_2":"202","lote_2":"0448","geocode":"10003202040448","zoneamento":"Zona de Interesse Turístico (ZIT)","shape_leng":90.728106130800001,"shape_area":447.34,"bairro_2":"Poco","faces":"04","Reurb":null,"u_Inscriç":"1.0003.202.04.0448.0000.5","u_Sequenci":10106170,"u_Propriet":"SANTIAGO NÓBREGA","u_Propri_1":"025.421.704-44","u_ÁreaTer":472.5,"u_ÁreaTot":275.0,"u_ÁreaCon":275.0,"u_TipoImó":"CASA ISOLADA","u_Patrimô":"Próprio","u2Natureza":"PREDIAL","u2Logradou":"RUA RODRIGUES DE CARVALHO","u2Número":"574","u2Compleme":null,"u2Edifíci":null,"u2ÁreaTer":472.5,"u2ÁreaTot":275.0,"u2ÁreaCon":275.0,"u2TipoImó":"CASA ISOLADA","u2Patrimô":"Próprio"},"geometry":{"type":"MultiPolygon","coordinates":[[[[-34.829848937721728,-7.020565674998781],[-34.829868317298747,-7.020701072989102],[-34.830193304759703,-7.020659741085974],[-34.830188179967799,-7.020526089769262],[-34.829848937721728,-7.020565674998781]]]]}},
{"type":"Feature","properties":{"fid":272,"Endereco":"Avenida Max Zagel","Bairro":"Camboinha","Quadra":"16","Lote":"07","Municipio":"Cabedelo-PB","Loteamento":"Jardim Jericó","area_pecunia":null,"Situacao_recuo":null,"valor_m2":null,"valor_total":0.0,"valor_formatado":"R$ 0,00","geocodigo":"10003093040308","fid_2":7025.0,"id":7022.0,"distrito":"1","setor":"0003","quadra_2":"093","lote_2":"0308","geocode":"10003093040308","zoneamento":"Zona de Interesse Turístico (ZIT)","shape_leng":132.70673903100001,"shape_area":651.25,"bairro_2":"Camboinha","faces":"04","Reurb":null,"u_Inscriç":"1.0003.093.04.0308.0000.4","u_Sequenci":10080031,"u_Propriet":"ORLANDO ALVARES COELHO","u_Propri_1":"003.291.264-15","u_ÁreaTer":384.0,"u_ÁreaTot":0.0,"u_ÁreaCon":0.0,"u_TipoImó":null,"u_Patrimô":"Próprio","u2Natureza":"TERRITORIAL","u2Logradou":"AVN FRANCISCO PORTO","u2Número":"S/N","u2Compleme":null,"u2Edifíci":null,"u2ÁreaTer":384.0,"u2ÁreaTot":0.0,"u2ÁreaCon":0.0,"u2TipoImó":null,"u2Patrimô":"Próprio"},"geometry":{"type":"MultiPolygon","coordinates":[[[[-34.827021271915612,-7.008472794196307],[-34.827051186811971,-7.008577323881797],[-34.827334704365015,-7.008515587802775],[-34.827304789417617,-7.008411058150449],[-34.827021271915612,-7.008472794196307]]]]}},
{"type":"Feature","properties":{"fid":280,"Endereco":"Avenida Max Zagel","Bairro":"Camboinha","Quadra":"03","Lote":"08","Municipio":"Cabedelo-PB","Loteamento":"Jardim Jericó","area_pecunia":null,"Situacao_recuo":null,"valor_m2":null,"valor_total":0.0,"valor_formatado":"R$ 0,00","geocodigo":"10003070040378","fid_2":15564.0,"id":15571.0,"distrito":"1","setor":"0003","quadra_2":"070","lote_2":"0378","geocode":"10003070040378","zoneamento":"Zona de Interesse Turístico (ZIT)","shape_leng":192.70934078499999,"shape_area":1197.68,"bairro_2":"Camboinha","faces":"04","Reurb":null,"u_Inscriç":"1.0003.070.04.0378.0003.4","u_Sequenci":10076298,"u_Propriet":"ANTONIO DIAS NETO","u_Propri_1":"425.160.214-53","u_ÁreaTer":480.0,"u_ÁreaTot":946.14,"u_ÁreaCon":375.0,"u_TipoImó":"APARTAMENTO","u_Patrimô":"Próprio","u2Natureza":"PREDIAL","u2Logradou":"AVN FRANCISCO PORTO","u2Número":"1019","u2Compleme":"AP 301  - VILLA DO MAR, EDF.","u2Edifíci":"VILLA DO MAR, EDF.","u2ÁreaTer":480.0,"u2ÁreaTot":946.14,"u2ÁreaCon":375.0,"u2TipoImó":"APARTAMENTO","u2Patrimô":"Próprio"},"geometry":{"type":"MultiPolygon","coordinates":[[[[-34.826719361728294,-7.007406009936528],[-34.82655967101654,-7.007443076980518],[-34.826590388468865,-7.007575179851092],[-34.826755781944833,-7.007536789080302],[-34.827038111829069,-7.007471255146271],[-34.827001691549263,-7.007340476043116],[-34.826719361728294,-7.007406009936528]]]]}},
{"type":"Feature","properties":{"fid":282,"Endereco":"Avenida Max Zagel","Bairro":"Camboinha","Quadra":"03","Lote":"06","Municipio":"Cabedelo-PB","Loteamento":"Jardim Jericó","area_pecunia":null,"Situacao_recuo":null,"valor_m2":null,"valor_total":0.0,"valor_formatado":"R$ 0,00","geocodigo":"10003070040353","fid_2":15562.0,"id":15569.0,"distrito":"1","setor":"0003","quadra_2":"070","lote_2":"0353","geocode":"10003070040353","zoneamento":"Zona de Interesse Turístico (ZIT)","shape_leng":185.813158168,"shape_area":965.62,"bairro_2":"Camboinha","faces":"04","Reurb":null,"u_Inscriç":"1.0003.070.04.0353.0000.0","u_Sequenci":10076247,"u_Propriet":"HAMILTON DA SILVEIRA FIGUEIREDO","u_Propri_1":null,"u_ÁreaTer":384.0,"u_ÁreaTot":1019.91,"u_ÁreaCon":1019.91,"u_TipoImó":"CASA GEMINADA(1 LAD)","u_Patrimô":"Próprio","u2Natureza":"PREDIAL","u2Logradou":"AVN FRANCISCO PORTO","u2Número":"238","u2Compleme":null,"u2Edifíci":null,"u2ÁreaTer":384.0,"u2ÁreaTot":1019.91,"u2ÁreaCon":1019.91,"u2TipoImó":"CASA GEMINADA(1 LAD)","u2Patrimô":"Próprio"},"geometry":{"type":"MultiPolygon","coordinates":[[[[-34.826661089442247,-7.007196763288261],[-34.826224995765266,-7.00729798816023],[-34.826255531267144,-7.007402286702365],[-34.826690225575973,-7.00730138661521],[-34.826972555346345,-7.007235852754291],[-34.826943419162006,-7.007131229459818],[-34.826661089442247,-7.007196763288261]]]]}},
{"type":"Feature","properties":{"fid":288,"Endereco":"Avenida Max Zagel","Bairro":"Camboinha","Quadra":"02","Lote":"01","Municipio":"Cabedelo-PB","Loteamento":"Jardim Jericó","area_pecunia":null,"Situacao_recuo":null,"valor_m2":null,"valor_total":0.0,"valor_formatado":"R$ 0,00","geocodigo":"10003069040252","fid_2":15549.0,"id":15582.0,"distrito":"1","setor":"0003","quadra_2":"069","lote_2":"0252","geocode":"10003069040252","zoneamento":"Zona de Interesse Turístico (ZIT)","shape_leng":94.455522434499997,"shape_area":495.12,"bairro_2":"Camboinha","faces":"04","Reurb":null,"u_Inscriç":"1.0003.069.04.0252.0000.4","u_Sequenci":10075941,"u_Propriet":"FRANCISCO PEREIRA DE MOURA JUNIOR","u_Propri_1":"191.295.644-68","u_ÁreaTer":480.0,"u_ÁreaTot":388.3,"u_ÁreaCon":388.3,"u_TipoImó":"CASA ISOLADA","u_Patrimô":"Próprio","u2Natureza":"PREDIAL","u2Logradou":"AVN FRANCISCO PORTO","u2Número":"54","u2Compleme":null,"u2Edifíci":null,"u2ÁreaTer":480.0,"u2ÁreaTot":388.3,"u2ÁreaCon":388.3,"u2TipoImó":"CASA ISOLADA","u2Patrimô":"Próprio"},"geometry":{"type":"MultiPolygon","coordinates":[[[[-34.826161731414849,-7.005459647721167],[-34.826199099039975,-7.005590238152104],[-34.826481862502447,-7.005525875028487],[-34.826444494814169,-7.005395284638776],[-34.826161731414849,-7.005459647721167]]]]}},
{"type":"Feature","properties":{"fid":289,"Endereco":"Avenida Max Zagel","Bairro":"Camboinha","Quadra":"02","Lote":"02","Municipio":"Cabedelo-PB","Loteamento":"Jardim Jericó","area_pecunia":null,"Situacao_recuo":null,"valor_m2":null,"valor_total":0.0,"valor_formatado":"R$ 0,00","geocodigo":"10003069040267","fid_2":15572.0,"id":15579.0,"distrito":"1","setor":"0003","quadra_2":"069","lote_2":"0267","geocode":"10003069040267","zoneamento":"Zona de Interesse Turístico (ZIT)","shape_leng":94.464837683200003,"shape_area":486.78,"bairro_2":"Camboinha","faces":"04","Reurb":null,"u_Inscriç":null,"u_Sequenci":null,"u_Propriet":null,"u_Propri_1":null,"u_ÁreaTer":null,"u_ÁreaTot":null,"u_ÁreaCon":null,"u_TipoImó":null,"u_Patrimô":"Próprio","u2Natureza":null,"u2Logradou":null,"u2Número":null,"u2Compleme":null,"u2Edifíci":null,"u2ÁreaTer":null,"u2ÁreaTot":null,"u2ÁreaCon":null,"u2TipoImó":null,"u2Patrimô":"Próprio"},"geometry":{"type":"MultiPolygon","coordinates":[[[[-34.826199099039975,-7.005590238152104],[-34.826236466694581,-7.005720828573979],[-34.8265192302202,-7.00565646540917],[-34.826481862502447,-7.005525875028487],[-34.826199099039975,-7.005590238152104]]]]}},
{"type":"Feature","properties":{"fid":293,"Endereco":"Avenida Max Zagel","Bairro":"Camboinha","Quadra":"02","Lote":"06","Municipio":"Cabedelo-PB","Loteamento":"Jardim Jericó","area_pecunia":null,"Situacao_recuo":null,"valor_m2":null,"valor_total":0.0,"valor_formatado":"R$ 0,00","geocodigo":"10003069040327","fid_2":15568.0,"id":15575.0,"distrito":"1","setor":"0003","quadra_2":"069","lote_2":"0327","geocode":"10003069040327","zoneamento":"Zona de Interesse Turístico (ZIT)","shape_leng":120.470775907,"shape_area":670.99,"bairro_2":"Camboinha","faces":"04","Reurb":null,"u_Inscriç":"1.0003.069.04.0327.0000.9","u_Sequenci":10076018,"u_Propriet":"JOAO MARCOS BEZERRA DO O","u_Propri_1":"133.135.844-20","u_ÁreaTer":480.0,"u_ÁreaTot":154.77,"u_ÁreaCon":154.77,"u_TipoImó":"CASA GEMINADA(1 LAD)","u_Patrimô":"Próprio","u2Natureza":"PREDIAL","u2Logradou":"AVN FRANCISCO PORTO","u2Número":"370","u2Compleme":null,"u2Edifíci":null,"u2ÁreaTer":480.0,"u2ÁreaTot":154.77,"u2ÁreaCon":154.77,"u2TipoImó":"CASA GEMINADA(1 LAD)","u2Patrimô":"Próprio"},"geometry":{"type":"MultiPolygon","coordinates":[[[[-34.826348569835226,-7.006112599785348],[-34.826385937607718,-7.006243190171039],[-34.826668701385941,-7.006178826841387],[-34.826631333550296,-7.006048236496906],[-34.826348569835226,-7.006112599785348]]]]}},
{"type":"Feature","properties":{"fid":294,"Endereco":"Avenida Max Zagel","Bairro":"Camboinha","Quadra":"02","Lote":"07","Municipio":"Cabedelo-PB","Loteamento":"Jardim Jericó","area_pecunia":null,"Situacao_recuo":null,"valor_m2":null,"valor_total":0.0,"valor_formatado":"R$ 0,00","geocodigo":"10003069040342","fid_2":15574.0,"id":15581.0,"distrito":"1","setor":"0003","quadra_2":"069","lote_2":"0342","geocode":"10003069040342","zoneamento":"Zona de Interesse Turístico (ZIT)","shape_leng":136.80251187900001,"shape_area":786.15,"bairro_2":"Camboinha","faces":"04","Reurb":null,"u_Inscriç":"1.0003.069.04.0342.0000.3","u_Sequenci":10076026,"u_Propriet":"ESPÓLIO DE WILSON LEITE BRAGA","u_Propri_1":"005.688.054-53","u_ÁreaTer":480.0,"u_ÁreaTot":546.9,"u_ÁreaCon":546.9,"u_TipoImó":"CASA GEMINADA(1 LAD)","u_Patrimô":"Próprio","u2Natureza":"PREDIAL","u2Logradou":"AVN FRANCISCO PORTO","u2Número":"142","u2Compleme":null,"u2Edifíci":null,"u2ÁreaTer":480.0,"u2ÁreaTot":546.9,"u2ÁreaCon":546.9,"u2TipoImó":"CASA GEMINADA(1 LAD)","u2Patrimô":"Próprio"},"geometry":{"type":"MultiPolygon","coordinates":[[[[-34.826385937607718,-7.006243190171039],[-34.826423305409691,-7.006373780547701],[-34.82670606925106,-7.006309417176819],[-34.826668701385941,-7.006178826841387],[-34.826385937607718,-7.006243190171039]]]]}},
{"type":"Feature","properties":{"fid":315,"Endereco":"Rua Vitorino Cardoso","Bairro":"Poço","Quadra":"E","Lote":"Igreja","Municipio":"Cabedelo-PB","Loteamento":"Jardim Nazareth","area_pecunia":null,"Situacao_recuo":null,"valor_m2":null,"valor_total":0.0,"valor_formatado":"R$ 0,00","geocodigo":"10004009020186","fid_2":16356.0,"id":16363.0,"distrito":"1","setor":"0004","quadra_2":"009","lote_2":"0186","geocode":"10004009020186","zoneamento":"Zona de Interesse Turístico (ZIT)","shape_leng":74.424415226899995,"shape_area":348.21,"bairro_2":"Poco","faces":"02","Reurb":null,"u_Inscriç":"1.0004.009.02.0186.0002.1","u_Sequenci":10313559,"u_Propriet":"PAROQUIA MARIA MAE DE DEUS","u_Propri_1":"09.140.351/0056-46","u_ÁreaTer":346.72,"u_ÁreaTot":475.69,"u_ÁreaCon":361.32,"u_TipoImó":"CASA ISOLADA","u_Patrimô":"Próprio","u2Natureza":"PREDIAL","u2Logradou":"RUA CAROLINO CARDOSO","u2Número":"15","u2Compleme":"CS A","u2Edifíci":null,"u2ÁreaTer":346.72,"u2ÁreaTot":475.69,"u2ÁreaCon":361.32,"u2TipoImó":"CASA ISOLADA","u2Patrimô":"Próprio"},"geometry":{"type":"MultiPolygon","coordinates":[[[[-34.829817276592067,-7.020951454130665],[-34.829831332964964,-7.021115063995497],[-34.830019278065983,-7.021073197109387],[-34.829983829199634,-7.020914352674963],[-34.829817276592067,-7.020951454130665]]]]}},
{"type":"Feature","properties":{"fid":316,"Endereco":"Rua Vitorino Cardoso","Bairro":"Poço","Quadra":"E","Lote":"01","Municipio":"Cabedelo-PB","Loteamento":"Jardim Nazareth","area_pecunia":null,"Situacao_recuo":null,"valor_m2":null,"valor_total":0.0,"valor_formatado":"R$ 0,00","geocodigo":"10004009020168","fid_2":16355.0,"id":16362.0,"distrito":"1","setor":"0004","quadra_2":"009","lote_2":"0168","geocode":"10004009020168","zoneamento":"Zona de Interesse Turístico (ZIT)","shape_leng":92.546557762199996,"shape_area":532.2,"bairro_2":"Poco","faces":"02","Reurb":null,"u_Inscriç":"1.0004.009.02.0168.0002.3","u_Sequenci":10114238,"u_Propriet":"PAULO AMÉRICO MAIA DE VASCONCELOS FILHO","u_Propri_1":"309.351.994-20","u_ÁreaTer":418.0,"u_ÁreaTot":296.0,"u_ÁreaCon":296.0,"u_TipoImó":"COMERCIAL","u_Patrimô":"Próprio","u2Natureza":"PREDIAL","u2Logradou":"RUA CAROLINO CARDOSO","u2Número":"23","u2Compleme":null,"u2Edifíci":null,"u2ÁreaTer":418.0,"u2ÁreaTot":296.0,"u2ÁreaCon":296.0,"u2TipoImó":"COMERCIAL","u2Patrimô":"Próprio"},"geometry":{"type":"MultiPolygon","coordinates":[[[[-34.829983829199634,-7.020914352674963],[-34.83002739243021,-7.021109557107451],[-34.830213855641816,-7.021091864826732],[-34.830215065562797,-7.02086284208743],[-34.829983829199634,-7.020914352674963]]]]}},
{"type":"Feature","properties":{"fid":321,"Endereco":"Rua Vitorino Cardoso","Bairro":"Poço","Quadra":"P","Lote":"02","Municipio":"Cabedelo-PB","Loteamento":"Monsenhor Pieres","area_pecunia":null,"Situacao_recuo":null,"valor_m2":null,"valor_total":0.0,"valor_formatado":"R$ 0,00","geocodigo":"10004028040419","fid_2":16367.0,"id":16374.0,"distrito":"1","setor":"0004","quadra_2":"028","lote_2":"0419","geocode":"10004028040419","zoneamento":"Zona de Interesse Turístico (ZIT)","shape_leng":164.15550659300001,"shape_area":582.44,"bairro_2":"Poco","faces":"04","Reurb":null,"u_Inscriç":"1.0004.028.04.0419.0000.2","u_Sequenci":10117679,"u_Propriet":"MARIA HONORINA BRANDAO DE MENDONÇA","u_Propri_1":"109.139.394-04","u_ÁreaTer":390.0,"u_ÁreaTot":555.06,"u_ÁreaCon":555.06,"u_TipoImó":"CASA GEMINADA(2 LAD)","u_Patrimô":"Próprio","u2Natureza":"PREDIAL","u2Logradou":"RUA LUNA PEDROSA","u2Número":"S/N","u2Compleme":null,"u2Edifíci":null,"u2ÁreaTer":390.0,"u2ÁreaTot":555.06,"u2ÁreaCon":555.06,"u2TipoImó":"CASA GEMINADA(2 LAD)","u2Patrimô":"Próprio"},"geometry":{"type":"MultiPolygon","coordinates":[[[[-34.829987529611365,-7.023258081722229],[-34.82974097597323,-7.023279261362012],[-34.829744415063985,-7.023350254823151],[-34.830411728954061,-7.023285092216792],[-34.830401507975019,-7.023210163218514],[-34.829987529611365,-7.023258081722229]]]]}},
{"type":"Feature","properties":{"fid":524,"Endereco":"Rua Vitorino Cardoso","Bairro":"Poço","Quadra":"P","Lote":"06","Municipio":"Cabedelo-PB","Loteamento":"Monsenhor Pieres","area_pecunia":null,"Situacao_recuo":null,"valor_m2":null,"valor_total":0.0,"valor_formatado":"R$ 0,00","geocodigo":"10004028040468","fid_2":16372.0,"id":16379.0,"distrito":"1","setor":"0004","quadra_2":"028","lote_2":"0468","geocode":"10004028040468","zoneamento":"Zona de Interesse Turístico (ZIT)","shape_leng":175.84451366900001,"shape_area":796.46,"bairro_2":"Poco","faces":"04","Reurb":null,"u_Inscriç":"1.0004.028.04.0468.0000.6","u_Sequenci":10117725,"u_Propriet":"NORMANDO MELQUIADES DE ARAUJO","u_Propri_1":"047.380.554-53","u_ÁreaTer":440.0,"u_ÁreaTot":273.6,"u_ÁreaCon":273.6,"u_TipoImó":"CASA ISOLADA","u_Patrimô":"Próprio","u2Natureza":"PREDIAL","u2Logradou":"RUA LUNA PEDROSA","u2Número":"197","u2Compleme":null,"u2Edifíci":null,"u2ÁreaTer":440.0,"u2ÁreaTot":273.6,"u2ÁreaCon":273.6,"u2TipoImó":"CASA ISOLADA","u2Patrimô":"Próprio"},"geometry":{"type":"MultiPolygon","coordinates":[[[[-34.830097453468206,-7.023667385286503],[-34.83009745346753,-7.023667385281436],[-34.829761652955952,-7.023706096985165],[-34.829766256642365,-7.023801130671197],[-34.830110042452056,-7.023761507383601],[-34.830110041267552,-7.023761498527649],[-34.83046960594713,-7.023720046960493],[-34.830457106097121,-7.023625923595384],[-34.83009745346753,-7.023667385281421],[-34.830097453468206,-7.023667385286503]]]]}},
{"type":"Feature","properties":{"fid":525,"Endereco":"Rua Vitorino Cardoso","Bairro":"Poço","Quadra":"P","Lote":"05","Municipio":"Cabedelo-PB","Loteamento":"Monsenhor Pieres","area_pecunia":null,"Situacao_recuo":null,"valor_m2":null,"valor_total":0.0,"valor_formatado":"R$ 0,00","geocodigo":"10004028040457","fid_2":16371.0,"id":16378.0,"distrito":"1","setor":"0004","quadra_2":"028","lote_2":"0457","geocode":"10004028040457","zoneamento":"Zona de Interesse Turístico (ZIT)","shape_leng":174.140353952,"shape_area":771.79,"bairro_2":"Poco","faces":"04","Reurb":null,"u_Inscriç":"1.0004.028.04.0457.0000.8","u_Sequenci":10117717,"u_Propriet":"WAGNER DALBUQUERQUE DE MIRANDA","u_Propri_1":"691.810.551-53","u_ÁreaTer":420.0,"u_ÁreaTot":338.31,"u_ÁreaCon":338.31,"u_TipoImó":"CASA ISOLADA","u_Patrimô":"Próprio","u2Natureza":"PREDIAL","u2Logradou":"RUA LUNA PEDROSA","u2Número":"864","u2Compleme":null,"u2Edifíci":null,"u2ÁreaTer":420.0,"u2ÁreaTot":338.31,"u2ÁreaCon":338.31,"u2TipoImó":"CASA ISOLADA","u2Patrimô":"Próprio"},"geometry":{"type":"MultiPolygon","coordinates":[[[[-34.830457106097121,-7.023625923595384],[-34.830444534361192,-7.023531258855343],[-34.829757469675265,-7.023619741618599],[-34.829761652955952,-7.023706096985165],[-34.83009745346753,-7.023667385281421],[-34.830457106097121,-7.023625923595384]]]]}},
{"type":"Feature","properties":{"fid":526,"Endereco":"Rua Vitorino Cardoso","Bairro":"Poço","Quadra":"P","Lote":"04","Municipio":"Cabedelo-PB","Loteamento":"Monsenhor Pieres","area_pecunia":null,"Situacao_recuo":null,"valor_m2":null,"valor_total":0.0,"valor_formatado":"R$ 0,00","geocodigo":"10004028040447","fid_2":16370.0,"id":16377.0,"distrito":"1","setor":"0004","quadra_2":"028","lote_2":"0447","geocode":"10004028040447","zoneamento":"Zona de Interesse Turístico (ZIT)","shape_leng":175.332744781,"shape_area":897.06,"bairro_2":"Poco","faces":"04","Reurb":null,"u_Inscriç":"1.0004.028.04.0447.0000.4","u_Sequenci":10117709,"u_Propriet":"MARLENE BARBOSA DE MORAES COELHO","u_Propri_1":"020.425.254-72","u_ÁreaTer":440.0,"u_ÁreaTot":217.79,"u_ÁreaCon":217.79,"u_TipoImó":"CASA ISOLADA","u_Patrimô":"Próprio","u2Natureza":"PREDIAL","u2Logradou":"RUA LUNA PEDROSA","u2Número":"100","u2Compleme":null,"u2Edifíci":null,"u2ÁreaTer":440.0,"u2ÁreaTot":217.79,"u2ÁreaCon":217.79,"u2TipoImó":"CASA ISOLADA","u2Patrimô":"Próprio"},"geometry":{"type":"MultiPolygon","coordinates":[[[[-34.830432781346786,-7.023442990373208],[-34.829751834935372,-7.023503423627204],[-34.829757469675265,-7.023619741618599],[-34.830444534361192,-7.023531258855343],[-34.830432781346786,-7.023442990373208]]]]}},
{"type":"Feature","properties":{"fid":527,"Endereco":"Rua Vitorino Cardoso","Bairro":"Poço","Quadra":"P","Lote":"03","Municipio":"Cabedelo-PB","Loteamento":"Monsenhor Pieres","area_pecunia":null,"Situacao_recuo":null,"valor_m2":null,"valor_total":0.0,"valor_formatado":"R$ 0,00","geocodigo":"10004028040428","fid_2":16368.0,"id":16375.0,"distrito":"1","setor":"0004","quadra_2":"028","lote_2":"0428","geocode":"10004028040428","zoneamento":"Zona de Interesse Turístico (ZIT)","shape_leng":163.717418589,"shape_area":540.81,"bairro_2":"Poco","faces":"04","Reurb":null,"u_Inscriç":"1.0004.028.04.0428.0000.1","u_Sequenci":10117687,"u_Propriet":"ELINE CESAR DE LACERDA","u_Propri_1":"203.224.884-00","u_ÁreaTer":309.0,"u_ÁreaTot":159.5,"u_ÁreaCon":159.5,"u_TipoImó":"CASA ISOLADA","u_Patrimô":"Próprio","u2Natureza":"PREDIAL","u2Logradou":"RUA LUNA PEDROSA","u2Número":"831","u2Compleme":null,"u2Edifíci":null,"u2ÁreaTer":309.0,"u2ÁreaTot":159.5,"u2ÁreaCon":159.5,"u2TipoImó":"CASA ISOLADA","u2Patrimô":"Próprio"},"geometry":{"type":"MultiPolygon","coordinates":[[[[-34.830411728954061,-7.023285092216792],[-34.829744415063985,-7.023350254823151],[-34.829747522801014,-7.023414408050832],[-34.830420680111018,-7.023352117682204],[-34.830411728954061,-7.023285092216792]]]]}},
{"type":"Feature","properties":{"fid":528,"Endereco":"Rua Vitorino Cardoso","Bairro":"Poço","Quadra":"P","Lote":"01","Municipio":"Cabedelo-PB","Loteamento":"Monsenhor Pieres","area_pecunia":null,"Situacao_recuo":null,"valor_m2":null,"valor_total":0.0,"valor_formatado":"R$ 0,00","geocodigo":"10004028040412","fid_2":16366.0,"id":16373.0,"distrito":"1","setor":"0004","quadra_2":"028","lote_2":"0412","geocode":"10004028040412","zoneamento":"Zona de Interesse Turístico (ZIT)","shape_leng":268.33728141300003,"shape_area":1019.4,"bairro_2":"Poco","faces":"04","Reurb":null,"u_Inscriç":"1.0004.028.04.0412.0000.0","u_Sequenci":10117660,"u_Propriet":"REJANE CLARK SERRANO","u_Propri_1":"108.900.254-87","u_ÁreaTer":400.0,"u_ÁreaTot":333.54,"u_ÁreaCon":333.54,"u_TipoImó":"CASA ISOLADA","u_Patrimô":"Próprio","u2Natureza":"PREDIAL","u2Logradou":"RUA LUNA PEDROSA","u2Número":"S/N","u2Compleme":null,"u2Edifíci":null,"u2ÁreaTer":400.0,"u2ÁreaTot":333.54,"u2ÁreaCon":333.54,"u2TipoImó":"CASA ISOLADA","u2Patrimô":"Próprio"},"geometry":{"type":"MultiPolygon","coordinates":[[[[-34.830401507975019,-7.023210163218514],[-34.830392226081571,-7.023137378477847],[-34.829981256776641,-7.023189686842786],[-34.829737757734001,-7.023212826887013],[-34.82974097597323,-7.023279261362012],[-34.829987529611365,-7.023258081722229],[-34.830401507975019,-7.023210163218514]]]]}},
{"type":"Feature","properties":{"fid":529,"Endereco":"Rua Vitorino Cardoso","Bairro":"Poço","Quadra":"B","Lote":"05","Municipio":"Cabedelo-PB","Loteamento":"Leonor viana","area_pecunia":null,"Situacao_recuo":null,"valor_m2":null,"valor_total":0.0,"valor_formatado":"R$ 0,00","geocodigo":"10004028040404","fid_2":16819.0,"id":16830.0,"distrito":"1","setor":"0004","quadra_2":"028","lote_2":"0404","geocode":"10004028040404","zoneamento":"Zona de Interesse Turístico (ZIT)","shape_leng":158.72728848899999,"shape_area":581.33,"bairro_2":"Poco","faces":"04","Reurb":null,"u_Inscriç":"1.0004.028.04.0404.0000.6","u_Sequenci":10117652,"u_Propriet":"SERGIO ROLIM MENDONCA","u_Propri_1":"004.815.054-15","u_ÁreaTer":351.0,"u_ÁreaTot":35.2,"u_ÁreaCon":35.2,"u_TipoImó":"COMERCIAL","u_Patrimô":"Próprio","u2Natureza":"PREDIAL","u2Logradou":"RUA LUNA PEDROSA","u2Número":"SN","u2Compleme":null,"u2Edifíci":null,"u2ÁreaTer":351.0,"u2ÁreaTot":35.2,"u2ÁreaCon":35.2,"u2TipoImó":"COMERCIAL","u2Patrimô":"Próprio"},"geometry":{"type":"MultiPolygon","coordinates":[[[[-34.830383757070173,-7.023072211574793],[-34.829732716699567,-7.023126768622488],[-34.829737757734001,-7.023212826887013],[-34.829981256776641,-7.023189686842786],[-34.830392226081571,-7.023137378477847],[-34.830383757070173,-7.023072211574793]]]]}},
{"type":"Feature","properties":{"fid":530,"Endereco":"Rua Vitorino Cardoso","Bairro":"Poço","Quadra":"B","Lote":"04","Municipio":"Cabedelo-PB","Loteamento":"Leonor viana","area_pecunia":null,"Situacao_recuo":null,"valor_m2":null,"valor_total":0.0,"valor_formatado":"R$ 0,00","geocodigo":"10004028040394","fid_2":16253.0,"id":16261.0,"distrito":"1","setor":"0004","quadra_2":"028","lote_2":"0394","geocode":"10004028040394","zoneamento":"Zona de Interesse Turístico (ZIT)","shape_leng":161.28521709,"shape_area":667.41,"bairro_2":"Poco","faces":"04","Reurb":null,"u_Inscriç":"1.0004.028.04.0394.0000.6","u_Sequenci":10117644,"u_Propriet":"SERGIO ROLIM MENDONCA","u_Propri_1":"004.815.054-15","u_ÁreaTer":390.0,"u_ÁreaTot":472.0,"u_ÁreaCon":472.0,"u_TipoImó":"CASA ISOLADA","u_Patrimô":"Próprio","u2Natureza":"PREDIAL","u2Logradou":"RUA LUNA PEDROSA","u2Número":"800","u2Compleme":null,"u2Edifíci":null,"u2ÁreaTer":390.0,"u2ÁreaTot":472.0,"u2ÁreaCon":472.0,"u2TipoImó":"CASA ISOLADA","u2Patrimô":"Próprio"},"geometry":{"type":"MultiPolygon","coordinates":[[[[-34.830383757070173,-7.023072211574793],[-34.830372319271554,-7.022980399410161],[-34.830021687480986,-7.023020821019606],[-34.829728490525831,-7.023054621213278],[-34.829732716699567,-7.023126768622488],[-34.830383757070173,-7.023072211574793]]]]}},
{"type":"Feature","properties":{"fid":531,"Endereco":"Rua Vitorino Cardoso","Bairro":"Poço","Quadra":"B","Lote":"03","Municipio":"Cabedelo-PB","Loteamento":"Leonor viana","area_pecunia":null,"Situacao_recuo":null,"valor_m2":null,"valor_total":0.0,"valor_formatado":"R$ 0,00","geocodigo":"10004028040384","fid_2":16252.0,"id":16260.0,"distrito":"1","setor":"0004","quadra_2":"028","lote_2":"0384","geocode":"10004028040384","zoneamento":"Zona de Interesse Turístico (ZIT)","shape_leng":166.26177789299999,"shape_area":867.84,"bairro_2":"Poco","faces":"04","Reurb":null,"u_Inscriç":"1.0004.028.04.0384.0000.2","u_Sequenci":10117636,"u_Propriet":"MARIA DE LOURDES S BRANDAO","u_Propri_1":null,"u_ÁreaTer":468.0,"u_ÁreaTot":429.27,"u_ÁreaCon":429.27,"u_TipoImó":"CASA ISOLADA","u_Patrimô":"Próprio","u2Natureza":"PREDIAL","u2Logradou":"RUA LUNA PEDROSA","u2Número":"792","u2Compleme":null,"u2Edifíci":null,"u2ÁreaTer":468.0,"u2ÁreaTot":429.27,"u2ÁreaCon":429.27,"u2TipoImó":"CASA ISOLADA","u2Patrimô":"Próprio"},"geometry":{"type":"MultiPolygon","coordinates":[[[[-34.830372319271554,-7.022980399410161],[-34.830358100137943,-7.02286827150144],[-34.830007468424945,-7.022908693079004],[-34.829721871103729,-7.022941617158856],[-34.829728490525831,-7.023054621213278],[-34.830021687480986,-7.023020821019606],[-34.830372319271554,-7.022980399410161]]]]}},
{"type":"Feature","properties":{"fid":532,"Endereco":"Rua Vitorino Cardoso","Bairro":"Poço","Quadra":"B","Lote":"02","Municipio":"Cabedelo-PB","Loteamento":"Leonor viana","area_pecunia":null,"Situacao_recuo":null,"valor_m2":null,"valor_total":0.0,"valor_formatado":"R$ 0,00","geocodigo":"10004028040373","fid_2":16251.0,"id":16259.0,"distrito":"1","setor":"0004","quadra_2":"028","lote_2":"0373","geocode":"10004028040373","zoneamento":"Zona de Interesse Turístico (ZIT)","shape_leng":159.34666448799999,"shape_area":672.78,"bairro_2":"Poco","faces":"04","Reurb":null,"u_Inscriç":"1.0004.028.04.0373.0000.4","u_Sequenci":10117628,"u_Propriet":"MARIA ELIANA AGRA DE BRITO","u_Propri_1":"365.039.244-53","u_ÁreaTer":390.0,"u_ÁreaTot":365.53,"u_ÁreaCon":365.53,"u_TipoImó":"CASA ISOLADA","u_Patrimô":"Próprio","u2Natureza":"PREDIAL","u2Logradou":"RUA LUNA PEDROSA","u2Número":"344","u2Compleme":null,"u2Edifíci":null,"u2ÁreaTer":390.0,"u2ÁreaTot":365.53,"u2ÁreaCon":365.53,"u2TipoImó":"CASA ISOLADA","u2Patrimô":"Próprio"},"geometry":{"type":"MultiPolygon","coordinates":[[[[-34.830358100137943,-7.02286827150144],[-34.830347293605548,-7.022783054288984],[-34.82999666195149,-7.022823475842301],[-34.829716840349775,-7.022855734076532],[-34.829721871103729,-7.022941617158856],[-34.830007468424945,-7.022908693079004],[-34.830358100137943,-7.02286827150144]]]]}},
{"type":"Feature","properties":{"fid":533,"Endereco":"Rua Vitorino Cardoso","Bairro":"Poço","Quadra":"B","Lote":"01","Municipio":"Cabedelo-PB","Loteamento":"Leonor viana","area_pecunia":null,"Situacao_recuo":null,"valor_m2":null,"valor_total":0.0,"valor_formatado":"R$ 0,00","geocodigo":"10004028040362","fid_2":16365.0,"id":16372.0,"distrito":"1","setor":"0004","quadra_2":"028","lote_2":"0362","geocode":"10004028040362","zoneamento":"Zona de Interesse Turístico (ZIT)","shape_leng":163.30895807900001,"shape_area":823.98,"bairro_2":"Poco","faces":"04","Reurb":null,"u_Inscriç":"1.0004.028.04.0362.0000.6","u_Sequenci":10117610,"u_Propriet":"INCORPORADORA E CONSTRUTORA ELO FORTE LTDA","u_Propri_1":"11.756.011/0001-12","u_ÁreaTer":448.5,"u_ÁreaTot":255.32,"u_ÁreaCon":255.32,"u_TipoImó":"CASA ISOLADA","u_Patrimô":"Próprio","u2Natureza":"PREDIAL","u2Logradou":"RUA LUNA PEDROSA","u2Número":"298","u2Compleme":null,"u2Edifíci":null,"u2ÁreaTer":448.5,"u2ÁreaTot":255.32,"u2ÁreaCon":255.32,"u2TipoImó":"CASA ISOLADA","u2Patrimô":"Próprio"},"geometry":{"type":"MultiPolygon","coordinates":[[[[-34.830347293605548,-7.022783054288984],[-34.830334212024262,-7.022679896608697],[-34.829983580441564,-7.0227203181327],[-34.829710286474835,-7.022743848710016],[-34.829716840349775,-7.022855734076532],[-34.82999666195149,-7.022823475842301],[-34.830347293605548,-7.022783054288984]]]]}},
{"type":"Feature","properties":{"fid":534,"Endereco":"Rua Vitorino Cardoso","Bairro":"Poço","Quadra":"A","Lote":"04","Municipio":"Cabedelo-PB","Loteamento":"Leonor Viana","area_pecunia":null,"Situacao_recuo":null,"valor_m2":null,"valor_total":0.0,"valor_formatado":"R$ 0,00","geocodigo":"10004010040222","fid_2":16246.0,"id":16254.0,"distrito":"1","setor":"0004","quadra_2":"010","lote_2":"0222","geocode":"10004010040222","zoneamento":"Zona de Interesse Turístico (ZIT)","shape_leng":153.18535498200001,"shape_area":581.8,"bairro_2":"Poco","faces":"04","Reurb":null,"u_Inscriç":"1.0004.010.04.0222.0000.2","u_Sequenci":10114416,"u_Propriet":"DAILTON UCHOA LEITE E S/M","u_Propri_1":"436.778.274-34","u_ÁreaTer":384.0,"u_ÁreaTot":150.0,"u_ÁreaCon":150.0,"u_TipoImó":"CASA GEMINADA(1 LAD)","u_Patrimô":"Próprio","u2Natureza":"PREDIAL","u2Logradou":"RUA LUNA PEDROSA","u2Número":"780","u2Compleme":null,"u2Edifíci":null,"u2ÁreaTer":384.0,"u2ÁreaTot":150.0,"u2ÁreaCon":150.0,"u2TipoImó":"CASA GEMINADA(1 LAD)","u2Patrimô":"Próprio"},"geometry":{"type":"MultiPolygon","coordinates":[[[[-34.83031898391895,-7.022577905259896],[-34.830310877041583,-7.022506015612527],[-34.829980662716416,-7.022549640048721],[-34.829700699327354,-7.022586625678499],[-34.829708053116335,-7.022658614838131],[-34.829988769547001,-7.022621529714639],[-34.83031898391895,-7.022577905259896]]]]}},
{"type":"Feature","properties":{"fid":535,"Endereco":"Rua Vitorino Cardoso","Bairro":"Poço","Quadra":"A","Lote":"03","Municipio":"Cabedelo-PB","Loteamento":"Leonor Viana","area_pecunia":null,"Situacao_recuo":null,"valor_m2":null,"valor_total":0.0,"valor_formatado":"R$ 0,00","geocodigo":"10004010040206","fid_2":16247.0,"id":16255.0,"distrito":"1","setor":"0004","quadra_2":"010","lote_2":"0206","geocode":"10004010040206","zoneamento":"Zona de Interesse Turístico (ZIT)","shape_leng":150.48164028299999,"shape_area":569.16,"bairro_2":"Poco","faces":"04","Reurb":null,"u_Inscriç":"1.0004.010.04.0206.0000.3","u_Sequenci":10332022,"u_Propriet":"ANTONIO AURELIO DOS ANJOS NOVAIS","u_Propri_1":"108.739.534-87","u_ÁreaTer":304.5,"u_ÁreaTot":353.95,"u_ÁreaCon":353.95,"u_TipoImó":"COMERCIAL","u_Patrimô":"Próprio","u2Natureza":"PREDIAL","u2Logradou":"RUA LUNA PEDROSA","u2Número":"S/N","u2Compleme":null,"u2Edifíci":null,"u2ÁreaTer":304.5,"u2ÁreaTot":353.95,"u2ÁreaCon":353.95,"u2TipoImó":"COMERCIAL","u2Patrimô":"Próprio"},"geometry":{"type":"MultiPolygon","coordinates":[[[[-34.830310877041583,-7.022506015612527],[-34.830301047459919,-7.022418849413736],[-34.829970833191474,-7.022462473827509],[-34.829691782865076,-7.022499338821289],[-34.829700699327354,-7.022586625678499],[-34.829980662716416,-7.022549640048721],[-34.830310877041583,-7.022506015612527]]]]}},
{"type":"Feature","properties":{"fid":536,"Endereco":"Rua Vitorino Cardoso","Bairro":"Poço","Quadra":"A","Lote":"02","Municipio":"Cabedelo-PB","Loteamento":"Leonor Viana","area_pecunia":null,"Situacao_recuo":null,"valor_m2":null,"valor_total":0.0,"valor_formatado":"R$ 0,00","geocodigo":"10004010040197","fid_2":16248.0,"id":16256.0,"distrito":"1","setor":"0004","quadra_2":"010","lote_2":"0197","geocode":"10004010040197","zoneamento":"Zona de Interesse Turístico (ZIT)","shape_leng":143.37390133400001,"shape_area":496.28,"bairro_2":"Poco","faces":"04","Reurb":null,"u_Inscriç":"1.0004.010.04.0197.0000.8","u_Sequenci":10114394,"u_Propriet":"SANTIAGO NÓBREGA","u_Propri_1":"025.421.704-44","u_ÁreaTer":384.0,"u_ÁreaTot":425.75,"u_ÁreaCon":425.75,"u_TipoImó":"CASA ISOLADA","u_Patrimô":"Próprio","u2Natureza":"PREDIAL","u2Logradou":"RUA LUNA PEDROSA","u2Número":"SN","u2Compleme":null,"u2Edifíci":null,"u2ÁreaTer":384.0,"u2ÁreaTot":425.75,"u2ÁreaCon":425.75,"u2TipoImó":"CASA ISOLADA","u2Patrimô":"Próprio"},"geometry":{"type":"MultiPolygon","coordinates":[[[[-34.829970833191474,-7.022462473827509],[-34.830266949253009,-7.022423354118675],[-34.830259146399435,-7.022354160329122],[-34.829963030378266,-7.022393280021924],[-34.829970833191474,-7.022462473827509]]],[[[-34.829720106452214,-7.022495597034766],[-34.829970833191474,-7.022462473827509],[-34.829963030378266,-7.022393280021924],[-34.829713028437212,-7.022426307468136],[-34.829720106452214,-7.022495597034766]]]]}},
{"type":"Feature","properties":{"fid":537,"Endereco":"Rua Vitorino Cardoso","Bairro":"Poço","Quadra":"A","Lote":"01","Municipio":"Cabedelo-PB","Loteamento":"Leonor Viana","area_pecunia":null,"Situacao_recuo":null,"valor_m2":null,"valor_total":0.0,"valor_formatado":"R$ 0,00","geocodigo":"10004010040186","fid_2":16362.0,"id":16369.0,"distrito":"1","setor":"0004","quadra_2":"010","lote_2":"0186","geocode":"10004010040186","zoneamento":"Zona de Interesse Turístico (ZIT)","shape_leng":142.831805968,"shape_area":673.91,"bairro_2":"Poco","faces":"04","Reurb":null,"u_Inscriç":"1.0004.010.04.0186.0000.0","u_Sequenci":10114386,"u_Propriet":"JOAO VASCONCELOS COSTA","u_Propri_1":"005.741.124-72","u_ÁreaTer":384.0,"u_ÁreaTot":228.63,"u_ÁreaCon":228.63,"u_TipoImó":"CASA ISOLADA","u_Patrimô":"Próprio","u2Natureza":"PREDIAL","u2Logradou":"RUA LUNA PEDROSA","u2Número":"274","u2Compleme":null,"u2Edifíci":null,"u2ÁreaTer":384.0,"u2ÁreaTot":228.63,"u2ÁreaCon":228.63,"u2TipoImó":"CASA ISOLADA","u2Patrimô":"Próprio"},"geometry":{"type":"MultiPolygon","coordinates":[[[[-34.829963030378266,-7.022393280021924],[-34.830259146399435,-7.022354160329122],[-34.830247492796119,-7.022250818953391],[-34.829951376835254,-7.022289938622357],[-34.829963030378266,-7.022393280021924]]],[[[-34.829713028437212,-7.022426307468136],[-34.829963030378266,-7.022393280021924],[-34.829951376835254,-7.022289938622357],[-34.82970245738467,-7.022322823049108],[-34.829713028437212,-7.022426307468136]]]]}},
{"type":"Feature","properties":{"fid":538,"Endereco":"Rua Vitorino Cardoso","Bairro":"Poço","Quadra":"A","Lote":"SN","Municipio":"Cabedelo-PB","Loteamento":"Leonor Viana","area_pecunia":null,"Situacao_recuo":null,"valor_m2":null,"valor_total":0.0,"valor_formatado":"R$ 0,00","geocodigo":"10004010040173","fid_2":16363.0,"id":16370.0,"distrito":"1","setor":"0004","quadra_2":"010","lote_2":"0173","geocode":"10004010040173","zoneamento":"Zona de Interesse Turístico (ZIT)","shape_leng":137.73509001100001,"shape_area":730.37,"bairro_2":"Poco","faces":"04","Reurb":null,"u_Inscriç":"1.0004.010.04.0173.0000.2","u_Sequenci":10114378,"u_Propriet":"JOSE BAPISTA DE MELO","u_Propri_1":null,"u_ÁreaTer":448.0,"u_ÁreaTot":325.59,"u_ÁreaCon":325.59,"u_TipoImó":"CASA ISOLADA","u_Patrimô":"Próprio","u2Natureza":"PREDIAL","u2Logradou":"RUA LUNA PEDROSA","u2Número":"694","u2Compleme":null,"u2Edifíci":null,"u2ÁreaTer":448.0,"u2ÁreaTot":325.59,"u2ÁreaCon":325.59,"u2TipoImó":"CASA ISOLADA","u2Patrimô":"Próprio"},"geometry":{"type":"MultiPolygon","coordinates":[[[[-34.830247492796119,-7.022250818953391],[-34.830234319170827,-7.022133998265327],[-34.829938203278125,-7.022173117907308],[-34.829938203278125,-7.022173117907291],[-34.82973420813564,-7.022200067439186],[-34.829746158018551,-7.022317049824461],[-34.829951376835254,-7.022289938622357],[-34.830247492796119,-7.022250818953391]]]]}},
{"type":"Feature","properties":{"fid":539,"Endereco":"Rua Vitorino Cardoso","Bairro":"Poço","Quadra":"A","Lote":"6A","Municipio":"Cabedelo-PB","Loteamento":"Leonor Viana","area_pecunia":null,"Situacao_recuo":null,"valor_m2":null,"valor_total":0.0,"valor_formatado":"R$ 0,00","geocodigo":"10004010040158","fid_2":16364.0,"id":16371.0,"distrito":"1","setor":"0004","quadra_2":"010","lote_2":"0158","geocode":"10004010040158","zoneamento":"Zona de Interesse Turístico (ZIT)","shape_leng":148.070539107,"shape_area":1013.83,"bairro_2":"Poco","faces":"04","Reurb":null,"u_Inscriç":"1.0004.010.04.0158.0000.8","u_Sequenci":10114360,"u_Propriet":"RODRIGO MARQUES DA SILVA","u_Propri_1":"879.032.884-15","u_ÁreaTer":612.0,"u_ÁreaTot":561.26,"u_ÁreaCon":561.26,"u_TipoImó":"CASA ISOLADA","u_Patrimô":"Próprio","u2Natureza":"PREDIAL","u2Logradou":"RUA LUNA PEDROSA","u2Número":"676","u2Compleme":null,"u2Edifíci":null,"u2ÁreaTer":612.0,"u2ÁreaTot":561.26,"u2ÁreaCon":561.26,"u2TipoImó":"CASA ISOLADA","u2Patrimô":"Próprio"},"geometry":{"type":"MultiPolygon","coordinates":[[[[-34.829929230067734,-7.022174303348282],[-34.830234319170827,-7.022133998265327],[-34.830216078789761,-7.021972246539037],[-34.829910989783905,-7.022012551583516],[-34.829717662166168,-7.022038091824888],[-34.82973420813564,-7.022200067439186],[-34.829929230067734,-7.022174303348248],[-34.829929230067734,-7.022174303348282]]]]}},
{"type":"Feature","properties":{"fid":540,"Endereco":"Rua Vitorino Cardoso","Bairro":"Poço","Quadra":"A","Lote":"01","Municipio":"Cabedelo-PB","Loteamento":"Vitorino Cardoso","area_pecunia":null,"Situacao_recuo":null,"valor_m2":null,"valor_total":0.0,"valor_formatado":"R$ 0,00","geocodigo":"10004009030304","fid_2":16361.0,"id":16368.0,"distrito":"1","setor":"0004","quadra_2":"009","lote_2":"0304","geocode":"10004009030304","zoneamento":"Zona de Interesse Turístico (ZIT)","shape_leng":132.98584878,"shape_area":580.59,"bairro_2":"Poco","faces":"03","Reurb":null,"u_Inscriç":"1.0004.009.03.0304.0000.0","u_Sequenci":10114351,"u_Propriet":"JALSER RENIER PADILHA","u_Propri_1":"383.531.992-20","u_ÁreaTer":332.5,"u_ÁreaTot":137.45,"u_ÁreaCon":137.45,"u_TipoImó":"CASA ISOLADA","u_Patrimô":"Próprio","u2Natureza":"PREDIAL","u2Logradou":"RUA LUNA PEDROSA","u2Número":"128","u2Compleme":null,"u2Edifíci":null,"u2ÁreaTer":332.5,"u2ÁreaTot":137.45,"u2ÁreaCon":137.45,"u2TipoImó":"CASA ISOLADA","u2Patrimô":"Próprio"},"geometry":{"type":"MultiPolygon","coordinates":[[[[-34.829936272479834,-7.021860764827439],[-34.829936272479834,-7.021860764827439],[-34.829700690276809,-7.021886791136413],[-34.82970876154701,-7.021976864357077],[-34.82994401423548,-7.021950874441186],[-34.829944014235487,-7.021950874441286],[-34.830213939432745,-7.021921053879584],[-34.830206197628236,-7.021830944283408],[-34.829936272479834,-7.021860764827439]]]]}},
{"type":"Feature","properties":{"fid":541,"Endereco":"Rua Vitorino Cardoso","Bairro":"Poço","Quadra":"A","Lote":"89","Municipio":"Cabedelo-PB","Loteamento":"Vitorino Cardoso","area_pecunia":null,"Situacao_recuo":null,"valor_m2":null,"valor_total":0.0,"valor_formatado":"R$ 0,00","geocodigo":"10004009030293","fid_2":16234.0,"id":16242.0,"distrito":"1","setor":"0004","quadra_2":"009","lote_2":"0293","geocode":"10004009030293","zoneamento":"Zona de Interesse Turístico (ZIT)","shape_leng":132.852633846,"shape_area":566.19,"bairro_2":"Poco","faces":"03","Reurb":null,"u_Inscriç":"1.0004.009.03.0293.0003.0","u_Sequenci":10114343,"u_Propriet":"MARIA DAS GRACAS DE ALMEIDA","u_Propri_1":"281.663.704-25","u_ÁreaTer":320.0,"u_ÁreaTot":258.96,"u_ÁreaCon":150.06,"u_TipoImó":"CASA GEMINADA(1 LAD)","u_Patrimô":"Próprio","u2Natureza":"PREDIAL","u2Logradou":"RUA LUNA PEDROSA","u2Número":"98","u2Compleme":null,"u2Edifíci":null,"u2ÁreaTer":320.0,"u2ÁreaTot":258.96,"u2ÁreaCon":150.06,"u2TipoImó":"CASA GEMINADA(1 LAD)","u2Patrimô":"Próprio"},"geometry":{"type":"MultiPolygon","coordinates":[[[[-34.829936272479834,-7.021860764827439],[-34.830206197628236,-7.021830944283408],[-34.830198455831173,-7.021740834686006],[-34.829928530731635,-7.02177065521238],[-34.829692619014139,-7.02179671791414],[-34.829700690276809,-7.021886791136413],[-34.829936272479834,-7.021860764827439]]]]}},
{"type":"Feature","properties":{"fid":542,"Endereco":"Rua Vitorino Cardoso","Bairro":"Poço","Quadra":"A","Lote":"88","Municipio":"Cabedelo-PB","Loteamento":"Vitorino Cardoso","area_pecunia":null,"Situacao_recuo":null,"valor_m2":null,"valor_total":0.0,"valor_formatado":"R$ 0,00","geocodigo":"10004009030286","fid_2":16359.0,"id":16366.0,"distrito":"1","setor":"0004","quadra_2":"009","lote_2":"0286","geocode":"10004009030286","zoneamento":"Zona de Interesse Turístico (ZIT)","shape_leng":133.731140592,"shape_area":579.34,"bairro_2":"Poco","faces":"03","Reurb":null,"u_Inscriç":"1.0004.009.03.0286.0000.6","u_Sequenci":10114319,"u_Propriet":"JOSE JUVENCIO DE A FILHO","u_Propri_1":"005.661.874-34","u_ÁreaTer":315.0,"u_ÁreaTot":335.75,"u_ÁreaCon":335.75,"u_TipoImó":"CASA ISOLADA","u_Patrimô":"Próprio","u2Natureza":"PREDIAL","u2Logradou":"RUA LUNA PEDROSA","u2Número":"638","u2Compleme":null,"u2Edifíci":null,"u2ÁreaTer":315.0,"u2ÁreaTot":335.75,"u2ÁreaCon":335.75,"u2TipoImó":"CASA ISOLADA","u2Patrimô":"Próprio"},"geometry":{"type":"MultiPolygon","coordinates":[[[[-34.829920401904033,-7.021676040115256],[-34.829684144196492,-7.021702141029508],[-34.829692619014139,-7.02179671791414],[-34.829928530731635,-7.02177065521238],[-34.830198455831173,-7.021740834686006],[-34.83019032695227,-7.021646219607439],[-34.829920401904033,-7.021676040115239],[-34.829920401904033,-7.021676040115256]]]]}},
{"type":"Feature","properties":{"fid":543,"Endereco":"Rua Vitorino Cardoso","Bairro":"Poço","Quadra":"A","Lote":"87","Municipio":"Cabedelo-PB","Loteamento":"Vitorino Cardoso","area_pecunia":null,"Situacao_recuo":null,"valor_m2":null,"valor_total":0.0,"valor_formatado":"R$ 0,00","geocodigo":"10004009030274","fid_2":16360.0,"id":16367.0,"distrito":"1","setor":"0004","quadra_2":"009","lote_2":"0274","geocode":"10004009030274","zoneamento":"Zona de Interesse Turístico (ZIT)","shape_leng":129.994665951,"shape_area":462.22,"bairro_2":"Poco","faces":"03","Reurb":null,"u_Inscriç":"1.0004.009.03.0274.0000.3","u_Sequenci":10114300,"u_Propriet":"FABIANO CAVALCANTI DE MELO","u_Propri_1":"035.671.764-04","u_ÁreaTer":256.0,"u_ÁreaTot":285.14,"u_ÁreaCon":285.14,"u_TipoImó":"CASA GEMINADA(1 LAD)","u_Patrimô":"Próprio","u2Natureza":"PREDIAL","u2Logradou":"RUA LUNA PEDROSA","u2Número":"87","u2Compleme":null,"u2Edifíci":null,"u2ÁreaTer":256.0,"u2ÁreaTot":285.14,"u2ÁreaCon":285.14,"u2TipoImó":"CASA GEMINADA(1 LAD)","u2Patrimô":"Próprio"},"geometry":{"type":"MultiPolygon","coordinates":[[[[-34.83019032695227,-7.021646219607439],[-34.830184133526245,-7.021574131927601],[-34.829914208517089,-7.021603952421264],[-34.829677687198156,-7.021630082449669],[-34.829684144196492,-7.021702141029508],[-34.829920401904033,-7.021676040115256],[-34.829920401904033,-7.021676040115239],[-34.83019032695227,-7.021646219607439]]]]}},
{"type":"Feature","properties":{"fid":544,"Endereco":"Rua Vitorino Cardoso","Bairro":"Poço","Quadra":"A","Lote":"86","Municipio":"Cabedelo-PB","Loteamento":"Vitorino Cardoso","area_pecunia":null,"Situacao_recuo":null,"valor_m2":null,"valor_total":0.0,"valor_formatado":"R$ 0,00","geocodigo":"10004009030265","fid_2":16358.0,"id":16365.0,"distrito":"1","setor":"0004","quadra_2":"009","lote_2":"0265","geocode":"10004009030265","zoneamento":"Zona de Interesse Turístico (ZIT)","shape_leng":132.94311674100001,"shape_area":485.5,"bairro_2":"Poco","faces":"03","Reurb":null,"u_Inscriç":"1.0004.009.03.0265.0000.4","u_Sequenci":10114297,"u_Propriet":"FERNANDO DE CARVALHO RABELLO","u_Propri_1":"003.341.464-53","u_ÁreaTer":288.0,"u_ÁreaTot":370.17,"u_ÁreaCon":370.17,"u_TipoImó":"CASA GEMINADA(2 LAD)","u_Patrimô":"Próprio","u2Natureza":"PREDIAL","u2Logradou":"RUA LUNA PEDROSA","u2Número":"170","u2Compleme":null,"u2Edifíci":null,"u2ÁreaTer":288.0,"u2ÁreaTot":370.17,"u2ÁreaCon":370.17,"u2TipoImó":"CASA GEMINADA(2 LAD)","u2Patrimô":"Próprio"},"geometry":{"type":"MultiPolygon","coordinates":[[[[-34.830184133526245,-7.021574131927601],[-34.830177165927651,-7.021493033286849],[-34.82990724096247,-7.02152285376464],[-34.829670423080813,-7.021549016546421],[-34.829677687198156,-7.021630082449669],[-34.829914208517089,-7.021603952421264],[-34.830184133526245,-7.021574131927601]]]]}},
{"type":"Feature","properties":{"fid":545,"Endereco":"Rua Vitorino Cardoso","Bairro":"Poço","Quadra":"A","Lote":"85","Municipio":"Cabedelo-PB","Loteamento":"Vitorino Cardoso","area_pecunia":null,"Situacao_recuo":null,"valor_m2":null,"valor_total":0.0,"valor_formatado":"R$ 0,00","geocodigo":"10004009030257","fid_2":16357.0,"id":16364.0,"distrito":"1","setor":"0004","quadra_2":"009","lote_2":"0257","geocode":"10004009030257","zoneamento":"Zona de Interesse Turístico (ZIT)","shape_leng":137.23401475399999,"shape_area":571.52,"bairro_2":"Poco","faces":"03","Reurb":null,"u_Inscriç":"1.0004.009.03.0257.0000.0","u_Sequenci":10114289,"u_Propriet":"ANDRÉ ZANETTI BAPTISTA","u_Propri_1":"212.808.878-00","u_ÁreaTer":300.0,"u_ÁreaTot":411.52,"u_ÁreaCon":411.52,"u_TipoImó":"CASA GEMINADA(1 LAD)","u_Patrimô":"Próprio","u2Natureza":"PREDIAL","u2Logradou":"RUA LUNA PEDROSA","u2Número":"76","u2Compleme":null,"u2Edifíci":null,"u2ÁreaTer":300.0,"u2ÁreaTot":411.52,"u2ÁreaCon":411.52,"u2TipoImó":"CASA GEMINADA(1 LAD)","u2Patrimô":"Próprio"},"geometry":{"type":"MultiPolygon","coordinates":[[[[-34.830177165927651,-7.021493033286849],[-34.830169533020893,-7.021404190778976],[-34.829899516978102,-7.021433748278859],[-34.82966241984419,-7.02145970215905],[-34.829670423080813,-7.021549016546421],[-34.82990724096247,-7.02152285376464],[-34.830177165927651,-7.021493033286849]]]]}},
{"type":"Feature","properties":{"fid":546,"Endereco":"Rua Vitorino Cardoso","Bairro":"Poço","Quadra":"E","Lote":"04","Municipio":"Cabedelo-PB","Loteamento":"Jardim Nazareth","area_pecunia":null,"Situacao_recuo":null,"valor_m2":null,"valor_total":0.0,"valor_formatado":"R$ 0,00","geocodigo":"10004009030246","fid_2":16245.0,"id":16253.0,"distrito":"1","setor":"0004","quadra_2":"009","lote_2":"0246","geocode":"10004009030246","zoneamento":"Zona de Interesse Turístico (ZIT)","shape_leng":128.23067317,"shape_area":550.34,"bairro_2":"Poco","faces":"03","Reurb":null,"u_Inscriç":"1.0004.009.03.0246.0000.1","u_Sequenci":10114270,"u_Propriet":"SANTIAGO NÓBREGA","u_Propri_1":"025.421.704-44","u_ÁreaTer":379.5,"u_ÁreaTot":269.3,"u_ÁreaCon":269.3,"u_TipoImó":"CASA GEMINADA(1 LAD)","u_Patrimô":"Próprio","u2Natureza":"PREDIAL","u2Logradou":"RUA LUNA PEDROSA","u2Número":"64","u2Compleme":null,"u2Edifíci":null,"u2ÁreaTer":379.5,"u2ÁreaTot":269.3,"u2ÁreaCon":269.3,"u2TipoImó":"CASA GEMINADA(1 LAD)","u2Patrimô":"Próprio"},"geometry":{"type":"MultiPolygon","coordinates":[[[[-34.829859092644732,-7.021438173344171],[-34.830169533020893,-7.021404190778976],[-34.830161017287772,-7.021305072594952],[-34.829850576973442,-7.02133905513782],[-34.8296788562999,-7.021357852560625],[-34.82966241984419,-7.02145970215905],[-34.829859092644732,-7.021438173344171]]]]}},
{"type":"Feature","properties":{"fid":547,"Endereco":"Rua Vitorino Cardoso","Bairro":"Poço","Quadra":"E","Lote":"03","Municipio":"Cabedelo-PB","Loteamento":"Jardim Nazareth","area_pecunia":null,"Situacao_recuo":null,"valor_m2":null,"valor_total":0.0,"valor_formatado":"R$ 0,00","geocodigo":"10004009030238","fid_2":16250.0,"id":16258.0,"distrito":"1","setor":"0004","quadra_2":"009","lote_2":"0238","geocode":"10004009030238","zoneamento":"Zona de Interesse Turístico (ZIT)","shape_leng":150.082892821,"shape_area":696.49,"bairro_2":"Poco","faces":"03","Reurb":null,"u_Inscriç":"1.0004.009.03.0238.0000.7","u_Sequenci":10114262,"u_Propriet":"ACIDALIA DE MELO CHAVES","u_Propri_1":"189.838.804-06","u_ÁreaTer":392.2,"u_ÁreaTot":308.22,"u_ÁreaCon":308.22,"u_TipoImó":"CASA ISOLADA","u_Patrimô":"Próprio","u2Natureza":"PREDIAL","u2Logradou":"RUA LUNA PEDROSA","u2Número":"54","u2Compleme":null,"u2Edifíci":null,"u2ÁreaTer":392.2,"u2ÁreaTot":308.22,"u2ÁreaCon":308.22,"u2TipoImó":"CASA ISOLADA","u2Patrimô":"Próprio"},"geometry":{"type":"MultiPolygon","coordinates":[[[[-34.829842370971448,-7.02124354122844],[-34.829670300977753,-7.021262376881225],[-34.8296788562999,-7.021357852560625],[-34.83021275921763,-7.021299408612388],[-34.830213268841227,-7.021202940655662],[-34.829842370971448,-7.02124354122844]]]]}},
{"type":"Feature","properties":{"fid":549,"Endereco":"Rua Alfredo Nóbrega","Bairro":"Poço","Quadra":"D","Lote":"02","Municipio":"Cabedelo-PB","Loteamento":"Jardim Nazareth","area_pecunia":null,"Situacao_recuo":null,"valor_m2":null,"valor_total":0.0,"valor_formatado":"R$ 0,00","geocodigo":"10003202040289","fid_2":14038.0,"id":14045.0,"distrito":"1","setor":"0003","quadra_2":"202","lote_2":"0289","geocode":"10003202040289","zoneamento":"Zona de Interesse Turístico (ZIT)","shape_leng":124.326666205,"shape_area":637.13,"bairro_2":"Poco","faces":"04","Reurb":null,"u_Inscriç":"1.0003.202.04.0289.0000.9","u_Sequenci":10106359,"u_Propriet":"SANTIAGO NÓBREGA","u_Propri_1":"025.421.704-44","u_ÁreaTer":803.46,"u_ÁreaTot":203.48,"u_ÁreaCon":203.48,"u_TipoImó":"CASA ISOLADA","u_Patrimô":"Próprio","u2Natureza":"PREDIAL","u2Logradou":"RUA RODRIGUES DE CARVALHO","u2Número":"460","u2Compleme":null,"u2Edifíci":null,"u2ÁreaTer":803.46,"u2ÁreaTot":203.48,"u2ÁreaCon":203.48,"u2TipoImó":"CASA ISOLADA","u2Patrimô":"Próprio"},"geometry":{"type":"MultiPolygon","coordinates":[[[[-34.830112615584667,-7.019230391240709],[-34.830095299388823,-7.019109408704631],[-34.829643008784387,-7.019126915703376],[-34.829535287622512,-7.019131085246861],[-34.829541465721661,-7.019282882812854],[-34.829663723954802,-7.019271646718653],[-34.830112615584667,-7.019230391240709]]]]}},
{"type":"Feature","properties":{"fid":550,"Endereco":"Rua Alfredo Nóbrega","Bairro":"Poço","Quadra":"B","Lote":"09","Municipio":"Cabedelo-PB","Loteamento":"Jardim Nazareth","area_pecunia":null,"Situacao_recuo":null,"valor_m2":null,"valor_total":0.0,"valor_formatado":"R$ 0,00","geocodigo":"10003200010156","fid_2":14056.0,"id":14062.0,"distrito":"1","setor":"0003","quadra_2":"200","lote_2":"0156","geocode":"10003200010156","zoneamento":"Zona de Interesse Turístico (ZIT)","shape_leng":127.85642586,"shape_area":705.8,"bairro_2":"Poco","faces":"01","Reurb":null,"u_Inscriç":"1.0003.200.01.0156.0006.3","u_Sequenci":10106022,"u_Propriet":"VINA LUCIA CARVALHO RIBEIRO","u_Propri_1":"304.378.734-04","u_ÁreaTer":611.8,"u_ÁreaTot":615.0,"u_ÁreaCon":123.0,"u_TipoImó":"APARTAMENTO","u_Patrimô":"Próprio","u2Natureza":"PREDIAL","u2Logradou":"RUA RODRIGUES DE CARVALHO","u2Número":"257/A","u2Compleme":null,"u2Edifíci":null,"u2ÁreaTer":611.8,"u2ÁreaTot":615.0,"u2ÁreaCon":123.0,"u2TipoImó":"APARTAMENTO","u2Patrimô":"Próprio"},"geometry":{"type":"MultiPolygon","coordinates":[[[[-34.829517503527043,-7.017899237300507],[-34.829517503527043,-7.017899237300541],[-34.829487127536403,-7.017905192548335],[-34.829509083632978,-7.01801698207055],[-34.829548761043519,-7.018009203265738],[-34.829888986713357,-7.017942501466225],[-34.829869927403273,-7.017830144048101],[-34.829517503527043,-7.017899237300507]]]]}},
{"type":"Feature","properties":{"fid":551,"Endereco":"Rua Alfredo Nóbrega","Bairro":"Poço","Quadra":"B","Lote":"07","Municipio":"Cabedelo-PB","Loteamento":"Jardim Nazareth","area_pecunia":null,"Situacao_recuo":null,"valor_m2":null,"valor_total":0.0,"valor_formatado":"R$ 0,00","geocodigo":"10003200010134","fid_2":14058.0,"id":14064.0,"distrito":"1","setor":"0003","quadra_2":"200","lote_2":"0134","geocode":"10003200010134","zoneamento":"Zona de Interesse Turístico (ZIT)","shape_leng":145.74917754099999,"shape_area":597.45,"bairro_2":"Poco","faces":"01","Reurb":null,"u_Inscriç":"1.0003.200.01.0134.0000.8","u_Sequenci":10106006,"u_Propriet":"JACARE COM. REP. E SERVICOS LTDA","u_Propri_1":"03.182.404/0001-31","u_ÁreaTer":480.7,"u_ÁreaTot":132.0,"u_ÁreaCon":132.0,"u_TipoImó":"COMERCIAL","u_Patrimô":"Próprio","u2Natureza":"PREDIAL","u2Logradou":"RUA RODRIGUES DE CARVALHO","u2Número":"281","u2Compleme":null,"u2Edifíci":null,"u2ÁreaTer":480.7,"u2ÁreaTot":132.0,"u2ÁreaCon":132.0,"u2TipoImó":"COMERCIAL","u2Patrimô":"Próprio"},"geometry":{"type":"MultiPolygon","coordinates":[[[[-34.829452259730431,-7.017669705146286],[-34.829246581019824,-7.017710028617225],[-34.829267987089899,-7.017791520404458],[-34.829398563074299,-7.017765920884286],[-34.829475330720371,-7.017750870511985],[-34.829844212486357,-7.017678550700382],[-34.82983014492644,-7.017595620219144],[-34.829452259730431,-7.017669705146286]]]]}},
{"type":"Feature","properties":{"fid":552,"Endereco":"Rua Alfredo Nóbrega","Bairro":"Poço","Quadra":"B","Lote":"06","Municipio":"Cabedelo-PB","Loteamento":"Jardim Nazareth","area_pecunia":null,"Situacao_recuo":null,"valor_m2":null,"valor_total":0.0,"valor_formatado":"R$ 0,00","geocodigo":"10003200010121","fid_2":14059.0,"id":14065.0,"distrito":"1","setor":"0003","quadra_2":"200","lote_2":"0121","geocode":"10003200010121","zoneamento":"Zona de Interesse Turístico (ZIT)","shape_leng":152.83022406000001,"shape_area":764.74,"bairro_2":"Poco","faces":"01","Reurb":null,"u_Inscriç":"1.0003.200.01.0121.0002.7","u_Sequenci":10311726,"u_Propriet":"ANTONIO GONCALVES DA SILVA","u_Propri_1":"003.957.494-68","u_ÁreaTer":568.1,"u_ÁreaTot":265.84,"u_ÁreaCon":82.44,"u_TipoImó":"CASA GEMINADA(1 LAD)","u_Patrimô":"Próprio","u2Natureza":"PREDIAL","u2Logradou":"RUA RODRIGUES DE CARVALHO","u2Número":"206","u2Compleme":null,"u2Edifíci":null,"u2ÁreaTer":568.1,"u2ÁreaTot":265.84,"u2ÁreaCon":82.44,"u2TipoImó":"CASA GEMINADA(1 LAD)","u2Patrimô":"Próprio"},"geometry":{"type":"MultiPolygon","coordinates":[[[[-34.829424881367146,-7.017573386081785],[-34.82922637999981,-7.017633124351594],[-34.829246581019824,-7.017710028617225],[-34.829452259730438,-7.017669705146286],[-34.82983014492644,-7.017595620219144],[-34.829806872739944,-7.017458426897692],[-34.829424881367146,-7.017573386081785]]]]}},
{"type":"Feature","properties":{"fid":553,"Endereco":"Rua Alfredo Nóbrega","Bairro":"Poço","Quadra":"B","Lote":"05","Municipio":"Cabedelo-PB","Loteamento":"Jardim Nazareth","area_pecunia":null,"Situacao_recuo":null,"valor_m2":null,"valor_total":0.0,"valor_formatado":"R$ 0,00","geocodigo":"10003200010107","fid_2":14060.0,"id":14066.0,"distrito":"1","setor":"0003","quadra_2":"200","lote_2":"0107","geocode":"10003200010107","zoneamento":"Zona de Interesse Turístico (ZIT)","shape_leng":156.63338432500001,"shape_area":803.0,"bairro_2":"Poco","faces":"01","Reurb":null,"u_Inscriç":"1.0003.200.01.0107.0001.9","u_Sequenci":10105980,"u_Propriet":"LUIZ GUEDES SOBRINHO","u_Propri_1":"020.735.874-53","u_ÁreaTer":603.06,"u_ÁreaTot":415.38,"u_ÁreaCon":415.38,"u_TipoImó":"CASA ISOLADA","u_Patrimô":"Próprio","u2Natureza":"PREDIAL","u2Logradou":"RUA RODRIGUES DE CARVALHO","u2Número":"200","u2Compleme":null,"u2Edifíci":null,"u2ÁreaTer":603.06,"u2ÁreaTot":415.38,"u2ÁreaCon":415.38,"u2TipoImó":"CASA ISOLADA","u2Patrimô":"Próprio"},"geometry":{"type":"MultiPolygon","coordinates":[[[[-34.829394260073094,-7.01746744882086],[-34.829198696432435,-7.017527734340504],[-34.82922637999981,-7.017633124351594],[-34.829424881367146,-7.017573386081785],[-34.829806872739944,-7.017458426897692],[-34.829787823194479,-7.017346126623059],[-34.829394260073094,-7.01746744882086]]]]}},
{"type":"Feature","properties":{"fid":554,"Endereco":"Rua Alfredo Nóbrega","Bairro":"Poço","Quadra":"B","Lote":"04","Municipio":"Cabedelo-PB","Loteamento":"Jardim Nazareth","area_pecunia":null,"Situacao_recuo":null,"valor_m2":null,"valor_total":0.0,"valor_formatado":"R$ 0,00","geocodigo":"10003200010093","fid_2":14061.0,"id":14067.0,"distrito":"1","setor":"0003","quadra_2":"200","lote_2":"0093","geocode":"10003200010093","zoneamento":"Zona de Interesse Turístico (ZIT)","shape_leng":172.17634871499999,"shape_area":1228.69,"bairro_2":"Poco","faces":"01","Reurb":null,"u_Inscriç":"1.0003.200.01.0093.0000.2","u_Sequenci":10105972,"u_Propriet":"RAFAEL GONÇALVES DUARTE CUNHA","u_Propri_1":"063.242.374-94","u_ÁreaTer":511.29,"u_ÁreaTot":816.93,"u_ÁreaCon":816.93,"u_TipoImó":"CASA ISOLADA","u_Patrimô":"Próprio","u2Natureza":"PREDIAL","u2Logradou":"RUA RODRIGUES DE CARVALHO","u2Número":"156","u2Compleme":null,"u2Edifíci":null,"u2ÁreaTer":511.29,"u2ÁreaTot":816.93,"u2ÁreaCon":816.93,"u2TipoImó":"CASA ISOLADA","u2Patrimô":"Próprio"},"geometry":{"type":"MultiPolygon","coordinates":[[[[-34.829394260073101,-7.01746744882086],[-34.829787823194479,-7.017346126623059],[-34.829770297626716,-7.017242810367151],[-34.829373303793716,-7.017283274373388],[-34.829162975839964,-7.017304712131754],[-34.829198696432435,-7.017527734340504],[-34.829394260073101,-7.01746744882086]]]]}},
{"type":"Feature","properties":{"fid":555,"Endereco":"Rua Alfredo Nóbrega","Bairro":"Poço","Quadra":"B","Lote":"03","Municipio":"Cabedelo-PB","Loteamento":"Jardim Nazareth","area_pecunia":null,"Situacao_recuo":null,"valor_m2":null,"valor_total":0.0,"valor_formatado":"R$ 0,00","geocodigo":"10003200010081","fid_2":14062.0,"id":14068.0,"distrito":"1","setor":"0003","quadra_2":"200","lote_2":"0081","geocode":"10003200010081","zoneamento":"Zona de Interesse Turístico (ZIT)","shape_leng":161.971749816,"shape_area":928.43,"bairro_2":"Poco","faces":"01","Reurb":null,"u_Inscriç":"1.0003.200.01.0081.0000.0","u_Sequenci":10105964,"u_Propriet":"ANA COSTA GOLDFARB","u_Propri_1":"106.553.648-89","u_ÁreaTer":603.06,"u_ÁreaTot":733.81,"u_ÁreaCon":733.81,"u_TipoImó":"CASA ISOLADA","u_Patrimô":"Próprio","u2Natureza":"PREDIAL","u2Logradou":"RUA RODRIGUES DE CARVALHO","u2Número":"144","u2Compleme":null,"u2Edifíci":null,"u2ÁreaTer":603.06,"u2ÁreaTot":733.81,"u2ÁreaCon":733.81,"u2TipoImó":"CASA ISOLADA","u2Patrimô":"Próprio"},"geometry":{"type":"MultiPolygon","coordinates":[[[[-34.829373303793716,-7.017283274373388],[-34.829770297626709,-7.017242810367151],[-34.829749081326412,-7.017117736493534],[-34.829350734202194,-7.017158338399854],[-34.829142924253382,-7.017179519491237],[-34.829162975839964,-7.017304712131754],[-34.829373303793716,-7.017283274373388]]]]}},
{"type":"Feature","properties":{"fid":556,"Endereco":"Rua Alfredo Nóbrega","Bairro":"Poço","Quadra":"B","Lote":"02","Municipio":"Cabedelo-PB","Loteamento":"Jardim Nazareth","area_pecunia":null,"Situacao_recuo":null,"valor_m2":null,"valor_total":0.0,"valor_formatado":"R$ 0,00","geocodigo":"10003200010067","fid_2":14063.0,"id":14069.0,"distrito":"1","setor":"0003","quadra_2":"200","lote_2":"0067","geocode":"10003200010067","zoneamento":"Zona de Interesse Turístico (ZIT)","shape_leng":162.29580262100001,"shape_area":935.67,"bairro_2":"Poco","faces":"01","Reurb":null,"u_Inscriç":"1.0003.200.01.0067.0002.6","u_Sequenci":10311734,"u_Propriet":"ALLEY BORGES ESCOREL","u_Propri_1":"714.800.054-87","u_ÁreaTer":602.0,"u_ÁreaTot":288.57,"u_ÁreaCon":65.36,"u_TipoImó":"CASA ISOLADA","u_Patrimô":"Próprio","u2Natureza":"PREDIAL","u2Logradou":"RUA RODRIGUES DE CARVALHO","u2Número":"124","u2Compleme":null,"u2Edifíci":null,"u2ÁreaTer":602.0,"u2ÁreaTot":288.57,"u2ÁreaCon":65.36,"u2TipoImó":"CASA ISOLADA","u2Patrimô":"Próprio"},"geometry":{"type":"MultiPolygon","coordinates":[[[[-34.829328164631093,-7.017033402421467],[-34.829122872686,-7.017054326846608],[-34.829142924253382,-7.017179519491237],[-34.829350734202194,-7.017158338399835],[-34.829350734202194,-7.017158338399854],[-34.829749081326412,-7.017117736493534],[-34.829727865045861,-7.016992662615409],[-34.829328164631086,-7.01703340242145],[-34.829328164631093,-7.017033402421467]]]]}},
{"type":"Feature","properties":{"fid":557,"Endereco":"Rua Alfredo Nóbrega","Bairro":"Poço","Quadra":"A","Lote":"14","Municipio":"Cabedelo-PB","Loteamento":"Jardim Nazareth","area_pecunia":null,"Situacao_recuo":null,"valor_m2":null,"valor_total":0.0,"valor_formatado":"R$ 0,00","geocodigo":"10003150030212","fid_2":14187.0,"id":14188.0,"distrito":"1","setor":"0003","quadra_2":"150","lote_2":"0212","geocode":"10003150030212","zoneamento":"Zona de Interesse Turístico (ZIT)","shape_leng":99.631422984099999,"shape_area":376.66,"bairro_2":"Poco","faces":"03","Reurb":null,"u_Inscriç":"1.0003.150.03.0212.0000.3","u_Sequenci":10095136,"u_Propriet":"PEDRO CAVALCANTI ARRUDA FILHO","u_Propri_1":"002.372.214-20","u_ÁreaTer":360.0,"u_ÁreaTot":360.96,"u_ÁreaCon":360.96,"u_TipoImó":"CASA GEMINADA(1 LAD)","u_Patrimô":"Próprio","u2Natureza":"PREDIAL","u2Logradou":"RUA RODRIGUES DE CARVALHO","u2Número":"80","u2Compleme":null,"u2Edifíci":null,"u2ÁreaTer":360.0,"u2ÁreaTot":360.96,"u2ÁreaCon":360.96,"u2TipoImó":"CASA GEMINADA(1 LAD)","u2Patrimô":"Próprio"},"geometry":{"type":"MultiPolygon","coordinates":[[[[-34.829670443042886,-7.016668997605241],[-34.829646948960686,-7.016590497797146],[-34.829314861139373,-7.016648613818215],[-34.829044620704565,-7.016695906248981],[-34.829064734891588,-7.016774997582497],[-34.829338355175651,-7.016727113656421],[-34.829338355175643,-7.016727113656404],[-34.829670443042886,-7.016668997605241]]]]}},
{"type":"Feature","properties":{"fid":558,"Endereco":"Rua Alfredo Nóbrega","Bairro":"Poço","Quadra":"A","Lote":"13","Municipio":"Cabedelo-PB","Loteamento":"Jardim Nazareth","area_pecunia":null,"Situacao_recuo":null,"valor_m2":null,"valor_total":0.0,"valor_formatado":"R$ 0,00","geocodigo":"10003150030203","fid_2":14186.0,"id":14187.0,"distrito":"1","setor":"0003","quadra_2":"150","lote_2":"0203","geocode":"10003150030203","zoneamento":"Zona de Interesse Turístico (ZIT)","shape_leng":102.44150313599999,"shape_area":463.47,"bairro_2":"Poco","faces":"03","Reurb":null,"u_Inscriç":"1.0003.150.03.0203.0000.4","u_Sequenci":10095128,"u_Propriet":"WILBERTO SILVA TRIGUEIRO","u_Propri_1":"178.278.767-49","u_ÁreaTer":404.25,"u_ÁreaTot":281.0,"u_ÁreaCon":281.0,"u_TipoImó":"CASA GEMINADA(1 LAD)","u_Patrimô":"Próprio","u2Natureza":"PREDIAL","u2Logradou":"RUA RODRIGUES DE CARVALHO","u2Número":"78","u2Compleme":null,"u2Edifíci":null,"u2ÁreaTer":404.25,"u2ÁreaTot":281.0,"u2ÁreaCon":281.0,"u2TipoImó":"CASA GEMINADA(1 LAD)","u2Patrimô":"Próprio"},"geometry":{"type":"MultiPolygon","coordinates":[[[[-34.829291512574656,-7.016570599999434],[-34.829291512574649,-7.016570599999418],[-34.8290300040495,-7.016638431826895],[-34.829044620704565,-7.016695906248981],[-34.829314861139373,-7.016648613818215],[-34.829646948960686,-7.016590497797146],[-34.829615817482612,-7.016486479411241],[-34.829291512574656,-7.016570599999434]]]]}},
{"type":"Feature","properties":{"fid":559,"Endereco":"Rua Alfredo Nóbrega","Bairro":"Poço","Quadra":"A","Lote":"12","Municipio":"Cabedelo-PB","Loteamento":"Jardim Nazareth","area_pecunia":null,"Situacao_recuo":null,"valor_m2":null,"valor_total":0.0,"valor_formatado":"R$ 0,00","geocodigo":"10003150030194","fid_2":11407.0,"id":11402.0,"distrito":"1","setor":"0003","quadra_2":"150","lote_2":"0194","geocode":"10003150030194","zoneamento":"Zona de Interesse Turístico (ZIT)","shape_leng":99.680413853700003,"shape_area":436.17,"bairro_2":"Poco","faces":"03","Reurb":null,"u_Inscriç":"1.0003.150.03.0194.0000.9","u_Sequenci":10095110,"u_Propriet":"REMILSON HONORATO PEREIRA","u_Propri_1":"005.714.404-44","u_ÁreaTer":425.0,"u_ÁreaTot":0.0,"u_ÁreaCon":0.0,"u_TipoImó":null,"u_Patrimô":"Próprio","u2Natureza":"TERRITORIAL","u2Logradou":"RUA RODRIGUES DE CARVALHO","u2Número":"S/N","u2Compleme":null,"u2Edifíci":null,"u2ÁreaTer":425.0,"u2ÁreaTot":0.0,"u2ÁreaCon":0.0,"u2TipoImó":null,"u2Patrimô":"Próprio"},"geometry":{"type":"MultiPolygon","coordinates":[[[[-34.829261678313308,-7.016470915670491],[-34.829261678313308,-7.016470915670491],[-34.829004375333035,-7.016537656618739],[-34.8290300040495,-7.016638431826895],[-34.829291512574649,-7.016570599999418],[-34.829291512574656,-7.016570599999434],[-34.829615817482612,-7.016486479411241],[-34.829585983167561,-7.01638679511909],[-34.829261678313308,-7.016470915670491]]]]}},
{"type":"Feature","properties":{"fid":560,"Endereco":"Rua Alfredo Nóbrega","Bairro":"Poço","Quadra":"A","Lote":"11","Municipio":"Cabedelo-PB","Loteamento":"Jardim Nazareth","area_pecunia":null,"Situacao_recuo":null,"valor_m2":null,"valor_total":0.0,"valor_formatado":"R$ 0,00","geocodigo":"10003150030183","fid_2":14810.0,"id":14817.0,"distrito":"1","setor":"0003","quadra_2":"150","lote_2":"0183","geocode":"10003150030183","zoneamento":"Zona de Interesse Turístico (ZIT)","shape_leng":102.010513323,"shape_area":486.0,"bairro_2":"Poco","faces":"03","Reurb":null,"u_Inscriç":"1.0003.150.03.0183.0000.0","u_Sequenci":10095101,"u_Propriet":"MARIA DAS NEVES HONORATO CARVALHO DE AMORIM","u_Propri_1":"284.787.384-87","u_ÁreaTer":518.0,"u_ÁreaTot":294.0,"u_ÁreaCon":294.0,"u_TipoImó":"CASA ISOLADA","u_Patrimô":"Próprio","u2Natureza":"PREDIAL","u2Logradou":"RUA RODRIGUES DE CARVALHO","u2Número":"66","u2Compleme":null,"u2Edifíci":null,"u2ÁreaTer":518.0,"u2ÁreaTot":294.0,"u2ÁreaCon":294.0,"u2TipoImó":"CASA ISOLADA","u2Patrimô":"Próprio"},"geometry":{"type":"MultiPolygon","coordinates":[[[[-34.829261678313308,-7.016470915670491],[-34.829585983167561,-7.01638679511909],[-34.82954966315576,-7.016265440321058],[-34.829225358366884,-7.016349560827703],[-34.828973175178461,-7.016414973750373],[-34.829004375333035,-7.016537656618739],[-34.829261678313308,-7.016470915670491]]]]}},
{"type":"Feature","properties":{"fid":561,"Endereco":"Rua Alfredo Nóbrega","Bairro":"Poço","Quadra":"A","Lote":"10","Municipio":"Cabedelo-PB","Loteamento":"Jardim Nazareth","area_pecunia":null,"Situacao_recuo":null,"valor_m2":null,"valor_total":0.0,"valor_formatado":"R$ 0,00","geocodigo":"10003150030169","fid_2":14185.0,"id":14186.0,"distrito":"1","setor":"0003","quadra_2":"150","lote_2":"0169","geocode":"10003150030169","zoneamento":"Zona de Interesse Turístico (ZIT)","shape_leng":152.57215577599999,"shape_area":910.07,"bairro_2":"Poco","faces":"03","Reurb":null,"u_Inscriç":"1.0003.150.03.0169.0006.0","u_Sequenci":10326375,"u_Propriet":"PEDRO HONORATO PEREIRA FILHO","u_Propri_1":"188.630.434-34","u_ÁreaTer":525.0,"u_ÁreaTot":937.5,"u_ÁreaCon":156.25,"u_TipoImó":"APARTAMENTO","u_Patrimô":"Próprio","u2Natureza":"PREDIAL","u2Logradou":"RUA RODRIGUES DE CARVALHO","u2Número":"56","u2Compleme":"AP 402  - SÃO PEDRO ED. RESIDENCIAL","u2Edifíci":"SÃO PEDRO ED. RESIDENCIAL","u2ÁreaTer":525.0,"u2ÁreaTot":937.5,"u2ÁreaCon":156.25,"u2TipoImó":"APARTAMENTO","u2Patrimô":"Próprio"},"geometry":{"type":"MultiPolygon","coordinates":[[[[-34.82954966315576,-7.016265440321058],[-34.829510748886534,-7.016135417313981],[-34.829186444167703,-7.016219537772661],[-34.828895143505591,-7.016295097201454],[-34.828929254206926,-7.016426366244125],[-34.829225358366884,-7.016349560827703],[-34.82954966315576,-7.016265440321058]]]]}},
{"type":"Feature","properties":{"fid":562,"Endereco":"Rua Alfredo Nóbrega","Bairro":"Poço","Quadra":"A","Lote":"09","Municipio":"Cabedelo-PB","Loteamento":"Jardim Nazareth","area_pecunia":null,"Situacao_recuo":null,"valor_m2":null,"valor_total":0.0,"valor_formatado":"R$ 0,00","geocodigo":"10003150030154","fid_2":14184.0,"id":14185.0,"distrito":"1","setor":"0003","quadra_2":"150","lote_2":"0154","geocode":"10003150030154","zoneamento":"Zona de Interesse Turístico (ZIT)","shape_leng":165.330637008,"shape_area":847.93,"bairro_2":"Poco","faces":"03","Reurb":null,"u_Inscriç":"1.0003.150.03.0154.0001.2","u_Sequenci":10095071,"u_Propriet":"MARIA IZELNI MOREIRA FRANCA","u_Propri_1":"131.814.674-72","u_ÁreaTer":481.0,"u_ÁreaTot":503.0,"u_ÁreaCon":143.0,"u_TipoImó":"CASA GEMINADA(2 LAD)","u_Patrimô":"Próprio","u2Natureza":"PREDIAL","u2Logradou":"RUA RODRIGUES DE CARVALHO","u2Número":"46","u2Compleme":null,"u2Edifíci":null,"u2ÁreaTer":481.0,"u2ÁreaTot":503.0,"u2ÁreaCon":143.0,"u2TipoImó":"CASA GEMINADA(2 LAD)","u2Patrimô":"Próprio"},"geometry":{"type":"MultiPolygon","coordinates":[[[[-34.829186444167711,-7.016219537772661],[-34.829510748886534,-7.016135417313981],[-34.829475937188541,-7.016023012400666],[-34.829162845135187,-7.016104224416913],[-34.828865580920478,-7.016181330691328],[-34.828895143505591,-7.016295097201454],[-34.829186444167711,-7.016219537772661]]]]}},
{"type":"Feature","properties":{"fid":563,"Endereco":"Rua Alfredo Nóbrega","Bairro":"Poço","Quadra":"A","Lote":"08","Municipio":"Cabedelo-PB","Loteamento":"Jardim Nazareth","area_pecunia":null,"Situacao_recuo":null,"valor_m2":null,"valor_total":0.0,"valor_formatado":"R$ 0,00","geocodigo":"10003150030141","fid_2":14182.0,"id":14184.0,"distrito":"1","setor":"0003","quadra_2":"150","lote_2":"0141","geocode":"10003150030141","zoneamento":"Zona de Interesse Turístico (ZIT)","shape_leng":131.40126138599999,"shape_area":568.14,"bairro_2":"Poco","faces":"03","Reurb":null,"u_Inscriç":"1.0003.150.03.0141.0000.7","u_Sequenci":10095063,"u_Propriet":"JULIO CESAR DA SILVA COSTA","u_Propri_1":"078.740.304-00","u_ÁreaTer":350.0,"u_ÁreaTot":446.08,"u_ÁreaCon":446.08,"u_TipoImó":"CASA GEMINADA(2 LAD)","u_Patrimô":"Próprio","u2Natureza":"PREDIAL","u2Logradou":"RUA RODRIGUES DE CARVALHO","u2Número":"28","u2Compleme":null,"u2Edifíci":null,"u2ÁreaTer":350.0,"u2ÁreaTot":446.08,"u2ÁreaCon":446.08,"u2TipoImó":"CASA GEMINADA(2 LAD)","u2Patrimô":"Próprio"},"geometry":{"type":"MultiPolygon","coordinates":[[[[-34.829162845135187,-7.016104224416913],[-34.829475937188541,-7.016023012400666],[-34.829449158975002,-7.015936547077721],[-34.829144692046121,-7.016015521832315],[-34.828842840484711,-7.016093817986996],[-34.828865580920478,-7.016181330691328],[-34.829162845135187,-7.016104224416913]]]]}},
{"type":"Feature","properties":{"fid":564,"Endereco":"Rua Alfredo Nóbrega","Bairro":"Poço","Quadra":"A","Lote":"07","Municipio":"Cabedelo-PB","Loteamento":"Jardim Nazareth","area_pecunia":null,"Situacao_recuo":null,"valor_m2":null,"valor_total":0.0,"valor_formatado":"R$ 0,00","geocodigo":"10003150030131","fid_2":14181.0,"id":14183.0,"distrito":"1","setor":"0003","quadra_2":"150","lote_2":"0131","geocode":"10003150030131","zoneamento":"Zona de Interesse Turístico (ZIT)","shape_leng":124.489091591,"shape_area":758.8,"bairro_2":"Poco","faces":"03","Reurb":null,"u_Inscriç":"1.0003.150.03.0131.0000.3","u_Sequenci":10095055,"u_Propriet":"GERALDO GUEDES PEREIRA FILHO","u_Propri_1":"263.352.474-53","u_ÁreaTer":577.5,"u_ÁreaTot":390.96,"u_ÁreaCon":390.96,"u_TipoImó":"CASA GEMINADA(2 LAD)","u_Patrimô":"Próprio","u2Natureza":"PREDIAL","u2Logradou":"RUA RODRIGUES DE CARVALHO","u2Número":"16","u2Compleme":null,"u2Edifíci":null,"u2ÁreaTer":577.5,"u2ÁreaTot":390.96,"u2ÁreaCon":390.96,"u2TipoImó":"CASA GEMINADA(2 LAD)","u2Patrimô":"Próprio"},"geometry":{"type":"MultiPolygon","coordinates":[[[[-34.829144692046121,-7.016015521832315],[-34.829449158975002,-7.015936547077721],[-34.829403636043267,-7.015789556018568],[-34.829113831820074,-7.015864727432049],[-34.828804181772483,-7.015945046381358],[-34.828842840484711,-7.016093817986996],[-34.829144692046121,-7.016015521832315]]]]}},
{"type":"Feature","properties":{"fid":565,"Endereco":"Rua Alfredo Nóbrega","Bairro":"Poço","Quadra":"A","Lote":"05","Municipio":"Cabedelo-PB","Loteamento":"Jardim Nazareth","area_pecunia":null,"Situacao_recuo":null,"valor_m2":null,"valor_total":0.0,"valor_formatado":"R$ 0,00","geocodigo":"10003150030104","fid_2":14179.0,"id":14181.0,"distrito":"1","setor":"0003","quadra_2":"150","lote_2":"0104","geocode":"10003150030104","zoneamento":"Zona de Interesse Turístico (ZIT)","shape_leng":111.47651023500001,"shape_area":530.38,"bairro_2":"Poco","faces":"03","Reurb":null,"u_Inscriç":"1.0003.150.03.0104.0000.6","u_Sequenci":10095039,"u_Propriet":"OTAVIO ALFREDO FALCAO DE OLIVEIRA LIMA","u_Propri_1":"205.644.064-49","u_ÁreaTer":390.0,"u_ÁreaTot":430.07,"u_ÁreaCon":430.07,"u_TipoImó":"CASA ISOLADA","u_Patrimô":"Próprio","u2Natureza":"PREDIAL","u2Logradou":"RUA RODRIGUES DE CARVALHO","u2Número":"S/N","u2Compleme":null,"u2Edifíci":null,"u2ÁreaTer":390.0,"u2ÁreaTot":430.07,"u2ÁreaCon":430.07,"u2TipoImó":"CASA ISOLADA","u2Patrimô":"Próprio"},"geometry":{"type":"MultiPolygon","coordinates":[[[[-34.829090701675462,-7.015786656953737],[-34.829378518459535,-7.015712001072258],[-34.829345028365481,-7.015608594471396],[-34.829059861499452,-7.01568256297741],[-34.828965676456384,-7.015706993288919],[-34.828992964961465,-7.015812008526765],[-34.829090701675462,-7.015786656953737]]]]}},
{"type":"Feature","properties":{"fid":566,"Endereco":"Rua Alfredo Nóbrega","Bairro":"Poço","Quadra":"A","Lote":"01","Municipio":"Cabedelo-PB","Loteamento":"Jardim Nazareth","area_pecunia":null,"Situacao_recuo":null,"valor_m2":null,"valor_total":0.0,"valor_formatado":"R$ 0,00","geocodigo":"10003150030047","fid_2":14189.0,"id":14190.0,"distrito":"1","setor":"0003","quadra_2":"150","lote_2":"0047","geocode":"10003150030047","zoneamento":"Zona de Interesse Turístico (ZIT)","shape_leng":94.349422658099996,"shape_area":488.29,"bairro_2":"Poco","faces":"03","Reurb":null,"u_Inscriç":"1.0003.150.03.0047.0000.1","u_Sequenci":10094989,"u_Propriet":"JMM ADMINISTRAÇÃO E PARTICIPAÇÕES LTDA","u_Propri_1":"17.802.608/0001-32","u_ÁreaTer":480.0,"u_ÁreaTot":429.69,"u_ÁreaCon":429.69,"u_TipoImó":"CASA ISOLADA","u_Patrimô":"Próprio","u2Natureza":"PREDIAL","u2Logradou":"RUA RODRIGUES DE CARVALHO","u2Número":"501","u2Compleme":null,"u2Edifíci":null,"u2ÁreaTer":480.0,"u2ÁreaTot":429.69,"u2ÁreaCon":429.69,"u2TipoImó":"CASA ISOLADA","u2Patrimô":"Próprio"},"geometry":{"type":"MultiPolygon","coordinates":[[[[-34.829219473661141,-7.015220921458042],[-34.829177644135378,-7.015091764965616],[-34.828893871825144,-7.015170038514876],[-34.828644395519738,-7.015238851967885],[-34.828680519808124,-7.015369582194777],[-34.828935701291783,-7.015299195050594],[-34.829219473661141,-7.015220921458042]]]]}},
{"type":"Feature","properties":{"fid":569,"Endereco":"Rua Alfredo Nóbrega","Bairro":"Camboinha","Quadra":"A","Lote":"05","Municipio":"Cabedelo-PB","Loteamento":"Jardim Atlântico","area_pecunia":null,"Situacao_recuo":null,"valor_m2":null,"valor_total":0.0,"valor_formatado":"R$ 0,00","geocodigo":"10003117040117","fid_2":14166.0,"id":14194.0,"distrito":"1","setor":"0003","quadra_2":"117","lote_2":"0117","geocode":"10003117040117","zoneamento":"Zona de Interesse Turístico (ZIT)","shape_leng":107.542221239,"shape_area":669.17,"bairro_2":"Camboinha","faces":"04","Reurb":null,"u_Inscriç":"1.0003.117.04.0117.0000.4","u_Sequenci":10088580,"u_Propriet":"HUMBERTO SOARES DE OLIVEIRA","u_Propri_1":"002.736.354-68","u_ÁreaTer":600.0,"u_ÁreaTot":0.0,"u_ÁreaCon":0.0,"u_TipoImó":null,"u_Patrimô":"Próprio","u2Natureza":"TERRITORIAL","u2Logradou":"RUA RODRIGUES DE CARVALHO","u2Número":"S/N","u2Compleme":null,"u2Edifíci":null,"u2ÁreaTer":600.0,"u2ÁreaTot":0.0,"u2ÁreaCon":0.0,"u2TipoImó":null,"u2Patrimô":"Próprio"},"geometry":{"type":"MultiPolygon","coordinates":[[[[-34.828701802546398,-7.014403577468863],[-34.828663134132874,-7.014418585275655],[-34.828727455499944,-7.014588368098535],[-34.829001679229933,-7.014482487814145],[-34.828956810998022,-7.01430460466674],[-34.828701802546398,-7.014403577468863]]]]}},
{"type":"Feature","properties":{"fid":570,"Endereco":"Rua Alfredo Nóbrega","Bairro":"Camboinha","Quadra":"A","Lote":"06","Municipio":"Cabedelo-PB","Loteamento":"Jardim Atlântico","area_pecunia":null,"Situacao_recuo":null,"valor_m2":null,"valor_total":0.0,"valor_formatado":"R$ 0,00","geocodigo":"10003117040134","fid_2":14192.0,"id":14193.0,"distrito":"1","setor":"0003","quadra_2":"117","lote_2":"0134","geocode":"10003117040134","zoneamento":"Zona de Interesse Turístico (ZIT)","shape_leng":96.892473015099995,"shape_area":459.48,"bairro_2":"Camboinha","faces":"04","Reurb":null,"u_Inscriç":"1.0003.117.04.0134.0001.6","u_Sequenci":10266011,"u_Propriet":"AUCELIO MELO DE GUSMAO","u_Propri_1":"005.687.914-87","u_ÁreaTer":600.0,"u_ÁreaTot":210.0,"u_ÁreaCon":15.0,"u_TipoImó":"COMERCIAL","u_Patrimô":"Próprio","u2Natureza":"PREDIAL","u2Logradou":"RUA RODRIGUES DE CARVALHO","u2Número":"134","u2Compleme":"SL B","u2Edifíci":null,"u2ÁreaTer":600.0,"u2ÁreaTot":210.0,"u2ÁreaCon":15.0,"u2TipoImó":"COMERCIAL","u2Patrimô":"Próprio"},"geometry":{"type":"MultiPolygon","coordinates":[[[[-34.828956810998022,-7.01430460466674],[-34.828923384687741,-7.014172083653926],[-34.828668376289237,-7.014271056421528],[-34.828448273855301,-7.014356481503178],[-34.828497426329108,-7.014482898983278],[-34.828663134132874,-7.014418585275655],[-34.828701802546398,-7.014403577468863],[-34.828956810998022,-7.01430460466674]]]]}},
{"type":"Feature","properties":{"fid":571,"Endereco":"Rua Alfredo Nóbrega","Bairro":"Camboinha","Quadra":"A","Lote":"07","Municipio":"Cabedelo-PB","Loteamento":"Jardim Atlântico","area_pecunia":null,"Situacao_recuo":null,"valor_m2":null,"valor_total":0.0,"valor_formatado":"R$ 0,00","geocodigo":"10003117040149","fid_2":14191.0,"id":14192.0,"distrito":"1","setor":"0003","quadra_2":"117","lote_2":"0149","geocode":"10003117040149","zoneamento":"Zona de Interesse Turístico (ZIT)","shape_leng":101.42809421,"shape_area":577.02,"bairro_2":"Camboinha","faces":"04","Reurb":null,"u_Inscriç":"1.0003.117.04.0149.0000.4","u_Sequenci":10088601,"u_Propriet":"MARIA GLAUCIA DE VASCONCELOS COSTA","u_Propri_1":"002.774.794-87","u_ÁreaTer":540.0,"u_ÁreaTot":458.0,"u_ÁreaCon":458.0,"u_TipoImó":"CASA ISOLADA","u_Patrimô":"Próprio","u2Natureza":"PREDIAL","u2Logradou":"RUA RODRIGUES DE CARVALHO","u2Número":"110","u2Compleme":null,"u2Edifíci":null,"u2ÁreaTer":540.0,"u2ÁreaTot":458.0,"u2ÁreaCon":458.0,"u2TipoImó":"CASA ISOLADA","u2Patrimô":"Próprio"},"geometry":{"type":"MultiPolygon","coordinates":[[[[-34.828923384687741,-7.014172083653926],[-34.828889958405476,-7.014039562633141],[-34.828634950060106,-7.014138535366239],[-34.828567026010717,-7.014164897725955],[-34.828615080054959,-7.014291741506942],[-34.828668376289244,-7.014271056421528],[-34.828923384687741,-7.014172083653926]]]]}},
{"type":"Feature","properties":{"fid":572,"Endereco":"Avenida Max Zagel","Bairro":"Camboinha","Quadra":"B","Lote":"01","Municipio":"Cabedelo-PB","Loteamento":"Jardim Atlântico","area_pecunia":null,"Situacao_recuo":null,"valor_m2":null,"valor_total":0.0,"valor_formatado":"R$ 0,00","geocodigo":"10003116040061","fid_2":14266.0,"id":14273.0,"distrito":"1","setor":"0003","quadra_2":"116","lote_2":"0061","geocode":"10003116040061","zoneamento":"Zona de Interesse Turístico (ZIT)","shape_leng":93.553573727100002,"shape_area":479.7,"bairro_2":"Camboinha","faces":"04","Reurb":null,"u_Inscriç":"1.0003.116.04.0061.0000.6","u_Sequenci":10088474,"u_Propriet":"JULIO AURELIO MOREIRA COUTINHO","u_Propri_1":"003.091.924-04","u_ÁreaTer":450.0,"u_ÁreaTot":429.4,"u_ÁreaCon":429.4,"u_TipoImó":"CASA ISOLADA","u_Patrimô":"Próprio","u2Natureza":"PREDIAL","u2Logradou":"RUA RODRIGUES DE CARVALHO","u2Número":"98","u2Compleme":null,"u2Edifíci":null,"u2ÁreaTer":450.0,"u2ÁreaTot":429.4,"u2ÁreaCon":429.4,"u2TipoImó":"CASA ISOLADA","u2Patrimô":"Próprio"},"geometry":{"type":"MultiPolygon","coordinates":[[[[-34.828573853105837,-7.013904804098581],[-34.828552276303377,-7.01391359016013],[-34.828586102326582,-7.014046268446359],[-34.828609054694695,-7.014036922254034],[-34.828862496683101,-7.013933720717919],[-34.828827295042977,-7.013801602597463],[-34.828573853105837,-7.013904804098581]]]]}},
{"type":"Feature","properties":{"fid":577,"Endereco":"Avenida Max Zagel","Bairro":"Camboinha","Quadra":"B","Lote":"06","Municipio":"Cabedelo-PB","Loteamento":"Jardim Atlântico","area_pecunia":null,"Situacao_recuo":null,"valor_m2":null,"valor_total":0.0,"valor_formatado":"R$ 0,00","geocodigo":"10003116020288","fid_2":14261.0,"id":14266.0,"distrito":"1","setor":"0003","quadra_2":"116","lote_2":"0288","geocode":"10003116020288","zoneamento":"Zona de Interesse Turístico (ZIT)","shape_leng":118.435054112,"shape_area":874.61,"bairro_2":"Camboinha","faces":"02","Reurb":null,"u_Inscriç":"1.0003.116.02.0288.0000.4","u_Sequenci":10350152,"u_Propriet":"MAIA EMPREENDIMENTOS IMOBILIÁRIOS LTDA","u_Propri_1":"08.271.306/0001-94","u_ÁreaTer":821.7,"u_ÁreaTot":0.0,"u_ÁreaCon":0.0,"u_TipoImó":null,"u_Patrimô":"Próprio","u2Natureza":"TERRITORIAL","u2Logradou":"AVN MAX ZAGEL","u2Número":"S/N","u2Compleme":null,"u2Edifíci":null,"u2ÁreaTer":821.7,"u2ÁreaTot":0.0,"u2ÁreaCon":0.0,"u2TipoImó":null,"u2Patrimô":"Próprio"},"geometry":{"type":"MultiPolygon","coordinates":[[[[-34.828660540481152,-7.013177223405296],[-34.828398748630292,-7.013248024312767],[-34.82838112465236,-7.013252790664943],[-34.828337814324094,-7.013264328121559],[-34.828433161167013,-7.013522737121685],[-34.828721690295637,-7.013405248185101],[-34.828660540481152,-7.013177223405296]]]]}},
{"type":"Feature","properties":{"fid":578,"Endereco":"Avenida Max Zagel","Bairro":"Camboinha","Quadra":"04","Lote":"01","Municipio":"Cabedelo-PB","Loteamento":"Jardim Atlântico","area_pecunia":null,"Situacao_recuo":null,"valor_m2":null,"valor_total":0.0,"valor_formatado":"R$ 0,00","geocodigo":"10003116040146","fid_2":14265.0,"id":14270.0,"distrito":"1","setor":"0003","quadra_2":"116","lote_2":"0146","geocode":"10003116040146","zoneamento":"Zona de Interesse Turístico (ZIT)","shape_leng":87.766725710100005,"shape_area":375.51,"bairro_2":"Camboinha","faces":"04","Reurb":null,"u_Inscriç":"1.0003.116.04.0146.0000.4","u_Sequenci":10088512,"u_Propriet":"MAIA EMPREENDIMENTOS IMOBILIÁRIOS LTDA","u_Propri_1":"08.271.306/0001-94","u_ÁreaTer":384.0,"u_ÁreaTot":266.3,"u_ÁreaCon":266.3,"u_TipoImó":"CASA GEMINADA(1 LAD)","u_Patrimô":"Próprio","u2Natureza":"PREDIAL","u2Logradou":"RUA RODRIGUES DE CARVALHO","u2Número":"899","u2Compleme":null,"u2Edifíci":null,"u2ÁreaTer":384.0,"u2ÁreaTot":266.3,"u2ÁreaCon":266.3,"u2TipoImó":"CASA GEMINADA(1 LAD)","u2Patrimô":"Próprio"},"geometry":{"type":"MultiPolygon","coordinates":[[[[-34.828660540481152,-7.013177223405296],[-34.828632444758775,-7.01308090550125],[-34.828352438028681,-7.013155081281328],[-34.8281414766494,-7.013210966337512],[-34.828170293340726,-7.013308954066725],[-34.82838112465236,-7.013252790664943],[-34.828660540481152,-7.013177223405296]]]]}},
{"type":"Feature","properties":{"fid":579,"Endereco":"Avenida Max Zagel","Bairro":"Camboinha","Quadra":"04","Lote":"02","Municipio":"Cabedelo-PB","Loteamento":"Jardim Atlântico","area_pecunia":null,"Situacao_recuo":null,"valor_m2":null,"valor_total":0.0,"valor_formatado":"R$ 0,00","geocodigo":"10003116040157","fid_2":14264.0,"id":14269.0,"distrito":"1","setor":"0003","quadra_2":"116","lote_2":"0157","geocode":"10003116040157","zoneamento":"Zona de Interesse Turístico (ZIT)","shape_leng":136.17866454200001,"shape_area":681.68,"bairro_2":"Camboinha","faces":"04","Reurb":null,"u_Inscriç":"1.0003.116.04.0157.0000.2","u_Sequenci":10088520,"u_Propriet":"JOSE WALTER LIRA","u_Propri_1":null,"u_ÁreaTer":384.0,"u_ÁreaTot":441.6,"u_ÁreaCon":441.6,"u_TipoImó":"CASA ISOLADA","u_Patrimô":"Próprio","u2Natureza":"PREDIAL","u2Logradou":"RUA RODRIGUES DE CARVALHO","u2Número":"889","u2Compleme":null,"u2Edifíci":null,"u2ÁreaTer":384.0,"u2ÁreaTot":441.6,"u2ÁreaCon":441.6,"u2TipoImó":"CASA ISOLADA","u2Patrimô":"Próprio"},"geometry":{"type":"MultiPolygon","coordinates":[[[[-34.828321861751242,-7.013050935487462],[-34.828110852695566,-7.013106833158385],[-34.8281414766494,-7.013210966337512],[-34.828352438028681,-7.013155081281328],[-34.828632444758775,-7.01308090550125],[-34.828601868432919,-7.01297675974023],[-34.828321861751242,-7.013050935487462]]]]}},
{"type":"Feature","properties":{"fid":580,"Endereco":"Avenida Max Zagel","Bairro":"Camboinha","Quadra":"04","Lote":"03","Municipio":"Cabedelo-PB","Loteamento":"Jardim Atlântico","area_pecunia":null,"Situacao_recuo":null,"valor_m2":null,"valor_total":0.0,"valor_formatado":"R$ 0,00","geocodigo":"10003116040169","fid_2":14263.0,"id":14268.0,"distrito":"1","setor":"0003","quadra_2":"116","lote_2":"0169","geocode":"10003116040169","zoneamento":"Zona de Interesse Turístico (ZIT)","shape_leng":134.77776524500001,"shape_area":632.5,"bairro_2":"Camboinha","faces":"04","Reurb":null,"u_Inscriç":"1.0003.116.04.0169.0000.5","u_Sequenci":10088539,"u_Propriet":"ISABELA LOBATO GOES DE ALBUQUERQUE","u_Propri_1":"822.243.744-53","u_ÁreaTer":384.0,"u_ÁreaTot":274.4,"u_ÁreaCon":274.4,"u_TipoImó":"CASA GEMINADA(1 LAD)","u_Patrimô":"Próprio","u2Natureza":"PREDIAL","u2Logradou":"RUA RODRIGUES DE CARVALHO","u2Número":"868","u2Compleme":null,"u2Edifíci":null,"u2ÁreaTer":384.0,"u2ÁreaTot":274.4,"u2ÁreaCon":274.4,"u2TipoImó":"CASA GEMINADA(1 LAD)","u2Patrimô":"Próprio"},"geometry":{"type":"MultiPolygon","coordinates":[[[[-34.828291285492888,-7.012946789687699],[-34.828080228760825,-7.013002699973372],[-34.828110852695566,-7.013106833158385],[-34.828321861751242,-7.013050935487462],[-34.828601868432919,-7.01297675974023],[-34.828571292126156,-7.012872613973244],[-34.828291285492888,-7.012946789687699]]]]}},
{"type":"Feature","properties":{"fid":581,"Endereco":"Avenida Max Zagel","Bairro":"Camboinha","Quadra":"04","Lote":"04","Municipio":"Cabedelo-PB","Loteamento":"Jardim Atlântico","area_pecunia":null,"Situacao_recuo":null,"valor_m2":null,"valor_total":0.0,"valor_formatado":"R$ 0,00","geocodigo":"10003116040183","fid_2":14262.0,"id":14267.0,"distrito":"1","setor":"0003","quadra_2":"116","lote_2":"0183","geocode":"10003116040183","zoneamento":"Zona de Interesse Turístico (ZIT)","shape_leng":141.20718932099999,"shape_area":825.5,"bairro_2":"Camboinha","faces":"04","Reurb":null,"u_Inscriç":"1.0003.116.04.0183.0000.5","u_Sequenci":10088547,"u_Propriet":"HAYDEE FERNANDES VIANA","u_Propri_1":"839.221.134-00","u_ÁreaTer":480.0,"u_ÁreaTot":385.9,"u_ÁreaCon":385.9,"u_TipoImó":"CASA GEMINADA(1 LAD)","u_Patrimô":"Próprio","u2Natureza":"PREDIAL","u2Logradou":"RUA RODRIGUES DE CARVALHO","u2Número":"858","u2Compleme":null,"u2Edifíci":null,"u2ÁreaTer":480.0,"u2ÁreaTot":385.9,"u2ÁreaCon":385.9,"u2TipoImó":"CASA GEMINADA(1 LAD)","u2Patrimô":"Próprio"},"geometry":{"type":"MultiPolygon","coordinates":[[[[-34.828253065196783,-7.012816607429612],[-34.82804194886927,-7.012872533483653],[-34.828080228760825,-7.013002699973372],[-34.828291285492888,-7.012946789687699],[-34.828571292126156,-7.012872613973244],[-34.828533071769535,-7.012742431756165],[-34.828253065196783,-7.012816607429612]]]]}},
{"type":"Feature","properties":{"fid":582,"Endereco":"Avenida Max Zagel","Bairro":"Camboinha","Quadra":"03","Lote":"01","Municipio":"Cabedelo-PB","Loteamento":"Jardim Atlântico","area_pecunia":415.0,"Situacao_recuo":"Não Recuado","valor_m2":null,"valor_total":0.0,"valor_formatado":"R$ 0,00","geocodigo":"10003105040353","fid_2":14277.0,"id":14284.0,"distrito":"1","setor":"0003","quadra_2":"105","lote_2":"0353","geocode":"10003105040353","zoneamento":"Zona de Interesse Turístico (ZIT)","shape_leng":141.81977565700001,"shape_area":853.07,"bairro_2":"Camboinha","faces":"04","Reurb":null,"u_Inscriç":"1.0003.105.04.0353.0000.8","u_Sequenci":10085211,"u_Propriet":"JOSE CARLOS TEIXEIRA CARVALHO","u_Propri_1":null,"u_ÁreaTer":480.0,"u_ÁreaTot":418.32,"u_ÁreaCon":418.32,"u_TipoImó":"CASA ISOLADA","u_Patrimô":"Próprio","u2Natureza":"PREDIAL","u2Logradou":"AVN BEIRA MAR (JD. ATLANTICO)","u2Número":"838","u2Compleme":null,"u2Edifíci":null,"u2ÁreaTer":480.0,"u2ÁreaTot":418.32,"u2ÁreaCon":418.32,"u2TipoImó":"CASA ISOLADA","u2Patrimô":"Próprio"},"geometry":{"type":"MultiPolygon","coordinates":[[[[-34.828501790886499,-7.012638879552298],[-34.828464487335957,-7.012508430980322],[-34.828183940931986,-7.012580550816645],[-34.827944832637975,-7.012642018051037],[-34.827985243131828,-7.012771667972061],[-34.828221244421137,-7.012710999429309],[-34.828501790886499,-7.012638879552298]]]]}},
{"type":"Feature","properties":{"fid":583,"Endereco":"Avenida Max Zagel","Bairro":"Camboinha","Quadra":"03","Lote":"02","Municipio":"Cabedelo-PB","Loteamento":"Jardim Atlântico","area_pecunia":null,"Situacao_recuo":null,"valor_m2":null,"valor_total":0.0,"valor_formatado":"R$ 0,00","geocodigo":"10003105040339","fid_2":14276.0,"id":14283.0,"distrito":"1","setor":"0003","quadra_2":"105","lote_2":"0339","geocode":"10003105040339","zoneamento":"Zona de Interesse Turístico (ZIT)","shape_leng":136.14664046300001,"shape_area":666.37,"bairro_2":"Camboinha","faces":"04","Reurb":null,"u_Inscriç":"1.0003.105.04.0339.0000.8","u_Sequenci":10085203,"u_Propriet":"AVANIR DE ARAUJO SOUZA","u_Propri_1":"176.548.314-04","u_ÁreaTer":384.0,"u_ÁreaTot":3974.45,"u_ÁreaCon":397.45,"u_TipoImó":"CASA ISOLADA","u_Patrimô":"Próprio","u2Natureza":"PREDIAL","u2Logradou":"AVN BEIRA MAR (JD. ATLANTICO)","u2Número":"830","u2Compleme":null,"u2Edifíci":null,"u2ÁreaTer":384.0,"u2ÁreaTot":3974.45,"u2ÁreaCon":397.45,"u2TipoImó":"CASA ISOLADA","u2Patrimô":"Próprio"},"geometry":{"type":"MultiPolygon","coordinates":[[[[-34.828464487335957,-7.012508430980322],[-34.828434644516712,-7.012404072116226],[-34.828154098161853,-7.012476191920042],[-34.827912504265022,-7.01253829810699],[-34.827944832637975,-7.012642018051037],[-34.828183940931986,-7.012580550816645],[-34.828464487335957,-7.012508430980322]]]]}},
{"type":"Feature","properties":{"fid":584,"Endereco":"Avenida Max Zagel","Bairro":"Camboinha","Quadra":"03","Lote":"03","Municipio":"Cabedelo-PB","Loteamento":"Jardim Atlântico","area_pecunia":null,"Situacao_recuo":null,"valor_m2":null,"valor_total":0.0,"valor_formatado":"R$ 0,00","geocodigo":"10003105040329","fid_2":14275.0,"id":14282.0,"distrito":"1","setor":"0003","quadra_2":"105","lote_2":"0329","geocode":"10003105040329","zoneamento":"Zona de Interesse Turístico (ZIT)","shape_leng":143.29903881499999,"shape_area":704.83,"bairro_2":"Camboinha","faces":"04","Reurb":null,"u_Inscriç":"1.0003.105.04.0329.0000.4","u_Sequenci":10085190,"u_Propriet":"FERNANDO DI LORENZO MARSICANO DOS SANTOS","u_Propri_1":"288.091.144-34","u_ÁreaTer":384.0,"u_ÁreaTot":672.0,"u_ÁreaCon":672.0,"u_TipoImó":"CASA ISOLADA","u_Patrimô":"Próprio","u2Natureza":"PREDIAL","u2Logradou":"AVN BEIRA MAR (JD. ATLANTICO)","u2Número":"SN","u2Compleme":null,"u2Edifíci":null,"u2ÁreaTer":384.0,"u2ÁreaTot":672.0,"u2ÁreaCon":672.0,"u2TipoImó":"CASA ISOLADA","u2Patrimô":"Próprio"},"geometry":{"type":"MultiPolygon","coordinates":[[[[-34.82812425541055,-7.012371833017628],[-34.828124255410565,-7.01237183301766],[-34.827880175911787,-7.012434578156661],[-34.827912504265022,-7.01253829810699],[-34.828154098161853,-7.012476191920042],[-34.828434644516712,-7.012404072116226],[-34.828404801716289,-7.012299713246352],[-34.82812425541055,-7.012371833017628]]]]}},
{"type":"Feature","properties":{"fid":585,"Endereco":"Avenida Max Zagel","Bairro":"Camboinha","Quadra":"03","Lote":"04","Municipio":"Cabedelo-PB","Loteamento":"Jardim Atlântico","area_pecunia":null,"Situacao_recuo":null,"valor_m2":null,"valor_total":0.0,"valor_formatado":"R$ 0,00","geocodigo":"10003105040317","fid_2":14273.0,"id":14280.0,"distrito":"1","setor":"0003","quadra_2":"105","lote_2":"0317","geocode":"10003105040317","zoneamento":"Zona de Interesse Turístico (ZIT)","shape_leng":134.995610228,"shape_area":670.56,"bairro_2":"Camboinha","faces":"04","Reurb":null,"u_Inscriç":"1.0003.105.04.0317.0000.1","u_Sequenci":10085181,"u_Propriet":"ELZA HELENA OLIVEIRA DE ASSIS","u_Propri_1":"296.543.274-49","u_ÁreaTer":384.0,"u_ÁreaTot":476.58,"u_ÁreaCon":476.58,"u_TipoImó":"CASA ISOLADA","u_Patrimô":"Próprio","u2Natureza":"PREDIAL","u2Logradou":"AVN BEIRA MAR (JD. ATLANTICO)","u2Número":"812","u2Compleme":null,"u2Edifíci":null,"u2ÁreaTer":384.0,"u2ÁreaTot":476.58,"u2ÁreaCon":476.58,"u2TipoImó":"CASA ISOLADA","u2Patrimô":"Próprio"},"geometry":{"type":"MultiPolygon","coordinates":[[[[-34.82812425541055,-7.012371833017628],[-34.828404801716289,-7.012299713246352],[-34.82837495893471,-7.012195354370701],[-34.828094412678084,-7.012267474109504],[-34.827885857463656,-7.012321087069294],[-34.827915396794282,-7.012425523987241],[-34.82812425541055,-7.012371833017628]]]]}},
{"type":"Feature","properties":{"fid":586,"Endereco":"Avenida Max Zagel","Bairro":"Camboinha","Quadra":"03","Lote":"05","Municipio":"Cabedelo-PB","Loteamento":"Jardim Atlântico","area_pecunia":null,"Situacao_recuo":null,"valor_m2":null,"valor_total":0.0,"valor_formatado":"R$ 0,00","geocodigo":"10003105040306","fid_2":14272.0,"id":14279.0,"distrito":"1","setor":"0003","quadra_2":"105","lote_2":"0306","geocode":"10003105040306","zoneamento":"Zona de Interesse Turístico (ZIT)","shape_leng":135.11288256399999,"shape_area":668.49,"bairro_2":"Camboinha","faces":"04","Reurb":null,"u_Inscriç":"1.0003.105.04.0306.0000.3","u_Sequenci":10085173,"u_Propriet":"VILMA DINIZ AMERICO CAVALCANTE","u_Propri_1":"395.305.824-04","u_ÁreaTer":384.0,"u_ÁreaTot":510.65,"u_ÁreaCon":510.65,"u_TipoImó":"CASA ISOLADA","u_Patrimô":"Próprio","u2Natureza":"PREDIAL","u2Logradou":"AVN BEIRA MAR (JD. ATLANTICO)","u2Número":"800","u2Compleme":null,"u2Edifíci":null,"u2ÁreaTer":384.0,"u2ÁreaTot":510.65,"u2ÁreaCon":510.65,"u2TipoImó":"CASA ISOLADA","u2Patrimô":"Próprio"},"geometry":{"type":"MultiPolygon","coordinates":[[[[-34.82837495893471,-7.012195354370701],[-34.82834511617196,-7.012090995489289],[-34.828064569964454,-7.012163115195536],[-34.827856160634234,-7.01221669063838],[-34.827885857463656,-7.012321087069294],[-34.828094412678084,-7.012267474109504],[-34.82837495893471,-7.012195354370701]]]]}},
{"type":"Feature","properties":{"fid":587,"Endereco":"Avenida Max Zagel","Bairro":"Camboinha","Quadra":"03","Lote":"06","Municipio":"Cabedelo-PB","Loteamento":"Jardim Atlântico","area_pecunia":null,"Situacao_recuo":null,"valor_m2":null,"valor_total":0.0,"valor_formatado":"R$ 0,00","geocodigo":"10003105040293","fid_2":14271.0,"id":14278.0,"distrito":"1","setor":"0003","quadra_2":"105","lote_2":"0293","geocode":"10003105040293","zoneamento":"Zona de Interesse Turístico (ZIT)","shape_leng":88.366139794099993,"shape_area":383.15,"bairro_2":"Camboinha","faces":"04","Reurb":null,"u_Inscriç":"1.0003.105.04.0293.0000.0","u_Sequenci":10085165,"u_Propriet":"ZACARIAS FERNANDES DE CARVALHO FILHO","u_Propri_1":"007.917.254-72","u_ÁreaTer":384.0,"u_ÁreaTot":468.13,"u_ÁreaCon":468.13,"u_TipoImó":"CASA ISOLADA","u_Patrimô":"Próprio","u2Natureza":"PREDIAL","u2Logradou":"AVN BEIRA MAR (JD. ATLANTICO)","u2Número":"786","u2Compleme":null,"u2Edifíci":null,"u2ÁreaTer":384.0,"u2ÁreaTot":468.13,"u2ÁreaCon":468.13,"u2TipoImó":"CASA ISOLADA","u2Patrimô":"Próprio"},"geometry":{"type":"MultiPolygon","coordinates":[[[[-34.828064569964454,-7.012163115195536],[-34.82834511617196,-7.012090995489289],[-34.828315273428039,-7.011986636602099],[-34.828034727269653,-7.01205875627584],[-34.827824321281284,-7.012112844980851],[-34.827856160634234,-7.01221669063838],[-34.828064569964454,-7.012163115195536]]]]}},
{"type":"Feature","properties":{"fid":588,"Endereco":"Avenida Max Zagel","Bairro":"Camboinha","Quadra":"03","Lote":"08","Municipio":"Cabedelo-PB","Loteamento":"Jardim Atlântico","area_pecunia":null,"Situacao_recuo":null,"valor_m2":null,"valor_total":0.0,"valor_formatado":"R$ 0,00","geocodigo":"10003105040269","fid_2":14269.0,"id":14276.0,"distrito":"1","setor":"0003","quadra_2":"105","lote_2":"0269","geocode":"10003105040269","zoneamento":"Zona de Interesse Turístico (ZIT)","shape_leng":87.7348728252,"shape_area":377.08,"bairro_2":"Camboinha","faces":"04","Reurb":null,"u_Inscriç":"1.0003.105.04.0269.0000.6","u_Sequenci":10085149,"u_Propriet":"TEREZA HELENA RIBEIRO COUTINHO GUIMARAES","u_Propri_1":"007.402.834-05","u_ÁreaTer":384.0,"u_ÁreaTot":515.01,"u_ÁreaCon":515.01,"u_TipoImó":"CASA ISOLADA","u_Patrimô":"Próprio","u2Natureza":"PREDIAL","u2Logradou":"AVN BEIRA MAR (JD. ATLANTICO)","u2Número":"758","u2Compleme":null,"u2Edifíci":null,"u2ÁreaTer":384.0,"u2ÁreaTot":515.01,"u2ÁreaCon":515.01,"u2TipoImó":"CASA ISOLADA","u2Patrimô":"Próprio"},"geometry":{"type":"MultiPolygon","coordinates":[[[[-34.828004884593682,-7.011954397350316],[-34.828285430702948,-7.011882277709116],[-34.828255587996701,-7.011777918810385],[-34.827975041936547,-7.011850038419048],[-34.82797504193654,-7.011850038419031],[-34.82776064263399,-7.011905153647105],[-34.827792481947888,-7.012008999317144],[-34.828004884593675,-7.011954397350316],[-34.827993704676913,-7.011915301504734],[-34.828004884593682,-7.011954397350316]]]]}},
{"type":"Feature","properties":{"fid":589,"Endereco":"Avenida Max Zagel","Bairro":"Camboinha","Quadra":"03","Lote":"09","Municipio":"Cabedelo-PB","Loteamento":"Jardim Atlântico","area_pecunia":null,"Situacao_recuo":null,"valor_m2":null,"valor_total":0.0,"valor_formatado":"R$ 0,00","geocodigo":"10003105040258","fid_2":14268.0,"id":14275.0,"distrito":"1","setor":"0003","quadra_2":"105","lote_2":"0258","geocode":"10003105040258","zoneamento":"Zona de Interesse Turístico (ZIT)","shape_leng":88.788456876400005,"shape_area":395.73,"bairro_2":"Camboinha","faces":"04","Reurb":null,"u_Inscriç":"1.0003.105.04.0258.0000.8","u_Sequenci":10085130,"u_Propriet":"PAULO GERMANO REGES RIBEIRO COUTINHO","u_Propri_1":null,"u_ÁreaTer":384.0,"u_ÁreaTot":333.84,"u_ÁreaCon":333.84,"u_TipoImó":"CASA ISOLADA","u_Patrimô":"Próprio","u2Natureza":"PREDIAL","u2Logradou":"AVN BEIRA MAR (JD. ATLANTICO)","u2Número":"753","u2Compleme":null,"u2Edifíci":null,"u2ÁreaTer":384.0,"u2ÁreaTot":333.84,"u2ÁreaCon":333.84,"u2TipoImó":"CASA ISOLADA","u2Patrimô":"Próprio"},"geometry":{"type":"MultiPolygon","coordinates":[[[[-34.82797504193654,-7.011850038419048],[-34.828255587996701,-7.011777918810385],[-34.828225745309275,-7.011673559905846],[-34.827945199298235,-7.011745679481989],[-34.827945199298227,-7.011745679481955],[-34.82772880333961,-7.011801307970837],[-34.82776064263399,-7.011905153647105],[-34.827975041936533,-7.011850038419031],[-34.82797504193654,-7.011850038419048]]]]}},
{"type":"Feature","properties":{"fid":590,"Endereco":"Avenida Max Zagel","Bairro":"Camboinha","Quadra":"02","Lote":"03","Municipio":"Cabedelo-PB","Loteamento":"Jardim Atlântico","area_pecunia":null,"Situacao_recuo":null,"valor_m2":null,"valor_total":0.0,"valor_formatado":"R$ 0,00","geocodigo":"10003104040329","fid_2":13452.0,"id":13446.0,"distrito":"1","setor":"0003","quadra_2":"104","lote_2":"0329","geocode":"10003104040329","zoneamento":"Zona de Interesse Turístico (ZIT)","shape_leng":142.00453095,"shape_area":796.17,"bairro_2":"Camboinha","faces":"04","Reurb":null,"u_Inscriç":"1.0003.104.04.0329.0000.8","u_Sequenci":10085092,"u_Propriet":"HELDER HILVEY AGRA","u_Propri_1":"139.328.024-20","u_ÁreaTer":448.0,"u_ÁreaTot":760.85,"u_ÁreaCon":760.85,"u_TipoImó":"CASA ISOLADA","u_Patrimô":"Próprio","u2Natureza":"PREDIAL","u2Logradou":"AVN BEIRA MAR (JD. ATLANTICO)","u2Número":"694","u2Compleme":null,"u2Edifíci":null,"u2ÁreaTer":448.0,"u2ÁreaTot":760.85,"u2ÁreaCon":760.85,"u2TipoImó":"CASA ISOLADA","u2Patrimô":"Próprio"},"geometry":{"type":"MultiPolygon","coordinates":[[[[-34.828091983741444,-7.011201258034609],[-34.828062195490986,-7.011096883603996],[-34.827781612244458,-7.011168857198959],[-34.827566333145903,-7.011224079229994],[-34.827594285012637,-7.011328924753007],[-34.827811400445761,-7.011273231662084],[-34.828091983741444,-7.011201258034609]]]]}},
{"type":"Feature","properties":{"fid":591,"Endereco":"Avenida Max Zagel","Bairro":"Camboinha","Quadra":"02","Lote":"04","Municipio":"Cabedelo-PB","Loteamento":"Jardim Atlântico","area_pecunia":null,"Situacao_recuo":null,"valor_m2":null,"valor_total":0.0,"valor_formatado":"R$ 0,00","geocodigo":"10003104040314","fid_2":13451.0,"id":13445.0,"distrito":"1","setor":"0003","quadra_2":"104","lote_2":"0314","geocode":"10003104040314","zoneamento":"Zona de Interesse Turístico (ZIT)","shape_leng":98.602450028099994,"shape_area":536.06,"bairro_2":"Camboinha","faces":"04","Reurb":null,"u_Inscriç":"1.0003.104.04.0314.0009.5","u_Sequenci":10433686,"u_Propriet":"DANIEL PACHECO MEDEIROS","u_Propri_1":"050.854.724-54","u_ÁreaTer":512.0,"u_ÁreaTot":1981.09,"u_ÁreaCon":219.18,"u_TipoImó":"APARTAMENTO","u_Patrimô":"Próprio","u2Natureza":"PREDIAL","u2Logradou":"AVN BEIRA MAR (JD. ATLANTICO)","u2Número":"690","u2Compleme":"AP 402  - SUNNY BEACH RESIDENCE, COND,RES.","u2Edifíci":"SUNNY BEACH RESIDENCE, COND,RES.","u2ÁreaTer":512.0,"u2ÁreaTot":1981.09,"u2ÁreaCon":219.18,"u2TipoImó":"APARTAMENTO","u2Patrimô":"Próprio"},"geometry":{"type":"MultiPolygon","coordinates":[[[[-34.828062195490986,-7.011096883603996],[-34.828019933209625,-7.010937909832442],[-34.827529066642612,-7.011068311385576],[-34.827572653868359,-7.011222457879778],[-34.827781612244458,-7.011168857198959],[-34.828062195490986,-7.011096883603996]]]]}},
{"type":"Feature","properties":{"fid":593,"Endereco":"Avenida Max Zagel","Bairro":"Camboinha","Quadra":"02","Lote":"06","Municipio":"Cabedelo-PB","Loteamento":"Jardim Atlântico","area_pecunia":null,"Situacao_recuo":null,"valor_m2":null,"valor_total":0.0,"valor_formatado":"R$ 0,00","geocodigo":"10003104040302","fid_2":13450.0,"id":13444.0,"distrito":"1","setor":"0003","quadra_2":"104","lote_2":"0302","geocode":"10003104040302","zoneamento":"Zona de Interesse Turístico (ZIT)","shape_leng":101.857467215,"shape_area":592.19,"bairro_2":"Camboinha","faces":"04","Reurb":null,"u_Inscriç":"1.0003.104.04.0302.0000.9","u_Sequenci":10388699,"u_Propriet":"WELLINGTON LUIZ GUILHERME DA SILVA","u_Propri_1":"395.023.174-91","u_ÁreaTer":576.0,"u_ÁreaTot":0.0,"u_ÁreaCon":0.0,"u_TipoImó":null,"u_Patrimô":"Próprio","u2Natureza":"TERRITORIAL","u2Logradou":"AVN BEIRA MAR (JD. ATLANTICO)","u2Número":"S/N","u2Compleme":null,"u2Edifíci":null,"u2ÁreaTer":576.0,"u2ÁreaTot":0.0,"u2ÁreaCon":0.0,"u2TipoImó":null,"u2Patrimô":"Próprio"},"geometry":{"type":"MultiPolygon","coordinates":[[[[-34.827529066642612,-7.011068311385576],[-34.828019933209625,-7.010937909832442],[-34.827972830852467,-7.010783760277581],[-34.827692247753411,-7.010855733775035],[-34.827484057834475,-7.010909137292008],[-34.827529066642612,-7.011068311385576]]]]}},
{"type":"Feature","properties":{"fid":594,"Endereco":"Avenida Max Zagel","Bairro":"Camboinha","Quadra":"02","Lote":"07","Municipio":"Cabedelo-PB","Loteamento":"Jardim Atlântico","area_pecunia":null,"Situacao_recuo":null,"valor_m2":null,"valor_total":0.0,"valor_formatado":"R$ 0,00","geocodigo":"10003104040284","fid_2":13449.0,"id":13443.0,"distrito":"1","setor":"0003","quadra_2":"104","lote_2":"0284","geocode":"10003104040284","zoneamento":"Zona de Interesse Turístico (ZIT)","shape_leng":89.9466267974,"shape_area":397.69,"bairro_2":"Camboinha","faces":"04","Reurb":null,"u_Inscriç":"1.0003.104.04.0284.0000.4","u_Sequenci":10085068,"u_Propriet":"RENATA MOREIRA MONTENEGRO","u_Propri_1":"012.215.004-06","u_ÁreaTer":384.0,"u_ÁreaTot":427.78,"u_ÁreaCon":427.78,"u_TipoImó":"CASA ISOLADA","u_Patrimô":"Próprio","u2Natureza":"PREDIAL","u2Logradou":"AVN BEIRA MAR (JD. ATLANTICO)","u2Número":"616","u2Compleme":null,"u2Edifíci":null,"u2ÁreaTer":384.0,"u2ÁreaTot":427.78,"u2ÁreaCon":427.78,"u2TipoImó":"CASA ISOLADA","u2Patrimô":"Próprio"},"geometry":{"type":"MultiPolygon","coordinates":[[[[-34.827692247753411,-7.010855733775035],[-34.827972830852467,-7.010783760277581],[-34.827943042677248,-7.01067938582393],[-34.827662459627355,-7.010751359288873],[-34.827454525860624,-7.010804697084721],[-34.827484057834475,-7.010909137292008],[-34.827692247753411,-7.010855733775035]]]]}},
{"type":"Feature","properties":{"fid":595,"Endereco":"Avenida Max Zagel","Bairro":"Camboinha","Quadra":"02","Lote":"08","Municipio":"Cabedelo-PB","Loteamento":"Jardim Atlântico","area_pecunia":null,"Situacao_recuo":null,"valor_m2":null,"valor_total":0.0,"valor_formatado":"R$ 0,00","geocodigo":"10003104040270","fid_2":13448.0,"id":13442.0,"distrito":"1","setor":"0003","quadra_2":"104","lote_2":"0270","geocode":"10003104040270","zoneamento":"Zona de Interesse Turístico (ZIT)","shape_leng":136.10127967299999,"shape_area":680.63,"bairro_2":"Camboinha","faces":"04","Reurb":null,"u_Inscriç":"1.0003.104.04.0270.0000.2","u_Sequenci":10085050,"u_Propriet":"DAISY VON SOHSTEN DE LIMA","u_Propri_1":"826.710.874-20","u_ÁreaTer":504.0,"u_ÁreaTot":423.56,"u_ÁreaCon":423.56,"u_TipoImó":"CASA ISOLADA","u_Patrimô":"Próprio","u2Natureza":"PREDIAL","u2Logradou":"AVN BEIRA MAR (JD. ATLANTICO)","u2Número":"626","u2Compleme":null,"u2Edifíci":null,"u2ÁreaTer":504.0,"u2ÁreaTot":423.56,"u2ÁreaCon":423.56,"u2TipoImó":"CASA ISOLADA","u2Patrimô":"Próprio"},"geometry":{"type":"MultiPolygon","coordinates":[[[[-34.827632671520099,-7.01064698479698],[-34.827632671520099,-7.01064698479698],[-34.827426574084711,-7.010699851535051],[-34.827454525860624,-7.010804697084721],[-34.827662459627355,-7.010751359288873],[-34.827943042677248,-7.01067938582393],[-34.827913254520844,-7.010575011364465],[-34.827632671520099,-7.01064698479698]]]]}},
{"type":"Feature","properties":{"fid":596,"Endereco":"Avenida Max Zagel","Bairro":"Camboinha","Quadra":"02","Lote":"09","Municipio":"Cabedelo-PB","Loteamento":"Jardim Atlântico","area_pecunia":null,"Situacao_recuo":null,"valor_m2":null,"valor_total":0.0,"valor_formatado":"R$ 0,00","geocodigo":"10003104040258","fid_2":13447.0,"id":13441.0,"distrito":"1","setor":"0003","quadra_2":"104","lote_2":"0258","geocode":"10003104040258","zoneamento":"Zona de Interesse Turístico (ZIT)","shape_leng":135.046361649,"shape_area":659.71,"bairro_2":"Camboinha","faces":"04","Reurb":null,"u_Inscriç":"1.0003.104.04.0258.0000.1","u_Sequenci":10085041,"u_Propriet":"JOAO LEUSON PALMEIRA GOMES ALVES","u_Propri_1":"486.731.294-00","u_ÁreaTer":384.0,"u_ÁreaTot":511.1,"u_ÁreaCon":511.1,"u_TipoImó":"COMERCIAL","u_Patrimô":"Próprio","u2Natureza":"PREDIAL","u2Logradou":"AVN BEIRA MAR (JD. ATLANTICO)","u2Número":"614","u2Compleme":null,"u2Edifíci":null,"u2ÁreaTer":384.0,"u2ÁreaTot":511.1,"u2ÁreaCon":511.1,"u2TipoImó":"COMERCIAL","u2Patrimô":"Próprio"},"geometry":{"type":"MultiPolygon","coordinates":[[[[-34.827632671520099,-7.01064698479698],[-34.827913254520844,-7.010575011364465],[-34.827883466383241,-7.010470636899288],[-34.827602883431659,-7.01054261029929],[-34.827398622326946,-7.010595005980021],[-34.827426574084711,-7.010699851535051],[-34.827632671520099,-7.01064698479698]]]]}},
{"type":"Feature","properties":{"fid":597,"Endereco":"Avenida Max Zagel","Bairro":"Camboinha","Quadra":"02","Lote":"10","Municipio":"Cabedelo-PB","Loteamento":"Jardim Atlântico","area_pecunia":null,"Situacao_recuo":null,"valor_m2":null,"valor_total":0.0,"valor_formatado":"R$ 0,00","geocodigo":"10003104040246","fid_2":13446.0,"id":13440.0,"distrito":"1","setor":"0003","quadra_2":"104","lote_2":"0246","geocode":"10003104040246","zoneamento":"Zona de Interesse Turístico (ZIT)","shape_leng":141.20512283900001,"shape_area":840.02,"bairro_2":"Camboinha","faces":"04","Reurb":null,"u_Inscriç":"1.0003.104.04.0246.0000.9","u_Sequenci":10085033,"u_Propriet":"LUIZ FRANCO DA ROCHA","u_Propri_1":"027.319.834-34","u_ÁreaTer":832.0,"u_ÁreaTot":1054.68,"u_ÁreaCon":1054.68,"u_TipoImó":"CASA ISOLADA","u_Patrimô":"Próprio","u2Natureza":"PREDIAL","u2Logradou":"AVN BEIRA MAR (JD. ATLANTICO)","u2Número":"S/N","u2Compleme":null,"u2Edifíci":null,"u2ÁreaTer":832.0,"u2ÁreaTot":1054.68,"u2ÁreaCon":1054.68,"u2TipoImó":"CASA ISOLADA","u2Patrimô":"Próprio"},"geometry":{"type":"MultiPolygon","coordinates":[[[[-34.827883466383241,-7.010470636899288],[-34.827846231237693,-7.010340168809683],[-34.827565648347544,-7.01041214216907],[-34.827363682655282,-7.010463949028718],[-34.827398622326946,-7.010595005980021],[-34.827602883431659,-7.01054261029929],[-34.827883466383241,-7.010470636899288]]]]}},
{"type":"Feature","properties":{"fid":598,"Endereco":"Avenida Max Zagel","Bairro":"Camboinha","Quadra":"01","Lote":"01","Municipio":"Cabedelo-PB","Loteamento":"Jardim Atlântico","area_pecunia":null,"Situacao_recuo":null,"valor_m2":null,"valor_total":0.0,"valor_formatado":"R$ 0,00","geocodigo":"10003094050394","fid_2":13602.0,"id":13602.0,"distrito":"1","setor":"0003","quadra_2":"094","lote_2":"0394","geocode":"10003094050394","zoneamento":"Zona de Interesse Turístico (ZIT)","shape_leng":137.13576567600001,"shape_area":795.83,"bairro_2":"Camboinha","faces":"05","Reurb":null,"u_Inscriç":"1.0003.094.05.0394.0000.3","u_Sequenci":10080163,"u_Propriet":"RY EMPREENDIMENTOS IMOBILIARIO LTDA","u_Propri_1":"10.667.201/0001-09","u_ÁreaTer":480.0,"u_ÁreaTot":727.0,"u_ÁreaCon":727.0,"u_TipoImó":"CASA ISOLADA","u_Patrimô":"Próprio","u2Natureza":"PREDIAL","u2Logradou":"AVN BEIRA MAR (CAMBOINHA)","u2Número":"S/N","u2Compleme":null,"u2Edifíci":null,"u2ÁreaTer":480.0,"u2ÁreaTot":727.0,"u2ÁreaCon":727.0,"u2TipoImó":"CASA ISOLADA","u2Patrimô":"Próprio"},"geometry":{"type":"MultiPolygon","coordinates":[[[[-34.827815281652605,-7.010239805180699],[-34.827778784052001,-7.010109151170748],[-34.827498328186614,-7.010181436174959],[-34.827297914578466,-7.010233090890307],[-34.827334149704747,-7.010363812592202],[-34.827534825725529,-7.010312090225149],[-34.827815281652605,-7.010239805180699]]]]}},
{"type":"Feature","properties":{"fid":599,"Endereco":"Avenida Max Zagel","Bairro":"Camboinha","Quadra":"01","Lote":"02","Municipio":"Cabedelo-PB","Loteamento":"Jardim Atlântico","area_pecunia":null,"Situacao_recuo":null,"valor_m2":null,"valor_total":0.0,"valor_formatado":"R$ 0,00","geocodigo":"10003094050379","fid_2":13601.0,"id":13601.0,"distrito":"1","setor":"0003","quadra_2":"094","lote_2":"0379","geocode":"10003094050379","zoneamento":"Zona de Interesse Turístico (ZIT)","shape_leng":131.25529208399999,"shape_area":648.47,"bairro_2":"Camboinha","faces":"05","Reurb":null,"u_Inscriç":"1.0003.094.05.0379.0000.9","u_Sequenci":10080155,"u_Propriet":"CLAUDIA STUDART LEAL","u_Propri_1":"529.269.404-59","u_ÁreaTer":384.0,"u_ÁreaTot":510.85,"u_ÁreaCon":510.85,"u_TipoImó":"CASA GEMINADA(1 LAD)","u_Patrimô":"Próprio","u2Natureza":"PREDIAL","u2Logradou":"AVN BEIRA MAR (CAMBOINHA)","u2Número":"575","u2Compleme":null,"u2Edifíci":null,"u2ÁreaTer":384.0,"u2ÁreaTot":510.85,"u2ÁreaCon":510.85,"u2TipoImó":"CASA GEMINADA(1 LAD)","u2Patrimô":"Próprio"},"geometry":{"type":"MultiPolygon","coordinates":[[[[-34.827469130176418,-7.010076912928455],[-34.827268926498292,-7.010128513522501],[-34.827297914578466,-7.010233090890307],[-34.827498328186614,-7.010181436174959],[-34.827778784052001,-7.010109151170748],[-34.827749585992443,-7.01000462795641],[-34.827469130176418,-7.010076912928455]]]]}},
{"type":"Feature","properties":{"fid":600,"Endereco":"Avenida Max Zagel","Bairro":"Camboinha","Quadra":"01","Lote":"03","Municipio":"Cabedelo-PB","Loteamento":"Jardim Atlântico","area_pecunia":null,"Situacao_recuo":null,"valor_m2":null,"valor_total":0.0,"valor_formatado":"R$ 0,00","geocodigo":"10003094050367","fid_2":13600.0,"id":13600.0,"distrito":"1","setor":"0003","quadra_2":"094","lote_2":"0367","geocode":"10003094050367","zoneamento":"Zona de Interesse Turístico (ZIT)","shape_leng":132.005675392,"shape_area":655.29,"bairro_2":"Camboinha","faces":"05","Reurb":null,"u_Inscriç":"1.0003.094.05.0367.0000.6","u_Sequenci":10080147,"u_Propriet":"ALEXANDRE NOBREGA DE ASSSIS","u_Propri_1":"715.390.694-00","u_ÁreaTer":384.0,"u_ÁreaTot":574.2,"u_ÁreaCon":574.2,"u_TipoImó":"CASA GEMINADA(1 LAD)","u_Patrimô":"Próprio","u2Natureza":"PREDIAL","u2Logradou":"AVN BEIRA MAR (CAMBOINHA)","u2Número":"548","u2Compleme":null,"u2Edifíci":null,"u2ÁreaTer":384.0,"u2ÁreaTot":574.2,"u2ÁreaCon":574.2,"u2TipoImó":"CASA GEMINADA(1 LAD)","u2Patrimô":"Próprio"},"geometry":{"type":"MultiPolygon","coordinates":[[[[-34.827439932184809,-7.009972389676324],[-34.827239938436627,-7.010023936149134],[-34.827268926498292,-7.010128513522501],[-34.827469130176418,-7.010076912928455],[-34.827749585992443,-7.01000462795641],[-34.827720387951487,-7.009900104736459],[-34.827439932184809,-7.009972389676324]]]]}},
{"type":"Feature","properties":{"fid":601,"Endereco":"Avenida Max Zagel","Bairro":"Camboinha","Quadra":"01","Lote":"04","Municipio":"Cabedelo-PB","Loteamento":"Jardim Atlântico","area_pecunia":null,"Situacao_recuo":null,"valor_m2":null,"valor_total":0.0,"valor_formatado":"R$ 0,00","geocodigo":"10003094050355","fid_2":13599.0,"id":13599.0,"distrito":"1","setor":"0003","quadra_2":"094","lote_2":"0355","geocode":"10003094050355","zoneamento":"Zona de Interesse Turístico (ZIT)","shape_leng":131.580819873,"shape_area":644.68,"bairro_2":"Camboinha","faces":"05","Reurb":null,"u_Inscriç":"1.0003.094.05.0355.0000.3","u_Sequenci":10080139,"u_Propriet":"FERNANDO VILLAR","u_Propri_1":"025.124.674-49","u_ÁreaTer":384.0,"u_ÁreaTot":750.2,"u_ÁreaCon":750.2,"u_TipoImó":"CASA GEMINADA(1 LAD)","u_Patrimô":"Próprio","u2Natureza":"PREDIAL","u2Logradou":"AVN BEIRA MAR (CAMBOINHA)","u2Número":"533","u2Compleme":null,"u2Edifíci":null,"u2ÁreaTer":384.0,"u2ÁreaTot":750.2,"u2ÁreaCon":750.2,"u2TipoImó":"CASA GEMINADA(1 LAD)","u2Patrimô":"Próprio"},"geometry":{"type":"MultiPolygon","coordinates":[[[[-34.827410734211803,-7.009867866418602],[-34.827210950393514,-7.009919358770203],[-34.827239938436627,-7.010023936149134],[-34.827439932184809,-7.009972389676324],[-34.827720387951487,-7.009900104736459],[-34.827691189929126,-7.0097955815109],[-34.827410734211803,-7.009867866418602]]]]}},
{"type":"Feature","properties":{"fid":602,"Endereco":"Avenida Max Zagel","Bairro":"Camboinha","Quadra":"16","Lote":"06","Municipio":"Cabedelo-PB","Loteamento":"Jardim Jericó","area_pecunia":null,"Situacao_recuo":null,"valor_m2":null,"valor_total":0.0,"valor_formatado":"R$ 0,00","geocodigo":"10003093040296","fid_2":13606.0,"id":13606.0,"distrito":"1","setor":"0003","quadra_2":"093","lote_2":"0296","geocode":"10003093040296","zoneamento":"Zona de Interesse Turístico (ZIT)","shape_leng":132.29226917,"shape_area":648.97,"bairro_2":"Camboinha","faces":"04","Reurb":null,"u_Inscriç":"1.0003.093.04.0296.0000.5","u_Sequenci":10080023,"u_Propriet":"PHILIPEIA CONSTRUCOES E INCORPORACOES LTDA","u_Propri_1":"02.172.738/0001-61","u_ÁreaTer":384.0,"u_ÁreaTot":532.63,"u_ÁreaCon":532.63,"u_TipoImó":"CASA ISOLADA","u_Patrimô":"Próprio","u2Natureza":"PREDIAL","u2Logradou":"AVN FRANCISCO PORTO","u2Número":"192","u2Compleme":null,"u2Edifíci":null,"u2ÁreaTer":384.0,"u2ÁreaTot":532.63,"u2ÁreaCon":532.63,"u2TipoImó":"CASA ISOLADA","u2Patrimô":"Próprio"},"geometry":{"type":"MultiPolygon","coordinates":[[[[-34.827304789417617,-7.008411058150449],[-34.827274874489113,-7.008306528492324],[-34.826991357038146,-7.008368264505036],[-34.826991357038139,-7.00836826450502],[-34.826796011802301,-7.008410800887257],[-34.826822583259997,-7.00851605862221],[-34.827021271915612,-7.008472794196307],[-34.827304789417617,-7.008411058150449]]]]}},
{"type":"Feature","properties":{"fid":603,"Endereco":"Avenida Max Zagel","Bairro":"Camboinha","Quadra":"16","Lote":"05","Municipio":"Cabedelo-PB","Loteamento":"Jardim Jericó","area_pecunia":null,"Situacao_recuo":null,"valor_m2":null,"valor_total":0.0,"valor_formatado":"R$ 0,00","geocodigo":"10003093040284","fid_2":13607.0,"id":13607.0,"distrito":"1","setor":"0003","quadra_2":"093","lote_2":"0284","geocode":"10003093040284","zoneamento":"Zona de Interesse Turístico (ZIT)","shape_leng":131.638956097,"shape_area":651.77,"bairro_2":"Camboinha","faces":"04","Reurb":null,"u_Inscriç":"1.0003.093.04.0284.0000.2","u_Sequenci":10080015,"u_Propriet":"IVANILTON MARTINS DINOA","u_Propri_1":"003.449.154-68","u_ÁreaTer":384.0,"u_ÁreaTot":566.28,"u_ÁreaCon":566.28,"u_TipoImó":"CASA GEMINADA(2 LAD)","u_Patrimô":"Próprio","u2Natureza":"PREDIAL","u2Logradou":"AVN FRANCISCO PORTO","u2Número":"348","u2Compleme":null,"u2Edifíci":null,"u2ÁreaTer":384.0,"u2ÁreaTot":566.28,"u2ÁreaCon":566.28,"u2TipoImó":"CASA GEMINADA(2 LAD)","u2Patrimô":"Próprio"},"geometry":{"type":"MultiPolygon","coordinates":[[[[-34.826961442179574,-7.008263734807948],[-34.826961442179574,-7.008263734807983],[-34.826769440362334,-7.00830554314745],[-34.826796011802301,-7.008410800887257],[-34.826991357038139,-7.00836826450502],[-34.826991357038146,-7.008368264505036],[-34.827274874489113,-7.008306528492324],[-34.827244959579502,-7.008201998828384],[-34.826961442179574,-7.008263734807948]]]]}},
{"type":"Feature","properties":{"fid":604,"Endereco":"Avenida Max Zagel","Bairro":"Camboinha","Quadra":"16","Lote":"04","Municipio":"Cabedelo-PB","Loteamento":"Jardim Jericó","area_pecunia":null,"Situacao_recuo":null,"valor_m2":null,"valor_total":0.0,"valor_formatado":"R$ 0,00","geocodigo":"10003093040272","fid_2":13608.0,"id":13608.0,"distrito":"1","setor":"0003","quadra_2":"093","lote_2":"0272","geocode":"10003093040272","zoneamento":"Zona de Interesse Turístico (ZIT)","shape_leng":130.73861475699999,"shape_area":643.87,"bairro_2":"Camboinha","faces":"04","Reurb":null,"u_Inscriç":"1.0003.093.04.0272.0000.0","u_Sequenci":10080007,"u_Propriet":"HELKER HILUEY AGRA","u_Propri_1":"760.882.604-59","u_ÁreaTer":32.0,"u_ÁreaTot":528.69,"u_ÁreaCon":528.69,"u_TipoImó":"CASA ISOLADA","u_Patrimô":"Próprio","u2Natureza":"PREDIAL","u2Logradou":"AVN FRANCISCO PORTO","u2Número":"SN","u2Compleme":null,"u2Edifíci":null,"u2ÁreaTer":32.0,"u2ÁreaTot":528.69,"u2ÁreaCon":528.69,"u2TipoImó":"CASA ISOLADA","u2Patrimô":"Próprio"},"geometry":{"type":"MultiPolygon","coordinates":[[[[-34.826961442179574,-7.008263734807948],[-34.827244959579502,-7.008201998828384],[-34.827215044688778,-7.008097469158661],[-34.826931527339887,-7.008159205105095],[-34.826742868939988,-7.008200285402422],[-34.826769440362334,-7.00830554314745],[-34.826961442179574,-7.008263734807948]]]]}},
{"type":"Feature","properties":{"fid":605,"Endereco":"Avenida Max Zagel","Bairro":"Camboinha","Quadra":"16","Lote":"03","Municipio":"Cabedelo-PB","Loteamento":"Jardim Jericó","area_pecunia":null,"Situacao_recuo":null,"valor_m2":null,"valor_total":0.0,"valor_formatado":"R$ 0,00","geocodigo":"10003093040260","fid_2":13609.0,"id":13609.0,"distrito":"1","setor":"0003","quadra_2":"093","lote_2":"0260","geocode":"10003093040260","zoneamento":"Zona de Interesse Turístico (ZIT)","shape_leng":129.74386912200001,"shape_area":629.94,"bairro_2":"Camboinha","faces":"04","Reurb":null,"u_Inscriç":"1.0003.093.04.0260.0000.7","u_Sequenci":10079998,"u_Propriet":"EINSTEIN COUTINHO DE ALMEIDA","u_Propri_1":"804.624.214-49","u_ÁreaTer":384.0,"u_ÁreaTot":275.6,"u_ÁreaCon":275.6,"u_TipoImó":"CASA ISOLADA","u_Patrimô":"Próprio","u2Natureza":"PREDIAL","u2Logradou":"AVN FRANCISCO PORTO","u2Número":"35","u2Compleme":null,"u2Edifíci":null,"u2ÁreaTer":384.0,"u2ÁreaTot":275.6,"u2ÁreaCon":275.6,"u2TipoImó":"CASA ISOLADA","u2Patrimô":"Próprio"},"geometry":{"type":"MultiPolygon","coordinates":[[[[-34.827215044688778,-7.008097469158661],[-34.827185129816954,-7.007992939483122],[-34.826716297535334,-7.008095027652422],[-34.826742868939988,-7.008200285402422],[-34.826931527339887,-7.008159205105095],[-34.827215044688778,-7.008097469158661]]]]}},
{"type":"Feature","properties":{"fid":608,"Endereco":"Avenida Max Zagel","Bairro":"Camboinha","Quadra":"03","Lote":"09","Municipio":"Cabedelo-PB","Loteamento":"Jardim Jericó","area_pecunia":null,"Situacao_recuo":null,"valor_m2":null,"valor_total":0.0,"valor_formatado":"R$ 0,00","geocodigo":"10003070040393","fid_2":15565.0,"id":15572.0,"distrito":"1","setor":"0003","quadra_2":"070","lote_2":"0393","geocode":"10003070040393","zoneamento":"Zona de Interesse Turístico (ZIT)","shape_leng":190.90094158100001,"shape_area":1231.34,"bairro_2":"Camboinha","faces":"04","Reurb":null,"u_Inscriç":"1.0003.070.04.0393.0000.4","u_Sequenci":10076301,"u_Propriet":"MARCIO MURILO DA CUNHA RAMOS","u_Propri_1":"308.819.514-04","u_ÁreaTer":480.0,"u_ÁreaTot":488.81,"u_ÁreaCon":488.81,"u_TipoImó":"CASA ISOLADA","u_Patrimô":"Próprio","u2Natureza":"PREDIAL","u2Logradou":"AVN FRANCISCO PORTO","u2Número":"278","u2Compleme":null,"u2Edifíci":null,"u2ÁreaTer":480.0,"u2ÁreaTot":488.81,"u2ÁreaCon":488.81,"u2TipoImó":"CASA ISOLADA","u2Patrimô":"Próprio"},"geometry":{"type":"MultiPolygon","coordinates":[[[[-34.826792202190418,-7.007667568215288],[-34.827074532137914,-7.007602034240638],[-34.827038111829069,-7.007471255146271],[-34.826755781944833,-7.007536789080302],[-34.826590388468865,-7.007575179851092],[-34.826621105947602,-7.007707282714393],[-34.826792202190418,-7.007667568215288]]]]}},
{"type":"Feature","properties":{"fid":609,"Endereco":"Avenida Max Zagel","Bairro":"Camboinha","Quadra":"03","Lote":"07","Municipio":"Cabedelo-PB","Loteamento":"Jardim Jericó","area_pecunia":null,"Situacao_recuo":null,"valor_m2":null,"valor_total":0.0,"valor_formatado":"R$ 0,00","geocodigo":"10003070020530","fid_2":15563.0,"id":15570.0,"distrito":"1","setor":"0003","quadra_2":"070","lote_2":"0530","geocode":"10003070020530","zoneamento":"Zona de Interesse Turístico (ZIT)","shape_leng":186.7694767,"shape_area":981.42,"bairro_2":"Camboinha","faces":"02","Reurb":null,"u_Inscriç":"1.0003.070.02.0530.0000.8","u_Sequenci":10076255,"u_Propriet":"TA CONSULTORIA SERVIÇOS E PARTICIPAÇÕES LTDA","u_Propri_1":"11.520.104/0001-43","u_ÁreaTer":384.0,"u_ÁreaTot":579.0,"u_ÁreaCon":579.0,"u_TipoImó":"CASA ISOLADA","u_Patrimô":"Próprio","u2Natureza":"PREDIAL","u2Logradou":"AVN MAX ZAGEL","u2Número":"311","u2Compleme":null,"u2Edifíci":null,"u2ÁreaTer":384.0,"u2ÁreaTot":579.0,"u2ÁreaCon":579.0,"u2TipoImó":"CASA ISOLADA","u2Patrimô":"Próprio"},"geometry":{"type":"MultiPolygon","coordinates":[[[[-34.826719361728294,-7.007406009936528],[-34.827001691549263,-7.007340476043116],[-34.826972555346345,-7.007235852754291],[-34.826690225575973,-7.00730138661521],[-34.826255531267144,-7.007402286702365],[-34.82628606678805,-7.00750658523839],[-34.826719361728294,-7.007406009936528]]],[[[-34.82628606678805,-7.00750658523839],[-34.82655967101654,-7.007443076980518],[-34.826719361728294,-7.007406009936528],[-34.82628606678805,-7.00750658523839]]]]}},
{"type":"Feature","properties":{"fid":610,"Endereco":"Avenida Max Zagel","Bairro":"Camboinha","Quadra":"03","Lote":"05","Municipio":"Cabedelo-PB","Loteamento":"Jardim Jericó","area_pecunia":null,"Situacao_recuo":null,"valor_m2":null,"valor_total":0.0,"valor_formatado":"R$ 0,00","geocodigo":"10003070040341","fid_2":15561.0,"id":15568.0,"distrito":"1","setor":"0003","quadra_2":"070","lote_2":"0341","geocode":"10003070040341","zoneamento":"Zona de Interesse Turístico (ZIT)","shape_leng":185.13500875400001,"shape_area":966.78,"bairro_2":"Camboinha","faces":"04","Reurb":null,"u_Inscriç":"1.0003.070.04.0341.0000.7","u_Sequenci":10076239,"u_Propriet":"JOSE DE PAIVA GADELHA","u_Propri_1":"003.901.944-68","u_ÁreaTer":384.0,"u_ÁreaTot":620.0,"u_ÁreaCon":620.0,"u_TipoImó":"CASA GEMINADA(2 LAD)","u_Patrimô":"Próprio","u2Natureza":"PREDIAL","u2Logradou":"AVN FRANCISCO PORTO","u2Número":"270","u2Compleme":null,"u2Edifíci":null,"u2ÁreaTer":384.0,"u2ÁreaTot":620.0,"u2ÁreaCon":620.0,"u2TipoImó":"CASA GEMINADA(2 LAD)","u2Patrimô":"Próprio"},"geometry":{"type":"MultiPolygon","coordinates":[[[[-34.826943419162006,-7.007131229459818],[-34.826914282996256,-7.007026606159782],[-34.826631953327109,-7.007092139955717],[-34.826194460282508,-7.007193689612225],[-34.826224995765266,-7.00729798816023],[-34.826661089442247,-7.007196763288261],[-34.826943419162006,-7.007131229459818]]]]}},
{"type":"Feature","properties":{"fid":611,"Endereco":"Avenida Max Zagel","Bairro":"Camboinha","Quadra":"03","Lote":"04","Municipio":"Cabedelo-PB","Loteamento":"Jardim Jericó","area_pecunia":null,"Situacao_recuo":null,"valor_m2":null,"valor_total":0.0,"valor_formatado":"R$ 0,00","geocodigo":"10003070040329","fid_2":15117.0,"id":15567.0,"distrito":"1","setor":"0003","quadra_2":"070","lote_2":"0329","geocode":"10003070040329","zoneamento":"Zona de Interesse Turístico (ZIT)","shape_leng":183.522908339,"shape_area":935.34,"bairro_2":"Camboinha","faces":"04","Reurb":null,"u_Inscriç":"1.0003.070.04.0329.0000.6","u_Sequenci":10076220,"u_Propriet":"GLOBAL CONSTRUTORA LTDA","u_Propri_1":"12.098.027/0001-48","u_ÁreaTer":384.0,"u_ÁreaTot":324.9,"u_ÁreaCon":324.9,"u_TipoImó":"CASA ISOLADA","u_Patrimô":"Próprio","u2Natureza":"PREDIAL","u2Logradou":"AVN FRANCISCO PORTO","u2Número":"232","u2Compleme":null,"u2Edifíci":null,"u2ÁreaTer":384.0,"u2ÁreaTot":324.9,"u2ÁreaCon":324.9,"u2TipoImó":"CASA ISOLADA","u2Patrimô":"Próprio"},"geometry":{"type":"MultiPolygon","coordinates":[[[[-34.826602817230565,-7.006987516617539],[-34.826602817230558,-7.006987516617539],[-34.826163924818822,-7.007089391058265],[-34.826194460282508,-7.007193689612225],[-34.826631953327109,-7.007092139955717],[-34.826914282996256,-7.007026606159782],[-34.826885146849108,-7.006921982854099],[-34.826602817230565,-7.006987516617539]]]]}},
{"type":"Feature","properties":{"fid":612,"Endereco":"Avenida Max Zagel","Bairro":"Camboinha","Quadra":"03","Lote":"03","Municipio":"Cabedelo-PB","Loteamento":"Jardim Jericó","area_pecunia":null,"Situacao_recuo":null,"valor_m2":null,"valor_total":0.0,"valor_formatado":"R$ 0,00","geocodigo":"10003070040317","fid_2":15539.0,"id":15566.0,"distrito":"1","setor":"0003","quadra_2":"070","lote_2":"0317","geocode":"10003070040317","zoneamento":"Zona de Interesse Turístico (ZIT)","shape_leng":188.69250636800001,"shape_area":1062.62,"bairro_2":"Camboinha","faces":"04","Reurb":null,"u_Inscriç":"1.0003.070.04.0317.0000.3","u_Sequenci":10076212,"u_Propriet":"CONSTRUTORA HEMA LTDA","u_Propri_1":"08.566.846/0001-03","u_ÁreaTer":384.0,"u_ÁreaTot":513.62,"u_ÁreaCon":513.62,"u_TipoImó":"COMERCIAL","u_Patrimô":"Próprio","u2Natureza":"PREDIAL","u2Logradou":"AVN FRANCISCO PORTO","u2Número":"213","u2Compleme":null,"u2Edifíci":null,"u2ÁreaTer":384.0,"u2ÁreaTot":513.62,"u2ÁreaCon":513.62,"u2TipoImó":"COMERCIAL","u2Patrimô":"Próprio"},"geometry":{"type":"MultiPolygon","coordinates":[[[[-34.826602817230565,-7.006987516617539],[-34.826885146849108,-7.006921982854099],[-34.826856010720547,-7.006817359542817],[-34.826573681152595,-7.006882893273767],[-34.826133389374263,-7.006985092498486],[-34.826163924818822,-7.007089391058265],[-34.826602817230565,-7.006987516617539]]]]}},
{"type":"Feature","properties":{"fid":613,"Endereco":"Avenida Max Zagel","Bairro":"Camboinha","Quadra":"03","Lote":"02","Municipio":"Cabedelo-PB","Loteamento":"Jardim Jericó","area_pecunia":null,"Situacao_recuo":null,"valor_m2":null,"valor_total":0.0,"valor_formatado":"R$ 0,00","geocodigo":"10003070040304","fid_2":15567.0,"id":15574.0,"distrito":"1","setor":"0003","quadra_2":"070","lote_2":"0304","geocode":"10003070040304","zoneamento":"Zona de Interesse Turístico (ZIT)","shape_leng":195.065589676,"shape_area":1277.89,"bairro_2":"Camboinha","faces":"04","Reurb":null,"u_Inscriç":"1.0003.070.04.0304.0015.4","u_Sequenci":10076204,"u_Propriet":"GRUPO QUATRO PLANEJAMENTO E OBRAS LTDA","u_Propri_1":"09.601.493/0001-90","u_ÁreaTer":480.0,"u_ÁreaTot":2507.83,"u_ÁreaCon":174.52,"u_TipoImó":"APARTAMENTO","u_Patrimô":"Próprio","u2Natureza":"PREDIAL","u2Logradou":"AVN FRANCISCO PORTO","u2Número":"199","u2Compleme":"AP 304  - JACIRA ABRANTES, EDF.","u2Edifíci":"JACIRA ABRANTES, EDF.","u2ÁreaTer":480.0,"u2ÁreaTot":2507.83,"u2ÁreaCon":174.52,"u2TipoImó":"APARTAMENTO","u2Patrimô":"Próprio"},"geometry":{"type":"MultiPolygon","coordinates":[[[[-34.826573681152595,-7.006882893273767],[-34.826856010720547,-7.006817359542817],[-34.826819590585977,-7.006686580395798],[-34.826537261081292,-7.006752114086137],[-34.826537261081285,-7.006752114086121],[-34.826095220095318,-7.006854719290123],[-34.826133389374263,-7.006985092498486],[-34.826573681152603,-7.006882893273784],[-34.826573681152595,-7.006882893273767]]]]}},
{"type":"Feature","properties":{"fid":614,"Endereco":"Avenida Max Zagel","Bairro":"Camboinha","Quadra":"03","Lote":"01","Municipio":"Cabedelo-PB","Loteamento":"Jardim Jericó","area_pecunia":null,"Situacao_recuo":null,"valor_m2":null,"valor_total":0.0,"valor_formatado":"R$ 0,00","geocodigo":"10003070040289","fid_2":15566.0,"id":15573.0,"distrito":"1","setor":"0003","quadra_2":"070","lote_2":"0289","geocode":"10003070040289","zoneamento":"Zona de Interesse Turístico (ZIT)","shape_leng":192.86898938900001,"shape_area":1153.94,"bairro_2":"Camboinha","faces":"04","Reurb":null,"u_Inscriç":"1.0003.070.04.0289.0000.5","u_Sequenci":10076042,"u_Propriet":"TANIA MARIA DORNELAS DE MELO","u_Propri_1":"133.301.954-87","u_ÁreaTer":480.0,"u_ÁreaTot":311.8,"u_ÁreaCon":311.8,"u_TipoImó":"CASA ISOLADA","u_Patrimô":"Próprio","u2Natureza":"PREDIAL","u2Logradou":"AVN FRANCISCO PORTO","u2Número":"183","u2Compleme":null,"u2Edifíci":null,"u2ÁreaTer":480.0,"u2ÁreaTot":311.8,"u2ÁreaCon":311.8,"u2TipoImó":"CASA ISOLADA","u2Patrimô":"Próprio"},"geometry":{"type":"MultiPolygon","coordinates":[[[[-34.826537261081292,-7.006752114086137],[-34.826819590585977,-7.006686580395798],[-34.826783170480461,-7.006555801240045],[-34.826500841039028,-7.006621334889752],[-34.826057050846288,-7.006724346072785],[-34.826095220095318,-7.006854719290123],[-34.826537261081285,-7.006752114086121],[-34.826537261081292,-7.006752114086137]]]]}},
{"type":"Feature","properties":{"fid":615,"Endereco":"Avenida Max Zagel","Bairro":"Camboinha","Quadra":"02","Lote":"08","Municipio":"Cabedelo-PB","Loteamento":"Jardim Jericó","area_pecunia":null,"Situacao_recuo":null,"valor_m2":null,"valor_total":0.0,"valor_formatado":"R$ 0,00","geocodigo":"10003069040357","fid_2":15573.0,"id":15580.0,"distrito":"1","setor":"0003","quadra_2":"069","lote_2":"0357","geocode":"10003069040357","zoneamento":"Zona de Interesse Turístico (ZIT)","shape_leng":121.61267776699999,"shape_area":680.08,"bairro_2":"Camboinha","faces":"04","Reurb":null,"u_Inscriç":"1.0003.069.04.0357.0000.0","u_Sequenci":10076034,"u_Propriet":"ÍNDICE CONSTRUÇÕES E INCORPORAÇÕES LTDA - EPP","u_Propri_1":"12.619.490/0001-98","u_ÁreaTer":480.0,"u_ÁreaTot":287.2,"u_ÁreaCon":287.2,"u_TipoImó":"CASA ISOLADA","u_Patrimô":"Próprio","u2Natureza":"PREDIAL","u2Logradou":"AVN FRANCISCO PORTO","u2Número":"154","u2Compleme":null,"u2Edifíci":null,"u2ÁreaTer":480.0,"u2ÁreaTot":287.2,"u2ÁreaCon":287.2,"u2TipoImó":"CASA ISOLADA","u2Patrimô":"Próprio"},"geometry":{"type":"MultiPolygon","coordinates":[[[[-34.826423305409691,-7.006373780547701],[-34.826423305409698,-7.00637378054772],[-34.826222506179292,-7.006419486833236],[-34.826252658165508,-7.006551719703354],[-34.826460673241172,-7.006504370915386],[-34.826460673241144,-7.006504370915303],[-34.826743437145666,-7.006440007503222],[-34.82670606925106,-7.006309417176819],[-34.826423305409691,-7.006373780547701]]]]}},
{"type":"Feature","properties":{"fid":616,"Endereco":"Avenida Max Zagel","Bairro":"Camboinha","Quadra":"02","Lote":"05","Municipio":"Cabedelo-PB","Loteamento":"Jardim Jericó","area_pecunia":null,"Situacao_recuo":null,"valor_m2":null,"valor_total":0.0,"valor_formatado":"R$ 0,00","geocodigo":"10003069040312","fid_2":15569.0,"id":15576.0,"distrito":"1","setor":"0003","quadra_2":"069","lote_2":"0312","geocode":"10003069040312","zoneamento":"Zona de Interesse Turístico (ZIT)","shape_leng":138.23143245099999,"shape_area":823.51,"bairro_2":"Camboinha","faces":"04","Reurb":null,"u_Inscriç":"1.0003.069.04.0312.0003.7","u_Sequenci":10076000,"u_Propriet":"ESPOLIO ERLIE ANTONIO AMORIM PESSOA","u_Propri_1":"023.952.904-91","u_ÁreaTer":480.0,"u_ÁreaTot":648.0,"u_ÁreaCon":216.0,"u_TipoImó":"APARTAMENTO","u_Patrimô":"Próprio","u2Natureza":"PREDIAL","u2Logradou":"AVN FRANCISCO PORTO","u2Número":"848","u2Compleme":"AP 301  - PAVOA DE VARZIM ED.","u2Edifíci":"PAVOA DE VARZIM ED.","u2ÁreaTer":480.0,"u2ÁreaTot":648.0,"u2ÁreaCon":216.0,"u2TipoImó":"APARTAMENTO","u2Patrimô":"Próprio"},"geometry":{"type":"MultiPolygon","coordinates":[[[[-34.826311202092214,-7.005982009390626],[-34.826114713345902,-7.006026734460943],[-34.826144865249731,-7.006158967353714],[-34.826348569835226,-7.006112599785348],[-34.826631333550296,-7.006048236496906],[-34.826593965744117,-7.005917646143363],[-34.826311202092207,-7.005982009390609],[-34.826311202092214,-7.005982009390626]]]]}},
{"type":"Feature","properties":{"fid":617,"Endereco":"Avenida Max Zagel","Bairro":"Camboinha","Quadra":"02","Lote":"04","Municipio":"Cabedelo-PB","Loteamento":"Jardim Jericó","area_pecunia":null,"Situacao_recuo":null,"valor_m2":null,"valor_total":0.0,"valor_formatado":"R$ 0,00","geocodigo":"10003069040297","fid_2":15570.0,"id":15577.0,"distrito":"1","setor":"0003","quadra_2":"069","lote_2":"0297","geocode":"10003069040297","zoneamento":"Zona de Interesse Turístico (ZIT)","shape_leng":136.029359959,"shape_area":800.4,"bairro_2":"Camboinha","faces":"04","Reurb":null,"u_Inscriç":"1.0003.069.04.0297.0000.1","u_Sequenci":10075976,"u_Propriet":"CLOCIO BELTRAO DE ALBUQUERQUE","u_Propri_1":"003.038.444-34","u_ÁreaTer":480.0,"u_ÁreaTot":675.0,"u_ÁreaCon":675.0,"u_TipoImó":"CASA ISOLADA","u_Patrimô":"Próprio","u2Natureza":"PREDIAL","u2Logradou":"AVN FRANCISCO PORTO","u2Número":"390","u2Compleme":null,"u2Edifíci":null,"u2ÁreaTer":480.0,"u2ÁreaTot":675.0,"u2ÁreaCon":675.0,"u2TipoImó":"CASA ISOLADA","u2Patrimô":"Próprio"},"geometry":{"type":"MultiPolygon","coordinates":[[[[-34.826593965744117,-7.005917646143363],[-34.826556597967418,-7.00578705578079],[-34.826273834378654,-7.005851418986791],[-34.826084561468214,-7.00589450156096],[-34.826114713345902,-7.006026734460943],[-34.826311202092214,-7.005982009390626],[-34.826311202092207,-7.005982009390609],[-34.826593965744117,-7.005917646143363]]]]}},
{"type":"Feature","properties":{"fid":618,"Endereco":"Avenida Max Zagel","Bairro":"Camboinha","Quadra":"02","Lote":"03","Municipio":"Cabedelo-PB","Loteamento":"Jardim Jericó","area_pecunia":null,"Situacao_recuo":null,"valor_m2":null,"valor_total":0.0,"valor_formatado":"R$ 0,00","geocodigo":"10003069040282","fid_2":15571.0,"id":15578.0,"distrito":"1","setor":"0003","quadra_2":"069","lote_2":"0282","geocode":"10003069040282","zoneamento":"Zona de Interesse Turístico (ZIT)","shape_leng":133.719440531,"shape_area":770.6,"bairro_2":"Camboinha","faces":"04","Reurb":null,"u_Inscriç":"1.0003.069.04.0282.0000.5","u_Sequenci":10075968,"u_Propriet":"HAROLDO ESPINOLA DE OLIVEIRA LIMA FILHO","u_Propri_1":"324.651.814-91","u_ÁreaTer":480.0,"u_ÁreaTot":594.68,"u_ÁreaCon":594.68,"u_TipoImó":"CASA ISOLADA","u_Patrimô":"Próprio","u2Natureza":"PREDIAL","u2Logradou":"AVN FRANCISCO PORTO","u2Número":"400","u2Compleme":null,"u2Edifíci":null,"u2ÁreaTer":480.0,"u2ÁreaTot":594.68,"u2ÁreaCon":594.68,"u2TipoImó":"CASA ISOLADA","u2Patrimô":"Próprio"},"geometry":{"type":"MultiPolygon","coordinates":[[[[-34.826556597967418,-7.00578705578079],[-34.8265192302202,-7.00565646540917],[-34.826236466694581,-7.005720828573979],[-34.826054409616724,-7.005762268654076],[-34.826084561468214,-7.00589450156096],[-34.826273834378654,-7.005851418986791],[-34.826556597967418,-7.00578705578079]]]]}},
{"type":"Feature","properties":{"fid":619,"Endereco":"Avenida Max Zagel","Bairro":"Camboinha","Quadra":"01","Lote":"01","Municipio":"Cabedelo-PB","Loteamento":"Jardim Jericó","area_pecunia":null,"Situacao_recuo":null,"valor_m2":null,"valor_total":0.0,"valor_formatado":"R$ 0,00","geocodigo":"10003048050386","fid_2":15590.0,"id":15598.0,"distrito":"1","setor":"0003","quadra_2":"048","lote_2":"0386","geocode":"10003048050386","zoneamento":"Zona de Interesse Turístico (ZIT)","shape_leng":112.629815944,"shape_area":642.17,"bairro_2":"Camboinha","faces":"05","Reurb":null,"u_Inscriç":"1.0003.048.05.0386.0000.7","u_Sequenci":10071326,"u_Propriet":"MARIA COELI DE ALBUQUERQUE LEAL","u_Propri_1":"131.741.344-04","u_ÁreaTer":480.0,"u_ÁreaTot":227.65,"u_ÁreaCon":227.65,"u_TipoImó":"CASA ISOLADA","u_Patrimô":"Próprio","u2Natureza":"PREDIAL","u2Logradou":"AVN FRANCISCO PORTO","u2Número":"912","u2Compleme":null,"u2Edifíci":null,"u2ÁreaTer":480.0,"u2ÁreaTot":227.65,"u2ÁreaCon":227.65,"u2TipoImó":"CASA ISOLADA","u2Patrimô":"Próprio"},"geometry":{"type":"MultiPolygon","coordinates":[[[[-34.826089873417132,-7.005202099087803],[-34.826089873417125,-7.005202099087803],[-34.825755451918333,-7.005273264559318],[-34.825785954742003,-7.005405436670667],[-34.826408009152765,-7.005273062170959],[-34.826373418988815,-7.005141759908424],[-34.826089873417132,-7.005202099087803]]]]}},
{"type":"Feature","properties":{"fid":620,"Endereco":"Avenida Max Zagel","Bairro":"Camboinha","Quadra":"01","Lote":"02","Municipio":"Cabedelo-PB","Loteamento":"Jardim Jericó","area_pecunia":null,"Situacao_recuo":null,"valor_m2":null,"valor_total":0.0,"valor_formatado":"R$ 0,00","geocodigo":"10003048050371","fid_2":15591.0,"id":15599.0,"distrito":"1","setor":"0003","quadra_2":"048","lote_2":"0371","geocode":"10003048050371","zoneamento":"Zona de Interesse Turístico (ZIT)","shape_leng":115.84385193200001,"shape_area":677.77,"bairro_2":"Camboinha","faces":"05","Reurb":null,"u_Inscriç":"1.0003.048.05.0371.0000.0","u_Sequenci":10071318,"u_Propriet":"ESPOLIO ARLINDO AGRA CAVALCANTI","u_Propri_1":"005.711.484-68","u_ÁreaTer":480.0,"u_ÁreaTot":508.79,"u_ÁreaCon":508.79,"u_TipoImó":"CASA ISOLADA","u_Patrimô":"Próprio","u2Natureza":"PREDIAL","u2Logradou":"AVN FRANCISCO PORTO","u2Número":"8","u2Compleme":null,"u2Edifíci":null,"u2ÁreaTer":480.0,"u2ÁreaTot":508.79,"u2ÁreaCon":508.79,"u2TipoImó":"CASA ISOLADA","u2Patrimô":"Próprio"},"geometry":{"type":"MultiPolygon","coordinates":[[[[-34.826373418988815,-7.005141759908424],[-34.826338828853103,-7.005010457637651],[-34.82605528334657,-7.005070796777061],[-34.825724949121017,-7.005141092440903],[-34.825755451918333,-7.005273264559318],[-34.826089873417132,-7.005202099087803],[-34.826373418988815,-7.005141759908424]]]]}},
{"type":"Feature","properties":{"fid":621,"Endereco":"Avenida Max Zagel","Bairro":"Camboinha","Quadra":"01","Lote":"02","Municipio":"Cabedelo-PB","Loteamento":"Jardim Camboinha","area_pecunia":null,"Situacao_recuo":null,"valor_m2":null,"valor_total":0.0,"valor_formatado":"R$ 0,00","geocodigo":"10003048040343","fid_2":15588.0,"id":15596.0,"distrito":"1","setor":"0003","quadra_2":"048","lote_2":"0343","geocode":"10003048040343","zoneamento":"Zona de Interesse Turístico (ZIT)","shape_leng":151.552520867,"shape_area":901.0,"bairro_2":"Camboinha","faces":"04","Reurb":null,"u_Inscriç":"1.0003.048.04.0343.0000.0","u_Sequenci":10071296,"u_Propriet":"WALENSKA AGRA CARIRY TARGINO DE HOLANDA","u_Propri_1":"450.584.234-72","u_ÁreaTer":448.0,"u_ÁreaTot":0.0,"u_ÁreaCon":0.0,"u_TipoImó":null,"u_Patrimô":"Próprio","u2Natureza":"TERRITORIAL","u2Logradou":"AVN BEIRA MAR (CAMBOINHA)","u2Número":"S/N","u2Compleme":null,"u2Edifíci":null,"u2ÁreaTer":448.0,"u2ÁreaTot":0.0,"u2ÁreaCon":0.0,"u2TipoImó":null,"u2Patrimô":"Próprio"},"geometry":{"type":"MultiPolygon","coordinates":[[[[-34.826312918319729,-7.004877308323181],[-34.826287007810492,-7.004744159002763],[-34.826003737512075,-7.004804439536036],[-34.825751421287613,-7.004858132826576],[-34.825780934608311,-7.004990515502818],[-34.826029647952694,-7.004937588891709],[-34.826312918319729,-7.004877308323181]]]]}},
{"type":"Feature","properties":{"fid":624,"Endereco":"Avenida Max Zagel","Bairro":"Camboinha","Quadra":"01","Lote":"05","Municipio":"Cabedelo-PB","Loteamento":"Jardim Camboinha","area_pecunia":null,"Situacao_recuo":null,"valor_m2":null,"valor_total":0.0,"valor_formatado":"R$ 0,00","geocodigo":"10003048040307","fid_2":15586.0,"id":15594.0,"distrito":"1","setor":"0003","quadra_2":"048","lote_2":"0307","geocode":"10003048040307","zoneamento":"Zona de Interesse Turístico (ZIT)","shape_leng":111.50305871499999,"shape_area":605.28,"bairro_2":"Camboinha","faces":"04","Reurb":null,"u_Inscriç":"1.0003.048.04.0307.0000.4","u_Sequenci":10071261,"u_Propriet":"MEDITERRANNE CONSTRUÇÕES E INCORPORAÇÕES LTDA","u_Propri_1":"05.473.117/0001-06","u_ÁreaTer":480.0,"u_ÁreaTot":0.0,"u_ÁreaCon":0.0,"u_TipoImó":null,"u_Patrimô":"Próprio","u2Natureza":"TERRITORIAL","u2Logradou":"AVN BEIRA MAR (CAMBOINHA)","u2Número":"S/N","u2Compleme":null,"u2Edifíci":null,"u2ÁreaTer":480.0,"u2ÁreaTot":0.0,"u2ÁreaCon":0.0,"u2TipoImó":null,"u2Patrimô":"Próprio"},"geometry":{"type":"MultiPolygon","coordinates":[[[[-34.825966107990972,-7.004535120876353],[-34.826250107960206,-7.004474685099856],[-34.826231658065737,-7.004339948142105],[-34.825858074475896,-7.004419447439068],[-34.825754493457879,-7.004441489621876],[-34.825776098338288,-7.004575555221408],[-34.825966107990972,-7.004535120876353]]]]}},
{"type":"Feature","properties":{"fid":625,"Endereco":"Avenida Max Zagel","Bairro":"Camboinha","Quadra":"01","Lote":"06","Municipio":"Cabedelo-PB","Loteamento":"Jardim Camboinha","area_pecunia":null,"Situacao_recuo":null,"valor_m2":null,"valor_total":0.0,"valor_formatado":"R$ 0,00","geocodigo":"10003048040296","fid_2":15585.0,"id":15593.0,"distrito":"1","setor":"0003","quadra_2":"048","lote_2":"0296","geocode":"10003048040296","zoneamento":"Zona de Interesse Turístico (ZIT)","shape_leng":113.747175348,"shape_area":639.2,"bairro_2":"Camboinha","faces":"04","Reurb":null,"u_Inscriç":"1.0003.048.04.0296.0000.0","u_Sequenci":10071253,"u_Propriet":"RODRIGO REGIS PEREIRA E OUTRO","u_Propri_1":"012.542.594-57","u_ÁreaTer":480.0,"u_ÁreaTot":0.0,"u_ÁreaCon":0.0,"u_TipoImó":null,"u_Patrimô":"Próprio","u2Natureza":"TERRITORIAL","u2Logradou":"AVN BEIRA MAR (CAMBOINHA)","u2Número":"S/N","u2Compleme":null,"u2Edifíci":null,"u2ÁreaTer":480.0,"u2ÁreaTot":0.0,"u2ÁreaCon":0.0,"u2TipoImó":null,"u2Patrimô":"Próprio"},"geometry":{"type":"MultiPolygon","coordinates":[[[[-34.825947658168324,-7.004400383887291],[-34.826231658065737,-7.004339948142105],[-34.826213208191717,-7.004205211180136],[-34.825929208366134,-7.004265646893998],[-34.825841776834793,-7.004284252457749],[-34.825858074475896,-7.004419447439068],[-34.825947658168324,-7.004400383887291]]]]}},
{"type":"Feature","properties":{"fid":626,"Endereco":"Avenida Max Zagel","Bairro":"Camboinha","Quadra":"01","Lote":"07","Municipio":"Cabedelo-PB","Loteamento":"Jardim Camboinha","area_pecunia":null,"Situacao_recuo":null,"valor_m2":null,"valor_total":0.0,"valor_formatado":"R$ 0,00","geocodigo":"10003048040283","fid_2":15584.0,"id":15592.0,"distrito":"1","setor":"0003","quadra_2":"048","lote_2":"0283","geocode":"10003048040283","zoneamento":"Zona de Interesse Turístico (ZIT)","shape_leng":114.15540727699999,"shape_area":626.45,"bairro_2":"Camboinha","faces":"04","Reurb":null,"u_Inscriç":"1.0003.048.04.0283.0000.2","u_Sequenci":10071245,"u_Propriet":"JOSE  MARCOLINO DE SOUZA NETO","u_Propri_1":"010.604.024-32","u_ÁreaTer":480.0,"u_ÁreaTot":280.46,"u_ÁreaCon":280.46,"u_TipoImó":"CASA ISOLADA","u_Patrimô":"Próprio","u2Natureza":"PREDIAL","u2Logradou":"AVN BEIRA MAR (CAMBOINHA)","u2Número":"176","u2Compleme":null,"u2Edifíci":null,"u2ÁreaTer":480.0,"u2ÁreaTot":280.46,"u2ÁreaCon":280.46,"u2TipoImó":"CASA ISOLADA","u2Patrimô":"Próprio"},"geometry":{"type":"MultiPolygon","coordinates":[[[[-34.826213208191717,-7.004205211180136],[-34.826194758338147,-7.004070474214005],[-34.825910758584385,-7.004130909896523],[-34.825825479213044,-7.004149057472682],[-34.825841776834793,-7.004284252457749],[-34.825929208366134,-7.004265646893998],[-34.826213208191717,-7.004205211180136]]]]}},
{"type":"Feature","properties":{"fid":627,"Endereco":"Avenida Max Zagel","Bairro":"Camboinha","Quadra":"02","Lote":"09","Municipio":"Cabedelo-PB","Loteamento":"Jardim Camboinha","area_pecunia":null,"Situacao_recuo":null,"valor_m2":null,"valor_total":0.0,"valor_formatado":"R$ 0,00","geocodigo":"10003047010417","fid_2":15592.0,"id":15600.0,"distrito":"1","setor":"0003","quadra_2":"047","lote_2":"0417","geocode":"10003047010417","zoneamento":"Zona de Interesse Turístico (ZIT)","shape_leng":121.575007258,"shape_area":776.69,"bairro_2":"Camboinha","faces":"01","Reurb":null,"u_Inscriç":"1.0003.047.01.0417.0000.0","u_Sequenci":10071237,"u_Propriet":"JOSE HERMES DA SILVA BRANDAO","u_Propri_1":"826.708.624-20","u_ÁreaTer":752.0,"u_ÁreaTot":663.08,"u_ÁreaCon":663.08,"u_TipoImó":"CASA ISOLADA","u_Patrimô":"Próprio","u2Natureza":"PREDIAL","u2Logradou":"AVN AURELIO GUEDES CAVALCANTE","u2Número":"16","u2Compleme":null,"u2Edifíci":null,"u2ÁreaTer":752.0,"u2ÁreaTot":663.08,"u2ÁreaCon":663.08,"u2TipoImó":"CASA ISOLADA","u2Patrimô":"Próprio"},"geometry":{"type":"MultiPolygon","coordinates":[[[[-34.82617253828564,-7.003961330457083],[-34.826174355496832,-7.003825417741727],[-34.825884544676519,-7.00384092576593],[-34.82579242046944,-7.003845855373698],[-34.825802760941301,-7.00403876057844],[-34.825882121619415,-7.004022142747029],[-34.82617253828564,-7.003961330457083]]]]}},
{"type":"Feature","properties":{"fid":628,"Endereco":"Avenida Max Zagel","Bairro":"Camboinha","Quadra":"02","Lote":"08","Municipio":"Cabedelo-PB","Loteamento":"Jardim Camboinha","area_pecunia":null,"Situacao_recuo":null,"valor_m2":null,"valor_total":0.0,"valor_formatado":"R$ 0,00","geocodigo":"10003047020149","fid_2":15593.0,"id":15601.0,"distrito":"1","setor":"0003","quadra_2":"047","lote_2":"0149","geocode":"10003047020149","zoneamento":"Zona de Interesse Turístico (ZIT)","shape_leng":110.74652134599999,"shape_area":606.54,"bairro_2":"Camboinha","faces":"02","Reurb":null,"u_Inscriç":null,"u_Sequenci":null,"u_Propriet":null,"u_Propri_1":null,"u_ÁreaTer":null,"u_ÁreaTot":null,"u_ÁreaCon":null,"u_TipoImó":null,"u_Patrimô":"Próprio","u2Natureza":null,"u2Logradou":null,"u2Número":null,"u2Compleme":null,"u2Edifíci":null,"u2ÁreaTer":null,"u2ÁreaTot":null,"u2ÁreaCon":null,"u2TipoImó":null,"u2Patrimô":"Próprio"},"geometry":{"type":"MultiPolygon","coordinates":[[[[-34.826174355496832,-7.003825417741727],[-34.826176172717169,-7.003689505025894],[-34.825886361980039,-7.003705013029569],[-34.825816468087773,-7.003708753080943],[-34.825823727497216,-7.00384418012256],[-34.825884544676519,-7.00384092576593],[-34.826174355496832,-7.003825417741727]]]]}},
{"type":"Feature","properties":{"fid":629,"Endereco":"Avenida Max Zagel","Bairro":"Camboinha","Quadra":"02","Lote":"07","Municipio":"Cabedelo-PB","Loteamento":"Jardim Camboinha","area_pecunia":null,"Situacao_recuo":null,"valor_m2":null,"valor_total":0.0,"valor_formatado":"R$ 0,00","geocodigo":"10003047040347","fid_2":15594.0,"id":15602.0,"distrito":"1","setor":"0003","quadra_2":"047","lote_2":"0347","geocode":"10003047040347","zoneamento":"Zona de Interesse Turístico (ZIT)","shape_leng":117.420941735,"shape_area":655.86,"bairro_2":"Camboinha","faces":"04","Reurb":null,"u_Inscriç":"1.0003.047.04.0347.0000.2","u_Sequenci":10071210,"u_Propriet":"HERONALDO DE ANDRADE MARINHO","u_Propri_1":"088.942.214-15","u_ÁreaTer":645.0,"u_ÁreaTot":687.5,"u_ÁreaCon":687.5,"u_TipoImó":"CASA ISOLADA","u_Patrimô":"Próprio","u2Natureza":"PREDIAL","u2Logradou":"AVN BEIRA MAR (CAMBOINHA)","u2Número":"582","u2Compleme":null,"u2Edifíci":null,"u2ÁreaTer":645.0,"u2ÁreaTot":687.5,"u2ÁreaCon":687.5,"u2TipoImó":"CASA ISOLADA","u2Patrimô":"Próprio"},"geometry":{"type":"MultiPolygon","coordinates":[[[[-34.825886361980039,-7.003705013029569],[-34.826176172717169,-7.003689505025894],[-34.826177989946672,-7.003553592309565],[-34.825888179292704,-7.00356910029268],[-34.825782587756926,-7.003574750530026],[-34.825785161068751,-7.003710428329289],[-34.825816468087773,-7.003708753080943],[-34.825886361980039,-7.003705013029569]]],[[[-34.825785161068751,-7.003710428329289],[-34.825816468087773,-7.003708753080943],[-34.825886361980039,-7.003705013029569],[-34.825785161068751,-7.003710428329289]]]]}},
{"type":"Feature","properties":{"fid":631,"Endereco":"Avenida Max Zagel","Bairro":"Camboinha","Quadra":"02","Lote":"05","Municipio":"Cabedelo-PB","Loteamento":"Jardim Camboinha","area_pecunia":null,"Situacao_recuo":null,"valor_m2":null,"valor_total":0.0,"valor_formatado":"R$ 0,00","geocodigo":"10003047040332","fid_2":15928.0,"id":15936.0,"distrito":"1","setor":"0003","quadra_2":"047","lote_2":"0332","geocode":"10003047040332","zoneamento":"Zona de Interesse Turístico (ZIT)","shape_leng":147.30113383400001,"shape_area":1315.07,"bairro_2":"Camboinha","faces":"04","Reurb":null,"u_Inscriç":"1.0003.047.04.0332.0000.6","u_Sequenci":10071202,"u_Propriet":"EDNALDO TAVARES DE ALBUQUERQUE","u_Propri_1":"058.883.524-20","u_ÁreaTer":960.0,"u_ÁreaTot":1266.54,"u_ÁreaCon":1266.54,"u_TipoImó":"CASA ISOLADA","u_Patrimô":"Próprio","u2Natureza":"PREDIAL","u2Logradou":"AVN BEIRA MAR (CAMBOINHA)","u2Número":"560","u2Compleme":null,"u2Edifíci":null,"u2ÁreaTer":960.0,"u2ÁreaTot":1266.54,"u2ÁreaCon":1266.54,"u2TipoImó":"CASA ISOLADA","u2Patrimô":"Próprio"},"geometry":{"type":"MultiPolygon","coordinates":[[[[-34.826177989946672,-7.003553592309565],[-34.826179807185319,-7.003417679592792],[-34.826181608511604,-7.003282957650641],[-34.825892005730822,-7.003282931807666],[-34.825772931898598,-7.003282921130229],[-34.825778101918324,-7.003439175069921],[-34.825782587756926,-7.003574750530026],[-34.825888179292704,-7.003569100292663],[-34.825888179292704,-7.00356910029268],[-34.826177989946672,-7.003553592309565]]]]}},
{"type":"Feature","properties":{"fid":632,"Endereco":"Avenida Max Zagel","Bairro":"Camboinha","Quadra":"02","Lote":"04","Municipio":"Cabedelo-PB","Loteamento":"Jardim Camboinha","area_pecunia":null,"Situacao_recuo":null,"valor_m2":null,"valor_total":0.0,"valor_formatado":"R$ 0,00","geocodigo":"10003047040302","fid_2":15595.0,"id":15603.0,"distrito":"1","setor":"0003","quadra_2":"047","lote_2":"0302","geocode":"10003047040302","zoneamento":"Zona de Interesse Turístico (ZIT)","shape_leng":120.620842686,"shape_area":715.49,"bairro_2":"Camboinha","faces":"04","Reurb":null,"u_Inscriç":"1.0003.047.04.0302.0000.5","u_Sequenci":10071180,"u_Propriet":"HELIO VINAGRE VILAR","u_Propri_1":"005.763.954-04","u_ÁreaTer":566.4,"u_ÁreaTot":233.26,"u_ÁreaCon":233.26,"u_TipoImó":"CASA ISOLADA","u_Patrimô":"Próprio","u2Natureza":"PREDIAL","u2Logradou":"AVN BEIRA MAR (CAMBOINHA)","u2Número":"536","u2Compleme":null,"u2Edifíci":null,"u2ÁreaTer":566.4,"u2ÁreaTot":233.26,"u2ÁreaCon":233.26,"u2TipoImó":"CASA ISOLADA","u2Patrimô":"Próprio"},"geometry":{"type":"MultiPolygon","coordinates":[[[[-34.826181608511604,-7.003282957650641],[-34.826183664734138,-7.003129172733213],[-34.825893881906914,-7.003142619012848],[-34.825768516398398,-7.003148436071691],[-34.825766073736567,-7.003282920514343],[-34.825772931898598,-7.003282921130229],[-34.825892005730822,-7.003282931807666],[-34.826181608511604,-7.003282957650641]]]]}},
{"type":"Feature","properties":{"fid":633,"Endereco":"Avenida Max Zagel","Bairro":"Camboinha","Quadra":"02","Lote":"03","Municipio":"Cabedelo-PB","Loteamento":"Jardim Camboinha","area_pecunia":null,"Situacao_recuo":null,"valor_m2":null,"valor_total":0.0,"valor_formatado":"R$ 0,00","geocodigo":"10003047040287","fid_2":15596.0,"id":15604.0,"distrito":"1","setor":"0003","quadra_2":"047","lote_2":"0287","geocode":"10003047040287","zoneamento":"Zona de Interesse Turístico (ZIT)","shape_leng":120.147757528,"shape_area":673.21,"bairro_2":"Camboinha","faces":"04","Reurb":null,"u_Inscriç":"1.0003.047.04.0287.0000.4","u_Sequenci":10071172,"u_Propriet":"VALTER TRIGUEIRO DA COSTA","u_Propri_1":"002.738.134-04","u_ÁreaTer":480.0,"u_ÁreaTot":456.28,"u_ÁreaCon":456.28,"u_TipoImó":"CASA ISOLADA","u_Patrimô":"Próprio","u2Natureza":"PREDIAL","u2Logradou":"AVN BEIRA MAR (CAMBOINHA)","u2Número":"522","u2Compleme":null,"u2Edifíci":null,"u2ÁreaTer":480.0,"u2ÁreaTot":456.28,"u2ÁreaCon":456.28,"u2TipoImó":"CASA ISOLADA","u2Patrimô":"Próprio"},"geometry":{"type":"MultiPolygon","coordinates":[[[[-34.826183664734138,-7.003129172733213],[-34.826185481183792,-7.002993321162475],[-34.82589569843983,-7.003006767421563],[-34.82577098444991,-7.003012554242327],[-34.825768516398398,-7.003148436071691],[-34.825893881906914,-7.003142619012848],[-34.826183664734138,-7.003129172733213]]]]}},
{"type":"Feature","properties":{"fid":634,"Endereco":"Avenida Max Zagel","Bairro":"Camboinha","Quadra":"02","Lote":"02","Municipio":"Cabedelo-PB","Loteamento":"Jardim Camboinha","area_pecunia":null,"Situacao_recuo":null,"valor_m2":null,"valor_total":0.0,"valor_formatado":"R$ 0,00","geocodigo":"10003047040272","fid_2":15597.0,"id":15605.0,"distrito":"1","setor":"0003","quadra_2":"047","lote_2":"0272","geocode":"10003047040272","zoneamento":"Zona de Interesse Turístico (ZIT)","shape_leng":140.27619684000001,"shape_area":834.8,"bairro_2":"Camboinha","faces":"04","Reurb":null,"u_Inscriç":"1.0003.047.04.0272.0000.8","u_Sequenci":10071164,"u_Propriet":"SEVERINO RODRIGUES DOS SANTOS","u_Propri_1":"003.598.744-87","u_ÁreaTer":480.0,"u_ÁreaTot":0.0,"u_ÁreaCon":0.0,"u_TipoImó":null,"u_Patrimô":"Próprio","u2Natureza":"TERRITORIAL","u2Logradou":"AVN BEIRA MAR (CAMBOINHA)","u2Número":"S/N","u2Compleme":null,"u2Edifíci":null,"u2ÁreaTer":480.0,"u2ÁreaTot":0.0,"u2ÁreaCon":0.0,"u2TipoImó":null,"u2Patrimô":"Próprio"},"geometry":{"type":"MultiPolygon","coordinates":[[[[-34.82589569843983,-7.003006767421563],[-34.826185481183792,-7.002993321162475],[-34.826187297642591,-7.002857469591256],[-34.825897514981889,-7.00287091582982],[-34.825684152850094,-7.002886377943932],[-34.825693101923832,-7.003018517676775],[-34.82577098444991,-7.003012554242327],[-34.82589569843983,-7.003006767421563]]]]}},
{"type":"Feature","properties":{"fid":635,"Endereco":"Avenida Max Zagel","Bairro":"Camboinha","Quadra":"02","Lote":"01","Municipio":"Cabedelo-PB","Loteamento":"Jardim Camboinha","area_pecunia":null,"Situacao_recuo":null,"valor_m2":null,"valor_total":0.0,"valor_formatado":"R$ 0,00","geocodigo":"10003047040257","fid_2":15575.0,"id":15583.0,"distrito":"1","setor":"0003","quadra_2":"047","lote_2":"0257","geocode":"10003047040257","zoneamento":"Zona de Interesse Turístico (ZIT)","shape_leng":143.58657519799999,"shape_area":915.34,"bairro_2":"Camboinha","faces":"04","Reurb":null,"u_Inscriç":"1.0003.047.04.0257.0000.3","u_Sequenci":10071156,"u_Propriet":"DÁBLIO EMP HOLDING LTDA","u_Propri_1":"23.132.420/0001-27","u_ÁreaTer":576.0,"u_ÁreaTot":230.0,"u_ÁreaCon":230.0,"u_TipoImó":"CASA ISOLADA","u_Patrimô":"Próprio","u2Natureza":"PREDIAL","u2Logradou":"AVN BEIRA MAR (CAMBOINHA)","u2Número":"490","u2Compleme":null,"u2Edifíci":null,"u2ÁreaTer":576.0,"u2ÁreaTot":230.0,"u2ÁreaCon":230.0,"u2TipoImó":"CASA ISOLADA","u2Patrimô":"Próprio"},"geometry":{"type":"MultiPolygon","coordinates":[[[[-34.826187297642591,-7.002857469591256],[-34.826189114110541,-7.002721618019579],[-34.825899694844438,-7.002707893919085],[-34.825679628213393,-7.00269745836061],[-34.825684152850094,-7.002886377943932],[-34.825897488919082,-7.002872864953568],[-34.825897514981889,-7.00287091582982],[-34.826187297642591,-7.002857469591256]]]]}},
{"type":"Feature","properties":{"fid":636,"Endereco":"Rua Zilda Pessoa Barreto","Bairro":"Camboinha","Quadra":"03","Lote":"02","Municipio":"Cabedelo-PB","Loteamento":"Jardim Camboinha","area_pecunia":null,"Situacao_recuo":null,"valor_m2":null,"valor_total":0.0,"valor_formatado":"R$ 0,00","geocodigo":"10003026040331","fid_2":13880.0,"id":13887.0,"distrito":"1","setor":"0003","quadra_2":"026","lote_2":"0331","geocode":"10003026040331","zoneamento":"Zona de Interesse Turístico (ZIT)","shape_leng":132.02295245799999,"shape_area":637.18,"bairro_2":"Camboinha","faces":"04","Reurb":null,"u_Inscriç":"1.0003.026.04.0331.0000.4","u_Sequenci":10066926,"u_Propriet":"VALDES BORGES SOARES","u_Propri_1":"040.057.084-04","u_ÁreaTer":384.0,"u_ÁreaTot":370.04,"u_ÁreaCon":370.04,"u_TipoImó":"CASA GEMINADA(1 LAD)","u_Patrimô":"Próprio","u2Natureza":"PREDIAL","u2Logradou":"AVN BEIRA MAR (CAMBOINHA)","u2Número":"S/N","u2Compleme":null,"u2Edifíci":null,"u2ÁreaTer":384.0,"u2ÁreaTot":370.04,"u2ÁreaCon":370.04,"u2TipoImó":"CASA GEMINADA(1 LAD)","u2Patrimô":"Próprio"},"geometry":{"type":"MultiPolygon","coordinates":[[[[-34.82593121473144,-7.002440808838209],[-34.826213952464478,-7.002504007869402],[-34.826234247303347,-7.002397365381086],[-34.825951509638749,-7.002334166345903],[-34.825753890013438,-7.002289993232809],[-34.82573172683361,-7.002396218130894],[-34.82593121473144,-7.002440808838209]]]]}},
{"type":"Feature","properties":{"fid":637,"Endereco":"Rua Zilda Pessoa Barreto","Bairro":"Camboinha","Quadra":"03","Lote":"03","Municipio":"Cabedelo-PB","Loteamento":"Jardim Camboinha","area_pecunia":null,"Situacao_recuo":null,"valor_m2":null,"valor_total":0.0,"valor_formatado":"R$ 0,00","geocodigo":"10003026040318","fid_2":13980.0,"id":13985.0,"distrito":"1","setor":"0003","quadra_2":"026","lote_2":"0318","geocode":"10003026040318","zoneamento":"Zona de Interesse Turístico (ZIT)","shape_leng":89.969186738999994,"shape_area":406.61,"bairro_2":"Camboinha","faces":"04","Reurb":null,"u_Inscriç":"1.0003.026.04.0318.0000.9","u_Sequenci":10066918,"u_Propriet":"ALTO BRANCO PARTICIPAÇÕES S/S LTDA","u_Propri_1":"07.075.951/0001-79","u_ÁreaTer":384.0,"u_ÁreaTot":257.0,"u_ÁreaCon":257.0,"u_TipoImó":"CASA ISOLADA","u_Patrimô":"Próprio","u2Natureza":"PREDIAL","u2Logradou":"AVN BEIRA MAR (CAMBOINHA)","u2Número":"434","u2Compleme":null,"u2Edifíci":null,"u2ÁreaTer":384.0,"u2ÁreaTot":257.0,"u2ÁreaCon":257.0,"u2TipoImó":"CASA ISOLADA","u2Patrimô":"Próprio"},"geometry":{"type":"MultiPolygon","coordinates":[[[[-34.826234247303347,-7.002397365381086],[-34.826254542139047,-7.002290722893828],[-34.825971802988626,-7.002227532021748],[-34.825776050316698,-7.002183782103231],[-34.825753890013438,-7.002289993232809],[-34.825951509638749,-7.002334166345903],[-34.826234247303347,-7.002397365381086]]]]}},
{"type":"Feature","properties":{"fid":640,"Endereco":"Rua Zilda Pessoa Barreto","Bairro":"Camboinha","Quadra":"03","Lote":"06","Municipio":"Cabedelo-PB","Loteamento":"Jardim Camboinha","area_pecunia":null,"Situacao_recuo":null,"valor_m2":null,"valor_total":0.0,"valor_formatado":"R$ 0,00","geocodigo":"10003026040281","fid_2":13877.0,"id":13884.0,"distrito":"1","setor":"0003","quadra_2":"026","lote_2":"0281","geocode":"10003026040281","zoneamento":"Zona de Interesse Turístico (ZIT)","shape_leng":132.046203461,"shape_area":652.13,"bairro_2":"Camboinha","faces":"04","Reurb":null,"u_Inscriç":"1.0003.026.04.0281.0000.0","u_Sequenci":10066896,"u_Propriet":"ALTO BRANCO PARTICIPAÇÕES S/S LTDA","u_Propri_1":"07.075.951/0001-79","u_ÁreaTer":384.0,"u_ÁreaTot":0.0,"u_ÁreaCon":0.0,"u_TipoImó":null,"u_Patrimô":"Próprio","u2Natureza":"TERRITORIAL","u2Logradou":"AVN BEIRA MAR (CAMBOINHA)","u2Número":"S/N","u2Compleme":null,"u2Edifíci":null,"u2ÁreaTer":384.0,"u2ÁreaTot":0.0,"u2ÁreaCon":0.0,"u2TipoImó":null,"u2Patrimô":"Próprio"},"geometry":{"type":"MultiPolygon","coordinates":[[[[-34.826032689236278,-7.001907596387258],[-34.825842542691994,-7.001865093651556],[-34.825820379528473,-7.001971318545164],[-34.826012394341653,-7.002014238875328],[-34.826295131800954,-7.002077437922486],[-34.826315426627154,-7.001970795438372],[-34.826032689236285,-7.001907596387242],[-34.826032689236278,-7.001907596387258]]]]}},
{"type":"Feature","properties":{"fid":641,"Endereco":"Rua Zilda Pessoa Barreto","Bairro":"Camboinha","Quadra":"03","Lote":"07","Municipio":"Cabedelo-PB","Loteamento":"Jardim Camboinha","area_pecunia":null,"Situacao_recuo":null,"valor_m2":null,"valor_total":0.0,"valor_formatado":"R$ 0,00","geocodigo":"10003026040268","fid_2":13876.0,"id":13883.0,"distrito":"1","setor":"0003","quadra_2":"026","lote_2":"0268","geocode":"10003026040268","zoneamento":"Zona de Interesse Turístico (ZIT)","shape_leng":144.72296225,"shape_area":978.23,"bairro_2":"Camboinha","faces":"04","Reurb":null,"u_Inscriç":"1.0003.026.04.0268.0000.4","u_Sequenci":10066888,"u_Propriet":"AFONSO PEREIRA DA SILVA","u_Propri_1":"003.444.354-15","u_ÁreaTer":576.0,"u_ÁreaTot":398.97,"u_ÁreaCon":398.97,"u_TipoImó":"CASA ISOLADA","u_Patrimô":"Próprio","u2Natureza":"PREDIAL","u2Logradou":"AVN BEIRA MAR (CAMBOINHA)","u2Número":"378","u2Compleme":null,"u2Edifíci":null,"u2ÁreaTer":576.0,"u2ÁreaTot":398.97,"u2ÁreaCon":398.97,"u2TipoImó":"CASA ISOLADA","u2Patrimô":"Próprio"},"geometry":{"type":"MultiPolygon","coordinates":[[[[-34.826315426627154,-7.001970795438372],[-34.82634795297961,-7.001808001963918],[-34.825879831359124,-7.001704958809149],[-34.825842542691994,-7.001865093651556],[-34.826032689236278,-7.001907596387258],[-34.826032689236285,-7.001907596387242],[-34.826315426627154,-7.001970795438372]]]]}},
{"type":"Feature","properties":{"fid":643,"Endereco":"Rua Zilda Pessoa Barreto","Bairro":"Camboinha","Quadra":"03","Lote":"09","Municipio":"Cabedelo-PB","Loteamento":"Jardim Camboinha","area_pecunia":null,"Situacao_recuo":null,"valor_m2":null,"valor_total":0.0,"valor_formatado":"R$ 0,00","geocodigo":"10003026040243","fid_2":13875.0,"id":13882.0,"distrito":"1","setor":"0003","quadra_2":"026","lote_2":"0243","geocode":"10003026040243","zoneamento":"Zona de Interesse Turístico (ZIT)","shape_leng":100.993022862,"shape_area":584.6,"bairro_2":"Camboinha","faces":"04","Reurb":null,"u_Inscriç":"1.0003.026.04.0243.0000.4","u_Sequenci":10066870,"u_Propriet":"PAULINO TEIXEIRA DE CARVALHO FILHO","u_Propri_1":"467.258.734-72","u_ÁreaTer":576.0,"u_ÁreaTot":569.52,"u_ÁreaCon":569.52,"u_TipoImó":"CASA ISOLADA","u_Patrimô":"Próprio","u2Natureza":"PREDIAL","u2Logradou":"AVN BEIRA MAR (CAMBOINHA)","u2Número":"360","u2Compleme":null,"u2Edifíci":null,"u2ÁreaTer":576.0,"u2ÁreaTot":569.52,"u2ÁreaCon":569.52,"u2TipoImó":"CASA ISOLADA","u2Patrimô":"Próprio"},"geometry":{"type":"MultiPolygon","coordinates":[[[[-34.82634795297961,-7.001808001963918],[-34.826376311086754,-7.001650867992413],[-34.826093573901176,-7.001587668929302],[-34.826093573901176,-7.001587668929285],[-34.825909032158187,-7.001546418977043],[-34.825879831359124,-7.001704958809149],[-34.82634795297961,-7.001808001963918]]]]}},
{"type":"Feature","properties":{"fid":644,"Endereco":"Rua Zilda Pessoa Barreto","Bairro":"Camboinha","Quadra":"03","Lote":"10","Municipio":"Cabedelo-PB","Loteamento":"Jardim Camboinha","area_pecunia":null,"Situacao_recuo":null,"valor_m2":null,"valor_total":0.0,"valor_formatado":"R$ 0,00","geocodigo":"10003026040231","fid_2":13874.0,"id":13881.0,"distrito":"1","setor":"0003","quadra_2":"026","lote_2":"0231","geocode":"10003026040231","zoneamento":"Zona de Interesse Turístico (ZIT)","shape_leng":87.954223845800001,"shape_area":384.17,"bairro_2":"Camboinha","faces":"04","Reurb":null,"u_Inscriç":"1.0003.026.04.0231.0000.1","u_Sequenci":10066861,"u_Propriet":"ANA FLAVIA PEREIRA MEDEIRO FONSECA","u_Propri_1":"385.641.067-87","u_ÁreaTer":384.0,"u_ÁreaTot":201.0,"u_ÁreaCon":201.0,"u_TipoImó":"CASA ISOLADA","u_Patrimô":"Próprio","u2Natureza":"PREDIAL","u2Logradou":"AVN BEIRA MAR (CAMBOINHA)","u2Número":"348","u2Compleme":null,"u2Edifíci":null,"u2ÁreaTer":384.0,"u2ÁreaTot":201.0,"u2ÁreaCon":201.0,"u2TipoImó":"CASA ISOLADA","u2Patrimô":"Próprio"},"geometry":{"type":"MultiPolygon","coordinates":[[[[-34.826093573901176,-7.001587668929302],[-34.826376311086754,-7.001650867992413],[-34.826396605900293,-7.001544225512552],[-34.826113868783139,-7.001481026445449],[-34.825931195305429,-7.001440194087781],[-34.825909032158187,-7.001546418977043],[-34.826093573901176,-7.001587668929285],[-34.826093573901176,-7.001587668929302]]]]}},
{"type":"Feature","properties":{"fid":645,"Endereco":"Rua Zilda Pessoa Barreto","Bairro":"Camboinha","Quadra":"04","Lote":"06","Municipio":"Cabedelo-PB","Loteamento":"Jardim Camboinha","area_pecunia":null,"Situacao_recuo":null,"valor_m2":null,"valor_total":0.0,"valor_formatado":"R$ 0,00","geocodigo":"10003025030236","fid_2":13921.0,"id":13927.0,"distrito":"1","setor":"0003","quadra_2":"025","lote_2":"0236","geocode":"10003025030236","zoneamento":"Zona de Interesse Turístico (ZIT)","shape_leng":88.196298024000001,"shape_area":385.01,"bairro_2":"Camboinha","faces":"03","Reurb":null,"u_Inscriç":"1.0003.025.03.0236.0000.0","u_Sequenci":10066810,"u_Propriet":"GPM INCORPORAÇÕES LTDA","u_Propri_1":"12.506.750/0001-19","u_ÁreaTer":384.0,"u_ÁreaTot":494.85,"u_ÁreaCon":494.85,"u_TipoImó":"CASA ISOLADA","u_Patrimô":"Próprio","u2Natureza":"PREDIAL","u2Logradou":"AVN BEIRA MAR (CAMBOINHA)","u2Número":"373","u2Compleme":null,"u2Edifíci":null,"u2ÁreaTer":384.0,"u2ÁreaTot":494.85,"u2ÁreaCon":494.85,"u2TipoImó":"CASA ISOLADA","u2Patrimô":"Próprio"},"geometry":{"type":"MultiPolygon","coordinates":[[[[-34.82651420302323,-7.000881921260005],[-34.826533482044667,-7.000775083065721],[-34.826250264552648,-7.000713974854212],[-34.826226320661476,-7.000708808609315],[-34.8262083720834,-7.000815933887319],[-34.826230985462608,-7.000820813053192],[-34.82651420302323,-7.000881921260005]]]]}},
{"type":"Feature","properties":{"fid":646,"Endereco":"Rua Zilda Pessoa Barreto","Bairro":"Camboinha","Quadra":"11","Lote":"Granjinha","Municipio":"Cabedelo-PB","Loteamento":"Jardim Camboinha","area_pecunia":null,"Situacao_recuo":null,"valor_m2":null,"valor_total":0.0,"valor_formatado":"R$ 0,00","geocodigo":"10003001040221","fid_2":15612.0,"id":15619.0,"distrito":"1","setor":"0003","quadra_2":"001","lote_2":"0221","geocode":"10003001040221","zoneamento":"Zona de Interesse Turístico (ZIT)","shape_leng":120.36166452400001,"shape_area":815.41,"bairro_2":"Camboinha","faces":"04","Reurb":null,"u_Inscriç":null,"u_Sequenci":null,"u_Propriet":null,"u_Propri_1":null,"u_ÁreaTer":null,"u_ÁreaTot":null,"u_ÁreaCon":null,"u_TipoImó":null,"u_Patrimô":"Próprio","u2Natureza":null,"u2Logradou":null,"u2Número":null,"u2Compleme":null,"u2Edifíci":null,"u2ÁreaTer":null,"u2ÁreaTot":null,"u2ÁreaCon":null,"u2TipoImó":null,"u2Patrimô":"Próprio"},"geometry":{"type":"MultiPolygon","coordinates":[[[[-34.826706801803375,-6.998718547994863],[-34.826659156188668,-6.998919138602104],[-34.826678195287144,-6.998924466295334],[-34.826957373282525,-6.999002588304887],[-34.827009782626888,-6.998772963326188],[-34.826927201115595,-6.998754064060817],[-34.82692541981146,-6.99876216866253],[-34.826706801803375,-6.998718547994863]]]]}},
{"type":"Feature","properties":{"fid":647,"Endereco":"Rua Zilda Pessoa Barreto","Bairro":"Camboinha","Quadra":"SN","Lote":"SN","Municipio":"Cabedelo-PB","Loteamento":"Areia Dourada","area_pecunia":null,"Situacao_recuo":null,"valor_m2":null,"valor_total":0.0,"valor_formatado":"R$ 0,00","geocodigo":"10003001030136","fid_2":15613.0,"id":15620.0,"distrito":"1","setor":"0003","quadra_2":"001","lote_2":"0136","geocode":"10003001030136","zoneamento":"Zona de Interesse Turístico (ZIT)","shape_leng":87.931182391600004,"shape_area":376.48,"bairro_2":"Camboinha","faces":"03","Reurb":null,"u_Inscriç":"1.0003.001.03.0136.0000.0","u_Sequenci":10061100,"u_Propriet":"WALKIRIA HENRIQUE ROBERTO","u_Propri_1":"205.237.344-68","u_ÁreaTer":384.0,"u_ÁreaTot":374.32,"u_ÁreaCon":374.32,"u_TipoImó":"CASA ISOLADA","u_Patrimô":"Próprio","u2Natureza":"PREDIAL","u2Logradou":"AVN BEIRA MAR (CAMBOINHA)","u2Número":"369","u2Compleme":null,"u2Edifíci":null,"u2ÁreaTer":384.0,"u2ÁreaTot":374.32,"u2ÁreaCon":374.32,"u2TipoImó":"CASA ISOLADA","u2Patrimô":"Próprio"},"geometry":{"type":"MultiPolygon","coordinates":[[[[-34.826772438284173,-6.99850469835218],[-34.82706108617942,-6.998554843450974],[-34.827084061189716,-6.998447520937245],[-34.826797259376931,-6.998402803200898],[-34.826521969878023,-6.998359880268927],[-34.826507376432097,-6.998462228227353],[-34.826772438284173,-6.99850469835218]]]]}},
{"type":"Feature","properties":{"fid":648,"Endereco":"Rua Zilda Pessoa Barreto","Bairro":"Areia Dourada","Quadra":"04","Lote":"01","Municipio":"Cabedelo-PB","Loteamento":"Areia Dourada","area_pecunia":null,"Situacao_recuo":null,"valor_m2":null,"valor_total":0.0,"valor_formatado":"R$ 0,00","geocodigo":"10002074030402","fid_2":8142.0,"id":8143.0,"distrito":"1","setor":"0002","quadra_2":"074","lote_2":"0402","geocode":"10002074030402","zoneamento":"Zona de Interesse Turístico (ZIT)","shape_leng":96.505562808700006,"shape_area":523.74,"bairro_2":"Areia Dourada","faces":"03","Reurb":null,"u_Inscriç":"1.0002.074.03.0402.0000.3","u_Sequenci":10061096,"u_Propriet":"HUMBERTO SOARES DE OLIVEIRA","u_Propri_1":"002.736.354-68","u_ÁreaTer":480.0,"u_ÁreaTot":0.0,"u_ÁreaCon":0.0,"u_TipoImó":null,"u_Patrimô":"Próprio","u2Natureza":"TERRITORIAL","u2Logradou":"AVN JOSE AMERICO DE ALMEIDA FILHO","u2Número":"S/N","u2Compleme":null,"u2Edifíci":null,"u2ÁreaTer":480.0,"u2ÁreaTot":0.0,"u2ÁreaCon":0.0,"u2TipoImó":null,"u2Patrimô":"Próprio"},"geometry":{"type":"MultiPolygon","coordinates":[[[[-34.827079133597771,-6.998363436010195],[-34.827079371710091,-6.998363484721438],[-34.827079610249356,-6.998363531300746],[-34.82707984919643,-6.998363575744422],[-34.827080088532171,-6.998363618048887],[-34.827080328237408,-6.998363658210746],[-34.827080568292899,-6.99836369622677],[-34.827080808679419,-6.998363732093938],[-34.827081049377696,-6.998363765809359],[-34.827081290368447,-6.998363797370329],[-34.827081531632331,-6.998363826774318],[-34.827081773150034,-6.998363854018985],[-34.827082014902182,-6.99836387910212],[-34.827082256869403,-6.998363902021757],[-34.827082499032294,-6.998363922776004],[-34.827082741371456,-6.998363941363215],[-34.827082983867463,-6.998363957781922],[-34.827083226500868,-6.998363972030798],[-34.82708346925223,-6.998363984108687],[-34.827083712102088,-6.998363994014626],[-34.827083955030972,-6.998364001747828],[-34.827084198019421,-6.998364007307681],[-34.827084441047944,-6.998364010693736],[-34.827084684097073,-6.9983640119057],[-34.827084927147311,-6.998364010943496],[-34.827085170179203,-6.998364007807199],[-34.827085413173236,-6.998364002497038],[-34.827085656109958,-6.998363995013473],[-34.827085898969884,-6.998363985357108],[-34.827086141733545,-6.998363973528666],[-34.827086384381481,-6.99836395952914],[-34.827086626894271,-6.998363943359647],[-34.82708686925244,-6.998363925021473],[-34.827087111436562,-6.998363904516077],[-34.827087353427245,-6.998363881845118],[-34.827087595205086,-6.998363857010419],[-34.827087836750707,-6.998363830013963],[-34.827088078044738,-6.998363800857909],[-34.82708831906784,-6.998363769544593],[-34.8270885598007,-6.998363736076546],[-34.827088800224011,-6.998363700456421],[-34.827089040318519,-6.998363662687105],[-34.827089280064961,-6.998363622771603],[-34.827089519444122,-6.998363580713105],[-34.827089758436827,-6.998363536515002],[-34.827089997023911,-6.998363490180838],[-34.827090235186233,-6.998363441714312],[-34.827090472904736,-6.998363391119318],[-34.827090710160341,-6.99836333839992],[-34.827090946934049,-6.99836328356032],[-34.827091183206868,-6.998363226604934],[-34.82709141895986,-6.998363167538336],[-34.827091654174133,-6.998363106365247],[-34.827091888830822,-6.998363043090537],[-34.827092122911132,-6.998362977719333],[-34.8270923563963,-6.99836291025686],[-34.827092589267593,-6.998362840708516],[-34.827092821506362,-6.99836276907986],[-34.827093053093982,-6.998362695376658],[-34.827093284011902,-6.998362619604825],[-34.827093514241596,-6.998362541770397],[-34.827093743764621,-6.998362461879658],[-34.827093972562579,-6.998362379938977],[-34.827094200617132,-6.998362295954945],[-34.827094427909991,-6.998362209934268],[-34.827094654422943,-6.998362121883869],[-34.827094880137821,-6.998362031810795],[-34.827095105036555,-6.998361939722253],[-34.827095329101105,-6.998361845625656],[-34.827095552313509,-6.998361749528518],[-34.827095774655881,-6.99836165143854],[-34.82709599611038,-6.998361551363601],[-34.827096216659278,-6.998361449311722],[-34.827096436284897,-6.998361345291072],[-34.827096654969615,-6.998361239310004],[-34.827096872695918,-6.99836113137699],[-34.827097089446347,-6.998361021500704],[-34.82709730520353,-6.998360909689937],[-34.827097519950172,-6.998360795953666],[-34.827097733669049,-6.998360680300983],[-34.827097946343045,-6.9983605627412],[-34.827098157955128,-6.998360443283716],[-34.827098368488294,-6.998360321938093],[-34.827098577925703,-6.998360198714063],[-34.827098786250552,-6.998360073621527],[-34.827098993446143,-6.998359946670504],[-34.827099199495869,-6.998359817871145],[-34.827099404383212,-6.998359687233787],[-34.827099608091764,-6.998359554768919],[-34.827099810605183,-6.998359420487129],[-34.827100011907227,-6.998359284399209],[-34.827100211981772,-6.998359146516052],[-34.82710041081279,-6.998359006848715],[-34.82710060838432,-6.998358865408374],[-34.827100804680548,-6.99835872220641],[-34.827100999685733,-6.998358577254269],[-34.827101193384237,-6.998358430563561],[-34.827101385760535,-6.998358282146073],[-34.827101576799215,-6.998358132013684],[-34.827101766484965,-6.998357980178428],[-34.827101954802565,-6.998357826652473],[-34.82710214173693,-6.998357671448137],[-34.827102327273082,-6.998357514577875],[-34.827102511396149,-6.998357356054223],[-34.827102694091352,-6.998357195889902],[-34.827102875344067,-6.998357034097752],[-34.827103055139759,-6.998356870690762],[-34.82710323346403,-6.998356705681992],[-34.827103410302549,-6.998356539084683],[-34.82710358564119,-6.99835637091221],[-34.827103759465857,-6.998356201178034],[-34.827103931762643,-6.998356029895767],[-34.82710410251773,-6.998355857079137],[-34.827104271717424,-6.998355682741971],[-34.827104439348169,-6.998355506898287],[-34.827104605396535,-6.998355329562146],[-34.827104769849193,-6.998355150747781],[-34.827104932692976,-6.998354970469522],[-34.827105093914831,-6.998354788741821],[-34.82710525350182,-6.998354605579231],[-34.827105411441181,-6.998354420996448],[-34.827105567720231,-6.998354235008278],[-34.827105722326451,-6.998354047629586],[-34.827105875247433,-6.998353858875429],[-34.827106026470936,-6.998353668760944],[-34.827106175984845,-6.998353477301333],[-34.827106323777151,-6.998353284511951],[-34.827106469836032,-6.99835309040829],[-34.82710661414977,-6.998352895005886],[-34.82710675670679,-6.998352698320364],[-34.827106897495682,-6.998352500367546],[-34.827107036505147,-6.998352301163259],[-34.827107173724045,-6.998352100723512],[-34.827107309141383,-6.998351899064346],[-34.827107442746303,-6.998351696201898],[-34.8271075745281,-6.998351492152485],[-34.827107704476205,-6.998351286932429],[-34.827107832580189,-6.998351080558177],[-34.827107958829821,-6.998350873046287],[-34.827108083214938,-6.998350664413371],[-34.827108205725594,-6.998350454676175],[-34.827108326351969,-6.998350243851509],[-34.827108445084392,-6.998350031956252],[-34.827108561913349,-6.998349819007418],[-34.827108676829461,-6.998349605022036],[-34.827108789823527,-6.998349390017301],[-34.827108900886479,-6.998349174010412],[-34.827109010009437,-6.998348957018714],[-34.827109117183646,-6.998348739059586],[-34.827109222400502,-6.998348520150494],[-34.827109325651584,-6.998348300308971],[-34.827109426928615,-6.998348079552676],[-34.827109526223467,-6.998347857899294],[-34.827109623528187,-6.998347635366554],[-34.827109718834983,-6.998347411972339],[-34.827109812136214,-6.998347187734546],[-34.827109903424386,-6.998346962671126],[-34.827109992692201,-6.998346736800137],[-34.827110079932488,-6.998346510139687],[-34.827110165138251,-6.998346282707932],[-34.827110248302688,-6.99834605452311],[-34.827110329419106,-6.998345825603533],[-34.827110408481012,-6.998345595967499],[-34.827110485482073,-6.998345365633458],[-34.827110560416109,-6.99834513461984],[-34.827110633277115,-6.998344902945196],[-34.827110704059258,-6.998344670628086],[-34.827110772756861,-6.998344437687113],[-34.827110839364401,-6.998344204140954],[-34.827110903876566,-6.99834397000836],[-34.827110966288174,-6.998343735308062],[-34.827111026594224,-6.998343500058886],[-34.827111084789863,-6.998343264279683],[-34.827111140870457,-6.998343027989367],[-34.827111194831488,-6.998342791206882],[-34.82711124666865,-6.998342553951177],[-34.827111296377765,-6.99834231624128],[-34.827111343954861,-6.998342078096256],[-34.82711138939613,-6.998341839535198],[-34.827111432697926,-6.998341600577219],[-34.82711147385676,-6.998341361241463],[-34.827132188099114,-6.998217592157079],[-34.826845541218958,-6.998176079018465],[-34.82665236013019,-6.998148101794938],[-34.826632376473349,-6.998269957650817],[-34.826823148861045,-6.998309874454409],[-34.827079133597771,-6.998363436010195]]]]}},
{"type":"Feature","properties":{"fid":649,"Endereco":"Rua Zilda Pessoa Barreto","Bairro":"Areia Dourada","Quadra":"04","Lote":"03","Municipio":"Cabedelo-PB","Loteamento":"Areia Dourada","area_pecunia":null,"Situacao_recuo":null,"valor_m2":null,"valor_total":0.0,"valor_formatado":"R$ 0,00","geocodigo":"10002074030372","fid_2":8327.0,"id":8326.0,"distrito":"1","setor":"0002","quadra_2":"074","lote_2":"0372","geocode":"10002074030372","zoneamento":"Zona de Interesse Turístico (ZIT)","shape_leng":137.48088044900001,"shape_area":804.49,"bairro_2":"Areia Dourada","faces":"03","Reurb":null,"u_Inscriç":"1.0002.074.03.0372.0000.6","u_Sequenci":10061070,"u_Propriet":"JOSE ANDRE DA ROCHA NETO","u_Propri_1":"070.921.494-44","u_ÁreaTer":480.0,"u_ÁreaTot":528.0,"u_ÁreaCon":528.0,"u_TipoImó":"CASA GEMINADA(1 LAD)","u_Patrimô":"Próprio","u2Natureza":"PREDIAL","u2Logradou":"AVN JOSE AMERICO DE ALMEIDA FILHO","u2Número":"1526","u2Compleme":null,"u2Edifíci":null,"u2ÁreaTer":480.0,"u2ÁreaTot":528.0,"u2ÁreaCon":528.0,"u2TipoImó":"CASA GEMINADA(1 LAD)","u2Patrimô":"Próprio"},"geometry":{"type":"MultiPolygon","coordinates":[[[[-34.826867933573723,-6.998042283584076],[-34.827154580367548,-6.998083796729907],[-34.827176972632827,-6.997950001304273],[-34.826890325925355,-6.997908488151208],[-34.826696264394982,-6.997880383391796],[-34.826674312264025,-6.998014242592584],[-34.826867933573723,-6.998042283584061],[-34.826867933573723,-6.998042283584076]]]]}},
{"type":"Feature","properties":{"fid":650,"Endereco":"Rua Zilda Pessoa Barreto","Bairro":"Areia Dourada","Quadra":"04","Lote":"04","Municipio":"Cabedelo-PB","Loteamento":"Areia Dourada","area_pecunia":null,"Situacao_recuo":null,"valor_m2":null,"valor_total":0.0,"valor_formatado":"R$ 0,00","geocodigo":"10002074030357","fid_2":8561.0,"id":8585.0,"distrito":"1","setor":"0002","quadra_2":"074","lote_2":"0357","geocode":"10002074030357","zoneamento":"Zona de Interesse Turístico (ZIT)","shape_leng":137.66808163600001,"shape_area":816.28,"bairro_2":"Areia Dourada","faces":"03","Reurb":null,"u_Inscriç":"1.0002.074.03.0357.0000.1","u_Sequenci":10061061,"u_Propriet":"DEISE MARIA VIEGAS LARA","u_Propri_1":"455.252.266-34","u_ÁreaTer":480.0,"u_ÁreaTot":602.31,"u_ÁreaCon":602.31,"u_TipoImó":"CASA GEMINADA(2 LAD)","u_Patrimô":"Próprio","u2Natureza":"PREDIAL","u2Logradou":"AVN JOSE AMERICO DE ALMEIDA FILHO","u2Número":"898","u2Compleme":null,"u2Edifíci":null,"u2ÁreaTer":480.0,"u2ÁreaTot":602.31,"u2ÁreaCon":602.31,"u2TipoImó":"CASA GEMINADA(2 LAD)","u2Patrimô":"Próprio"},"geometry":{"type":"MultiPolygon","coordinates":[[[[-34.827176972632827,-6.997950001304273],[-34.827199364894973,-6.997816205880143],[-34.826912718273839,-6.997774692719846],[-34.826718216523055,-6.997746524192507],[-34.826696264394982,-6.997880383391796],[-34.826890325925355,-6.997908488151208],[-34.827176972632827,-6.997950001304273]]]]}},
{"type":"Feature","properties":{"fid":651,"Endereco":"Rua Zilda Pessoa Barreto","Bairro":"Areia Dourada","Quadra":"04","Lote":"05","Municipio":"Cabedelo-PB","Loteamento":"Areia Dourada","area_pecunia":null,"Situacao_recuo":null,"valor_m2":null,"valor_total":0.0,"valor_formatado":"R$ 0,00","geocodigo":"10002074030342","fid_2":10486.0,"id":10483.0,"distrito":"1","setor":"0002","quadra_2":"074","lote_2":"0342","geocode":"10002074030342","zoneamento":"Zona de Interesse Turístico (ZIT)","shape_leng":137.257983534,"shape_area":812.4,"bairro_2":"Areia Dourada","faces":"03","Reurb":null,"u_Inscriç":"1.0002.074.03.0342.0000.5","u_Sequenci":10061053,"u_Propriet":"EDNALVO GUIMARAES DINIZ","u_Propri_1":"020.545.664-20","u_ÁreaTer":480.0,"u_ÁreaTot":616.41,"u_ÁreaCon":616.41,"u_TipoImó":"CASA GEMINADA(1 LAD)","u_Patrimô":"Próprio","u2Natureza":"PREDIAL","u2Logradou":"AVN JOSE AMERICO DE ALMEIDA FILHO","u2Número":"884","u2Compleme":null,"u2Edifíci":null,"u2ÁreaTer":480.0,"u2ÁreaTot":616.41,"u2ÁreaCon":616.41,"u2TipoImó":"CASA GEMINADA(1 LAD)","u2Patrimô":"Próprio"},"geometry":{"type":"MultiPolygon","coordinates":[[[[-34.827199364894973,-6.997816205880143],[-34.827221757153971,-6.997682410457538],[-34.826935110619175,-6.997640897290004],[-34.826740168648257,-6.997612664994667],[-34.826718216523055,-6.997746524192507],[-34.826912718273839,-6.997774692719846],[-34.827199364894973,-6.997816205880143]]]]}},
{"type":"Feature","properties":{"fid":652,"Endereco":"Rua Zilda Pessoa Barreto","Bairro":"Areia Dourada","Quadra":"04","Lote":"06","Municipio":"Cabedelo-PB","Loteamento":"Areia Dourada","area_pecunia":null,"Situacao_recuo":null,"valor_m2":null,"valor_total":0.0,"valor_formatado":"R$ 0,00","geocodigo":"10002074030327","fid_2":12207.0,"id":12196.0,"distrito":"1","setor":"0002","quadra_2":"074","lote_2":"0327","geocode":"10002074030327","zoneamento":"Zona de Interesse Turístico (ZIT)","shape_leng":92.802462982199998,"shape_area":466.52,"bairro_2":"Areia Dourada","faces":"03","Reurb":null,"u_Inscriç":null,"u_Sequenci":null,"u_Propriet":null,"u_Propri_1":null,"u_ÁreaTer":null,"u_ÁreaTot":null,"u_ÁreaCon":null,"u_TipoImó":null,"u_Patrimô":"Próprio","u2Natureza":null,"u2Logradou":null,"u2Número":null,"u2Compleme":null,"u2Edifíci":null,"u2ÁreaTer":null,"u2ÁreaTot":null,"u2ÁreaCon":null,"u2TipoImó":null,"u2Patrimô":"Próprio"},"geometry":{"type":"MultiPolygon","coordinates":[[[[-34.826957393161798,-6.997507757920001],[-34.82685235165264,-6.997493406123197],[-34.826821821363907,-6.997624490286295],[-34.826935110619175,-6.997640897290004],[-34.827221757153971,-6.997682410457538],[-34.827244149409843,-6.997548615036452],[-34.826957502961378,-6.997507101861669],[-34.826957393161798,-6.997507757920001]]]]}},
{"type":"Feature","properties":{"fid":653,"Endereco":"Rua Zilda Pessoa Barreto","Bairro":"Areia Dourada","Quadra":"04","Lote":"02","Municipio":"Cabedelo-PB","Loteamento":"Areia Dourada","area_pecunia":null,"Situacao_recuo":null,"valor_m2":null,"valor_total":0.0,"valor_formatado":"R$ 0,00","geocodigo":"10002074030387","fid_2":8273.0,"id":8273.0,"distrito":"1","setor":"0002","quadra_2":"074","lote_2":"0387","geocode":"10002074030387","zoneamento":"Zona de Interesse Turístico (ZIT)","shape_leng":138.35674606200001,"shape_area":812.79,"bairro_2":"Areia Dourada","faces":"03","Reurb":null,"u_Inscriç":"1.0002.074.03.0387.0000.2","u_Sequenci":10061088,"u_Propriet":"RENATA SOUTO MAIOR ARRUDA","u_Propri_1":"601.799.884-68","u_ÁreaTer":480.0,"u_ÁreaTot":351.05,"u_ÁreaCon":351.05,"u_TipoImó":"CASA ISOLADA","u_Patrimô":"Próprio","u2Natureza":"PREDIAL","u2Logradou":"AVN JOSE AMERICO DE ALMEIDA FILHO","u2Número":"1540","u2Compleme":null,"u2Edifíci":null,"u2ÁreaTer":480.0,"u2ÁreaTot":351.05,"u2ÁreaCon":351.05,"u2TipoImó":"CASA ISOLADA","u2Patrimô":"Próprio"},"geometry":{"type":"MultiPolygon","coordinates":[[[[-34.827132188099114,-6.998217592157079],[-34.827154580367548,-6.998083796729907],[-34.826867933573723,-6.998042283584061],[-34.826674312264025,-6.998014242592584],[-34.82665236013019,-6.998148101794938],[-34.826845541218958,-6.998176079018465],[-34.827132188099114,-6.998217592157079]]]]}},
{"type":"Feature","properties":{"fid":654,"Endereco":"Rua Zilda Pessoa Barreto","Bairro":"Areia Dourada","Quadra":"05","Lote":"01","Municipio":"Cabedelo-PB","Loteamento":"Areia Dourada","area_pecunia":null,"Situacao_recuo":null,"valor_m2":null,"valor_total":0.0,"valor_formatado":"R$ 0,00","geocodigo":"10002071030338","fid_2":19505.0,"id":19528.0,"distrito":"1","setor":"0002","quadra_2":"071","lote_2":"0338","geocode":"10002071030338","zoneamento":"Zona de Interesse Turístico (ZIT)","shape_leng":144.794548152,"shape_area":863.49,"bairro_2":"Areia Dourada","faces":"03","Reurb":null,"u_Inscriç":"1.0002.071.03.0338.0000.0","u_Sequenci":10060596,"u_Propriet":"OTACILIO FIGUEIREDO DA SILVA","u_Propri_1":"006.011.524-68","u_ÁreaTer":480.0,"u_ÁreaTot":224.67,"u_ÁreaCon":224.67,"u_TipoImó":"CASA ISOLADA","u_Patrimô":"Próprio","u2Natureza":"PREDIAL","u2Logradou":"AVN JOSE AMERICO DE ALMEIDA FILHO","u2Número":"668","u2Compleme":null,"u2Edifíci":null,"u2ÁreaTer":480.0,"u2ÁreaTot":224.67,"u2ÁreaCon":224.67,"u2TipoImó":"CASA ISOLADA","u2Patrimô":"Próprio"},"geometry":{"type":"MultiPolygon","coordinates":[[[[-34.827364571678295,-6.996635523514989],[-34.827364803967619,-6.996635556880093],[-34.827365036536918,-6.996635588237645],[-34.827365269368848,-6.996635617585312],[-34.827365502445986,-6.99663564492092],[-34.827365735750917,-6.996635670242394],[-34.827365969266197,-6.996635693547833],[-34.82736620297441,-6.996635714835556],[-34.827366436858057,-6.996635734103912],[-34.827366670899671,-6.996635751351466],[-34.827366905081767,-6.996635766576977],[-34.827367139386851,-6.996635779779265],[-34.827367373797394,-6.996635790957336],[-34.827367608295887,-6.996635800110403],[-34.827367842864817,-6.996635807237721],[-34.827368077486653,-6.996635812338821],[-34.82736831214384,-6.996635815413248],[-34.827368546818875,-6.996635816460855],[-34.827368781494187,-6.996635815481484],[-34.827369016152275,-6.996635812475279],[-34.827369250775575,-6.996635807442404],[-34.827369485346573,-6.996635800383281],[-34.827369719847731,-6.996635791298417],[-34.82736995426152,-6.996635780188486],[-34.827370188570427,-6.996635767054331],[-34.82737042275695,-6.99663575189693],[-34.827370656803588,-6.996635734717407],[-34.827370890692826,-6.99663571551705],[-34.827371124407229,-6.996635694297304],[-34.827371357929302,-6.996635671059752],[-34.827371591241594,-6.996635645806114],[-34.827371824326683,-6.99663561853829],[-34.827372057167139,-6.996635589258308],[-34.827372289745576,-6.996635557968365],[-34.827372522044605,-6.996635524670811],[-34.827372754046863,-6.996635489368117],[-34.827372985735025,-6.996635452062944],[-34.827373217091761,-6.996635412758019],[-34.827373448099806,-6.99663537145636],[-34.827373678741864,-6.996635328160995],[-34.827373909000734,-6.996635282875192],[-34.827374138859192,-6.996635235602319],[-34.827374368300049,-6.996635186345912],[-34.827374597306182,-6.996635135109639],[-34.827374825860474,-6.996635081897359],[-34.827375053945829,-6.996635026713026],[-34.82737528154523,-6.996634969560766],[-34.827375508641644,-6.996634910444857],[-34.827375735218112,-6.996634849369705],[-34.827375961257694,-6.99663478633988],[-34.827376186743507,-6.996634721360108],[-34.82737641165869,-6.996634654435218],[-34.827376635986461,-6.996634585570247],[-34.827376859710029,-6.996634514770278],[-34.827377082812689,-6.996634442040681],[-34.827377305277764,-6.996634367386823],[-34.827377527088629,-6.996634290814313],[-34.827377748228713,-6.996634212328892],[-34.827377968681489,-6.996634131936394],[-34.82737818843048,-6.996634049642832],[-34.827378407459271,-6.996633965454367],[-34.827378625751486,-6.996633879377293],[-34.827378843290816,-6.996633791418007],[-34.827379060061006,-6.99663370158312],[-34.82737927604586,-6.996633609879349],[-34.827379491229237,-6.996633516313527],[-34.82737970559505,-6.996633420892637],[-34.827379919127281,-6.996633323623833],[-34.827380131809974,-6.996633224514348],[-34.827380343627247,-6.99663312357164],[-34.827380554563263,-6.996633020803232],[-34.827380764602246,-6.996632916216778],[-34.827380973728523,-6.996632809820135],[-34.827381181926455,-6.996632701621217],[-34.827381389180488,-6.996632591628129],[-34.827381595475124,-6.996632479849085],[-34.82738180079496,-6.996632366292448],[-34.82738200512464,-6.996632250966679],[-34.827382208448903,-6.996632133880428],[-34.827382410752548,-6.996632015042406],[-34.827382612020472,-6.996631894461538],[-34.827382812237623,-6.996631772146803],[-34.827383011389053,-6.996631648107354],[-34.827383209459853,-6.996631522352477],[-34.827383406435239,-6.996631394891511],[-34.827383602300493,-6.99663126573406],[-34.82738379704098,-6.996631134889715],[-34.827383990642133,-6.996631002368281],[-34.827384183089499,-6.996630868179651],[-34.827384374368684,-6.99663073233385],[-34.827384564465405,-6.996630594841037],[-34.827384753365457,-6.996630455711494],[-34.827384941054724,-6.996630314955611],[-34.827385127519165,-6.996630172583905],[-34.827385312744866,-6.996630028607003],[-34.827385496717966,-6.996629883035688],[-34.827385679424737,-6.996629735880826],[-34.827385860851521,-6.996629587153415],[-34.827386040984749,-6.996629436864557],[-34.827386219810961,-6.996629285025501],[-34.827386397316801,-6.996629131647569],[-34.827386573489008,-6.996628976742264],[-34.827386748314417,-6.996628820321136],[-34.827386921779947,-6.996628662395859],[-34.827387093872645,-6.996628502978274],[-34.827387264579663,-6.996628342080265],[-34.827387433888227,-6.996628179713841],[-34.827387601785695,-6.996628015891179],[-34.827387768259506,-6.996627850624485],[-34.827387933297238,-6.996627683926134],[-34.827388096886558,-6.996627515808569],[-34.827388259015223,-6.996627346284353],[-34.827388419671138,-6.996627175366146],[-34.827388578842289,-6.996627003066758],[-34.827388736516767,-6.99662682939902],[-34.827388892682812,-6.996626654375943],[-34.827389047328744,-6.996626478010558],[-34.827389200443008,-6.996626300316098],[-34.827389352014151,-6.996626121305826],[-34.827389502030869,-6.996625940993106],[-34.827389650481948,-6.996625759391423],[-34.827389797356261,-6.996625576514343],[-34.827389942642874,-6.99662539237555],[-34.827390086330908,-6.996625206988758],[-34.827390228409627,-6.996625020367874],[-34.827390368868421,-6.996624832526813],[-34.827390507696798,-6.996624643479628],[-34.82739064488436,-6.996624453240438],[-34.827390780420892,-6.996624261823466],[-34.827390914296224,-6.996624069242977],[-34.827391046500381,-6.996623875513429],[-34.827391177023479,-6.996623680649242],[-34.827391305855762,-6.996623484665022],[-34.827391432987589,-6.996623287575374],[-34.827391558409474,-6.996623089395068],[-34.827391682112044,-6.996622890138863],[-34.827391804086062,-6.996622689821697],[-34.827391924322392,-6.996622488458511],[-34.827392042812072,-6.996622286064379],[-34.827392159546228,-6.996622082654391],[-34.827392274516143,-6.996621878243753],[-34.827392387713239,-6.996621672847759],[-34.82739249912904,-6.996621466481765],[-34.827392608755225,-6.996621259161164],[-34.82739271658361,-6.996621050901465],[-34.827392822606114,-6.996620841718224],[-34.827392926814845,-6.996620631627086],[-34.827393029201986,-6.996620420643727],[-34.827393129759912,-6.996620208783936],[-34.827393228481107,-6.996619996063545],[-34.827393325358166,-6.996619782498443],[-34.827393420383878,-6.996619568104573],[-34.827393513551122,-6.996619352897981],[-34.827393604852944,-6.996619136894722],[-34.827393694282534,-6.996618920110978],[-34.827393781833187,-6.996618702562906],[-34.827393867498373,-6.9966184842668],[-34.827393951271695,-6.996618265238953],[-34.827394033146888,-6.996618045495727],[-34.827394113117819,-6.996617825053547],[-34.827394191178534,-6.996617603928891],[-34.827394267323186,-6.996617382138306],[-34.827394341546089,-6.996617159698311],[-34.827394413841702,-6.996616936625588],[-34.827394484204611,-6.996616712936762],[-34.827394552629571,-6.996616488648578],[-34.827394619111452,-6.996616263777761],[-34.827394683645302,-6.996616038341153],[-34.82739474622629,-6.996615812355584],[-34.827394806849753,-6.996615585837959],[-34.827394865511138,-6.996615358805159],[-34.827394922206068,-6.996615131274205],[-34.827394976930321,-6.99661490326206],[-34.827395029679799,-6.996614674785795],[-34.82739508045055,-6.996614445862441],[-34.827395129238802,-6.996614216509168],[-34.827395176040888,-6.996613986743053],[-34.827395220853319,-6.996613756581288],[-34.827395263672734,-6.99661352604108],[-34.827395304495965,-6.996613295139652],[-34.827395343319928,-6.996613063894262],[-34.827412911439808,-6.996505578277003],[-34.82712643473004,-6.996463166286508],[-34.826893565080631,-6.996428690516103],[-34.82687366947885,-6.996562846852588],[-34.827104555303073,-6.996597028905689],[-34.827104555303073,-6.996597028905671],[-34.827364571678295,-6.996635523514989]]]]}},
{"type":"Feature","properties":{"fid":655,"Endereco":"Rua Zilda Pessoa Barreto","Bairro":"Areia Dourada","Quadra":"05","Lote":"02","Municipio":"Cabedelo-PB","Loteamento":"Areia Dourada","area_pecunia":null,"Situacao_recuo":null,"valor_m2":null,"valor_total":0.0,"valor_formatado":"R$ 0,00","geocodigo":"10002071030323","fid_2":19510.0,"id":19534.0,"distrito":"1","setor":"0002","quadra_2":"071","lote_2":"0323","geocode":"10002071030323","zoneamento":"Zona de Interesse Turístico (ZIT)","shape_leng":140.77189134,"shape_area":835.73,"bairro_2":"Areia Dourada","faces":"03","Reurb":null,"u_Inscriç":"1.0002.071.03.0323.0000.3","u_Sequenci":10060588,"u_Propriet":"ORLANDO GOMES DE OLIVEIRA","u_Propri_1":"082.728.834-49","u_ÁreaTer":480.0,"u_ÁreaTot":350.0,"u_ÁreaCon":350.0,"u_TipoImó":"CASA GEMINADA(1 LAD)","u_Patrimô":"Próprio","u2Natureza":"PREDIAL","u2Logradou":"AVN JOSE AMERICO DE ALMEIDA FILHO","u2Número":"660","u2Compleme":null,"u2Edifíci":null,"u2ÁreaTer":480.0,"u2ÁreaTot":350.0,"u2ÁreaCon":350.0,"u2TipoImó":"CASA GEMINADA(1 LAD)","u2Patrimô":"Próprio"},"geometry":{"type":"MultiPolygon","coordinates":[[[[-34.827412911439808,-6.996505578277003],[-34.827434790777652,-6.996371715666898],[-34.827148314154179,-6.996329303668839],[-34.826954768237584,-6.996300649673983],[-34.826932404603284,-6.996434440619183],[-34.82712643473004,-6.996463166286508],[-34.827412911439808,-6.996505578277003]]]]}},
{"type":"Feature","properties":{"fid":656,"Endereco":"Rua Zilda Pessoa Barreto","Bairro":"Areia Dourada","Quadra":"05","Lote":"03","Municipio":"Cabedelo-PB","Loteamento":"Areia Dourada","area_pecunia":null,"Situacao_recuo":null,"valor_m2":null,"valor_total":0.0,"valor_formatado":"R$ 0,00","geocodigo":"10002071030307","fid_2":19460.0,"id":19529.0,"distrito":"1","setor":"0002","quadra_2":"071","lote_2":"0307","geocode":"10002071030307","zoneamento":"Zona de Interesse Turístico (ZIT)","shape_leng":137.47760245699999,"shape_area":795.95,"bairro_2":"Areia Dourada","faces":"03","Reurb":null,"u_Inscriç":"1.0002.071.03.0307.0000.4","u_Sequenci":10060570,"u_Propriet":"ROBERTO LOMBARDI BARBOSA","u_Propri_1":"450.959.734-72","u_ÁreaTer":480.0,"u_ÁreaTot":689.0,"u_ÁreaCon":689.0,"u_TipoImó":"CASA GEMINADA(2 LAD)","u_Patrimô":"Próprio","u2Natureza":"PREDIAL","u2Logradou":"AVN JOSE AMERICO DE ALMEIDA FILHO","u2Número":"664","u2Compleme":null,"u2Edifíci":null,"u2ÁreaTer":480.0,"u2ÁreaTot":689.0,"u2ÁreaCon":689.0,"u2TipoImó":"CASA GEMINADA(2 LAD)","u2Patrimô":"Próprio"},"geometry":{"type":"MultiPolygon","coordinates":[[[[-34.827170193575483,-6.996195441052667],[-34.826974663823648,-6.996166493341557],[-34.826954768237584,-6.996300649673983],[-34.827148314154172,-6.996329303668839],[-34.827148314154179,-6.996329303668839],[-34.827434790777652,-6.996371715666898],[-34.827456670112653,-6.996237853058273],[-34.827170193575483,-6.99619544105265],[-34.827170193575483,-6.996195441052667]]]]}},
{"type":"Feature","properties":{"fid":657,"Endereco":"Rua Zilda Pessoa Barreto","Bairro":"Areia Dourada","Quadra":"05","Lote":"04","Municipio":"Cabedelo-PB","Loteamento":"Areia Dourada","area_pecunia":null,"Situacao_recuo":null,"valor_m2":null,"valor_total":0.0,"valor_formatado":"R$ 0,00","geocodigo":"10002071030292","fid_2":19509.0,"id":19533.0,"distrito":"1","setor":"0002","quadra_2":"071","lote_2":"0292","geocode":"10002071030292","zoneamento":"Zona de Interesse Turístico (ZIT)","shape_leng":138.99158293900001,"shape_area":819.62,"bairro_2":"Areia Dourada","faces":"03","Reurb":null,"u_Inscriç":"1.0002.071.03.0292.0000.1","u_Sequenci":10060561,"u_Propriet":"DIOGENES DOS SANTOS SOUSA JUNIOR","u_Propri_1":"068.612.704-82","u_ÁreaTer":480.0,"u_ÁreaTot":800.0,"u_ÁreaCon":800.0,"u_TipoImó":"CASA GEMINADA(2 LAD)","u_Patrimô":"Próprio","u2Natureza":"PREDIAL","u2Logradou":"AVN JOSE AMERICO DE ALMEIDA FILHO","u2Número":"634","u2Compleme":null,"u2Edifíci":null,"u2ÁreaTer":480.0,"u2ÁreaTot":800.0,"u2ÁreaCon":800.0,"u2TipoImó":"CASA GEMINADA(2 LAD)","u2Patrimô":"Próprio"},"geometry":{"type":"MultiPolygon","coordinates":[[[[-34.827456670112653,-6.996237853058273],[-34.827478549444827,-6.996103990451161],[-34.827192072993967,-6.996061578437974],[-34.826994559408071,-6.99603233701053],[-34.826974663823648,-6.996166493341557],[-34.827170193575483,-6.996195441052667],[-34.82717019357549,-6.99619544105265],[-34.827456670112653,-6.996237853058273]]]]}},
{"type":"Feature","properties":{"fid":658,"Endereco":"Rua Zilda Pessoa Barreto","Bairro":"Areia Dourada","Quadra":"05","Lote":"05","Municipio":"Cabedelo-PB","Loteamento":"Areia Dourada","area_pecunia":125.0,"Situacao_recuo":"RECUOU","valor_m2":70.0,"valor_total":8750.0,"valor_formatado":"R$ 8.750,00","geocodigo":"10002071030277","fid_2":19508.0,"id":19532.0,"distrito":"1","setor":"0002","quadra_2":"071","lote_2":"0277","geocode":"10002071030277","zoneamento":"Zona de Interesse Turístico (ZIT)","shape_leng":143.587329047,"shape_area":853.96,"bairro_2":"Areia Dourada","faces":"03","Reurb":null,"u_Inscriç":"1.0002.071.03.0277.0000.7","u_Sequenci":10060553,"u_Propriet":"ZENILDO RODRIGUES DE OLIVEIRA","u_Propri_1":"789.391.944-20","u_ÁreaTer":480.0,"u_ÁreaTot":316.05,"u_ÁreaCon":316.05,"u_TipoImó":"CASA ISOLADA","u_Patrimô":"Próprio","u2Natureza":"PREDIAL","u2Logradou":"AVN JOSE AMERICO DE ALMEIDA FILHO","u2Número":"636","u2Compleme":null,"u2Edifíci":null,"u2ÁreaTer":480.0,"u2ÁreaTot":316.05,"u2ÁreaCon":316.05,"u2TipoImó":"CASA ISOLADA","u2Patrimô":"Próprio"},"geometry":{"type":"MultiPolygon","coordinates":[[[[-34.827192072993967,-6.996061578437974],[-34.827478549444827,-6.996103990451161],[-34.827500428774172,-6.995970127845546],[-34.827213952409615,-6.995927715824776],[-34.82698381865432,-6.995893645032044],[-34.826963923062301,-6.99602780136267],[-34.826994559408071,-6.99603233701053],[-34.827192072993967,-6.996061578437974]]]]}},
{"type":"Feature","properties":{"fid":659,"Endereco":"Rua Zilda Pessoa Barreto","Bairro":"Areia Dourada","Quadra":"05","Lote":"06","Municipio":"Cabedelo-PB","Loteamento":"Areia Dourada","area_pecunia":null,"Situacao_recuo":null,"valor_m2":null,"valor_total":0.0,"valor_formatado":"R$ 0,00","geocodigo":"10002071030262","fid_2":19484.0,"id":19530.0,"distrito":"1","setor":"0002","quadra_2":"071","lote_2":"0262","geocode":"10002071030262","zoneamento":"Zona de Interesse Turístico (ZIT)","shape_leng":144.06104447600001,"shape_area":847.49,"bairro_2":"Areia Dourada","faces":"03","Reurb":null,"u_Inscriç":"1.0002.071.03.0262.0000.0","u_Sequenci":10060545,"u_Propriet":"ROSSANA FARIAS","u_Propri_1":"364.469.394-34","u_ÁreaTer":480.0,"u_ÁreaTot":340.55,"u_ÁreaCon":340.55,"u_TipoImó":"CASA GEMINADA(1 LAD)","u_Patrimô":"Próprio","u2Natureza":"PREDIAL","u2Logradou":"AVN JOSE AMERICO DE ALMEIDA FILHO","u2Número":"624","u2Compleme":null,"u2Edifíci":null,"u2ÁreaTer":480.0,"u2ÁreaTot":340.55,"u2ÁreaCon":340.55,"u2TipoImó":"CASA GEMINADA(1 LAD)","u2Patrimô":"Próprio"},"geometry":{"type":"MultiPolygon","coordinates":[[[[-34.827500428774172,-6.995970127845546],[-34.827522308100697,-6.995836265241412],[-34.827235831822435,-6.995793853213092],[-34.826890566496537,-6.99574273737602],[-34.826870670872047,-6.995876893708765],[-34.82698381865432,-6.995893645032044],[-34.827213952409615,-6.995927715824776],[-34.827500428774172,-6.995970127845546]]]]}},
{"type":"Feature","properties":{"fid":660,"Endereco":"Rua Zilda Pessoa Barreto","Bairro":"Areia Dourada","Quadra":"05","Lote":"07","Municipio":"Cabedelo-PB","Loteamento":"Areia Dourada","area_pecunia":null,"Situacao_recuo":null,"valor_m2":null,"valor_total":0.0,"valor_formatado":"R$ 0,00","geocodigo":"10002071030247","fid_2":19507.0,"id":19531.0,"distrito":"1","setor":"0002","quadra_2":"071","lote_2":"0247","geocode":"10002071030247","zoneamento":"Zona de Interesse Turístico (ZIT)","shape_leng":146.12308917199999,"shape_area":882.15,"bairro_2":"Areia Dourada","faces":"03","Reurb":null,"u_Inscriç":"1.0002.071.03.0247.0000.6","u_Sequenci":10060537,"u_Propriet":"CONSTRUTORA HEMA LTDA","u_Propri_1":"08.566.846/0001-03","u_ÁreaTer":480.0,"u_ÁreaTot":423.0,"u_ÁreaCon":423.0,"u_TipoImó":"CASA ISOLADA","u_Patrimô":"Próprio","u2Natureza":"PREDIAL","u2Logradou":"AVN JOSE AMERICO DE ALMEIDA FILHO","u2Número":"616","u2Compleme":null,"u2Edifíci":null,"u2ÁreaTer":480.0,"u2ÁreaTot":423.0,"u2ÁreaCon":423.0,"u2TipoImó":"CASA ISOLADA","u2Patrimô":"Próprio"},"geometry":{"type":"MultiPolygon","coordinates":[[[[-34.82725771123242,-6.995659990602888],[-34.82725771123242,-6.995659990602888],[-34.82725771123242,-6.995659990602888],[-34.827023609833432,-6.995625332375005],[-34.826910462119379,-6.995608581044726],[-34.826890566496537,-6.99574273737602],[-34.827235831822428,-6.995793853213092],[-34.827522308100697,-6.995836265241412],[-34.827544187424394,-6.995702402638774],[-34.82725771123242,-6.995659990602888]]]]}},
{"type":"Feature","properties":{"fid":661,"Endereco":"Rua Zilda Pessoa Barreto","Bairro":"Areia Dourada","Quadra":"05","Lote":"08","Municipio":"Cabedelo-PB","Loteamento":"Areia Dourada","area_pecunia":null,"Situacao_recuo":null,"valor_m2":null,"valor_total":0.0,"valor_formatado":"R$ 0,00","geocodigo":"10002071030225","fid_2":19512.0,"id":19536.0,"distrito":"1","setor":"0002","quadra_2":"071","lote_2":"0225","geocode":"10002071030225","zoneamento":"Zona de Interesse Turístico (ZIT)","shape_leng":176.091256612,"shape_area":1673.87,"bairro_2":"Areia Dourada","faces":"03","Reurb":null,"u_Inscriç":"1.0002.071.03.0225.0007.7","u_Sequenci":10060529,"u_Propriet":"CARLOS ALBERTO MELO DE ALMEIDA","u_Propri_1":"11.989.662/0001-52","u_ÁreaTer":960.0,"u_ÁreaTot":950.0,"u_ÁreaCon":120.0,"u_TipoImó":"APARTAMENTO","u_Patrimô":"Próprio","u2Natureza":"PREDIAL","u2Logradou":"AVN JOSE AMERICO DE ALMEIDA FILHO","u2Número":"594","u2Compleme":"AP 105  - AREIA DOURADA, COND.","u2Edifíci":"AREIA DOURADA, COND.","u2ÁreaTer":960.0,"u2ÁreaTot":950.0,"u2ÁreaCon":120.0,"u2TipoImó":"APARTAMENTO","u2Patrimô":"Próprio"},"geometry":{"type":"MultiPolygon","coordinates":[[[[-34.827544187424394,-6.995702402638774],[-34.827587946063304,-6.995434677438022],[-34.827301470043928,-6.995392265387017],[-34.827063401006015,-6.995357019723529],[-34.827023609833432,-6.995625332375005],[-34.827544187424394,-6.995702402638774]]]]}},
{"type":"Feature","properties":{"fid":662,"Endereco":"Rua Zilda Pessoa Barreto","Bairro":"Areia Dourada","Quadra":"05","Lote":"09","Municipio":"Cabedelo-PB","Loteamento":"Areia Dourada","area_pecunia":null,"Situacao_recuo":null,"valor_m2":null,"valor_total":0.0,"valor_formatado":"R$ 0,00","geocodigo":"10002071030203","fid_2":19511.0,"id":19535.0,"distrito":"1","setor":"0002","quadra_2":"071","lote_2":"0203","geocode":"10002071030203","zoneamento":"Zona de Interesse Turístico (ZIT)","shape_leng":100.32523031300001,"shape_area":582.94,"bairro_2":"Areia Dourada","faces":"03","Reurb":null,"u_Inscriç":"1.0002.071.03.0203.0000.3","u_Sequenci":10060456,"u_Propriet":"KEEP EMPREEND. E PARTICIPACOES LTDA","u_Propri_1":"05.097.458/0001-24","u_ÁreaTer":480.0,"u_ÁreaTot":0.0,"u_ÁreaCon":0.0,"u_TipoImó":null,"u_Patrimô":"Próprio","u2Natureza":"TERRITORIAL","u2Logradou":"AVN JOSE AMERICO DE ALMEIDA FILHO","u2Número":"S/N","u2Compleme":null,"u2Edifíci":null,"u2ÁreaTer":480.0,"u2ÁreaTot":0.0,"u2ÁreaCon":0.0,"u2TipoImó":null,"u2Patrimô":"Próprio"},"geometry":{"type":"MultiPolygon","coordinates":[[[[-34.827301470043928,-6.995392265387017],[-34.827587946063304,-6.995434677438022],[-34.827605384868193,-6.995327982887454],[-34.827605422369807,-6.995327746914871],[-34.827605457789602,-6.99532751062138],[-34.827605491124814,-6.995327274025334],[-34.827605522372878,-6.995327037145083],[-34.827605551531363,-6.995326799999009],[-34.827605578597996,-6.995326562605491],[-34.827605603570689,-6.995326324982983],[-34.827605626447514,-6.995326087149899],[-34.827605647226655,-6.995325849124703],[-34.827605665906553,-6.995325610925858],[-34.827605682485711,-6.995325372571862],[-34.827605696962877,-6.995325134081178],[-34.827605709336915,-6.995324895472352],[-34.827605719606851,-6.99532465676388],[-34.827605727771903,-6.995324417974274],[-34.827605733831447,-6.995324179122058],[-34.827605737785007,-6.995323940225796],[-34.827605739632261,-6.995323701304011],[-34.827605739373084,-6.995323462375218],[-34.827605737007481,-6.995323223457986],[-34.827605732535631,-6.995322984570843],[-34.827605725957916,-6.995322745732329],[-34.827605717274807,-6.995322506960969],[-34.827605706486992,-6.995322268275281],[-34.827605693595316,-6.995322029693807],[-34.827605678600769,-6.995321791235068],[-34.827605661504528,-6.995321552917518],[-34.827605642307908,-6.995321314759693],[-34.827605621012388,-6.995321076780076],[-34.827605597619645,-6.995320838997089],[-34.827605572131475,-6.995320601429214],[-34.827605544549868,-6.995320364094887],[-34.827605514876957,-6.995320127012518],[-34.827605483115036,-6.995319890200512],[-34.827605449266592,-6.995319653677212],[-34.827605413334233,-6.995319417460998],[-34.827605375320765,-6.995319181570185],[-34.827605335229109,-6.9953189460231],[-34.827605293062405,-6.995318710837989],[-34.827605248823915,-6.995318476033123],[-34.827605202517063,-6.995318241626698],[-34.827605154145445,-6.99531800763694],[-34.82760510371282,-6.995317774081968],[-34.827605051223102,-6.995317540979926],[-34.827604996680357,-6.995317308348898],[-34.827604940088818,-6.995317076206925],[-34.827604881452885,-6.995316844572026],[-34.827604820777104,-6.995316613462182],[-34.82760475806618,-6.9953163828953],[-34.827604693324972,-6.995316152889311],[-34.827604626558511,-6.995315923462027],[-34.827604557771991,-6.995315694631251],[-34.827604486970728,-6.99531546641476],[-34.827604414160213,-6.995315238830252],[-34.827604339346124,-6.995315011895367],[-34.827604262534237,-6.995314785627754],[-34.827604183730521,-6.995314560044951],[-34.827604102941109,-6.99531433516445],[-34.827604020172245,-6.995314111003709],[-34.827603935430353,-6.995313887580115],[-34.827603848722021,-6.995313664911006],[-34.827603760053975,-6.995313443013688],[-34.827603669433095,-6.995313221905325],[-34.827603576866395,-6.99531300160312],[-34.827603482361084,-6.99531278212414],[-34.827603385924476,-6.995312563485448],[-34.827603287564074,-6.995312345703957],[-34.82760318728748,-6.995312128796598],[-34.827603085102503,-6.995311912780213],[-34.827602981017044,-6.995311697671548],[-34.827602875039204,-6.995311483487275],[-34.827602767177211,-6.995311270244038],[-34.827602657439407,-6.995311057958391],[-34.82760254583431,-6.995310846646787],[-34.827602432370604,-6.995310636325617],[-34.827602317057085,-6.995310427011227],[-34.827602199902692,-6.995310218719821],[-34.827602080916513,-6.995310011467598],[-34.827601960107799,-6.995309805270621],[-34.827601837485894,-6.995309600144904],[-34.827601713060339,-6.995309396106342],[-34.827601586840778,-6.995309193170762],[-34.827601458837009,-6.995308991353937],[-34.827601329058957,-6.995308790671514],[-34.827601197516699,-6.995308591139072],[-34.827601064220438,-6.995308392772075],[-34.82760092918052,-6.995308195585937],[-34.827600792407409,-6.99530799959593],[-34.82760065391173,-6.995307804817299],[-34.827600513704247,-6.995307611265131],[-34.827600371795803,-6.995307418954455],[-34.827600228197447,-6.99530722790018],[-34.827600082920291,-6.995307038117137],[-34.827599935975613,-6.995306849620068],[-34.827599787374822,-6.995306662423578],[-34.827599637129445,-6.995306476542194],[-34.827599485251149,-6.995306291990352],[-34.827599331751706,-6.995306108782372],[-34.82759917664302,-6.995305926932451],[-34.827599019937153,-6.995305746454711],[-34.827598861646251,-6.995305567363149],[-34.827598701782584,-6.995305389671694],[-34.827598540358579,-6.995305213394075],[-34.827598377386735,-6.995305038544019],[-34.827598212879721,-6.995304865135084],[-34.827598046850284,-6.995304693180694],[-34.82759787931132,-6.995304522694239],[-34.827597710275832,-6.995304353688903],[-34.827597539756908,-6.99530418617784],[-34.827597367767815,-6.995304020174018],[-34.827597194321889,-6.995303855690334],[-34.827597019432574,-6.995303692739535],[-34.82759684311344,-6.995303531334285],[-34.827596665378167,-6.995303371487092],[-34.827596486240573,-6.995303213210364],[-34.827596305714536,-6.995303056516381],[-34.827596123814068,-6.995302901417308],[-34.827595940553273,-6.995302747925169],[-34.827595755946383,-6.995302596051882],[-34.82759557000773,-6.995302445809232],[-34.827595382751724,-6.99530229720888],[-34.827595194192902,-6.995302150262328],[-34.827595004345888,-6.995302004981035],[-34.827594813225431,-6.99530186137621],[-34.827594620846348,-6.995301719459031],[-34.827594427223552,-6.995301579240503],[-34.8275942323721,-6.995301440731516],[-34.82759403630709,-6.995301303942805],[-34.827593839043729,-6.995301168884986],[-34.827593640597343,-6.995301035568532],[-34.827593440983314,-6.995300904003799],[-34.827593240217141,-6.995300774200989],[-34.827593038314397,-6.995300646170177],[-34.827592835290744,-6.995300519921308],[-34.827592631161949,-6.995300395464157],[-34.827592425943834,-6.995300272808392],[-34.827592219652338,-6.995300151963519],[-34.827592012303455,-6.995300032938927],[-34.827591803913279,-6.995299915743861],[-34.827591594497974,-6.995299800387391],[-34.827591384073806,-6.995299686878495],[-34.82759117265708,-6.995299575225951],[-34.827590960264224,-6.995299465438436],[-34.827590746911703,-6.995299357524478],[-34.827590532616071,-6.995299251492445],[-34.82759031739397,-6.995299147350543],[-34.827590101262082,-6.995299045106878],[-34.827589884237192,-6.995298944769382],[-34.827589666336124,-6.995298846345837],[-34.827589447575804,-6.995298749843858],[-34.827589227973178,-6.995298655270974],[-34.82758900754532,-6.995298562634496],[-34.827588786309313,-6.995298471941616],[-34.827588564282323,-6.995298383199374],[-34.827588341481594,-6.995298296414638],[-34.8275881179244,-6.995298211594185],[-34.827587893628085,-6.995298128744545],[-34.827587668610064,-6.995298047872186],[-34.827587442887783,-6.99529796898337],[-34.827587216478776,-6.995297892084215],[-34.827586989400594,-6.995297817180678],[-34.827586761670851,-6.9952977442786],[-34.82758653330724,-6.99529767338361],[-34.827586304327475,-6.995297604501227],[-34.827586074749306,-6.995297537636788],[-34.827585844590558,-6.995297472795479],[-34.827585613869104,-6.995297409982317],[-34.82758538260282,-6.995297349202201],[-34.827585150809661,-6.995297290459859],[-34.827584918507618,-6.995297233759803],[-34.827584685714704,-6.995297179106476],[-34.827584452449003,-6.995297126504087],[-34.827584218728589,-6.995297075956741],[-34.827583984571618,-6.995297027468343],[-34.827583749996251,-6.995296981042679],[-34.827583515020685,-6.995296936683314],[-34.827583279663166,-6.995296894393713],[-34.827583043941942,-6.995296854177163],[-34.827582807875309,-6.99529681603677],[-34.827582571481585,-6.995296779975512],[-34.827323349445443,-6.995258402781303],[-34.827083296589862,-6.995222863399778],[-34.827063401006015,-6.995357019723529],[-34.827301470043928,-6.995392265387017]]]]}},
{"type":"Feature","properties":{"fid":663,"Endereco":"Rodovia BR-230","Bairro":"Areia Dourada","Quadra":"06","Lote":"07","Municipio":"Cabedelo-PB","Loteamento":"Areia Dourada","area_pecunia":null,"Situacao_recuo":null,"valor_m2":null,"valor_total":0.0,"valor_formatado":"R$ 0,00","geocodigo":"10002069030354","fid_2":16695.0,"id":16703.0,"distrito":"1","setor":"0002","quadra_2":"069","lote_2":"0354","geocode":"10002069030354","zoneamento":"Zona de Interesse Turístico (ZIT)","shape_leng":195.265812525,"shape_area":1235.14,"bairro_2":"Areia Dourada","faces":"03","Reurb":null,"u_Inscriç":"1.0002.069.03.0354.0000.4","u_Sequenci":10060375,"u_Propriet":"IVAN FARIAS","u_Propri_1":"003.345.454-04","u_ÁreaTer":912.75,"u_ÁreaTot":895.84,"u_ÁreaCon":895.84,"u_TipoImó":"CASA ISOLADA","u_Patrimô":"Próprio","u2Natureza":"PREDIAL","u2Logradou":"AVN JOSE AMERICO DE ALMEIDA FILHO","u2Número":"520","u2Compleme":null,"u2Edifíci":null,"u2ÁreaTer":912.75,"u2ÁreaTot":895.84,"u2ÁreaCon":895.84,"u2TipoImó":"CASA ISOLADA","u2Patrimô":"Próprio"},"geometry":{"type":"MultiPolygon","coordinates":[[[[-34.828048083814984,-6.994051016861476],[-34.828055811741727,-6.993915140651068],[-34.827505565299163,-6.993837504066304],[-34.827505565299163,-6.993837504066287],[-34.827313603516679,-6.99381041920789],[-34.827294623743065,-6.993944707912096],[-34.827486167030607,-6.993971733708543],[-34.828048083814984,-6.994051016861476]]]]}},
{"type":"Feature","properties":{"fid":664,"Endereco":"Rodovia BR-230","Bairro":"Areia Dourada","Quadra":"06","Lote":"08","Municipio":"Cabedelo-PB","Loteamento":"Areia Dourada","area_pecunia":null,"Situacao_recuo":null,"valor_m2":null,"valor_total":0.0,"valor_formatado":"R$ 0,00","geocodigo":"10002069030339","fid_2":17009.0,"id":17025.0,"distrito":"1","setor":"0002","quadra_2":"069","lote_2":"0339","geocode":"10002069030339","zoneamento":"Zona de Interesse Turístico (ZIT)","shape_leng":193.563133306,"shape_area":1226.53,"bairro_2":"Areia Dourada","faces":"03","Reurb":null,"u_Inscriç":"1.0002.069.03.0339.0000.0","u_Sequenci":10060367,"u_Propriet":"ALEXANDRE FARIAS","u_Propri_1":"482.505.624-53","u_ÁreaTer":895.5,"u_ÁreaTot":487.38,"u_ÁreaCon":487.38,"u_TipoImó":"CASA ISOLADA","u_Patrimô":"Próprio","u2Natureza":"PREDIAL","u2Logradou":"AVN JOSE AMERICO DE ALMEIDA FILHO","u2Número":"502","u2Compleme":null,"u2Edifíci":null,"u2ÁreaTer":895.5,"u2ÁreaTot":487.38,"u2ÁreaCon":487.38,"u2TipoImó":"CASA ISOLADA","u2Patrimô":"Próprio"},"geometry":{"type":"MultiPolygon","coordinates":[[[[-34.827524963566383,-6.993703274425467],[-34.827524963566376,-6.993703274425467],[-34.827332583289191,-6.993676130505076],[-34.827313603516679,-6.99381041920789],[-34.827505565299163,-6.993837504066287],[-34.827505565299163,-6.993837504066304],[-34.828055811741727,-6.993915140651068],[-34.828063539674183,-6.993779264441002],[-34.827524963566383,-6.993703274425467]]]]}},
{"type":"Feature","properties":{"fid":665,"Endereco":"Rodovia BR-230","Bairro":"Areia Dourada","Quadra":"07","Lote":"04","Municipio":"Cabedelo-PB","Loteamento":"Areia Dourada","area_pecunia":null,"Situacao_recuo":null,"valor_m2":null,"valor_total":0.0,"valor_formatado":"R$ 0,00","geocodigo":"10002068030307","fid_2":17461.0,"id":17476.0,"distrito":"1","setor":"0002","quadra_2":"068","lote_2":"0307","geocode":"10002068030307","zoneamento":"Zona de Interesse Turístico (ZIT)","shape_leng":161.245644027,"shape_area":939.82,"bairro_2":"Areia Dourada","faces":"03","Reurb":null,"u_Inscriç":"1.0002.068.03.0307.0000.3","u_Sequenci":10060251,"u_Propriet":"MOREIRA & RUFFO´S LTDA - EPP","u_Propri_1":"03.288.490/0001-61","u_ÁreaTer":832.5,"u_ÁreaTot":0.0,"u_ÁreaCon":0.0,"u_TipoImó":null,"u_Patrimô":"Próprio","u2Natureza":"TERRITORIAL","u2Logradou":"AVN JOSE AMERICO DE ALMEIDA FILHO","u2Número":"S/N","u2Compleme":null,"u2Edifíci":null,"u2ÁreaTer":832.5,"u2ÁreaTot":0.0,"u2ÁreaCon":0.0,"u2TipoImó":null,"u2Patrimô":"Próprio"},"geometry":{"type":"MultiPolygon","coordinates":[[[[-34.827622517648237,-6.992664129321899],[-34.82762251764823,-6.992664129321899],[-34.82744473927179,-6.992645033951463],[-34.827430230894961,-6.992779878076947],[-34.827614324715633,-6.992799651780988],[-34.828118721521435,-6.992853829165514],[-34.82812691430312,-6.992718306735468],[-34.827622517648237,-6.992664129321899]]]]}},
{"type":"Feature","properties":{"fid":666,"Endereco":"Rodovia BR-230","Bairro":"Areia Dourada","Quadra":"07","Lote":"05","Municipio":"Cabedelo-PB","Loteamento":"Areia Dourada","area_pecunia":null,"Situacao_recuo":null,"valor_m2":null,"valor_total":0.0,"valor_formatado":"R$ 0,00","geocodigo":"10002068030291","fid_2":17695.0,"id":17708.0,"distrito":"1","setor":"0002","quadra_2":"068","lote_2":"0291","geocode":"10002068030291","zoneamento":"Zona de Interesse Turístico (ZIT)","shape_leng":143.09905711100001,"shape_area":861.99,"bairro_2":"Areia Dourada","faces":"03","Reurb":null,"u_Inscriç":"1.0002.068.03.0291.0000.6","u_Sequenci":10060243,"u_Propriet":"ROSSANA CHIANCA DE CARVALHO SAEGER","u_Propri_1":"219.059.244-53","u_ÁreaTer":832.5,"u_ÁreaTot":331.9,"u_ÁreaCon":331.9,"u_TipoImó":"CASA GEMINADA(2 LAD)","u_Patrimô":"Próprio","u2Natureza":"PREDIAL","u2Logradou":"AVN JOSE AMERICO DE ALMEIDA FILHO","u2Número":"426","u2Compleme":null,"u2Edifíci":null,"u2ÁreaTer":832.5,"u2ÁreaTot":331.9,"u2ÁreaCon":331.9,"u2TipoImó":"CASA GEMINADA(2 LAD)","u2Patrimô":"Próprio"},"geometry":{"type":"MultiPolygon","coordinates":[[[[-34.827622517648237,-6.992664129321899],[-34.82812691430312,-6.992718306735468],[-34.828135107090198,-6.992582784305769],[-34.827630710586227,-6.992528606863173],[-34.827459247650239,-6.992510189826944],[-34.82744473927179,-6.992645033951463],[-34.827622517648237,-6.992664129321899]]]]}},
{"type":"Feature","properties":{"fid":673,"Endereco":"Rodovia BR-230","Bairro":"Areia Dourada","Quadra":"08","Lote":"05","Municipio":"Cabedelo-PB","Loteamento":"Areia Dourada","area_pecunia":null,"Situacao_recuo":null,"valor_m2":null,"valor_total":0.0,"valor_formatado":"R$ 0,00","geocodigo":"10002067010308","fid_2":18256.0,"id":18273.0,"distrito":"1","setor":"0002","quadra_2":"067","lote_2":"0308","geocode":"10002067010308","zoneamento":"Zona de Interesse Turístico (ZIT)","shape_leng":190.66256006699999,"shape_area":1219.67,"bairro_2":"Areia Dourada","faces":"01","Reurb":null,"u_Inscriç":"1.0002.067.01.0308.0000.5","u_Sequenci":10306757,"u_Propriet":"GGP SETAI AURUS SPE LTDA","u_Propri_1":"50.387.350/0001-20","u_ÁreaTer":868.38,"u_ÁreaTot":322.25,"u_ÁreaCon":322.25,"u_TipoImó":"CASA ISOLADA","u_Patrimô":"Próprio","u2Natureza":"PREDIAL","u2Logradou":"AVN JOSE AMERICO DE ALMEIDA FILHO","u2Número":"332","u2Compleme":null,"u2Edifíci":null,"u2ÁreaTer":868.38,"u2ÁreaTot":322.25,"u2ÁreaCon":322.25,"u2TipoImó":"CASA ISOLADA","u2Patrimô":"Próprio"},"geometry":{"type":"MultiPolygon","coordinates":[[[[-34.827703334022729,-6.991191172069347],[-34.828224766223052,-6.991258278230525],[-34.828234240677652,-6.9911227561481],[-34.827712808634139,-6.991055649958318],[-34.827520671340849,-6.991030922512238],[-34.827512127730195,-6.991166564458123],[-34.827703334022729,-6.991191172069347]]]]}},
{"type":"Feature","properties":{"fid":674,"Endereco":"Rodovia BR-230","Bairro":"Areia Dourada","Quadra":"08","Lote":"08","Municipio":"Cabedelo-PB","Loteamento":"Areia Dourada","area_pecunia":null,"Situacao_recuo":null,"valor_m2":null,"valor_total":0.0,"valor_formatado":"R$ 0,00","geocodigo":"10002067010263","fid_2":13428.0,"id":13422.0,"distrito":"1","setor":"0002","quadra_2":"067","lote_2":"0263","geocode":"10002067010263","zoneamento":"Zona de Interesse Turístico (ZIT)","shape_leng":190.17763444400001,"shape_area":1194.23,"bairro_2":"Areia Dourada","faces":"01","Reurb":null,"u_Inscriç":"1.0002.067.01.0263.0006.0","u_Sequenci":10060138,"u_Propriet":"MAURILIO ONOFRE DEININGER","u_Propri_1":"498.968.494-04","u_ÁreaTer":862.5,"u_ÁreaTot":1719.66,"u_ÁreaCon":241.42,"u_TipoImó":"APARTAMENTO","u_Patrimô":"Próprio","u2Natureza":"PREDIAL","u2Logradou":"AVN JOSE AMERICO DE ALMEIDA FILHO","u2Número":"1184","u2Compleme":"AP 302  - MARIINHA PEDROSA, EDF.","u2Edifíci":"MARIINHA PEDROSA, EDF.","u2ÁreaTer":862.5,"u2ÁreaTot":1719.66,"u2ÁreaCon":241.42,"u2TipoImó":"APARTAMENTO","u2Patrimô":"Próprio"},"geometry":{"type":"MultiPolygon","coordinates":[[[[-34.827731757870893,-6.99078460573778],[-34.828253189600808,-6.990851711984636],[-34.828262664069356,-6.990716189903631],[-34.827741232496244,-6.990649083628222],[-34.827546302204034,-6.990623996677019],[-34.827537758577762,-6.990759638621697],[-34.827731757870893,-6.990784605737764],[-34.827731757870893,-6.99078460573778]]]]}},
{"type":"Feature","properties":{"fid":675,"Endereco":"Rodovia BR-230","Bairro":"Areia Dourada","Quadra":"08","Lote":"09","Municipio":"Cabedelo-PB","Loteamento":"Areia Dourada","area_pecunia":null,"Situacao_recuo":null,"valor_m2":null,"valor_total":0.0,"valor_formatado":"R$ 0,00","geocodigo":"10002067010248","fid_2":13891.0,"id":13897.0,"distrito":"1","setor":"0002","quadra_2":"067","lote_2":"0248","geocode":"10002067010248","zoneamento":"Zona de Interesse Turístico (ZIT)","shape_leng":188.57046597199999,"shape_area":1188.22,"bairro_2":"Areia Dourada","faces":"01","Reurb":null,"u_Inscriç":"1.0002.067.01.0248.0000.7","u_Sequenci":10060065,"u_Propriet":"RANULFO PEREIRA DE SOUZA","u_Propri_1":"009.681.294-04","u_ÁreaTer":862.5,"u_ÁreaTot":598.67,"u_ÁreaCon":598.67,"u_TipoImó":"CASA ISOLADA","u_Patrimô":"Próprio","u2Natureza":"PREDIAL","u2Logradou":"AVN JOSE AMERICO DE ALMEIDA FILHO","u2Número":"300","u2Compleme":null,"u2Edifíci":null,"u2ÁreaTer":862.5,"u2ÁreaTot":598.67,"u2ÁreaCon":598.67,"u2TipoImó":"CASA ISOLADA","u2Patrimô":"Próprio"},"geometry":{"type":"MultiPolygon","coordinates":[[[[-34.828262664069356,-6.990716189903631],[-34.828272138542559,-6.990580667823135],[-34.827750707126242,-6.990513561519186],[-34.8275548458355,-6.990488354732695],[-34.827546302204034,-6.990623996677019],[-34.827741232496244,-6.990649083628223],[-34.828262664069356,-6.990716189903631]]]]}},
{"type":"Feature","properties":{"fid":676,"Endereco":"Rodovia BR-230","Bairro":"Areia Dourada","Quadra":"08","Lote":"10","Municipio":"Cabedelo-PB","Loteamento":"Areia Dourada","area_pecunia":null,"Situacao_recuo":null,"valor_m2":null,"valor_total":0.0,"valor_formatado":"R$ 0,00","geocodigo":"10002067010233","fid_2":13799.0,"id":13801.0,"distrito":"1","setor":"0002","quadra_2":"067","lote_2":"0233","geocode":"10002067010233","zoneamento":"Zona de Interesse Turístico (ZIT)","shape_leng":190.90444386600001,"shape_area":1246.09,"bairro_2":"Areia Dourada","faces":"01","Reurb":null,"u_Inscriç":"1.0002.067.01.0233.0000.0","u_Sequenci":10060049,"u_Propriet":"LB - PARTICIPAÇOES E NEGOCIOS LTDA.","u_Propri_1":"03.801.914/0001-40","u_ÁreaTer":866.25,"u_ÁreaTot":335.25,"u_ÁreaCon":335.25,"u_TipoImó":"CASA ISOLADA","u_Patrimô":"Próprio","u2Natureza":"PREDIAL","u2Logradou":"AVN JOSE AMERICO DE ALMEIDA FILHO","u2Número":"276","u2Compleme":null,"u2Edifíci":null,"u2ÁreaTer":866.25,"u2ÁreaTot":335.25,"u2ÁreaCon":335.25,"u2TipoImó":"CASA ISOLADA","u2Patrimô":"Próprio"},"geometry":{"type":"MultiPolygon","coordinates":[[[[-34.828272138542559,-6.990580667823135],[-34.828279828648547,-6.990470669232726],[-34.828279828648547,-6.990470669232726],[-34.828279843586998,-6.990470441813674],[-34.828279856612468,-6.990470214277236],[-34.828279867724014,-6.990469986639487],[-34.828279876920881,-6.990469758916474],[-34.828279884202402,-6.990469531124286],[-34.828279889568073,-6.990469303279026],[-34.828279893017502,-6.990469075396762],[-34.828279894550462,-6.990468847493574],[-34.828279894166826,-6.990468619585565],[-34.828279891866643,-6.990468391688822],[-34.828279887650048,-6.990468163819436],[-34.828279881517375,-6.990467935993478],[-34.828279873469015,-6.990467708227063],[-34.828279863505571,-6.990467480536255],[-34.828279851627713,-6.990467252937131],[-34.828279837836313,-6.99046702544576],[-34.828279822132323,-6.990466798078199],[-34.828279804516868,-6.990466570850494],[-34.828279784991182,-6.990466343778712],[-34.828279763556644,-6.990466116878857],[-34.828279740214754,-6.99046589016696],[-34.828279714967202,-6.990465663659028],[-34.828279687815716,-6.990465437371056],[-34.828279658762256,-6.990465211319013],[-34.828279627808847,-6.990464985518861],[-34.828279594957678,-6.990464759986541],[-34.828279560211087,-6.990464534737972],[-34.82827952357151,-6.99046430978906],[-34.828279485041548,-6.990464085155678],[-34.828279444623888,-6.990463860853713],[-34.828279402321421,-6.990463636898983],[-34.828279358137117,-6.990463413307273],[-34.828279312074095,-6.990463190094422],[-34.828279264135602,-6.990462967276142],[-34.828279214325057,-6.990462744868187],[-34.828279162645934,-6.990462522886253],[-34.828279109101892,-6.990462301346007],[-34.828279053696718,-6.990462080263113],[-34.828278996434328,-6.99046185965315],[-34.828278937318757,-6.990461639531715],[-34.828278876354176,-6.990461419914333],[-34.828278813544898,-6.99046120081652],[-34.828278748895343,-6.99046098225375],[-34.828278682410108,-6.990460764241412],[-34.828278614093847,-6.990460546794952],[-34.828278543951399,-6.990460329929691],[-34.828278471987716,-6.99046011366097],[-34.828278398207885,-6.99045989800401],[-34.828278322617109,-6.990459682974067],[-34.828278245220737,-6.990459468586323],[-34.828278166024205,-6.990459254855904],[-34.828278085033126,-6.990459041797906],[-34.828278002253228,-6.990458829427365],[-34.828277917690308,-6.99045861775928],[-34.828277831350398,-6.9904584068086],[-34.82827774323956,-6.990458196590188],[-34.828277653364005,-6.990457987118925],[-34.828277561730111,-6.990457778409571],[-34.828277468344311,-6.99045757047689],[-34.828277373213226,-6.99045736333554],[-34.828277276343556,-6.990457157000148],[-34.828277177742144,-6.990456951485288],[-34.828277077415954,-6.990456746805467],[-34.82827697537207,-6.990456542975124],[-34.828276871617696,-6.99045634000866],[-34.828276766160158,-6.990456137920401],[-34.828276659006903,-6.990455936724615],[-34.828276550165477,-6.990455736435517],[-34.828276439643588,-6.990455537067241],[-34.828276327449032,-6.990455338633842],[-34.828276213589724,-6.990455141149361],[-34.828276098073708,-6.99045494462773],[-34.82827598090914,-6.990454749082812],[-34.828275862104292,-6.990454554528434],[-34.828275741667539,-6.990454360978307],[-34.828275619607403,-6.990454168446109],[-34.828275495932495,-6.990453976945442],[-34.828275370651532,-6.9904537864898],[-34.828275243773383,-6.990453597092651],[-34.828275115306994,-6.990453408767356],[-34.828274985261416,-6.990453221527228],[-34.828274853645866,-6.99045303538547],[-34.828274720469615,-6.990452850355217],[-34.828274585742072,-6.990452666449552],[-34.828274449472751,-6.990452483681437],[-34.828274311671258,-6.990452302063789],[-34.828274172347342,-6.990452121609432],[-34.828274031510816,-6.990451942331098],[-34.828273889171648,-6.990451764241459],[-34.828273745339871,-6.99045158735306],[-34.828273600025639,-6.990451411678424],[-34.828273453239213,-6.99045123722994],[-34.828273304990972,-6.99045106401991],[-34.828273155291356,-6.990450892060573],[-34.828273004150951,-6.990450721364064],[-34.828272851580429,-6.990450551942467],[-34.828272697590549,-6.990450383807693],[-34.828272542192195,-6.990450216971631],[-34.828272385396332,-6.990450051446088],[-34.828272227214036,-6.990449887242697],[-34.828272067656471,-6.990449724373097],[-34.828271906734884,-6.990449562848785],[-34.828271744460679,-6.990449402681116],[-34.828271580845268,-6.990449243881447],[-34.828271415900211,-6.990449086460983],[-34.828271249637183,-6.990448930430829],[-34.828271082067893,-6.990448775801986],[-34.828270913204179,-6.990448622585405],[-34.828270743057971,-6.990448470791869],[-34.828270571641269,-6.990448320432111],[-34.828270398966183,-6.990448171516739],[-34.828270225044896,-6.990448024056272],[-34.82827004988971,-6.990447878061135],[-34.828269873512951,-6.990447733541617],[-34.828269695927105,-6.990447590507915],[-34.828269517144697,-6.990447448970148],[-34.828269337178355,-6.990447308938286],[-34.828269156040768,-6.990447170422238],[-34.828268973744755,-6.99044703343177],[-34.828268790303149,-6.990446897976565],[-34.828268605728937,-6.990446764066159],[-34.828268420035116,-6.990446631710029],[-34.828268233234816,-6.99044650091754],[-34.828268045341233,-6.990446371697871],[-34.828267856367603,-6.99044624406018],[-34.828267666327292,-6.990446118013478],[-34.82826747523373,-6.990445993566655],[-34.828267283100367,-6.990445870728516],[-34.828267089940788,-6.990445749507701],[-34.828266895768657,-6.990445629912792],[-34.828266700597631,-6.990445511952228],[-34.828266504441522,-6.99044539563434],[-34.82826630731418,-6.990445280967325],[-34.82826610922951,-6.990445167959284],[-34.828265910201502,-6.990445056618194],[-34.82826571024421,-6.99044494695195],[-34.828265509371725,-6.990444838968259],[-34.828265307598279,-6.990444732674732],[-34.828265104938076,-6.990444628078903],[-34.828264901405447,-6.99044452518815],[-34.828264697014745,-6.990444424009738],[-34.828264491780402,-6.990444324550807],[-34.828264285716926,-6.990444226818354],[-34.828264078838842,-6.990444130819329],[-34.828263871160765,-6.990444036560478],[-34.828263662697353,-6.990443944048464],[-34.828263453463336,-6.990443853289802],[-34.828263243473472,-6.990443764290914],[-34.828263032742598,-6.990443677058091],[-34.828262821285584,-6.990443591597494],[-34.828262609117374,-6.990443507915123],[-34.82826239625291,-6.990443426016918],[-34.828262182707256,-6.990443345908663],[-34.828261968495475,-6.990443267595994],[-34.828261753632695,-6.990443191084442],[-34.828261538134079,-6.990443116379422],[-34.828261322014839,-6.990443043486195],[-34.82826110529026,-6.990442972409907],[-34.828260887975603,-6.990442903155603],[-34.828260670086237,-6.990442835728138],[-34.828260451637533,-6.990442770132288],[-34.828260232644915,-6.990442706372675],[-34.828260013123845,-6.990442644453833],[-34.828259793089828,-6.990442584380085],[-34.828259572558402,-6.990442526155698],[-34.828259351545121,-6.990442469784784],[-34.828259130065589,-6.990442415271312],[-34.82825890813546,-6.990442362619146],[-34.828258685770379,-6.990442311831992],[-34.828258462986064,-6.990442262913433],[-34.828258239798231,-6.990442215866943],[-34.828258016222655,-6.990442170695824],[-34.828257792275096,-6.990442127403272],[-34.828257567971384,-6.990442085992336],[-34.828257343327351,-6.990442046465938],[-34.828257118358849,-6.990442008826879],[-34.828256893081765,-6.990441973077826],[-34.828256667512015,-6.990441939221262],[-34.828256441665495,-6.990441907259628],[-34.828256215558191,-6.99044187719514],[-34.82776018176088,-6.990378039410604],[-34.827563389472182,-6.990352712788774],[-34.8275548458355,-6.990488354732695],[-34.827750707126242,-6.990513561519186],[-34.828272138542559,-6.990580667823135]]]]}},
{"type":"Feature","properties":{"fid":677,"Endereco":"Rodovia BR-230","Bairro":"Areia Dourada","Quadra":"08","Lote":"06","Municipio":"Cabedelo-PB","Loteamento":"Areia Dourada","area_pecunia":null,"Situacao_recuo":null,"valor_m2":null,"valor_total":0.0,"valor_formatado":"R$ 0,00","geocodigo":"10002067010293","fid_2":19531.0,"id":19555.0,"distrito":"1","setor":"0002","quadra_2":"067","lote_2":"0293","geocode":"10002067010293","zoneamento":"Zona de Interesse Turístico (ZIT)","shape_leng":189.99566631799999,"shape_area":1193.69,"bairro_2":"Areia Dourada","faces":"01","Reurb":null,"u_Inscriç":"1.0002.067.01.0293.0000.2","u_Sequenci":10060154,"u_Propriet":"JOSE RAMALHO NETO","u_Propri_1":null,"u_ÁreaTer":862.5,"u_ÁreaTot":527.8,"u_ÁreaCon":527.8,"u_TipoImó":"CASA GEMINADA(1 LAD)","u_Patrimô":"Próprio","u2Natureza":"PREDIAL","u2Logradou":"AVN JOSE AMERICO DE ALMEIDA FILHO","u2Número":"326","u2Compleme":null,"u2Edifíci":null,"u2ÁreaTer":862.5,"u2ÁreaTot":527.8,"u2ÁreaCon":527.8,"u2TipoImó":"CASA GEMINADA(1 LAD)","u2Patrimô":"Próprio"},"geometry":{"type":"MultiPolygon","coordinates":[[[[-34.828234240677652,-6.9911227561481],[-34.828243715136907,-6.990987234066098],[-34.827722283250196,-6.990920127847796],[-34.827529214956705,-6.990895280566809],[-34.827520671340849,-6.991030922512238],[-34.827712808634139,-6.991055649958318],[-34.828234240677652,-6.9911227561481]]]]}},
{"type":"Feature","properties":{"fid":678,"Endereco":"Rodovia BR-230","Bairro":"Areia Dourada","Quadra":"08","Lote":"07","Municipio":"Cabedelo-PB","Loteamento":"Areia Dourada","area_pecunia":null,"Situacao_recuo":null,"valor_m2":null,"valor_total":0.0,"valor_formatado":"R$ 0,00","geocodigo":"10002067010278","fid_2":18641.0,"id":18662.0,"distrito":"1","setor":"0002","quadra_2":"067","lote_2":"0278","geocode":"10002067010278","zoneamento":"Zona de Interesse Turístico (ZIT)","shape_leng":189.943091194,"shape_area":1200.05,"bairro_2":"Areia Dourada","faces":"01","Reurb":null,"u_Inscriç":"1.0002.067.01.0278.0000.8","u_Sequenci":10060146,"u_Propriet":"HUMBERTO SOARES DE OLIVEIRA","u_Propri_1":"002.736.354-68","u_ÁreaTer":862.5,"u_ÁreaTot":0.0,"u_ÁreaCon":0.0,"u_TipoImó":null,"u_Patrimô":"Próprio","u2Natureza":"TERRITORIAL","u2Logradou":"AVN JOSE AMERICO DE ALMEIDA FILHO","u2Número":"S/N","u2Compleme":null,"u2Edifíci":null,"u2ÁreaTer":862.5,"u2ÁreaTot":0.0,"u2ÁreaCon":0.0,"u2TipoImó":null,"u2Patrimô":"Próprio"},"geometry":{"type":"MultiPolygon","coordinates":[[[[-34.828243715136907,-6.990987234066098],[-34.828253189600808,-6.990851711984636],[-34.827537758577762,-6.990759638621697],[-34.827529214956705,-6.990895280566809],[-34.827722283250196,-6.990920127847796],[-34.828243715136907,-6.990987234066098]]]]}},
{"type":"Feature","properties":{"fid":679,"Endereco":"Rodovia BR-230","Bairro":"Areia Dourada","Quadra":"09","Lote":"01","Municipio":"Cabedelo-PB","Loteamento":"Areia Dourada","area_pecunia":null,"Situacao_recuo":null,"valor_m2":null,"valor_total":0.0,"valor_formatado":"R$ 0,00","geocodigo":"10002066030827","fid_2":13890.0,"id":14043.0,"distrito":"1","setor":"0002","quadra_2":"066","lote_2":"0827","geocode":"10002066030827","zoneamento":"Zona de Interesse Turístico (ZIT)","shape_leng":215.10291594099999,"shape_area":1919.06,"bairro_2":"Areia Dourada","faces":"03","Reurb":null,"u_Inscriç":"1.0002.066.03.0827.0000.1","u_Sequenci":10300791,"u_Propriet":"HUMBERTO SOARES DE OLIVEIRA","u_Propri_1":"002.736.354-68","u_ÁreaTer":936.0,"u_ÁreaTot":0.0,"u_ÁreaCon":0.0,"u_TipoImó":null,"u_Patrimô":"Próprio","u2Natureza":"TERRITORIAL","u2Logradou":"AVN JOSE AMERICO DE ALMEIDA FILHO","u2Número":"S/N","u2Compleme":null,"u2Edifíci":null,"u2ÁreaTer":936.0,"u2ÁreaTot":0.0,"u2ÁreaCon":0.0,"u2TipoImó":null,"u2Patrimô":"Próprio"},"geometry":{"type":"MultiPolygon","coordinates":[[[[-34.828291967083416,-6.990330069161669],[-34.828307661142084,-6.990136602999287],[-34.827546871319335,-6.990040325233213],[-34.827524426204171,-6.990235821425293],[-34.827766551691539,-6.99026555259657],[-34.828291967083416,-6.990330069161669]]]]}},
{"type":"Feature","properties":{"fid":681,"Endereco":"Rodovia BR-230","Bairro":"Areia Dourada","Quadra":"09","Lote":"04","Municipio":"Cabedelo-PB","Loteamento":"Areia Dourada","area_pecunia":null,"Situacao_recuo":null,"valor_m2":null,"valor_total":0.0,"valor_formatado":"R$ 0,00","geocodigo":"10002066030785","fid_2":19041.0,"id":19062.0,"distrito":"1","setor":"0002","quadra_2":"066","lote_2":"0785","geocode":"10002066030785","zoneamento":"Zona de Interesse Turístico (ZIT)","shape_leng":196.92834903900001,"shape_area":1255.66,"bairro_2":"Areia Dourada","faces":"03","Reurb":null,"u_Inscriç":"1.0002.066.03.0785.0000.1","u_Sequenci":10060022,"u_Propriet":"MERCEDES TRONCOSO RIBEIRO PESSOA","u_Propri_1":"040.001.374-68","u_ÁreaTer":885.0,"u_ÁreaTot":433.1,"u_ÁreaCon":433.1,"u_TipoImó":"COMERCIAL","u_Patrimô":"Próprio","u2Natureza":"PREDIAL","u2Logradou":"AVN JOSE AMERICO DE ALMEIDA FILHO","u2Número":"528","u2Compleme":null,"u2Edifíci":null,"u2ÁreaTer":885.0,"u2ÁreaTot":433.1,"u2ÁreaCon":433.1,"u2TipoImó":"COMERCIAL","u2Patrimô":"Próprio"},"geometry":{"type":"MultiPolygon","coordinates":[[[[-34.827803695595996,-6.989665445730482],[-34.827592668477713,-6.989641433602531],[-34.827578277108806,-6.989766781907453],[-34.82833477164111,-6.989862190753315],[-34.828343154007563,-6.989726828592952],[-34.827803695596003,-6.989665445730465],[-34.827803695595996,-6.989665445730482]]]]}},
{"type":"Feature","properties":{"fid":682,"Endereco":"Rodovia BR-230","Bairro":"Areia Dourada","Quadra":"09","Lote":"05","Municipio":"Cabedelo-PB","Loteamento":"Areia Dourada","area_pecunia":null,"Situacao_recuo":null,"valor_m2":null,"valor_total":0.0,"valor_formatado":"R$ 0,00","geocodigo":"10002066030770","fid_2":19530.0,"id":19554.0,"distrito":"1","setor":"0002","quadra_2":"066","lote_2":"0770","geocode":"10002066030770","zoneamento":"Zona de Interesse Turístico (ZIT)","shape_leng":195.899886522,"shape_area":1216.02,"bairro_2":"Areia Dourada","faces":"03","Reurb":null,"u_Inscriç":"1.0002.066.03.0770.0000.5","u_Sequenci":10060014,"u_Propriet":"MARIZA ARANHA EXNER FERNANDES","u_Propri_1":"008.074.374-92","u_ÁreaTer":885.0,"u_ÁreaTot":489.7,"u_ÁreaCon":489.7,"u_TipoImó":"CASA ISOLADA","u_Patrimô":"Próprio","u2Natureza":"PREDIAL","u2Logradou":"AVN JOSE AMERICO DE ALMEIDA FILHO","u2Número":"S/N","u2Compleme":null,"u2Edifíci":null,"u2ÁreaTer":885.0,"u2ÁreaTot":489.7,"u2ÁreaCon":489.7,"u2TipoImó":"CASA ISOLADA","u2Patrimô":"Próprio"},"geometry":{"type":"MultiPolygon","coordinates":[[[[-34.827812073934645,-6.989530083280441],[-34.82751931241144,-6.989496781826294],[-34.827515579708063,-6.989632661883165],[-34.827592668477713,-6.989641433602531],[-34.827803695596003,-6.989665445730482],[-34.827803695596003,-6.989665445730465],[-34.828343154007563,-6.989726828592952],[-34.828351916910904,-6.989591489602935],[-34.827812073934645,-6.989530083280424],[-34.827812073934645,-6.989530083280441]]]]}},
{"type":"Feature","properties":{"fid":683,"Endereco":"Rodovia BR-230","Bairro":"Areia Dourada","Quadra":"09","Lote":"06","Municipio":"Cabedelo-PB","Loteamento":"Areia Dourada","area_pecunia":null,"Situacao_recuo":null,"valor_m2":null,"valor_total":0.0,"valor_formatado":"R$ 0,00","geocodigo":"10002066030756","fid_2":19529.0,"id":19553.0,"distrito":"1","setor":"0002","quadra_2":"066","lote_2":"0756","geocode":"10002066030756","zoneamento":"Zona de Interesse Turístico (ZIT)","shape_leng":197.55333113,"shape_area":1251.17,"bairro_2":"Areia Dourada","faces":"03","Reurb":null,"u_Inscriç":"1.0002.066.03.0756.0000.5","u_Sequenci":10060006,"u_Propriet":"JOSE MARQUES MARIZ","u_Propri_1":"004.807.624-49","u_ÁreaTer":885.0,"u_ÁreaTot":271.6,"u_ÁreaCon":271.6,"u_TipoImó":"CASA GEMINADA(2 LAD)","u_Patrimô":"Próprio","u2Natureza":"PREDIAL","u2Logradou":"AVN JOSE AMERICO DE ALMEIDA FILHO","u2Número":"172","u2Compleme":null,"u2Edifíci":null,"u2ÁreaTer":885.0,"u2ÁreaTot":271.6,"u2ÁreaCon":271.6,"u2TipoImó":"CASA GEMINADA(2 LAD)","u2Patrimô":"Próprio"},"geometry":{"type":"MultiPolygon","coordinates":[[[[-34.827820452278551,-6.989394720830749],[-34.827820452278551,-6.989394720830749],[-34.827523045733805,-6.98936087952959],[-34.82751931241144,-6.989496781826294],[-34.827812073934645,-6.989530083280441],[-34.827812073934645,-6.989530083280424],[-34.828351916910904,-6.989591489602935],[-34.828359906148343,-6.989456103710879],[-34.827820452278551,-6.989394720830749]]]]}},
{"type":"Feature","properties":{"fid":684,"Endereco":"Rodovia BR-230","Bairro":"Areia Dourada","Quadra":"09","Lote":"07","Municipio":"Cabedelo-PB","Loteamento":"Areia Dourada","area_pecunia":null,"Situacao_recuo":null,"valor_m2":null,"valor_total":0.0,"valor_formatado":"R$ 0,00","geocodigo":"10002066030742","fid_2":19528.0,"id":19552.0,"distrito":"1","setor":"0002","quadra_2":"066","lote_2":"0742","geocode":"10002066030742","zoneamento":"Zona de Interesse Turístico (ZIT)","shape_leng":193.816477195,"shape_area":1238.38,"bairro_2":"Areia Dourada","faces":"03","Reurb":null,"u_Inscriç":"1.0002.066.03.0742.0000.3","u_Sequenci":10059997,"u_Propriet":"ABC CONSTRUCOES LTDA - EPP","u_Propri_1":"08.453.886/0001-30","u_ÁreaTer":885.0,"u_ÁreaTot":204.0,"u_ÁreaCon":204.0,"u_TipoImó":"CASA ISOLADA","u_Patrimô":"Próprio","u2Natureza":"PREDIAL","u2Logradou":"AVN JOSE AMERICO DE ALMEIDA FILHO","u2Número":"164","u2Compleme":null,"u2Edifíci":null,"u2ÁreaTer":885.0,"u2ÁreaTot":204.0,"u2ÁreaCon":204.0,"u2TipoImó":"CASA ISOLADA","u2Patrimô":"Próprio"},"geometry":{"type":"MultiPolygon","coordinates":[[[[-34.828359906148343,-6.989456103710879],[-34.828368675499142,-6.989320766029056],[-34.827828830627737,-6.989259358381542],[-34.827526778452601,-6.989224999497223],[-34.827523045733805,-6.98936087952959],[-34.827820452278551,-6.989394720830749],[-34.828359906148343,-6.989456103710879]]]]}},
{"type":"Feature","properties":{"fid":685,"Endereco":"Rodovia BR-230","Bairro":"Areia Dourada","Quadra":"09","Lote":"08","Municipio":"Cabedelo-PB","Loteamento":"Areia Dourada","area_pecunia":null,"Situacao_recuo":null,"valor_m2":null,"valor_total":0.0,"valor_formatado":"R$ 0,00","geocodigo":"10002066030727","fid_2":19527.0,"id":19551.0,"distrito":"1","setor":"0002","quadra_2":"066","lote_2":"0727","geocode":"10002066030727","zoneamento":"Zona de Interesse Turístico (ZIT)","shape_leng":196.86430525200001,"shape_area":1307.27,"bairro_2":"Areia Dourada","faces":"03","Reurb":null,"u_Inscriç":"1.0002.066.03.0727.0000.9","u_Sequenci":10059989,"u_Propriet":"JOSE ROLDERICO DA ROCHA LEAO","u_Propri_1":"002.681.434-04","u_ÁreaTer":892.5,"u_ÁreaTot":211.6,"u_ÁreaCon":211.6,"u_TipoImó":"CASA ISOLADA","u_Patrimô":"Próprio","u2Natureza":"PREDIAL","u2Logradou":"AVN JOSE AMERICO DE ALMEIDA FILHO","u2Número":"146","u2Compleme":null,"u2Edifíci":null,"u2ÁreaTer":892.5,"u2ÁreaTot":211.6,"u2ÁreaCon":211.6,"u2TipoImó":"CASA ISOLADA","u2Patrimô":"Próprio"},"geometry":{"type":"MultiPolygon","coordinates":[[[[-34.828368675499142,-6.989320766029056],[-34.828377612238498,-6.989176379449761],[-34.827837208982196,-6.989123995932619],[-34.827530370171161,-6.989094252492421],[-34.827526778452601,-6.989224999497223],[-34.827828830627737,-6.989259358381542],[-34.828368675499142,-6.989320766029056]]]]}},
{"type":"Feature","properties":{"fid":686,"Endereco":"Rodovia BR-230","Bairro":"Areia Dourada","Quadra":"Não encontrado","Lote":"SN","Municipio":"Cabedelo-PB","Loteamento":"Não encontrado","area_pecunia":null,"Situacao_recuo":null,"valor_m2":null,"valor_total":0.0,"valor_formatado":"R$ 0,00","geocodigo":"10002066030712","fid_2":11977.0,"id":11971.0,"distrito":"1","setor":"0002","quadra_2":"066","lote_2":"0712","geocode":"10002066030712","zoneamento":"Zona de Interesse Turístico (ZIT)","shape_leng":200.43844211699999,"shape_area":1408.17,"bairro_2":"Areia Dourada","faces":"03","Reurb":null,"u_Inscriç":"1.0002.066.03.0712.0000.2","u_Sequenci":10059970,"u_Propriet":"LLE HOLDING PARTICIPAÇOES EIRELI","u_Propri_1":"11.916.249/0001-68","u_ÁreaTer":1172.06,"u_ÁreaTot":169.66,"u_ÁreaCon":169.66,"u_TipoImó":"CASA GEMINADA(1 LAD)","u_Patrimô":"Próprio","u2Natureza":"PREDIAL","u2Logradou":"AVN JOSE AMERICO DE ALMEIDA FILHO","u2Número":"138","u2Compleme":null,"u2Edifíci":null,"u2ÁreaTer":1172.06,"u2ÁreaTot":169.66,"u2ÁreaCon":169.66,"u2TipoImó":"CASA GEMINADA(1 LAD)","u2Patrimô":"Próprio"},"geometry":{"type":"MultiPolygon","coordinates":[[[[-34.828390544154303,-6.988990537547682],[-34.828389993212468,-6.988990249175006],[-34.827534020189752,-6.988968695101559],[-34.827530370171161,-6.989094252492421],[-34.827837208982196,-6.989123995932654],[-34.827837208982196,-6.989123995932619],[-34.828377612238498,-6.989176379449761],[-34.828390544154303,-6.988990537547682]]]]}},
{"type":"Feature","properties":{"fid":687,"Endereco":"Rodovia BR-230","Bairro":"Areia Dourada","Quadra":"Não encontrado","Lote":"SN","Municipio":"Cabedelo-PB","Loteamento":"Não encontrado","area_pecunia":null,"Situacao_recuo":null,"valor_m2":null,"valor_total":0.0,"valor_formatado":"R$ 0,00","geocodigo":"10002066030676","fid_2":15272.0,"id":15276.0,"distrito":"1","setor":"0002","quadra_2":"066","lote_2":"0676","geocode":"10002066030676","zoneamento":"Zona de Interesse Turístico (ZIT)","shape_leng":234.74410205300001,"shape_area":2719.23,"bairro_2":"Areia Dourada","faces":"03","Reurb":null,"u_Inscriç":"1.0002.066.03.0676.0000.0","u_Sequenci":10404031,"u_Propriet":"ARCO  CONSTRUÇÕES E ENGENHARIA LTDA","u_Propri_1":"39.663.012/0001-31","u_ÁreaTer":2216.87,"u_ÁreaTot":0.0,"u_ÁreaCon":0.0,"u_TipoImó":null,"u_Patrimô":"Próprio","u2Natureza":"TERRITORIAL","u2Logradou":"AVN JOSE AMERICO DE ALMEIDA FILHO","u2Número":"S/N","u2Compleme":null,"u2Edifíci":null,"u2ÁreaTer":2216.87,"u2ÁreaTot":0.0,"u2ÁreaCon":0.0,"u2TipoImó":null,"u2Patrimô":"Próprio"},"geometry":{"type":"MultiPolygon","coordinates":[[[[-34.828416207014619,-6.98858464072522],[-34.827829718090598,-6.988586940944198],[-34.827545107012909,-6.988587319678481],[-34.827537736177,-6.988840868686631],[-34.827833423775296,-6.988852619375261],[-34.828398453708111,-6.98887687103969],[-34.828416207014619,-6.98858464072522]]]]}},
{"type":"Feature","properties":{"fid":688,"Endereco":"Rodovia BR-230","Bairro":"Areia Dourada","Quadra":"Não encontrado","Lote":"SN","Municipio":"Cabedelo-PB","Loteamento":"Não encontrado","area_pecunia":null,"Situacao_recuo":null,"valor_m2":null,"valor_total":0.0,"valor_formatado":"R$ 0,00","geocodigo":"10002066030648","fid_2":19526.0,"id":19550.0,"distrito":"1","setor":"0002","quadra_2":"066","lote_2":"0648","geocode":"10002066030648","zoneamento":"Zona de Interesse Turístico (ZIT)","shape_leng":201.613701389,"shape_area":1199.14,"bairro_2":"Areia Dourada","faces":"03","Reurb":null,"u_Inscriç":"1.0002.066.03.0648.0000.8","u_Sequenci":10059938,"u_Propriet":"EITELBERG GOMES MONTARROYOS","u_Propri_1":"308.489.384-53","u_ÁreaTer":1036.0,"u_ÁreaTot":581.8,"u_ÁreaCon":581.8,"u_TipoImó":"CASA ISOLADA","u_Patrimô":"Próprio","u2Natureza":"PREDIAL","u2Logradou":"AVN JOSE AMERICO DE ALMEIDA FILHO","u2Número":"130","u2Compleme":null,"u2Edifíci":null,"u2ÁreaTer":1036.0,"u2ÁreaTot":581.8,"u2ÁreaCon":581.8,"u2TipoImó":"CASA ISOLADA","u2Patrimô":"Próprio"},"geometry":{"type":"MultiPolygon","coordinates":[[[[-34.828424013429817,-6.988454760911774],[-34.827828012102849,-6.988464629400185],[-34.827548642368214,-6.988465707508172],[-34.827545107012909,-6.988587319678481],[-34.827829718090598,-6.988586940944198],[-34.827829718090598,-6.988586940944198],[-34.828416207014619,-6.98858464072522],[-34.828424013429817,-6.988454760911774]]]]}},
{"type":"Feature","properties":{"fid":689,"Endereco":"Rodovia BR-230","Bairro":"Areia Dourada","Quadra":"Não encontrado","Lote":"SN","Municipio":"Cabedelo-PB","Loteamento":"Não encontrado","area_pecunia":null,"Situacao_recuo":null,"valor_m2":null,"valor_total":0.0,"valor_formatado":"R$ 0,00","geocodigo":"10002066030634","fid_2":15089.0,"id":15095.0,"distrito":"1","setor":"0002","quadra_2":"066","lote_2":"0634","geocode":"10002066030634","zoneamento":"Zona de Interesse Turístico (ZIT)","shape_leng":206.50273117399999,"shape_area":1327.86,"bairro_2":"Areia Dourada","faces":"03","Reurb":null,"u_Inscriç":"1.0002.066.03.0634.0000.6","u_Sequenci":10059920,"u_Propriet":"FMG HOLDING LTDA","u_Propri_1":"27.860.930/0001-71","u_ÁreaTer":1061.9,"u_ÁreaTot":1061.9,"u_ÁreaCon":1061.9,"u_TipoImó":"CASA GEMINADA(2 LAD)","u_Patrimô":"Próprio","u2Natureza":"PREDIAL","u2Logradou":"AVN JOSE AMERICO DE ALMEIDA FILHO","u2Número":"456","u2Compleme":null,"u2Edifíci":null,"u2ÁreaTer":1061.9,"u2ÁreaTot":1061.9,"u2ÁreaCon":1061.9,"u2TipoImó":"CASA GEMINADA(2 LAD)","u2Patrimô":"Próprio"},"geometry":{"type":"MultiPolygon","coordinates":[[[[-34.82843407479551,-6.988321852591542],[-34.827826021760103,-6.98832193006842],[-34.82762871424007,-6.988320167042919],[-34.82755286479189,-6.988320461259716],[-34.827548642368214,-6.988465707508172],[-34.827828012102849,-6.988464629400185],[-34.828424013429817,-6.988454760911774],[-34.82843407479551,-6.988321852591542]]]]}},
{"type":"Feature","properties":{"fid":690,"Endereco":"Rodovia BR-230","Bairro":"Areia Dourada","Quadra":"Não encontrado","Lote":"SN","Municipio":"Cabedelo-PB","Loteamento":"Não encontrado","area_pecunia":null,"Situacao_recuo":null,"valor_m2":null,"valor_total":0.0,"valor_formatado":"R$ 0,00","geocodigo":"10002066030627","fid_2":14803.0,"id":14810.0,"distrito":"1","setor":"0002","quadra_2":"066","lote_2":"0627","geocode":"10002066030627","zoneamento":"Zona de Interesse Turístico (ZIT)","shape_leng":205.68451746100001,"shape_area":1217.04,"bairro_2":"Areia Dourada","faces":"03","Reurb":null,"u_Inscriç":"1.0002.066.03.0627.0000.6","u_Sequenci":10059903,"u_Propriet":"JOSE ROBERTO SOBRINHO","u_Propri_1":"078.559.154-00","u_ÁreaTer":1192.6,"u_ÁreaTot":0.0,"u_ÁreaCon":0.0,"u_TipoImó":null,"u_Patrimô":"Próprio","u2Natureza":"TERRITORIAL","u2Logradou":"AVN JOSE AMERICO DE ALMEIDA FILHO","u2Número":"S/N","u2Compleme":null,"u2Edifíci":null,"u2ÁreaTer":1192.6,"u2ÁreaTot":0.0,"u2ÁreaCon":0.0,"u2TipoImó":null,"u2Patrimô":"Próprio"},"geometry":{"type":"MultiPolygon","coordinates":[[[[-34.828443291211855,-6.988196019724031],[-34.828442275724761,-6.988195934921578],[-34.828243690628419,-6.988197347473001],[-34.827631345109175,-6.988201701420103],[-34.827628724971269,-6.988201458540045],[-34.82762871424007,-6.988320167042919],[-34.827826021760103,-6.98832193006842],[-34.82843407479551,-6.988321852591542],[-34.828443291211855,-6.988196019724031]]]]}},
{"type":"Feature","properties":{"fid":691,"Endereco":"Rodovia BR-230","Bairro":"Areia Dourada","Quadra":"Não encontrado","Lote":"SN","Municipio":"Cabedelo-PB","Loteamento":"Não encontrado","area_pecunia":null,"Situacao_recuo":null,"valor_m2":null,"valor_total":0.0,"valor_formatado":"R$ 0,00","geocodigo":"10002066030581","fid_2":14290.0,"id":14297.0,"distrito":"1","setor":"0002","quadra_2":"066","lote_2":"0581","geocode":"10002066030581","zoneamento":"Zona de Interesse Turístico (ZIT)","shape_leng":215.28697499099999,"shape_area":1413.85,"bairro_2":"Areia Dourada","faces":"03","Reurb":null,"u_Inscriç":"1.0002.066.03.0581.0000.8","u_Sequenci":10059881,"u_Propriet":"URBAN AREIA DOURADA EMPREENDIMENTO IMOBILIARIO SPE LTDA","u_Propri_1":"21.447.039/0001-21","u_ÁreaTer":1192.41,"u_ÁreaTot":0.0,"u_ÁreaCon":0.0,"u_TipoImó":null,"u_Patrimô":"Próprio","u2Natureza":"TERRITORIAL","u2Logradou":"AVN JOSE AMERICO DE ALMEIDA FILHO","u2Número":"S/N","u2Compleme":null,"u2Edifíci":null,"u2ÁreaTer":1192.41,"u2ÁreaTot":0.0,"u2ÁreaCon":0.0,"u2TipoImó":null,"u2Patrimô":"Próprio"},"geometry":{"type":"MultiPolygon","coordinates":[[[[-34.828459904556574,-6.987969195814222],[-34.828469469143712,-6.987804648417344],[-34.82781941754731,-6.987848428947819],[-34.82781941754731,-6.987848428947819],[-34.82762875576735,-6.987861269719507],[-34.82762874549617,-6.98797465170524],[-34.827821115394705,-6.987970160165046],[-34.828459904556574,-6.987969195814222]]]]}},
{"type":"Feature","properties":{"fid":692,"Endereco":"Rodovia BR-230","Bairro":"Areia Dourada","Quadra":"E","Lote":"08","Municipio":"Cabedelo-PB","Loteamento":"Jardim Maralina","area_pecunia":null,"Situacao_recuo":null,"valor_m2":null,"valor_total":0.0,"valor_formatado":"R$ 0,00","geocodigo":"10002066030570","fid_2":14314.0,"id":14321.0,"distrito":"1","setor":"0002","quadra_2":"066","lote_2":"0570","geocode":"10002066030570","zoneamento":"Zona de Interesse Turístico (ZIT)","shape_leng":215.307236553,"shape_area":1294.01,"bairro_2":"Areia Dourada","faces":"03","Reurb":null,"u_Inscriç":"1.0002.066.03.0570.0000.0","u_Sequenci":10059873,"u_Propriet":"JOSE CAVALCANTI DA SILVA FILHO","u_Propri_1":"321.163.143-72","u_ÁreaTer":1007.75,"u_ÁreaTot":0.0,"u_ÁreaCon":0.0,"u_TipoImó":null,"u_Patrimô":"Próprio","u2Natureza":"TERRITORIAL","u2Logradou":"AVN JOSE AMERICO DE ALMEIDA FILHO","u2Número":"S/N","u2Compleme":null,"u2Edifíci":null,"u2ÁreaTer":1007.75,"u2ÁreaTot":0.0,"u2ÁreaCon":0.0,"u2TipoImó":null,"u2Patrimô":"Próprio"},"geometry":{"type":"MultiPolygon","coordinates":[[[[-34.82781941754731,-6.98784842894777],[-34.828469469143712,-6.987804648417344],[-34.828482171498393,-6.987678267039176],[-34.827821457003047,-6.987721865688815],[-34.827624551078365,-6.98773512698323],[-34.82762875576735,-6.987861269719507],[-34.82781941754731,-6.987848428947803],[-34.82781941754731,-6.98784842894777]]]]}},
{"type":"Feature","properties":{"fid":693,"Endereco":"Rodovia BR-230","Bairro":"Areia Dourada","Quadra":"E","Lote":"09","Municipio":"Cabedelo-PB","Loteamento":"Jardim Maralina","area_pecunia":null,"Situacao_recuo":null,"valor_m2":null,"valor_total":0.0,"valor_formatado":"R$ 0,00","geocodigo":"10002066030556","fid_2":12106.0,"id":12098.0,"distrito":"1","setor":"0002","quadra_2":"066","lote_2":"0556","geocode":"10002066030556","zoneamento":"Zona de Interesse Turístico (ZIT)","shape_leng":216.668833495,"shape_area":1256.27,"bairro_2":"Areia Dourada","faces":"03","Reurb":null,"u_Inscriç":"1.0002.066.03.0556.0000.0","u_Sequenci":10055606,"u_Propriet":"AVPAR PARTICIPAÇÕES LTDA","u_Propri_1":"11.112.405/0001-38","u_ÁreaTer":937.12,"u_ÁreaTot":87.23,"u_ÁreaCon":87.23,"u_TipoImó":"CASA ISOLADA","u_Patrimô":"Próprio","u2Natureza":"PREDIAL","u2Logradou":"AVN JOSE AMERICO DE ALMEIDA FILHO","u2Número":"986","u2Compleme":null,"u2Edifíci":null,"u2ÁreaTer":937.12,"u2ÁreaTot":87.23,"u2ÁreaCon":87.23,"u2TipoImó":"CASA ISOLADA","u2Patrimô":"Próprio"},"geometry":{"type":"MultiPolygon","coordinates":[[[[-34.828482171498393,-6.987678267039176],[-34.828493841163549,-6.987562113609835],[-34.827823350790332,-6.987604342662323],[-34.827620646734211,-6.987617994441338],[-34.827624551078365,-6.98773512698323],[-34.827821457003047,-6.987721865688815],[-34.828482171498393,-6.987678267039176]]]]}},
{"type":"Feature","properties":{"fid":704,"Endereco":"Rua Múcio Abílio Wanderley","Bairro":"Areia Dourada","Quadra":"D","Lote":"03","Municipio":"Cabedelo-PB","Loteamento":"Jardim Maralina","area_pecunia":null,"Situacao_recuo":null,"valor_m2":null,"valor_total":0.0,"valor_formatado":"R$ 0,00","geocodigo":"10002035020350","fid_2":19536.0,"id":19560.0,"distrito":"1","setor":"0002","quadra_2":"035","lote_2":"0350","geocode":"10002035020350","zoneamento":"Zona de Interesse Turístico (ZIT)","shape_leng":151.05231407400001,"shape_area":921.58,"bairro_2":"Areia Dourada","faces":"02","Reurb":null,"u_Inscriç":"1.0002.035.02.0350.0000.6","u_Sequenci":10052267,"u_Propriet":"MUCIO LEAL WANDERLEY","u_Propri_1":"003.139.124-91","u_ÁreaTer":952.0,"u_ÁreaTot":286.46,"u_ÁreaCon":286.46,"u_TipoImó":"CASA ISOLADA","u_Patrimô":"Próprio","u2Natureza":"PREDIAL","u2Logradou":"AVN JOSE AMERICO DE ALMEIDA FILHO","u2Número":"130","u2Compleme":null,"u2Edifíci":null,"u2ÁreaTer":952.0,"u2ÁreaTot":286.46,"u2ÁreaCon":286.46,"u2TipoImó":"CASA ISOLADA","u2Patrimô":"Próprio"},"geometry":{"type":"MultiPolygon","coordinates":[[[[-34.82792566683429,-6.985670404482559],[-34.82782968534314,-6.985669617439542],[-34.827827347101241,-6.985796179474127],[-34.827925958961004,-6.985796990843228],[-34.828391997971572,-6.985800825088313],[-34.828391697083987,-6.985674225626516],[-34.82792566683429,-6.985670404482559]]]]}},
{"type":"Feature","properties":{"fid":705,"Endereco":"Rodovia BR-230","Bairro":"Areia Dourada","Quadra":"D","Lote":"04","Municipio":"Cabedelo-PB","Loteamento":"Jardim Maralina","area_pecunia":null,"Situacao_recuo":null,"valor_m2":null,"valor_total":0.0,"valor_formatado":"R$ 0,00","geocodigo":"10002035020332","fid_2":12331.0,"id":12320.0,"distrito":"1","setor":"0002","quadra_2":"035","lote_2":"0332","geocode":"10002035020332","zoneamento":"Zona de Interesse Turístico (ZIT)","shape_leng":161.76505269800001,"shape_area":1212.69,"bairro_2":"Areia Dourada","faces":"02","Reurb":null,"u_Inscriç":"1.0002.035.02.0332.0000.8","u_Sequenci":10052259,"u_Propriet":"CARLOS ANTONIO RIBEIRO COUTINHO","u_Propri_1":"004.376.114-34","u_ÁreaTer":773.5,"u_ÁreaTot":378.38,"u_ÁreaCon":378.38,"u_TipoImó":"CASA ISOLADA","u_Patrimô":"Próprio","u2Natureza":"PREDIAL","u2Logradou":"AVN JOSE AMERICO DE ALMEIDA FILHO","u2Número":"144","u2Compleme":null,"u2Edifíci":null,"u2ÁreaTer":773.5,"u2ÁreaTot":378.38,"u2ÁreaCon":378.38,"u2TipoImó":"CASA ISOLADA","u2Patrimô":"Próprio"},"geometry":{"type":"MultiPolygon","coordinates":[[[[-34.827834161860238,-6.985501181028717],[-34.82782968534314,-6.985669617439542],[-34.827925666591391,-6.985670404480556],[-34.828391697083987,-6.985674225626534],[-34.828391425519506,-6.98555669424008],[-34.828393984588175,-6.985494607363841],[-34.827834161860238,-6.985501181028717]]]]}},
{"type":"Feature","properties":{"fid":708,"Endereco":"Rua Alfredo Nóbrega","Bairro":"Poço","Quadra":"D","Lote":"03","Municipio":"Cabedelo-PB","Loteamento":"Jardim Nazareth","area_pecunia":null,"Situacao_recuo":null,"valor_m2":null,"valor_total":0.0,"valor_formatado":"R$ 0,00","geocodigo":"10003202040305","fid_2":14039.0,"id":14046.0,"distrito":"1","setor":"0003","quadra_2":"202","lote_2":"0305","geocode":"10003202040305","zoneamento":"Zona de Interesse Turístico (ZIT)","shape_leng":131.20003579600001,"shape_area":790.11,"bairro_2":"Poco","faces":"04","Reurb":null,"u_Inscriç":"1.0003.202.04.0305.0000.4","u_Sequenci":10106340,"u_Propriet":"SANTIAGO NÓBREGA","u_Propri_1":"025.421.704-44","u_ÁreaTer":696.65,"u_ÁreaTot":921.29,"u_ÁreaCon":921.29,"u_TipoImó":"CASA GEMINADA(1 LAD)","u_Patrimô":"Próprio","u2Natureza":"PREDIAL","u2Logradou":"RUA RODRIGUES DE CARVALHO","u2Número":"203","u2Compleme":null,"u2Edifíci":null,"u2ÁreaTer":696.65,"u2ÁreaTot":921.29,"u2ÁreaCon":921.29,"u2TipoImó":"CASA GEMINADA(1 LAD)","u2Patrimô":"Próprio"},"geometry":{"type":"MultiPolygon","coordinates":[[[[-34.830130573138945,-7.019355854607699],[-34.829681681397631,-7.019397110133359],[-34.829546619935066,-7.019409522912682],[-34.829541465721661,-7.019282882812854],[-34.829663723954802,-7.019271646718653],[-34.830112615584667,-7.019230391240709],[-34.830130573138945,-7.019355854607699]]]]}},
{"type":"Feature","properties":{"fid":709,"Endereco":"Rua Vitorino Cardoso","Bairro":"Poço","Quadra":"E","Lote":"02","Municipio":"Cabedelo-PB","Loteamento":"Jardim Nazareth","area_pecunia":null,"Situacao_recuo":null,"valor_m2":null,"valor_total":0.0,"valor_formatado":"R$ 0,00","geocodigo":"10004009030224","fid_2":16249.0,"id":16257.0,"distrito":"1","setor":"0004","quadra_2":"009","lote_2":"0224","geocode":"10004009030224","zoneamento":"Zona de Interesse Turístico (ZIT)","shape_leng":149.37236724600001,"shape_area":832.44,"bairro_2":"Poco","faces":"03","Reurb":null,"u_Inscriç":"1.0004.009.03.0224.0000.5","u_Sequenci":10114254,"u_Propriet":"ANTONIO PEREIRA DE OLIVEIRA","u_Propri_1":"263.539.034-72","u_ÁreaTer":503.15,"u_ÁreaTot":429.56,"u_ÁreaCon":429.56,"u_TipoImó":"CASA GEMINADA(1 LAD)","u_Patrimô":"Próprio","u2Natureza":"PREDIAL","u2Logradou":"RUA LUNA PEDROSA","u2Número":"36","u2Compleme":null,"u2Edifíci":null,"u2ÁreaTer":503.15,"u2ÁreaTot":429.56,"u2ÁreaCon":429.56,"u2TipoImó":"CASA GEMINADA(1 LAD)","u2Patrimô":"Próprio"},"geometry":{"type":"MultiPolygon","coordinates":[[[[-34.830213268841227,-7.021202940655662],[-34.830213855641816,-7.021091864826732],[-34.83002739243021,-7.021109557107451],[-34.830019278065983,-7.021073197109387],[-34.829831332964964,-7.021115063995497],[-34.829696799511119,-7.021130104128553],[-34.829664379555062,-7.021196294935086],[-34.829670300977753,-7.021262376881225],[-34.829842370971448,-7.02124354122844],[-34.830213268841227,-7.021202940655662]]]]}},
{"type":"Feature","properties":{"fid":710,"Endereco":"Rua Vitorino Cardoso","Bairro":"Poço","Quadra":"Não encontrado","Lote":"SN","Municipio":"Cabedelo-PB","Loteamento":"'Não encontrado'","area_pecunia":null,"Situacao_recuo":null,"valor_m2":null,"valor_total":0.0,"valor_formatado":"R$ 0,00","geocodigo":"10004028040521","fid_2":16378.0,"id":16384.0,"distrito":"1","setor":"0004","quadra_2":"028","lote_2":"0521","geocode":"10004028040521","zoneamento":"Zona de Interesse Turístico (ZIT)","shape_leng":145.34626878200001,"shape_area":1318.47,"bairro_2":"Poco","faces":"04","Reurb":null,"u_Inscriç":"1.0004.028.04.0521.0039.8","u_Sequenci":10406425,"u_Propriet":"DIAMETRAL CONSTRUÇÕES E INCORPORAÇÕES LTDA - SCP","u_Propri_1":"29.311.322/0001-33","u_ÁreaTer":978.0,"u_ÁreaTot":2456.45,"u_ÁreaCon":237.61,"u_TipoImó":"APARTAMENTO","u_Patrimô":"Próprio","u2Natureza":"PREDIAL","u2Logradou":"RUA LUNA PEDROSA","u2Número":"1036","u2Compleme":"AP 604  - AMARANTH BEACH CLASS, RES.","u2Edifíci":"AMARANTH BEACH CLASS, RES.","u2ÁreaTer":978.0,"u2ÁreaTot":2456.45,"u2ÁreaCon":237.61,"u2TipoImó":"APARTAMENTO","u2Patrimô":"Próprio"},"geometry":{"type":"MultiPolygon","coordinates":[[[[-34.829991245729964,-7.024194351144508],[-34.830031706453845,-7.0245051905939],[-34.830197352509437,-7.024488079153787],[-34.830369301452926,-7.024469345510246],[-34.830327016487331,-7.024143870899271],[-34.829991245729964,-7.024194351144508]]]]}},
{"type":"Feature","properties":{"fid":712,"Endereco":"Avenida Monsenhor José da Silva Coutinho","Bairro":"Areia Dourada","Quadra":"01","Lote":"02","Municipio":"Cabedelo-PB","Loteamento":"Jardim Maralina","area_pecunia":null,"Situacao_recuo":null,"valor_m2":null,"valor_total":0.0,"valor_formatado":"R$ 0,00","geocodigo":"10002035010222","fid_2":13074.0,"id":13065.0,"distrito":"1","setor":"0002","quadra_2":"035","lote_2":"0222","geocode":"10002035010222","zoneamento":"Zona de Interesse Turístico (ZIT)","shape_leng":160.53574785699999,"shape_area":1601.31,"bairro_2":"Areia Dourada","faces":"01","Reurb":null,"u_Inscriç":"1.0002.035.01.0222.0000.3","u_Sequenci":10052208,"u_Propriet":"HUMBERTO SOARES DE OLIVEIRA","u_Propri_1":"002.736.354-68","u_ÁreaTer":1258.66,"u_ÁreaTot":618.32,"u_ÁreaCon":618.32,"u_TipoImó":"COMERCIAL","u_Patrimô":"Próprio","u2Natureza":"PREDIAL","u2Logradou":"AVN MONSENHOR JOSE DA SILVA COUTINHO","u2Número":"SN","u2Compleme":null,"u2Edifíci":null,"u2ÁreaTer":1258.66,"u2ÁreaTot":618.32,"u2ÁreaCon":618.32,"u2TipoImó":"COMERCIAL","u2Patrimô":"Próprio"},"geometry":{"type":"MultiPolygon","coordinates":[[[[-34.828234138663795,-6.984714532143693],[-34.828184085882441,-6.984715110641431],[-34.828184085882441,-6.984715110641398],[-34.828105408431782,-6.984718959666281],[-34.828018591929052,-6.984723206851251],[-34.827910071292592,-6.984728515810546],[-34.827898487891268,-6.984729098410425],[-34.82786182672924,-6.985093866911225],[-34.827994158364888,-6.985091920926023],[-34.828408496113639,-6.985085827698],[-34.828408372293289,-6.984937871540871],[-34.828245601085555,-6.984940693713527],[-34.828234138663795,-6.984714532143693]],[[-34.8279976782337,-6.984955781289026],[-34.827992154230841,-6.984955862521902],[-34.827913437086274,-6.984957020084882],[-34.8279976782337,-6.984955781289026]]]]}},
{"type":"Feature","properties":{"fid":713,"Endereco":"Avenida Monsenhor José da Silva Coutinho","Bairro":"Areia Dourada","Quadra":"01","Lote":"SN","Municipio":"Cabedelo-PB","Loteamento":"Jardim Maralina","area_pecunia":null,"Situacao_recuo":null,"valor_m2":null,"valor_total":0.0,"valor_formatado":"R$ 0,00","geocodigo":"10002035010194","fid_2":19532.0,"id":19556.0,"distrito":"1","setor":"0002","quadra_2":"035","lote_2":"0194","geocode":"10002035010194","zoneamento":"Zona de Interesse Turístico (ZIT)","shape_leng":117.631471667,"shape_area":737.64,"bairro_2":"Areia Dourada","faces":"01","Reurb":null,"u_Inscriç":"1.0002.035.01.0194.0000.5","u_Sequenci":10052194,"u_Propriet":"HERMANO PAES VIANNA JUNIOR E OUTROS","u_Propri_1":"718.067.847-34","u_ÁreaTer":459.9,"u_ÁreaTot":71.08,"u_ÁreaCon":71.08,"u_TipoImó":"CASA GEMINADA(1 LAD)","u_Patrimô":"Próprio","u2Natureza":"PREDIAL","u2Logradou":"AVN MONSENHOR JOSE DA SILVA COUTINHO","u2Número":"53","u2Compleme":null,"u2Edifíci":null,"u2ÁreaTer":459.9,"u2ÁreaTot":71.08,"u2ÁreaCon":71.08,"u2TipoImó":"CASA GEMINADA(1 LAD)","u2Patrimô":"Próprio"},"geometry":{"type":"MultiPolygon","coordinates":[[[[-34.828245601085555,-6.984940693713527],[-34.828408372293289,-6.984937871540871],[-34.828403390234705,-6.984705029519414],[-34.828330588709072,-6.984707943457575],[-34.828234138663795,-6.984714532143693],[-34.828245601085555,-6.984940693713527]]]]}},
{"type":"Feature","properties":{"fid":714,"Endereco":"Rodovia BR-230","Bairro":"Areia Dourada","Quadra":"01","Lote":"SN","Municipio":"Cabedelo-PB","Loteamento":"Jardim Maralina","area_pecunia":null,"Situacao_recuo":null,"valor_m2":null,"valor_total":0.0,"valor_formatado":"R$ 0,00","geocodigo":"10002035010145","fid_2":12928.0,"id":12917.0,"distrito":"1","setor":"0002","quadra_2":"035","lote_2":"0145","geocode":"10002035010145","zoneamento":"Zona de Interesse Turístico (ZIT)","shape_leng":150.443823176,"shape_area":1376.25,"bairro_2":"Areia Dourada","faces":"01","Reurb":null,"u_Inscriç":"1.0002.035.01.0145.0000.1","u_Sequenci":10052160,"u_Propriet":"JOSE EDILSON MEDEIROS","u_Propri_1":"130.335.064-53","u_ÁreaTer":1633.45,"u_ÁreaTot":118.26,"u_ÁreaCon":118.26,"u_TipoImó":"COMERCIAL","u_Patrimô":"Próprio","u2Natureza":"PREDIAL","u2Logradou":"AVN MONSENHOR JOSE DA SILVA COUTINHO","u2Número":"85","u2Compleme":null,"u2Edifíci":null,"u2ÁreaTer":1633.45,"u2ÁreaTot":118.26,"u2ÁreaCon":118.26,"u2TipoImó":"COMERCIAL","u2Patrimô":"Próprio"},"geometry":{"type":"MultiPolygon","coordinates":[[[[-34.828869630068375,-6.984933676515121],[-34.828924784050187,-6.984678873880886],[-34.828594655491223,-6.984695024717715],[-34.828605698035204,-6.985072635849004],[-34.828836117499442,-6.985092065328879],[-34.828869630068375,-6.984933676515121]]]]}},
{"type":"Feature","properties":{"fid":715,"Endereco":"Rodovia BR-230","Bairro":"Areia Dourada","Quadra":"01","Lote":"SN","Municipio":"Cabedelo-PB","Loteamento":"Jardim Maralina","area_pecunia":null,"Situacao_recuo":null,"valor_m2":null,"valor_total":0.0,"valor_formatado":"R$ 0,00","geocodigo":"10002035040034","fid_2":19533.0,"id":19557.0,"distrito":"1","setor":"0002","quadra_2":"035","lote_2":"0034","geocode":"10002035040034","zoneamento":"Zona de Interesse Turístico (ZIT)","shape_leng":193.660793861,"shape_area":2287.66,"bairro_2":"Areia Dourada","faces":"04","Reurb":null,"u_Inscriç":"1.0002.035.04.0034.0000.5","u_Sequenci":10052291,"u_Propriet":"CARLOS ANTONIO RIBEIRO COUTINHO","u_Propri_1":"004.376.114-34","u_ÁreaTer":2193.0,"u_ÁreaTot":0.0,"u_ÁreaCon":0.0,"u_TipoImó":null,"u_Patrimô":"Próprio","u2Natureza":"TERRITORIAL","u2Logradou":"RUA PASTOR JOSE ALVES DE OLIVEIRA","u2Número":"S/N","u2Compleme":null,"u2Edifíci":null,"u2ÁreaTer":2193.0,"u2ÁreaTot":0.0,"u2ÁreaCon":0.0,"u2TipoImó":null,"u2Patrimô":"Próprio"},"geometry":{"type":"MultiPolygon","coordinates":[[[[-34.828738959994283,-6.985554200038577],[-34.828836117499442,-6.985092065328879],[-34.828605698035204,-6.985072635849004],[-34.828502771809177,-6.985063956583989],[-34.82841090436257,-6.985056209974153],[-34.828411296968845,-6.985074578007135],[-34.828393984588175,-6.985494607363841],[-34.828391425554493,-6.985556694240366],[-34.828738959994283,-6.985554200038577]]]]}},
{"type":"Feature","properties":{"fid":716,"Endereco":"Rodovia BR-230","Bairro":"Areia Dourada","Quadra":"01","Lote":"04","Municipio":"Cabedelo-PB","Loteamento":"Jardim Maralina","area_pecunia":null,"Situacao_recuo":null,"valor_m2":null,"valor_total":0.0,"valor_formatado":"R$ 0,00","geocodigo":"10002035020309","fid_2":19535.0,"id":19559.0,"distrito":"1","setor":"0002","quadra_2":"035","lote_2":"0309","geocode":"10002035020309","zoneamento":"Zona de Interesse Turístico (ZIT)","shape_leng":183.18819401900001,"shape_area":1839.16,"bairro_2":"Areia Dourada","faces":"02","Reurb":null,"u_Inscriç":"1.0002.035.02.0309.0000.9","u_Sequenci":10052232,"u_Propriet":"PATRICIA HELENA WANDERLEY RIBEIRO COUTINHO","u_Propri_1":"772.104.414-68","u_ÁreaTer":1650.0,"u_ÁreaTot":751.7,"u_ÁreaCon":751.7,"u_TipoImó":"CASA GEMINADA(2 LAD)","u_Patrimô":"Próprio","u2Natureza":"PREDIAL","u2Logradou":"AVN JOSE AMERICO DE ALMEIDA FILHO","u2Número":"90","u2Compleme":null,"u2Edifíci":null,"u2ÁreaTer":1650.0,"u2ÁreaTot":751.7,"u2ÁreaCon":751.7,"u2TipoImó":"CASA GEMINADA(2 LAD)","u2Patrimô":"Próprio"},"geometry":{"type":"MultiPolygon","coordinates":[[[[-34.828403122536479,-6.985226537162836],[-34.827968953684078,-6.985227927330742],[-34.827839651943854,-6.985229565015957],[-34.82783691929707,-6.985364759579128],[-34.827834161860238,-6.985501181028717],[-34.827972948676752,-6.985499140095494],[-34.828393984588175,-6.985494607363841],[-34.828403122536479,-6.985226537162836]]]]}},
{"type":"Feature","properties":{"fid":717,"Endereco":"Rua Múcio Abílio Wanderley","Bairro":"Areia Dourada","Quadra":"H","Lote":"18","Municipio":"Cabedelo-PB","Loteamento":"Jardim Maralina","area_pecunia":null,"Situacao_recuo":null,"valor_m2":null,"valor_total":0.0,"valor_formatado":"R$ 0,00","geocodigo":"10002036030226","fid_2":19522.0,"id":19546.0,"distrito":"1","setor":"0002","quadra_2":"036","lote_2":"0226","geocode":"10002036030226","zoneamento":"Zona de Interesse Turístico (ZIT)","shape_leng":172.147401973,"shape_area":1613.05,"bairro_2":"Areia Dourada","faces":"03","Reurb":null,"u_Inscriç":"1.0002.036.03.0226.0000.4","u_Sequenci":10052399,"u_Propriet":"OCA CONSTRUÇÃO E INCORPORAÇÃO LTDA","u_Propri_1":"08.571.236/0001-90","u_ÁreaTer":1215.0,"u_ÁreaTot":0.0,"u_ÁreaCon":0.0,"u_TipoImó":null,"u_Patrimô":"Próprio","u2Natureza":"TERRITORIAL","u2Logradou":"AVN JOSE AMERICO DE ALMEIDA FILHO","u2Número":"S/N","u2Compleme":null,"u2Edifíci":null,"u2ÁreaTer":1215.0,"u2ÁreaTot":0.0,"u2ÁreaCon":0.0,"u2TipoImó":null,"u2Patrimô":"Próprio"},"geometry":{"type":"MultiPolygon","coordinates":[[[[-34.828289274000156,-6.985936078738201],[-34.827748490485156,-6.985937890174611],[-34.827733671245255,-6.986207454160565],[-34.827923616719673,-6.986199620661948],[-34.828284758264545,-6.986182079010993],[-34.828289274000156,-6.985936078738201]]]]}},
{"type":"Feature","properties":{"fid":718,"Endereco":"Rodovia BR-230","Bairro":"Areia Dourada","Quadra":"H","Lote":"08","Municipio":"Cabedelo-PB","Loteamento":"Jardim Maralina","area_pecunia":null,"Situacao_recuo":null,"valor_m2":null,"valor_total":0.0,"valor_formatado":"R$ 0,00","geocodigo":"10002036020133","fid_2":19523.0,"id":19547.0,"distrito":"1","setor":"0002","quadra_2":"036","lote_2":"0133","geocode":"10002036020133","zoneamento":"Zona de Interesse Turístico (ZIT)","shape_leng":136.845093252,"shape_area":1112.85,"bairro_2":"Areia Dourada","faces":"02","Reurb":null,"u_Inscriç":"1.0002.036.02.0133.0020.8","u_Sequenci":10270213,"u_Propriet":"NELSON DE LIRA FILHO","u_Propri_1":"350.087.254-91","u_ÁreaTer":1161.0,"u_ÁreaTot":2880.0,"u_ÁreaCon":138.71,"u_TipoImó":"APARTAMENTO","u_Patrimô":"Próprio","u2Natureza":"PREDIAL","u2Logradou":"RUA MUCIO ABILIO PEIXOTO WANDERLEY","u2Número":"67","u2Compleme":"AP 504  - TORDESILHAS, EDF.","u2Edifíci":"TORDESILHAS, EDF.","u2ÁreaTer":1161.0,"u2ÁreaTot":2880.0,"u2ÁreaCon":138.71,"u2TipoImó":"APARTAMENTO","u2Patrimô":"Próprio"},"geometry":{"type":"MultiPolygon","coordinates":[[[[-34.828284758264545,-6.986182079010976],[-34.828637164528345,-6.986163264462688],[-34.828655975865829,-6.986056408103375],[-34.828655975865829,-6.986056408103375],[-34.828673413056393,-6.985931033267848],[-34.828289274000156,-6.985936078738201],[-34.828284758264545,-6.986182079010976]]]]}},
{"type":"Feature","properties":{"fid":719,"Endereco":"Rodovia BR-230","Bairro":"Areia Dourada","Quadra":"H","Lote":"15","Municipio":"Cabedelo-PB","Loteamento":"Jardim Maralina","area_pecunia":null,"Situacao_recuo":null,"valor_m2":null,"valor_total":0.0,"valor_formatado":"R$ 0,00","geocodigo":"10002036010055","fid_2":19520.0,"id":19544.0,"distrito":"1","setor":"0002","quadra_2":"036","lote_2":"0055","geocode":"10002036010055","zoneamento":"Zona de Interesse Turístico (ZIT)","shape_leng":268.442579857,"shape_area":3493.62,"bairro_2":"Areia Dourada","faces":"01","Reurb":null,"u_Inscriç":"1.0002.036.01.0055.0000.9","u_Sequenci":10052410,"u_Propriet":"CARLOS ALBERTO TRONCOSO RIBEIRO PESSOA","u_Propri_1":null,"u_ÁreaTer":2754.0,"u_ÁreaTot":1606.97,"u_ÁreaCon":1606.97,"u_TipoImó":"COMERCIAL","u_Patrimô":"Próprio","u2Natureza":"PREDIAL","u2Logradou":"RUA PASTOR JOSE ALVES DE OLIVEIRA","u2Número":"848","u2Compleme":null,"u2Edifíci":null,"u2ÁreaTer":2754.0,"u2ÁreaTot":1606.97,"u2ÁreaCon":1606.97,"u2TipoImó":"COMERCIAL","u2Patrimô":"Próprio"},"geometry":{"type":"MultiPolygon","coordinates":[[[[-34.827709889631969,-6.986640045815511],[-34.828598383489464,-6.98659549475312],[-34.828607884738808,-6.986487414065131],[-34.828617620465558,-6.986379377566407],[-34.82862747228608,-6.986271328218041],[-34.828338298928301,-6.986286490713125],[-34.827923039856429,-6.986303711603605],[-34.827728063844951,-6.986309453643221],[-34.827721309773878,-6.986432311325392],[-34.827715182663518,-6.986543764563138],[-34.827709889631969,-6.986640045815511]]]]}},
{"type":"Feature","properties":{"fid":720,"Endereco":"Rodovia BR-230","Bairro":"Areia Dourada","Quadra":"H","Lote":"07","Municipio":"Cabedelo-PB","Loteamento":"Jardim Maralina","area_pecunia":null,"Situacao_recuo":null,"valor_m2":null,"valor_total":0.0,"valor_formatado":"R$ 0,00","geocodigo":"10002036010079","fid_2":19521.0,"id":19545.0,"distrito":"1","setor":"0002","quadra_2":"036","lote_2":"0079","geocode":"10002036010079","zoneamento":"Zona de Interesse Turístico (ZIT)","shape_leng":224.91780366500001,"shape_area":1201.82,"bairro_2":"Areia Dourada","faces":"01","Reurb":null,"u_Inscriç":"1.0002.036.01.0079.0000.4","u_Sequenci":10052372,"u_Propriet":"HERMANO JOSE DA S. FARIAS","u_Propri_1":"002.323.274-91","u_ÁreaTer":942.0,"u_ÁreaTot":295.52,"u_ÁreaCon":295.52,"u_TipoImó":"CASA ISOLADA","u_Patrimô":"Próprio","u2Natureza":"PREDIAL","u2Logradou":"RUA PASTOR JOSE ALVES DE OLIVEIRA","u2Número":"380","u2Compleme":null,"u2Edifíci":null,"u2ÁreaTer":942.0,"u2ÁreaTot":295.52,"u2ÁreaCon":295.52,"u2TipoImó":"CASA ISOLADA","u2Patrimô":"Próprio"},"geometry":{"type":"MultiPolygon","coordinates":[[[[-34.828284758264545,-6.986182079010993],[-34.827923616719673,-6.986199620661948],[-34.827733671245255,-6.986207454160565],[-34.827728063844951,-6.986309453643221],[-34.827923039856429,-6.986303711603605],[-34.828284127030798,-6.986290122549214],[-34.828338298928301,-6.986286490713125],[-34.82862747228608,-6.986271328218041],[-34.828637164528338,-6.986163264462688],[-34.828284758264545,-6.986182079010976],[-34.828284758264545,-6.986182079010993]]]]}},
{"type":"Feature","properties":{"fid":721,"Endereco":"Rodovia BR-230","Bairro":"Areia Dourada","Quadra":"H","Lote":"03","Municipio":"Cabedelo-PB","Loteamento":"Jardim Maralina","area_pecunia":null,"Situacao_recuo":null,"valor_m2":null,"valor_total":0.0,"valor_formatado":"R$ 0,00","geocodigo":"10002036030293","fid_2":17949.0,"id":17965.0,"distrito":"1","setor":"0002","quadra_2":"036","lote_2":"0293","geocode":"10002036030293","zoneamento":"Zona de Interesse Turístico (ZIT)","shape_leng":220.22901597399999,"shape_area":1167.49,"bairro_2":"Areia Dourada","faces":"03","Reurb":null,"u_Inscriç":"1.0002.036.03.0293.0003.0","u_Sequenci":10328149,"u_Propriet":"DANILO DE LIRA MACIEL","u_Propri_1":"003.239.344-04","u_ÁreaTer":942.0,"u_ÁreaTot":694.32,"u_ÁreaCon":231.44,"u_TipoImó":"APARTAMENTO","u_Patrimô":"Próprio","u2Natureza":"PREDIAL","u2Logradou":"AVN JOSE AMERICO DE ALMEIDA FILHO","u2Número":"1287","u2Compleme":"DX C","u2Edifíci":null,"u2ÁreaTer":942.0,"u2ÁreaTot":694.32,"u2ÁreaCon":231.44,"u2TipoImó":"APARTAMENTO","u2Patrimô":"Próprio"},"geometry":{"type":"MultiPolygon","coordinates":[[[[-34.828582514650861,-6.986706572668116],[-34.828598383489457,-6.98659549475312],[-34.827709889631969,-6.986640045815511],[-34.827704262436747,-6.986742405627481],[-34.828582514650861,-6.986706572668116]]]]}},
{"type":"Feature","properties":{"fid":722,"Endereco":"Rodovia BR-230","Bairro":"Areia Dourada","Quadra":"H","Lote":"02","Municipio":"Cabedelo-PB","Loteamento":"Jardim Maralina","area_pecunia":null,"Situacao_recuo":null,"valor_m2":null,"valor_total":0.0,"valor_formatado":"R$ 0,00","geocodigo":"10002036010020","fid_2":18044.0,"id":18059.0,"distrito":"1","setor":"0002","quadra_2":"036","lote_2":"0020","geocode":"10002036010020","zoneamento":"Zona de Interesse Turístico (ZIT)","shape_leng":218.501881704,"shape_area":1170.85,"bairro_2":"Areia Dourada","faces":"01","Reurb":null,"u_Inscriç":"1.0002.036.01.0020.0000.5","u_Sequenci":10052356,"u_Propriet":"ALDA TEREZA GOUVEIA DE MORAES","u_Propri_1":"325.181.964-04","u_ÁreaTer":873.0,"u_ÁreaTot":422.72,"u_ÁreaCon":422.72,"u_TipoImó":"CASA GEMINADA(1 LAD)","u_Patrimô":"Próprio","u2Natureza":"PREDIAL","u2Logradou":"RUA PASTOR JOSE ALVES DE OLIVEIRA","u2Número":"1299","u2Compleme":null,"u2Edifíci":null,"u2ÁreaTer":873.0,"u2ÁreaTot":422.72,"u2ÁreaCon":422.72,"u2TipoImó":"CASA GEMINADA(1 LAD)","u2Patrimô":"Próprio"},"geometry":{"type":"MultiPolygon","coordinates":[[[[-34.828570503063411,-6.986816021957337],[-34.828582514650861,-6.986706572668116],[-34.827704262436747,-6.986742405627481],[-34.827698294932823,-6.986850955789428],[-34.828570503063411,-6.986816021957337]]]]}},
{"type":"Feature","properties":{"fid":723,"Endereco":"Rodovia BR-230","Bairro":"Areia Dourada","Quadra":"H","Lote":"01","Municipio":"Cabedelo-PB","Loteamento":"Jardim Maralina","area_pecunia":null,"Situacao_recuo":null,"valor_m2":null,"valor_total":0.0,"valor_formatado":"R$ 0,00","geocodigo":"10002036010007","fid_2":19519.0,"id":19543.0,"distrito":"1","setor":"0002","quadra_2":"036","lote_2":"0007","geocode":"10002036010007","zoneamento":"Zona de Interesse Turístico (ZIT)","shape_leng":221.96478810100001,"shape_area":1432.03,"bairro_2":"Areia Dourada","faces":"01","Reurb":null,"u_Inscriç":"1.0002.036.01.0007.0000.0","u_Sequenci":10052348,"u_Propriet":"ANIBAL VICTOR DE LIMA E MOURA FILHO","u_Propri_1":"003.441.684-68","u_ÁreaTer":1065.0,"u_ÁreaTot":201.86,"u_ÁreaCon":201.86,"u_TipoImó":"CASA ISOLADA","u_Patrimô":"Próprio","u2Natureza":"PREDIAL","u2Logradou":"RUA PASTOR JOSE ALVES DE OLIVEIRA","u2Número":"304","u2Compleme":null,"u2Edifíci":null,"u2ÁreaTer":1065.0,"u2ÁreaTot":201.86,"u2ÁreaCon":201.86,"u2TipoImó":"CASA ISOLADA","u2Patrimô":"Próprio"},"geometry":{"type":"MultiPolygon","coordinates":[[[[-34.828570503063411,-6.986816021957337],[-34.827698294932823,-6.986850955789428],[-34.827690625332103,-6.986990467553498],[-34.82855086218796,-6.986944902363788],[-34.828570503063411,-6.986816021957337],[-34.828570503063411,-6.986816021957337]]]]}},
{"type":"Feature","properties":{"fid":724,"Endereco":"Rua João Castro de Sena","Bairro":"Areia Dourada","Quadra":"E","Lote":"13","Municipio":"Cabedelo-PB","Loteamento":"Jardim Maralina","area_pecunia":null,"Situacao_recuo":null,"valor_m2":null,"valor_total":0.0,"valor_formatado":"R$ 0,00","geocodigo":"10002066030497","fid_2":18688.0,"id":18709.0,"distrito":"1","setor":"0002","quadra_2":"066","lote_2":"0497","geocode":"10002066030497","zoneamento":"Zona de Interesse Turístico (ZIT)","shape_leng":251.97993626499999,"shape_area":2868.55,"bairro_2":"Areia Dourada","faces":"03","Reurb":null,"u_Inscriç":"1.0002.066.03.0497.0000.6","u_Sequenci":10055630,"u_Propriet":"HACO ADMINISTRAÇÃO DE IMÓVEIS LTDA","u_Propri_1":"35.481.374/0001-50","u_ÁreaTer":2392.38,"u_ÁreaTot":1312.22,"u_ÁreaCon":1312.22,"u_TipoImó":"COMERCIAL","u_Patrimô":"Próprio","u2Natureza":"PREDIAL","u2Logradou":"AVN JOSE AMERICO DE ALMEIDA FILHO","u2Número":"S/N","u2Compleme":null,"u2Edifíci":null,"u2ÁreaTer":2392.38,"u2ÁreaTot":1312.22,"u2ÁreaCon":1312.22,"u2TipoImó":"COMERCIAL","u2Patrimô":"Próprio"},"geometry":{"type":"MultiPolygon","coordinates":[[[[-34.827692683689008,-6.987095146652925],[-34.827699915885631,-6.987259815409086],[-34.827705085298348,-6.98737751667915],[-34.827827138384976,-6.987369296608338],[-34.828202947025929,-6.987342785503547],[-34.828203105823022,-6.987383646910871],[-34.828513116215184,-6.98736986360381],[-34.828540997444911,-6.987059471545131],[-34.828406993173239,-6.987065107080807],[-34.828298655110054,-6.987069663199049],[-34.828190170510815,-6.987074225455078],[-34.827831650317293,-6.987089302634399],[-34.827692683689008,-6.987095146652925]]]]}},
{"type":"Feature","properties":{"fid":725,"Endereco":"Rodovia BR-230","Bairro":"Areia Dourada","Quadra":"E","Lote":"11","Municipio":"Cabedelo-PB","Loteamento":"Jardim Maralina","area_pecunia":null,"Situacao_recuo":null,"valor_m2":null,"valor_total":0.0,"valor_formatado":"R$ 0,00","geocodigo":"10002066030522","fid_2":14431.0,"id":14439.0,"distrito":"1","setor":"0002","quadra_2":"066","lote_2":"0522","geocode":"10002066030522","zoneamento":"Zona de Interesse Turístico (ZIT)","shape_leng":221.27934173,"shape_area":1111.08,"bairro_2":"Areia Dourada","faces":"03","Reurb":null,"u_Inscriç":"1.0002.066.03.0522.0000.0","u_Sequenci":10055622,"u_Propriet":"FLAVIO LUIZ PICCOLI","u_Propri_1":"041.799.194-00","u_ÁreaTer":956.25,"u_ÁreaTot":290.16,"u_ÁreaCon":290.16,"u_TipoImó":"CASA GEMINADA(2 LAD)","u_Patrimô":"Próprio","u2Natureza":"PREDIAL","u2Logradou":"AVN JOSE AMERICO DE ALMEIDA FILHO","u2Número":"960","u2Compleme":null,"u2Edifíci":null,"u2ÁreaTer":956.25,"u2ÁreaTot":290.16,"u2ÁreaCon":290.16,"u2TipoImó":"CASA GEMINADA(2 LAD)","u2Patrimô":"Próprio"},"geometry":{"type":"MultiPolygon","coordinates":[[[[-34.828506014325029,-6.987440906103997],[-34.828513116215184,-6.98736986360381],[-34.828203105823022,-6.987383646910871],[-34.828202947025929,-6.987342785503547],[-34.827827138384976,-6.987369296608338],[-34.827612838074479,-6.987383729354207],[-34.827616742399584,-6.987500861898309],[-34.827825244584311,-6.98748681963548],[-34.828506014325029,-6.987440906103997]]]]}},
{"type":"Feature","properties":{"fid":726,"Endereco":"Rodovia BR-230","Bairro":"Areia Dourada","Quadra":"E","Lote":"10","Municipio":"Cabedelo-PB","Loteamento":"Jardim Maralina","area_pecunia":null,"Situacao_recuo":null,"valor_m2":null,"valor_total":0.0,"valor_formatado":"R$ 0,00","geocodigo":"10002066030541","fid_2":14476.0,"id":14483.0,"distrito":"1","setor":"0002","quadra_2":"066","lote_2":"0541","geocode":"10002066030541","zoneamento":"Zona de Interesse Turístico (ZIT)","shape_leng":219.880118041,"shape_area":1267.13,"bairro_2":"Areia Dourada","faces":"03","Reurb":null,"u_Inscriç":"1.0002.066.03.0541.0002.0","u_Sequenci":10356835,"u_Propriet":"L.C.P CONSTRUCOES INCORP. ADM.E LOCACAO DE BENS LTDA","u_Propri_1":"06.247.650/0001-12","u_ÁreaTer":1139.0,"u_ÁreaTot":531.53,"u_ÁreaCon":388.94,"u_TipoImó":"CASA GEMINADA(1 LAD)","u_Patrimô":"Próprio","u2Natureza":"PREDIAL","u2Logradou":"AVN JOSE AMERICO DE ALMEIDA FILHO","u2Número":"374","u2Compleme":"CS 02","u2Edifíci":null,"u2ÁreaTer":1139.0,"u2ÁreaTot":531.53,"u2ÁreaCon":388.94,"u2TipoImó":"CASA GEMINADA(1 LAD)","u2Patrimô":"Próprio"},"geometry":{"type":"MultiPolygon","coordinates":[[[[-34.828506014325029,-6.987440906103997],[-34.827825244584311,-6.98748681963548],[-34.827616742399584,-6.987500861898309],[-34.827620646734211,-6.987617994441338],[-34.827823350790332,-6.987604342662323],[-34.828493841163549,-6.987562113609835],[-34.828506014325029,-6.987440906103997]]]]}},
{"type":"Feature","properties":{"fid":727,"Endereco":"Rodovia BR-230","Bairro":"Areia Dourada","Quadra":"Não encontrado","Lote":"SN","Municipio":"Cabedelo-PB","Loteamento":"Não encontrado","area_pecunia":null,"Situacao_recuo":null,"valor_m2":null,"valor_total":0.0,"valor_formatado":"R$ 0,00","geocodigo":"10002066030593","fid_2":19525.0,"id":19549.0,"distrito":"1","setor":"0002","quadra_2":"066","lote_2":"0593","geocode":"10002066030593","zoneamento":"Zona de Interesse Turístico (ZIT)","shape_leng":205.673576836,"shape_area":1084.66,"bairro_2":"Areia Dourada","faces":"03","Reurb":null,"u_Inscriç":"1.0002.066.03.0593.0002.7","u_Sequenci":10300872,"u_Propriet":"JOSE BARBOSA DE SOUZA LIMA","u_Propri_1":"003.602.364-72","u_ÁreaTer":781.14,"u_ÁreaTot":325.06,"u_ÁreaCon":80.99,"u_TipoImó":"CASA ISOLADA","u_Patrimô":"Próprio","u2Natureza":"PREDIAL","u2Logradou":"AVN JOSE AMERICO DE ALMEIDA FILHO","u2Número":"SN","u2Compleme":null,"u2Edifíci":null,"u2ÁreaTer":781.14,"u2ÁreaTot":325.06,"u2ÁreaCon":80.99,"u2TipoImó":"CASA ISOLADA","u2Patrimô":"Próprio"},"geometry":{"type":"MultiPolygon","coordinates":[[[[-34.8276287357887,-6.98808188328177],[-34.827630601362685,-6.98808154945249],[-34.828452144266791,-6.988075147923769],[-34.828459904556574,-6.987969195814222],[-34.827821115394705,-6.987970160165046],[-34.82762874549617,-6.98797465170524],[-34.8276287357887,-6.98808188328177]]]]}},
{"type":"Feature","properties":{"fid":728,"Endereco":"Rodovia BR-230","Bairro":"Areia Dourada","Quadra":"Não encontrado","Lote":"SN","Municipio":"Cabedelo-PB","Loteamento":"Não encontrado","area_pecunia":null,"Situacao_recuo":null,"valor_m2":null,"valor_total":0.0,"valor_formatado":"R$ 0,00","geocodigo":"10002066030614","fid_2":19537.0,"id":19561.0,"distrito":"1","setor":"0002","quadra_2":"066","lote_2":"0614","geocode":"10002066030614","zoneamento":"Zona de Interesse Turístico (ZIT)","shape_leng":162.78748423299999,"shape_area":906.63,"bairro_2":"Areia Dourada","faces":"03","Reurb":null,"u_Inscriç":"1.0002.066.03.0614.0005.0","u_Sequenci":10300864,"u_Propriet":"CAIO FIGUEIREDO ROBERTO","u_Propri_1":"005.685.551-63","u_ÁreaTer":589.6,"u_ÁreaTot":874.35,"u_ÁreaCon":147.0,"u_TipoImó":"APARTAMENTO","u_Patrimô":"Próprio","u2Natureza":"PREDIAL","u2Logradou":"AVN JOSE AMERICO DE ALMEIDA FILHO","u2Número":"444/4","u2Compleme":null,"u2Edifíci":null,"u2ÁreaTer":589.6,"u2ÁreaTot":874.35,"u2ÁreaCon":147.0,"u2TipoImó":"APARTAMENTO","u2Patrimô":"Próprio"},"geometry":{"type":"MultiPolygon","coordinates":[[[[-34.828243690628419,-6.988197347473001],[-34.828249977404319,-6.988076723357018],[-34.827630601362685,-6.98808154945249],[-34.8276287357887,-6.98808188328177],[-34.827628724971269,-6.988201458540045],[-34.827631345109175,-6.988201701420103],[-34.828243690628419,-6.988197347473001]]]]}},
{"type":"Feature","properties":{"fid":729,"Endereco":"Rodovia BR-230","Bairro":"Areia Dourada","Quadra":"Não encontrado","Lote":"SN","Municipio":"Cabedelo-PB","Loteamento":"Não encontrado","area_pecunia":null,"Situacao_recuo":null,"valor_m2":null,"valor_total":0.0,"valor_formatado":"R$ 0,00","geocodigo":"10002066030612","fid_2":19539.0,"id":19563.0,"distrito":"1","setor":"0002","quadra_2":"066","lote_2":"0612","geocode":"10002066030612","zoneamento":"Zona de Interesse Turístico (ZIT)","shape_leng":70.722387691400002,"shape_area":293.62,"bairro_2":"Areia Dourada","faces":"03","Reurb":null,"u_Inscriç":"1.0002.066.03.0612.0000.0","u_Sequenci":10311181,"u_Propriet":"JOSE WELLINGTON ROBERTO","u_Propri_1":"262.541.664-53","u_ÁreaTer":294.8,"u_ÁreaTot":0.0,"u_ÁreaCon":0.0,"u_TipoImó":null,"u_Patrimô":"Próprio","u2Natureza":"TERRITORIAL","u2Logradou":"AVN JOSE AMERICO DE ALMEIDA FILHO","u2Número":"S/N","u2Compleme":null,"u2Edifíci":null,"u2ÁreaTer":294.8,"u2ÁreaTot":0.0,"u2ÁreaCon":0.0,"u2TipoImó":null,"u2Patrimô":"Próprio"},"geometry":{"type":"MultiPolygon","coordinates":[[[[-34.828249977404319,-6.988076723357018],[-34.828243690628419,-6.988197347473001],[-34.828442275724761,-6.988195934921578],[-34.828443291211855,-6.988196019724031],[-34.828452144266791,-6.988075147923769],[-34.828249977404319,-6.988076723357018]]]]}},
{"type":"Feature","properties":{"fid":730,"Endereco":"Rodovia BR-230","Bairro":"Areia Dourada","Quadra":"Não encontrado","Lote":"SN","Municipio":"Cabedelo-PB","Loteamento":"Não encontrado","area_pecunia":null,"Situacao_recuo":null,"valor_m2":null,"valor_total":0.0,"valor_formatado":"R$ 0,00","geocodigo":"10002066030697","fid_2":19538.0,"id":19562.0,"distrito":"1","setor":"0002","quadra_2":"066","lote_2":"0697","geocode":"10002066030697","zoneamento":"Zona de Interesse Turístico (ZIT)","shape_leng":192.479589903,"shape_area":1015.55,"bairro_2":"Areia Dourada","faces":"03","Reurb":null,"u_Inscriç":"1.0002.066.03.0697.0000.1","u_Sequenci":10059962,"u_Propriet":"LLE HOLDING PARTICIPAÇOES EIRELI","u_Propri_1":"11.916.249/0001-68","u_ÁreaTer":1132.74,"u_ÁreaTot":0.0,"u_ÁreaCon":0.0,"u_TipoImó":null,"u_Patrimô":"Próprio","u2Natureza":"TERRITORIAL","u2Logradou":"AVN JOSE AMERICO DE ALMEIDA FILHO","u2Número":"S/N","u2Compleme":null,"u2Edifíci":null,"u2ÁreaTer":1132.74,"u2ÁreaTot":0.0,"u2ÁreaCon":0.0,"u2TipoImó":null,"u2Patrimô":"Próprio"},"geometry":{"type":"MultiPolygon","coordinates":[[[[-34.827534020189752,-6.988968695101559],[-34.828389993212468,-6.988990249175006],[-34.828390544154303,-6.988990537547682],[-34.828398453708111,-6.98887687103969],[-34.827833423775296,-6.988852619375261],[-34.827833423775296,-6.988852619375261],[-34.827537736177,-6.988840868686631],[-34.827534020189752,-6.988968695101559]]]]}},
{"type":"Feature","properties":{"fid":731,"Endereco":"Rodovia BR-230","Bairro":"Areia Dourada","Quadra":"09","Lote":"03","Municipio":"Cabedelo-PB","Loteamento":"Areia Dourada","area_pecunia":null,"Situacao_recuo":null,"valor_m2":null,"valor_total":0.0,"valor_formatado":"R$ 0,00","geocodigo":"10002066030806","fid_2":14142.0,"id":14147.0,"distrito":"1","setor":"0002","quadra_2":"066","lote_2":"0806","geocode":"10002066030806","zoneamento":"Zona de Interesse Turístico (ZIT)","shape_leng":228.08146322799999,"shape_area":2527.05,"bairro_2":"Areia Dourada","faces":"03","Reurb":null,"u_Inscriç":"1.0002.066.03.0806.0000.0","u_Sequenci":10060030,"u_Propriet":"HUMBERTO SOARES DE OLIVEIRA","u_Propri_1":"002.736.354-68","u_ÁreaTer":2100.31,"u_ÁreaTot":284.84,"u_ÁreaCon":284.84,"u_TipoImó":"CASA GEMINADA(1 LAD)","u_Patrimô":"Próprio","u2Natureza":"PREDIAL","u2Logradou":"AVN JOSE AMERICO DE ALMEIDA FILHO","u2Número":"210","u2Compleme":null,"u2Edifíci":null,"u2ÁreaTer":2100.31,"u2ÁreaTot":284.84,"u2ÁreaCon":284.84,"u2TipoImó":"CASA GEMINADA(1 LAD)","u2Patrimô":"Próprio"},"geometry":{"type":"MultiPolygon","coordinates":[[[[-34.827578277108806,-6.989766781907453],[-34.827561734783721,-6.989910864974019],[-34.827546871319335,-6.990040325233213],[-34.828307661142084,-6.990136602999287],[-34.828317402565517,-6.989996530136283],[-34.82833477164111,-6.989862190753315],[-34.827578277108806,-6.989766781907453]]]]}},
{"type":"Feature","properties":{"fid":732,"Endereco":"Rodovia BR-230","Bairro":"Areia Dourada","Quadra":"08","Lote":"04","Municipio":"Cabedelo-PB","Loteamento":"Areia Dourada","area_pecunia":null,"Situacao_recuo":null,"valor_m2":null,"valor_total":0.0,"valor_formatado":"R$ 0,00","geocodigo":"10002067010346","fid_2":18255.0,"id":18272.0,"distrito":"1","setor":"0002","quadra_2":"067","lote_2":"0346","geocode":"10002067010346","zoneamento":"Zona de Interesse Turístico (ZIT)","shape_leng":268.41331059700002,"shape_area":4434.2,"bairro_2":"Areia Dourada","faces":"01","Reurb":null,"u_Inscriç":"1.0002.067.01.0346.0000.0","u_Sequenci":10355600,"u_Propriet":"VERTICAL ENGENHARIA E INCORPORAÇÕES LTDA","u_Propri_1":"04.240.307/0001-10","u_ÁreaTer":3426.0,"u_ÁreaTot":0.0,"u_ÁreaCon":0.0,"u_TipoImó":null,"u_Patrimô":"Próprio","u2Natureza":"TERRITORIAL","u2Logradou":"AVN JOSE AMERICO DE ALMEIDA FILHO","u2Número":"S/N","u2Compleme":null,"u2Edifíci":null,"u2ÁreaTer":3426.0,"u2ÁreaTot":0.0,"u2ÁreaCon":0.0,"u2TipoImó":null,"u2Patrimô":"Próprio"},"geometry":{"type":"MultiPolygon","coordinates":[[[[-34.828215291773098,-6.991393800313438],[-34.828224766223052,-6.991258278230525],[-34.827703334022729,-6.991191172069347],[-34.827592438750706,-6.991176900228334],[-34.82757843211926,-6.99131318567879],[-34.827564224284259,-6.991446929613609],[-34.827549620430673,-6.991584401444535],[-34.827535582198635,-6.991716548873758],[-34.828158324662674,-6.991796693124737],[-34.828158568493784,-6.991796723384416],[-34.828158812589017,-6.99179675143787],[-34.828159056928371,-6.991796777282802],[-34.82815930149183,-6.991796800917079],[-34.828159546259371,-6.991796822338797],[-34.828159791210922,-6.99179684154618],[-34.82816003632643,-6.991796858537653],[-34.828160281585816,-6.991796873311833],[-34.828160526968986,-6.991796885867497],[-34.828160772455838,-6.991796896203629],[-34.828161018026258,-6.991796904319368],[-34.828161263660149,-6.99179691021408],[-34.828161509337377,-6.991796913887256],[-34.828161755037804,-6.991796915338586],[-34.828162000741315,-6.991796914567981],[-34.828162246427794,-6.991796911575484],[-34.828162492077084,-6.991796906361342],[-34.828162737669103,-6.991796898925985],[-34.828162983183695,-6.991796889270018],[-34.828163228600758,-6.991796877394239],[-34.828163473900204,-6.991796863299621],[-34.828163719061934,-6.991796846987332],[-34.828163964065844,-6.99179682845867],[-34.828164208891891,-6.991796807715189],[-34.828164453519996,-6.991796784758553],[-34.828164697930134,-6.991796759590674],[-34.828164942102283,-6.9917967322136],[-34.828165186016435,-6.991796702629598],[-34.828165429652614,-6.991796670841037],[-34.828165672990863,-6.991796636850571],[-34.828165916011251,-6.991796600660971],[-34.828166158693847,-6.991796562275195],[-34.828166401018805,-6.991796521696386],[-34.828166642966252,-6.991796478927885],[-34.828166884516378,-6.991796433973174],[-34.828167125649379,-6.99179638683595],[-34.828167366345525,-6.991796337520063],[-34.82816760658509,-6.991796286029577],[-34.828167846348386,-6.991796232368663],[-34.828168085615786,-6.991796176541762],[-34.828168324367681,-6.991796118553427],[-34.828168562584516,-6.991796058408412],[-34.828168800246772,-6.991795996111652],[-34.82816903733498,-6.991795931668233],[-34.828169273829729,-6.991795865083454],[-34.828169509711635,-6.991795796362748],[-34.828169744961379,-6.991795725511762],[-34.828169979559704,-6.991795652536313],[-34.828170213487368,-6.991795577442339],[-34.82817044672521,-6.991795500235991],[-34.828170679254143,-6.991795420923643],[-34.828170911055096,-6.991795339511752],[-34.828171142109106,-6.99179525600701],[-34.828171372397229,-6.991795170416243],[-34.828171601900593,-6.991795082746463],[-34.828171830600411,-6.991794993004851],[-34.828172058477953,-6.991794901198772],[-34.828172285514533,-6.991794807335726],[-34.828172511691577,-6.99179471142341],[-34.828172736990538,-6.991794613469699],[-34.828172961392958,-6.99179451348259],[-34.82817318488047,-6.991794411470294],[-34.828173407434761,-6.991794307441136],[-34.828173629037586,-6.991794201403684],[-34.828173849670812,-6.991794093366586],[-34.828174069316361,-6.99179398333872],[-34.82817428795623,-6.99179387132908],[-34.828174505572505,-6.991793757346845],[-34.828174722147395,-6.991793641401369],[-34.828174937663107,-6.991793523502113],[-34.82817515210202,-6.991793403658781],[-34.828175365446562,-6.991793281881156],[-34.828175577679254,-6.99179315817923],[-34.828175788782708,-6.99179303256312],[-34.828175998739631,-6.991792905043149],[-34.828176207532827,-6.99179277562973],[-34.828176415145187,-6.991792644333466],[-34.82817662155972,-6.991792511165136],[-34.828176826759488,-6.99179237613562],[-34.828177030727701,-6.99179223925601],[-34.828177233447661,-6.991792100537504],[-34.828177434902742,-6.991791959991469],[-34.828177635076436,-6.991791817629402],[-34.828177833952381,-6.991791673462986],[-34.828178031514248,-6.991791527504009],[-34.828178227745859,-6.991791379764456],[-34.828178422631154,-6.99179123025641],[-34.828178616154162,-6.991791078992115],[-34.828178808299029,-6.991790925983973],[-34.828178999050017,-6.991790771244527],[-34.828179188391488,-6.991790614786417],[-34.828179376307951,-6.991790456622502],[-34.828179562784008,-6.991790296765724],[-34.828179747804363,-6.991790135229164],[-34.828179931353894,-6.991789972026063],[-34.828180113417531,-6.991789807169803],[-34.828180293980374,-6.991789640673849],[-34.828180473027636,-6.991789472551895],[-34.82818065054466,-6.991789302817695],[-34.828180826516864,-6.99178913148511],[-34.828181000929881,-6.991788958568245],[-34.828181173769401,-6.991788784081217],[-34.828181345021257,-6.99178860803833],[-34.828181514671435,-6.991788430454017],[-34.828181682706031,-6.9917882513428],[-34.828181849111274,-6.991788070719369],[-34.828182013873558,-6.991787888598544],[-34.828182176979347,-6.991787704995184],[-34.82818233841531,-6.991787519924375],[-34.828182498168211,-6.991787333401279],[-34.828182656224975,-6.991787145441151],[-34.828182812572628,-6.991786956059405],[-34.828182967198394,-6.991786765271548],[-34.828183120089584,-6.991786573093222],[-34.828183271233684,-6.99178637954014],[-34.828183420618309,-6.991786184628182],[-34.828183568231225,-6.991785988373324],[-34.828183714060337,-6.991785790791615],[-34.828183858093695,-6.991785591899249],[-34.82818400031951,-6.991785391712542],[-34.828184140726123,-6.991785190247858],[-34.828184279302029,-6.991784987521712],[-34.828184416035896,-6.991784783550719],[-34.828184550916497,-6.991784578351579],[-34.828184683932797,-6.991784371941128],[-34.828184815073911,-6.991784164336245],[-34.828184944329067,-6.991783955553931],[-34.828185071687692,-6.991783745611306],[-34.828185197139369,-6.991783534525573],[-34.828185320673789,-6.991783322313997],[-34.828185442280862,-6.991783108994015],[-34.828185561950612,-6.99178289458303],[-34.828185679673226,-6.991782679098661],[-34.828185795439083,-6.991782462558527],[-34.828185909238684,-6.991782244980398],[-34.828186021062713,-6.99178202638208],[-34.828186130902012,-6.991781806781476],[-34.828186238747577,-6.99178158619659],[-34.828186344590577,-6.99178136464546],[-34.828186448422336,-6.99178114214627],[-34.828186550234356,-6.991780918717247],[-34.828186650018296,-6.991780694376661],[-34.828186747765976,-6.991780469142916],[-34.828186843469389,-6.991780243034451],[-34.828186937120712,-6.991780016069804],[-34.828187028712243,-6.991779788267531],[-34.828187118236507,-6.991779559646337],[-34.828187205686156,-6.991779330224927],[-34.828187291054022,-6.991779100022108],[-34.828187374333133,-6.991778869056717],[-34.828187455516648,-6.991778637347695],[-34.828187534597923,-6.991778404914013],[-34.828187611570463,-6.991778171774691],[-34.828187686428002,-6.991777937948868],[-34.828187759164372,-6.991777703455687],[-34.82818782977364,-6.991777468314331],[-34.82818789825,-6.991777232544095],[-34.828187964587848,-6.991776996164275],[-34.828188028781753,-6.991776759194216],[-34.828188090826451,-6.99177652165337],[-34.828188150716883,-6.991776283561191],[-34.828188208448111,-6.991776044937152],[-34.828188264015424,-6.991775805800821],[-34.828188317414266,-6.991775566171786],[-34.828188368640255,-6.991775326069667],[-34.828188417689212,-6.991775085514151],[-34.828188464557108,-6.991774844524939],[-34.8281885092401,-6.99177460312175],[-34.828188551734527,-6.991774361324389],[-34.828188592036931,-6.991774119152641],[-34.828188630143984,-6.991773876626373],[-34.828188666052569,-6.99177363376542],[-34.82818869975975,-6.991773390589679],[-34.828188731262777,-6.991773147119106],[-34.828188760559044,-6.991772903373596],[-34.828188787646162,-6.991772659373151],[-34.828188812521923,-6.99177241513775],[-34.828188835184278,-6.991772170687396],[-34.828188855631367,-6.991771926042117],[-34.828188873861528,-6.991771681221961],[-34.828196342887139,-6.991664844480842],[-34.828205817327792,-6.991529322396929],[-34.828215291773098,-6.991393800313438]]]]}},
{"type":"Feature","properties":{"fid":733,"Endereco":"Rodovia BR-230","Bairro":"Areia Dourada","Quadra":"07","Lote":"10","Municipio":"Cabedelo-PB","Loteamento":"Areia Dourada","area_pecunia":null,"Situacao_recuo":null,"valor_m2":null,"valor_total":0.0,"valor_formatado":"R$ 0,00","geocodigo":"10002068030226","fid_2":17870.0,"id":17885.0,"distrito":"1","setor":"0002","quadra_2":"068","lote_2":"0226","geocode":"10002068030226","zoneamento":"Zona de Interesse Turístico (ZIT)","shape_leng":205.38205735700001,"shape_area":2203.29,"bairro_2":"Areia Dourada","faces":"03","Reurb":null,"u_Inscriç":"1.0002.068.03.0226.0000.3","u_Sequenci":10060227,"u_Propriet":"VERTICAL ENGENHARIA LTDA","u_Propri_1":"12.682.498/0001-07","u_ÁreaTer":757.5,"u_ÁreaTot":0.0,"u_ÁreaCon":0.0,"u_TipoImó":null,"u_Patrimô":"Próprio","u2Natureza":"TERRITORIAL","u2Logradou":"AVN JOSE AMERICO DE ALMEIDA FILHO","u2Número":"S/N","u2Compleme":null,"u2Edifíci":null,"u2ÁreaTer":757.5,"u2ÁreaTot":0.0,"u2ÁreaCon":0.0,"u2TipoImó":null,"u2Patrimô":"Próprio"},"geometry":{"type":"MultiPolygon","coordinates":[[[[-34.827493657245867,-6.992104678343458],[-34.827655289432592,-6.992122039489004],[-34.828159685483833,-6.992176217018715],[-34.828167878292511,-6.992040694590383],[-34.828174509136126,-6.99193100967941],[-34.828174522022998,-6.991930780384407],[-34.828174532966372,-6.991930550988608],[-34.828174541965481,-6.991930321508456],[-34.828174549019664,-6.991930091960391],[-34.828174554128424,-6.991929862360883],[-34.828174557291383,-6.991929632726388],[-34.828174558508316,-6.991929403073361],[-34.828174557779157,-6.991929173418275],[-34.828174555103914,-6.991928943777594],[-34.828174550482835,-6.991928714167779],[-34.828174543916205,-6.991928484605277],[-34.828174535404528,-6.991928255106559],[-34.828174524948395,-6.991928025688058],[-34.82817451254855,-6.991927796366244],[-34.82817449820589,-6.991927567157563],[-34.828174481921458,-6.991927338078419],[-34.828174463696399,-6.991927109145242],[-34.828174443532035,-6.991926880374447],[-34.8281744214298,-6.991926651782431],[-34.828174397391287,-6.991926423385593],[-34.828174371418214,-6.991926195200293],[-34.828174343512444,-6.991925967242896],[-34.828174313675973,-6.991925739529746],[-34.82817428191094,-6.991925512077169],[-34.828174248219646,-6.991925284901443],[-34.82817421260448,-6.991925058018878],[-34.828174175068007,-6.991924831445748],[-34.828174135612898,-6.991924605198278],[-34.828174094242009,-6.991924379292692],[-34.828174050958289,-6.99192415374518],[-34.828174005764858,-6.991923928571913],[-34.828173958664927,-6.991923703789047],[-34.828173909661892,-6.991923479412668],[-34.828173858759271,-6.991923255458894],[-34.828173805960695,-6.991923031943749],[-34.828173751269972,-6.991922808883281],[-34.828173694691003,-6.991922586293457],[-34.828173636227845,-6.991922364190261],[-34.828173575884698,-6.991922142589591],[-34.828173513665881,-6.991921921507346],[-34.828173449575857,-6.991921700959371],[-34.82817338361923,-6.99192148096148],[-34.828173315800719,-6.991921261529437],[-34.828173246125175,-6.991921042678982],[-34.828173174597616,-6.991920824425794],[-34.828173101223157,-6.991920606785515],[-34.828173026007057,-6.991920389773767],[-34.828172948954695,-6.991920173406097],[-34.828172870071633,-6.991919957698006],[-34.828172789363499,-6.991919742664965],[-34.828172706836057,-6.991919528322398],[-34.828172622495273,-6.991919314685656],[-34.828172536347161,-6.991919101770057],[-34.828172448397893,-6.991918889590888],[-34.828172358653802,-6.991918678163312],[-34.828172267121296,-6.991918467502533],[-34.828172173806955,-6.991918257623627],[-34.828172078717451,-6.991918048541641],[-34.828171981859605,-6.991917840271577],[-34.828171883240366,-6.99191763282834],[-34.828171782866796,-6.99191742622684],[-34.828171680746109,-6.991917220481841],[-34.828171576885609,-6.991917015608129],[-34.828171471292748,-6.991916811620381],[-34.828171363975088,-6.991916608533201],[-34.828171254940322,-6.991916406361193],[-34.828171144196276,-6.991916205118797],[-34.828171031750884,-6.991916004820478],[-34.828170917612212,-6.991915805480572],[-34.828170801788438,-6.991915607113379],[-34.828170684287862,-6.99191540973313],[-34.82817056511891,-6.991915213353957],[-34.828170444290137,-6.991915017989939],[-34.828170321810184,-6.991914823655089],[-34.828170197687832,-6.991914630363331],[-34.828170071931993,-6.991914438128528],[-34.828169944551682,-6.991914246964469],[-34.828169815556024,-6.991914056884828],[-34.828169684954261,-6.99191386790328],[-34.828169552755753,-6.991913680033323],[-34.82816941897002,-6.99191349328845],[-34.828169283606584,-6.991913307682042],[-34.828169146675201,-6.991913123227402],[-34.828169008185661,-6.991912939937778],[-34.828168868147912,-6.991912757826267],[-34.828168726571974,-6.99191257690595],[-34.828168583467999,-6.991912397189806],[-34.828168438846262,-6.991912218690694],[-34.828168292717102,-6.991912041421426],[-34.828168145091034,-6.991911865394707],[-34.828167995978603,-6.991911690623164],[-34.828167845390524,-6.991911517119281],[-34.828167693337569,-6.991911344895564],[-34.828167539830659,-6.991911173964318],[-34.8281673848808,-6.991911004337791],[-34.828167228499076,-6.991910836028186],[-34.828167070696722,-6.991910669047515],[-34.828166911485035,-6.991910503407793],[-34.828166750875447,-6.991910339120851],[-34.828166588879441,-6.991910176198514],[-34.828166425508662,-6.991910014652427],[-34.8281662607748,-6.991909854494179],[-34.828166094689685,-6.991909695735246],[-34.828165927265189,-6.991909538387034],[-34.828165758513357,-6.991909382460794],[-34.828165588446261,-6.991909227967713],[-34.828165417076086,-6.991909074918877],[-34.828165244415132,-6.991908923325251],[-34.828165070475769,-6.991908773197702],[-34.828164895270483,-6.991908624546973],[-34.828164718811806,-6.991908477383747],[-34.828164541112407,-6.991908331718582],[-34.828164362185028,-6.991908187561889],[-34.828164182042485,-6.991908044924005],[-34.828164000697697,-6.991907903815176],[-34.828163818163659,-6.9919077642455],[-34.828163634453453,-6.991907626225002],[-34.828163449580259,-6.991907489763568],[-34.828163263557322,-6.991907354870975],[-34.828163076397992,-6.991907221556894],[-34.828162888115671,-6.991907089830889],[-34.828162698723872,-6.991906959702387],[-34.82816250823614,-6.991906831180733],[-34.828162316666166,-6.991906704275139],[-34.828162124027664,-6.991906578994695],[-34.828161930334446,-6.991906455348388],[-34.828161735600411,-6.991906333345076],[-34.828161539839506,-6.991906212993496],[-34.828161343065752,-6.991906094302318],[-34.828161145293294,-6.991905977279989],[-34.828160946536272,-6.991905861934946],[-34.828160746808933,-6.991905748275447],[-34.828160546125638,-6.991905636309609],[-34.828160344500724,-6.99190552604551],[-34.828160141948672,-6.991905417491024],[-34.828159938483992,-6.991905310653928],[-34.828159734121286,-6.991905205541896],[-34.828159528875183,-6.991905102162447],[-34.828159322760413,-6.991905000523017],[-34.828159115791742,-6.991904900630879],[-34.828158907984019,-6.991904802493181],[-34.828158699352123,-6.991904706116971],[-34.828158489911019,-6.991904611509163],[-34.828158279675733,-6.991904518676525],[-34.828158068661303,-6.991904427625728],[-34.828157856882889,-6.991904338363301],[-34.828157644355663,-6.991904250895617],[-34.828157431094866,-6.991904165228968],[-34.828157217115773,-6.991904081369491],[-34.828157002433727,-6.991903999323187],[-34.828156787064124,-6.991903919095963],[-34.828156571022397,-6.991903840693547],[-34.828156354324044,-6.991903764121561],[-34.828156136984589,-6.991903689385513],[-34.828155919019622,-6.991903616490734],[-34.828155700444746,-6.991903545442467],[-34.828155481275665,-6.991903476245805],[-34.828155261528067,-6.991903408905691],[-34.828155041217705,-6.99190334342698],[-34.828154820360382,-6.991903279814358],[-34.828154598971921,-6.991903218072379],[-34.828154377068195,-6.991903158205463],[-34.828154154665121,-6.99190310021791],[-34.828153931778637,-6.991903044113882],[-34.828153708424708,-6.99190298989738],[-34.828153484619378,-6.991902937572312],[-34.828153260378663,-6.991902887142422],[-34.828153035718636,-6.991902838611341],[-34.828152810655418,-6.991902791982505],[-34.828152585205146,-6.991902747259305],[-34.828152359383957,-6.991902704444912],[-34.828152133208079,-6.991902663542409],[-34.828151906693684,-6.991902624554752],[-34.828151679857037,-6.991902587484689],[-34.828151452714394,-6.991902552334903],[-34.828151225282028,-6.991902519107922],[-34.828150997576252,-6.99190248780611],[-34.82815076961338,-6.991902458431725],[-34.828150541409784,-6.991902430986864],[-34.828150312981784,-6.991902405473495],[-34.828150312981784,-6.991902405473495],[-34.827671675357159,-6.991850994574666],[-34.827522674022759,-6.991834990102476],[-34.827508099857099,-6.991970445562687],[-34.827493657245867,-6.992104678343458]]]]}},
{"type":"Feature","properties":{"fid":734,"Endereco":"Rodovia BR-230","Bairro":"Areia Dourada","Quadra":"07","Lote":"08","Municipio":"Cabedelo-PB","Loteamento":"Areia Dourada","area_pecunia":null,"Situacao_recuo":null,"valor_m2":null,"valor_total":0.0,"valor_formatado":"R$ 0,00","geocodigo":"10002068030262","fid_2":17869.0,"id":17884.0,"distrito":"1","setor":"0002","quadra_2":"068","lote_2":"0262","geocode":"10002068030262","zoneamento":"Zona de Interesse Turístico (ZIT)","shape_leng":212.41212625700001,"shape_area":2520.45,"bairro_2":"Areia Dourada","faces":"03","Reurb":null,"u_Inscriç":"1.0002.068.03.0262.0000.0","u_Sequenci":10060235,"u_Propriet":"HUMBERTO SOARES DE OLIVEIRA","u_Propri_1":"002.736.354-68","u_ÁreaTer":2501.25,"u_ÁreaTot":1960.18,"u_ÁreaCon":1960.18,"u_TipoImó":"GALPAO","u_Patrimô":"Próprio","u2Natureza":"PREDIAL","u2Logradou":"AVN JOSE AMERICO DE ALMEIDA FILHO","u2Número":"SN","u2Compleme":null,"u2Edifíci":null,"u2ÁreaTer":2501.25,"u2ÁreaTot":1960.18,"u2ÁreaCon":1960.18,"u2TipoImó":"GALPAO","u2Patrimô":"Próprio"},"geometry":{"type":"MultiPolygon","coordinates":[[[[-34.828151492680554,-6.992311739447392],[-34.828159685483833,-6.992176217018715],[-34.827655289432592,-6.992122039489004],[-34.827628215138219,-6.992119131404206],[-34.827613706792526,-6.992253975520337],[-34.827552865622813,-6.99224744049059],[-34.827538357260501,-6.992382284610358],[-34.827473756030294,-6.992375345703427],[-34.827459247650239,-6.992510189826944],[-34.827630710586227,-6.992528606863173],[-34.828135107090198,-6.992582784305769],[-34.828143299882676,-6.992447261876382],[-34.828151492680554,-6.992311739447392]]]]}},
{"type":"Feature","properties":{"fid":735,"Endereco":"Rodovia BR-230","Bairro":"Areia Dourada","Quadra":"06","Lote":"11 D","Municipio":"Cabedelo-PB","Loteamento":"Areia Dourada","area_pecunia":300.0,"Situacao_recuo":"RECUOU","valor_m2":120.0,"valor_total":36000.0,"valor_formatado":"R$ 36.000,00","geocodigo":"10002069020217","fid_2":19541.0,"id":19565.0,"distrito":"1","setor":"0002","quadra_2":"069","lote_2":"0217","geocode":"10002069020217","zoneamento":"Zona de Interesse Turístico (ZIT)","shape_leng":53.144799524600003,"shape_area":173.49,"bairro_2":"Areia Dourada","faces":"02","Reurb":null,"u_Inscriç":"1.0002.069.02.0217.0000.2","u_Sequenci":10060294,"u_Propriet":"CACILDA GONÇALVES RAMOS","u_Propri_1":"133.057.354-49","u_ÁreaTer":267.75,"u_ÁreaTot":172.0,"u_ÁreaCon":172.0,"u_TipoImó":"CASA GEMINADA(1 LAD)","u_Patrimô":"Próprio","u2Natureza":"PREDIAL","u2Logradou":"RUA PROJETADA (LTO AREIA DOURADA)","u2Número":"468","u2Compleme":"CS E","u2Edifíci":null,"u2ÁreaTer":267.75,"u2ÁreaTot":172.0,"u2ÁreaCon":172.0,"u2TipoImó":"CASA GEMINADA(1 LAD)","u2Patrimô":"Próprio"},"geometry":{"type":"MultiPolygon","coordinates":[[[[-34.827989479518088,-6.993357915260344],[-34.827969617412236,-6.993492079421338],[-34.828078995556218,-6.993507512021727],[-34.828085306854312,-6.993396543994864],[-34.828085318655113,-6.993396320188292],[-34.828085328604736,-6.993396096291934],[-34.828085336702479,-6.993395872321089],[-34.828085342947816,-6.993395648291049],[-34.828085347340291,-6.993395424217073],[-34.828085349879636,-6.993395200114489],[-34.828085350565658,-6.993394975998605],[-34.828085349398322,-6.993394751884696],[-34.828085346377684,-6.99339452778807],[-34.828085341503972,-6.993394303724038],[-34.828085334777505,-6.993394079707887],[-34.82808532619876,-6.993393855754923],[-34.828085315768298,-6.99339363188042],[-34.828085303486866,-6.993393408099652],[-34.828085289355272,-6.993393184427938],[-34.828085273374491,-6.9933929608805],[-34.828085255545602,-6.993392737472643],[-34.82808523586985,-6.993392514219584],[-34.828085214348562,-6.993392291136577],[-34.828085190983202,-6.993392068238861],[-34.828085165775356,-6.993391845541664],[-34.828085138726792,-6.993391623060143],[-34.828085109839293,-6.993391400809544],[-34.828085079114885,-6.993391178805003],[-34.828085046555628,-6.993390957061681],[-34.828085012163761,-6.993390735594732],[-34.828084975941643,-6.993390514419251],[-34.828084937891724,-6.993390293550366],[-34.828084898016606,-6.993390073003144],[-34.828084856319023,-6.993389852792625],[-34.828084812801826,-6.993389632933859],[-34.828084767467963,-6.993389413441871],[-34.828084720320561,-6.993389194331621],[-34.828084671362809,-6.993388975618085],[-34.828084620598048,-6.993388757316172],[-34.828084568029773,-6.993388539440823],[-34.828084513661544,-6.993388322006877],[-34.828084457497091,-6.993388105029188],[-34.828084399540252,-6.993387888522568],[-34.828084339794955,-6.993387672501817],[-34.828084278265322,-6.993387456981655],[-34.828084214955517,-6.993387241976819],[-34.828084149869866,-6.993387027501997],[-34.82808408301284,-6.993386813571787],[-34.828084014388956,-6.993386600200822],[-34.828083944002962,-6.99338638740367],[-34.828083871859604,-6.993386175194847],[-34.828083797963842,-6.993385963588866],[-34.828083722320713,-6.99338575260014],[-34.828083644935369,-6.9933855422431],[-34.828083565813117,-6.993385332532092],[-34.828083484959329,-6.993385123481457],[-34.828083402379562,-6.993384915105421],[-34.828083318079422,-6.993384707418264],[-34.828083232064671,-6.993384500434125],[-34.8280831443412,-6.993384294167145],[-34.82808305491497,-6.993384088631412],[-34.828082963792106,-6.993383883840965],[-34.828082870978811,-6.993383679809776],[-34.828082776481452,-6.993383476551763],[-34.828082680306458,-6.993383274080814],[-34.828082582460382,-6.993383072410763],[-34.828082482949938,-6.993382871555341],[-34.828082381781897,-6.993382671528317],[-34.828082278963173,-6.993382472343304],[-34.828082174500771,-6.993382274013916],[-34.828082068401848,-6.993382076553686],[-34.828081960673629,-6.993381879976102],[-34.828081851323496,-6.99338168429458],[-34.828081740358876,-6.993381489522479],[-34.828081627787356,-6.993381295673106],[-34.828081513616631,-6.99338110275967],[-34.828081397854504,-6.993380910795377],[-34.82808128050884,-6.993380719793316],[-34.828081161587704,-6.993380529766507],[-34.828081041099161,-6.993380340727953],[-34.82808091905148,-6.993380152690556],[-34.828080795452976,-6.993379965667136],[-34.828080670312076,-6.993379779670473],[-34.828080543637348,-6.993379594713252],[-34.828080415437427,-6.993379410808132],[-34.828080285721057,-6.993379227967632],[-34.828080154497101,-6.993379046204246],[-34.828080021774525,-6.993378865530397],[-34.828079887562382,-6.993378685958416],[-34.828079751869836,-6.993378507500561],[-34.828079614706148,-6.993378330169],[-34.828079476080688,-6.993378153975849],[-34.828079336002922,-6.993377978933137],[-34.828079194482406,-6.993377805052823],[-34.828079051528803,-6.993377632346776],[-34.828078907151877,-6.993377460826777],[-34.828078761361482,-6.99337729050453],[-34.828078614167573,-6.99337712139168],[-34.828078465580205,-6.993376953499779],[-34.828078315609503,-6.993376786840253],[-34.828078164265719,-6.993376621424517],[-34.828078011559192,-6.99337645726386],[-34.828077857500325,-6.993376294369464],[-34.828077702099655,-6.993376132752483],[-34.828077545367783,-6.993375972423925],[-34.828077387315425,-6.993375813394728],[-34.828077227953344,-6.993375655675782],[-34.82807706729244,-6.993375499277837],[-34.828076905343693,-6.993375344211548],[-34.828076742118114,-6.993375190487563],[-34.828076577626902,-6.993375038116314],[-34.828076411881234,-6.993374887108235],[-34.828076244892458,-6.993374737473637],[-34.828076076671984,-6.993374589222698],[-34.828075907231266,-6.9933744423656],[-34.828075736581887,-6.993374296912331],[-34.828075564735506,-6.993374152872816],[-34.828075391703834,-6.993374010256914],[-34.828075217498707,-6.99337386907433],[-34.828075042132006,-6.993373729334732],[-34.828074865615697,-6.993373591047644],[-34.828074687961838,-6.993373454222528],[-34.828074509182564,-6.99337331886869],[-34.828074329290075,-6.99337318499541],[-34.828074148296643,-6.993373052611784],[-34.828073966214639,-6.993372921726878],[-34.828073783056496,-6.993372792349634],[-34.828073598834699,-6.993372664488864],[-34.828073413561839,-6.993372538153324],[-34.828073227250563,-6.993372413351608],[-34.82807303991359,-6.993372290092251],[-34.828072851563711,-6.993372168383662],[-34.828072662213785,-6.993372048234158],[-34.828072471876737,-6.993371929651945],[-34.828072280565557,-6.993371812645103],[-34.828072088293311,-6.993371697221647],[-34.82807189507313,-6.993371583389412],[-34.828071700918208,-6.993371471156209],[-34.828071505841777,-6.993371360529701],[-34.828071309857187,-6.99337125151743],[-34.828071112977781,-6.99337114412682],[-34.82807091521704,-6.993371038365233],[-34.828070716588442,-6.993370934239857],[-34.828070517105544,-6.993370831757847],[-34.828070316781982,-6.993370730926154],[-34.828070115631419,-6.993370631751665],[-34.828069913667591,-6.993370534241198],[-34.828069710904295,-6.993370438401352],[-34.828069507355352,-6.993370344238708],[-34.828069303034688,-6.993370251759679],[-34.828069097956224,-6.993370160970578],[-34.828068892133977,-6.993370071877613],[-34.828068685581997,-6.99336998448686],[-34.828068478314378,-6.993369898804279],[-34.828068270345284,-6.993369814835743],[-34.82806806168891,-6.993369732586936],[-34.828067852359489,-6.993369652063533],[-34.828067642371309,-6.993369573270998],[-34.828067431738731,-6.993369496214719],[-34.828067220476122,-6.993369420899941],[-34.828067008597884,-6.993369347331835],[-34.828066796118527,-6.99336927551539],[-34.828066583052504,-6.993369205455539],[-34.828066369414415,-6.993369137157043],[-34.828066155218806,-6.993369070624572],[-34.828065940480307,-6.993369005862689],[-34.828065725213591,-6.993368942875782],[-34.828065509433365,-6.993368881668155],[-34.828065293154324,-6.993368822244011],[-34.828065076391269,-6.993368764607386],[-34.828064859158971,-6.993368708762232],[-34.828064641472274,-6.993368654712345],[-34.828064423346042,-6.993368602461425],[-34.828064204795169,-6.993368552013034],[-34.828063985834554,-6.993368503370601],[-34.828063766479168,-6.993368456537485],[-34.828063546743977,-6.993368411516864],[-34.828063326643985,-6.993368368311812],[-34.828063106194229,-6.993368326925265],[-34.828062885409743,-6.993368287360047],[-34.828062664305605,-6.993368249618896],[-34.828062442896922,-6.993368213704343],[-34.828062221198785,-6.993368179618878],[-34.82806199922635,-6.993368147364811],[-34.82806199922635,-6.993368147364811],[-34.827989479518088,-6.993357915260344]]]]}},
{"type":"Feature","properties":{"fid":736,"Endereco":"Rodovia BR-230","Bairro":"Areia Dourada","Quadra":"06","Lote":"11 C","Municipio":"Cabedelo-PB","Loteamento":"Areia Dourada","area_pecunia":300.0,"Situacao_recuo":"RECUOU","valor_m2":120.0,"valor_total":36000.0,"valor_formatado":"R$ 36.000,00","geocodigo":"10002069020230","fid_2":19542.0,"id":19566.0,"distrito":"1","setor":"0002","quadra_2":"069","lote_2":"0230","geocode":"10002069020230","zoneamento":"Zona de Interesse Turístico (ZIT)","shape_leng":45.604314421300003,"shape_area":118.06,"bairro_2":"Areia Dourada","faces":"02","Reurb":null,"u_Inscriç":"1.0002.069.02.0230.0000.8","u_Sequenci":10060308,"u_Propriet":"FERNANDO MARTINS DA SILVA","u_Propri_1":"015.944.784-49","u_ÁreaTer":129.0,"u_ÁreaTot":172.0,"u_ÁreaCon":172.0,"u_TipoImó":"CASA GEMINADA(2 LAD)","u_Patrimô":"Próprio","u2Natureza":"PREDIAL","u2Logradou":"RUA PROJETADA (LTO AREIA DOURADA)","u2Número":"468","u2Compleme":"CS D","u2Edifíci":null,"u2ÁreaTer":129.0,"u2ÁreaTot":172.0,"u2ÁreaCon":172.0,"u2TipoImó":"CASA GEMINADA(2 LAD)","u2Patrimô":"Próprio"},"geometry":{"type":"MultiPolygon","coordinates":[[[[-34.827917890515565,-6.993347814461166],[-34.827917730087087,-6.993348375525982],[-34.827898586958511,-6.993482057435468],[-34.827969617412236,-6.993492079421338],[-34.827989479518088,-6.993357915260344],[-34.827917890515565,-6.993347814461166]]]]}},
{"type":"Feature","properties":{"fid":737,"Endereco":"Rodovia BR-230","Bairro":"Areia Dourada","Quadra":"06","Lote":"11 B","Municipio":"Cabedelo-PB","Loteamento":"Areia Dourada","area_pecunia":300.0,"Situacao_recuo":"RECUOU","valor_m2":120.0,"valor_total":36000.0,"valor_formatado":"R$ 36.000,00","geocodigo":"10002069020239","fid_2":19543.0,"id":19567.0,"distrito":"1","setor":"0002","quadra_2":"069","lote_2":"0239","geocode":"10002069020239","zoneamento":"Zona de Interesse Turístico (ZIT)","shape_leng":45.954067070400001,"shape_area":121.15,"bairro_2":"Areia Dourada","faces":"02","Reurb":null,"u_Inscriç":"1.0002.069.02.0239.0000.9","u_Sequenci":10060316,"u_Propriet":"GUSTAVO DOS GUIMARÃES LIMA","u_Propri_1":"025.619.414-93","u_ÁreaTer":129.0,"u_ÁreaTot":172.0,"u_ÁreaCon":172.0,"u_TipoImó":"CASA GEMINADA(2 LAD)","u_Patrimô":"Próprio","u2Natureza":"PREDIAL","u2Logradou":"RUA PROJETADA (LTO AREIA DOURADA)","u2Número":"468","u2Compleme":"CS C","u2Edifíci":null,"u2ÁreaTer":129.0,"u2ÁreaTot":172.0,"u2ÁreaCon":172.0,"u2TipoImó":"CASA GEMINADA(2 LAD)","u2Patrimô":"Próprio"},"geometry":{"type":"MultiPolygon","coordinates":[[[[-34.827847233424293,-6.993337845137828],[-34.827824297567368,-6.993471575620039],[-34.827898586958511,-6.993482057435468],[-34.827917730087087,-6.993348375525982],[-34.827917890515565,-6.993347814461166],[-34.827847233424293,-6.993337845137828]]]]}},
{"type":"Feature","properties":{"fid":738,"Endereco":"Rodovia BR-230","Bairro":"Areia Dourada","Quadra":"06","Lote":"11 A","Municipio":"Cabedelo-PB","Loteamento":"Areia Dourada","area_pecunia":300.0,"Situacao_recuo":"RECUOU","valor_m2":120.0,"valor_total":36000.0,"valor_formatado":"R$ 36.000,00","geocodigo":"10002069020248","fid_2":19544.0,"id":19568.0,"distrito":"1","setor":"0002","quadra_2":"069","lote_2":"0248","geocode":"10002069020248","zoneamento":"Zona de Interesse Turístico (ZIT)","shape_leng":45.293354583599999,"shape_area":116.8,"bairro_2":"Areia Dourada","faces":"02","Reurb":null,"u_Inscriç":"1.0002.069.02.0248.0000.8","u_Sequenci":10060324,"u_Propriet":"CARLOS ALBERTO SATIRO DA NOBREGA","u_Propri_1":"035.697.644-00","u_ÁreaTer":129.0,"u_ÁreaTot":172.0,"u_ÁreaCon":172.0,"u_TipoImó":"CASA GEMINADA(2 LAD)","u_Patrimô":"Próprio","u2Natureza":"PREDIAL","u2Logradou":"RUA PROJETADA (LTO AREIA DOURADA)","u2Número":"468","u2Compleme":"CS B","u2Edifíci":null,"u2ÁreaTer":129.0,"u2ÁreaTot":172.0,"u2ÁreaCon":172.0,"u2TipoImó":"CASA GEMINADA(2 LAD)","u2Patrimô":"Próprio"},"geometry":{"type":"MultiPolygon","coordinates":[[[[-34.827774362579248,-6.993327563454129],[-34.82777406108454,-6.993330445283038],[-34.82775325456474,-6.993461551839943],[-34.827824297567368,-6.993471575620039],[-34.827847233424293,-6.993337845137828],[-34.827774362579248,-6.993327563454129]]]]}},
{"type":"Feature","properties":{"fid":739,"Endereco":"Rua Zilda Pessoa Barreto","Bairro":"Camboinha","Quadra":"11","Lote":"Granjinha","Municipio":"Cabedelo-PB","Loteamento":"Jardim Camboinha","area_pecunia":null,"Situacao_recuo":null,"valor_m2":null,"valor_total":0.0,"valor_formatado":"R$ 0,00","geocodigo":"10003001030148","fid_2":15614.0,"id":15621.0,"distrito":"1","setor":"0003","quadra_2":"001","lote_2":"0148","geocode":"10003001030148","zoneamento":"Zona de Interesse Turístico (ZIT)","shape_leng":91.210973559899998,"shape_area":421.92,"bairro_2":"Camboinha","faces":"03","Reurb":null,"u_Inscriç":"1.0003.001.03.0148.0000.3","u_Sequenci":10062211,"u_Propriet":"ALUISIO BONAVIDES BARROS","u_Propri_1":"003.289.524-00","u_ÁreaTer":384.0,"u_ÁreaTot":0.0,"u_ÁreaCon":0.0,"u_TipoImó":null,"u_Patrimô":"Próprio","u2Natureza":"TERRITORIAL","u2Logradou":"AVN BEIRA MAR (CAMBOINHA)","u2Número":"S/N","u2Compleme":null,"u2Edifíci":null,"u2ÁreaTer":384.0,"u2ÁreaTot":0.0,"u2ÁreaCon":0.0,"u2TipoImó":null,"u2Patrimô":"Próprio"},"geometry":{"type":"MultiPolygon","coordinates":[[[[-34.826482758984497,-6.998567672626967],[-34.826736406657538,-6.998617948162604],[-34.82703319179469,-6.998670398957422],[-34.82706108617942,-6.998554843450974],[-34.826772438284173,-6.99850469835218],[-34.826507376432097,-6.998462228227353],[-34.826482758984497,-6.998567672626967]]]]}},
{"type":"Feature","properties":{"fid":740,"Endereco":"Rua Zilda Pessoa Barreto","Bairro":"Camboinha","Quadra":"11","Lote":"Granjinha","Municipio":"Cabedelo-PB","Loteamento":"Jardim Camboinha","area_pecunia":null,"Situacao_recuo":null,"valor_m2":null,"valor_total":0.0,"valor_formatado":"R$ 0,00","geocodigo":"10003001030160","fid_2":15611.0,"id":15618.0,"distrito":"1","setor":"0003","quadra_2":"001","lote_2":"0160","geocode":"10003001030160","zoneamento":"Zona de Interesse Turístico (ZIT)","shape_leng":91.532138090900006,"shape_area":400.08,"bairro_2":"Camboinha","faces":"03","Reurb":null,"u_Inscriç":"1.0003.001.03.0160.0000.4","u_Sequenci":10062220,"u_Propriet":"JOSE DE ASSIS QUEIROZ","u_Propri_1":"023.052.324-20","u_ÁreaTer":384.0,"u_ÁreaTot":175.28,"u_ÁreaCon":175.28,"u_TipoImó":"CASA GEMINADA(1 LAD)","u_Patrimô":"Próprio","u2Natureza":"PREDIAL","u2Logradou":"AVN BEIRA MAR (CAMBOINHA)","u2Número":"431","u2Compleme":null,"u2Edifíci":null,"u2ÁreaTer":384.0,"u2ÁreaTot":175.28,"u2ÁreaCon":175.28,"u2TipoImó":"CASA GEMINADA(1 LAD)","u2Patrimô":"Próprio"},"geometry":{"type":"MultiPolygon","coordinates":[[[[-34.826459074899866,-6.998669119114365],[-34.82692541981146,-6.99876216866253],[-34.826927201115595,-6.998754064060817],[-34.827009782626888,-6.998772963326188],[-34.82703319179469,-6.998670398957422],[-34.826736406657538,-6.998617948162604],[-34.826482758984497,-6.998567672626967],[-34.826459074899866,-6.998669119114365]]]]}},
{"type":"Feature","properties":{"fid":741,"Endereco":"Rua Zilda Pessoa Barreto","Bairro":"Camboinha","Quadra":"11","Lote":"Granjinha","Municipio":"Cabedelo-PB","Loteamento":"Jardim Camboinha","area_pecunia":null,"Situacao_recuo":null,"valor_m2":null,"valor_total":0.0,"valor_formatado":"R$ 0,00","geocodigo":"10003001030177","fid_2":15978.0,"id":15986.0,"distrito":"1","setor":"0003","quadra_2":"001","lote_2":"0177","geocode":"10003001030177","zoneamento":"Zona de Interesse Turístico (ZIT)","shape_leng":98.888424337399996,"shape_area":609.47,"bairro_2":"Camboinha","faces":"03","Reurb":null,"u_Inscriç":"1.0003.001.03.0177.0000.0","u_Sequenci":10324917,"u_Propriet":"JANINA RIBEIRO VICTOR E OUTROS","u_Propri_1":"930.100.954-49","u_ÁreaTer":665.84,"u_ÁreaTot":0.0,"u_ÁreaCon":0.0,"u_TipoImó":null,"u_Patrimô":"Próprio","u2Natureza":"TERRITORIAL","u2Logradou":"AVN BEIRA MAR (CAMBOINHA)","u2Número":"S/N","u2Compleme":null,"u2Edifíci":null,"u2ÁreaTer":665.84,"u2ÁreaTot":0.0,"u2ÁreaCon":0.0,"u2TipoImó":null,"u2Patrimô":"Próprio"},"geometry":{"type":"MultiPolygon","coordinates":[[[[-34.826659156188668,-6.998919138602104],[-34.826706801803375,-6.998718547994863],[-34.826459074899866,-6.998669119114365],[-34.826416553619865,-6.998851251267183],[-34.826659156188668,-6.998919138602104]]]]}},
{"type":"Feature","properties":{"fid":742,"Endereco":"Rua Zilda Pessoa Barreto","Bairro":"Camboinha","Quadra":"04","Lote":"10","Municipio":"Cabedelo-PB","Loteamento":"Jardim Camboinha","area_pecunia":null,"Situacao_recuo":null,"valor_m2":null,"valor_total":0.0,"valor_formatado":"R$ 0,00","geocodigo":"10003025030296","fid_2":13919.0,"id":13925.0,"distrito":"1","setor":"0003","quadra_2":"025","lote_2":"0296","geocode":"10003025030296","zoneamento":"Zona de Interesse Turístico (ZIT)","shape_leng":136.307304988,"shape_area":1171.86,"bairro_2":"Camboinha","faces":"03","Reurb":null,"u_Inscriç":"1.0003.025.03.0296.0000.1","u_Sequenci":10066845,"u_Propriet":"ELIANE DE OLIVEIRA CARLOS DA SILVA FREIRE","u_Propri_1":"839.908.954-00","u_ÁreaTer":1152.0,"u_ÁreaTot":0.0,"u_ÁreaCon":0.0,"u_TipoImó":null,"u_Patrimô":"Próprio","u2Natureza":"TERRITORIAL","u2Logradou":"AVN BEIRA MAR (CAMBOINHA)","u2Número":"S/N","u2Compleme":null,"u2Edifíci":null,"u2ÁreaTer":1152.0,"u2ÁreaTot":0.0,"u2ÁreaCon":0.0,"u2TipoImó":null,"u2Patrimô":"Próprio"},"geometry":{"type":"MultiPolygon","coordinates":[[[[-34.826173148176451,-7.001141327656271],[-34.826153869075711,-7.001248165859359],[-34.826437086910744,-7.001309274047379],[-34.826456365942875,-7.001202435849],[-34.826475644972334,-7.001095597651628],[-34.826494923999121,-7.000988759455313],[-34.826211706369897,-7.000927651253194],[-34.826192427274513,-7.001034489454221],[-34.826173148176451,-7.001141327656271]]]]}},
{"type":"Feature","properties":{"fid":743,"Endereco":"Rua Zilda Pessoa Barreto","Bairro":"Camboinha","Quadra":"03","Lote":"05","Municipio":"Cabedelo-PB","Loteamento":"Jardim Camboinha","area_pecunia":null,"Situacao_recuo":null,"valor_m2":null,"valor_total":0.0,"valor_formatado":"R$ 0,00","geocodigo":"10003026040294","fid_2":13878.0,"id":13885.0,"distrito":"1","setor":"0003","quadra_2":"026","lote_2":"0294","geocode":"10003026040294","zoneamento":"Zona de Interesse Turístico (ZIT)","shape_leng":155.612233723,"shape_area":1282.11,"bairro_2":"Camboinha","faces":"04","Reurb":null,"u_Inscriç":"1.0003.026.04.0294.0000.7","u_Sequenci":10066900,"u_Propriet":"ALTO BRANCO PARTICIPAÇÕES S/S LTDA","u_Propri_1":"07.075.951/0001-79","u_ÁreaTer":768.0,"u_ÁreaTot":468.91,"u_ÁreaCon":468.91,"u_TipoImó":"CASA ISOLADA","u_Patrimô":"Próprio","u2Natureza":"PREDIAL","u2Logradou":"AVN BEIRA MAR (CAMBOINHA)","u2Número":"404","u2Compleme":null,"u2Edifíci":null,"u2ÁreaTer":768.0,"u2ÁreaTot":468.91,"u2ÁreaCon":468.91,"u2TipoImó":"CASA ISOLADA","u2Patrimô":"Próprio"},"geometry":{"type":"MultiPolygon","coordinates":[[[[-34.826254542139047,-7.002290722893828],[-34.826274836971585,-7.002184080407637],[-34.826295131800954,-7.002077437922486],[-34.826012394341653,-7.002014238875328],[-34.825820379528473,-7.001971318545164],[-34.825798216360859,-7.00207754343997],[-34.825776050316698,-7.002183782103231],[-34.825971804542881,-7.002227523854652],[-34.826254542139047,-7.002290722893828]]]]}},
{"type":"Feature","properties":{"fid":744,"Endereco":"Avenida Max Zagel","Bairro":"Camboinha","Quadra":"01","Lote":"03","Municipio":"Cabedelo-PB","Loteamento":"Jardim Camboinha","area_pecunia":null,"Situacao_recuo":null,"valor_m2":null,"valor_total":0.0,"valor_formatado":"R$ 0,00","geocodigo":"10003048040319","fid_2":15587.0,"id":15595.0,"distrito":"1","setor":"0003","quadra_2":"048","lote_2":"0319","geocode":"10003048040319","zoneamento":"Zona de Interesse Turístico (ZIT)","shape_leng":187.123360166,"shape_area":1884.93,"bairro_2":"Camboinha","faces":"04","Reurb":null,"u_Inscriç":"1.0003.048.04.0319.0000.7","u_Sequenci":10071270,"u_Propriet":"MARIA EMILIA COUTINHO TORRES DE FREITAS","u_Propri_1":"133.115.144-91","u_ÁreaTer":960.0,"u_ÁreaTot":1211.43,"u_ÁreaCon":1211.43,"u_TipoImó":"CASA ISOLADA","u_Patrimô":"Próprio","u2Natureza":"PREDIAL","u2Logradou":"AVN BEIRA MAR (CAMBOINHA)","u2Número":"675","u2Compleme":null,"u2Edifíci":null,"u2ÁreaTer":960.0,"u2ÁreaTot":1211.43,"u2ÁreaCon":1211.43,"u2TipoImó":"CASA ISOLADA","u2Patrimô":"Próprio"},"geometry":{"type":"MultiPolygon","coordinates":[[[[-34.825715562824769,-7.004865763552675],[-34.826003740049927,-7.004804452577645],[-34.826287007810492,-7.004744159002763],[-34.826268557875125,-7.00460942205341],[-34.826250107960206,-7.004474685099856],[-34.825966107990972,-7.004535120876353],[-34.825776098338288,-7.004575555221408],[-34.825689190492085,-7.004594049317681],[-34.825702376649552,-7.004729906436756],[-34.825715562824769,-7.004865763552675]]]]}},
{"type":"Feature","properties":{"fid":745,"Endereco":"Avenida Max Zagel","Bairro":"Camboinha","Quadra":"16","Lote":"02","Municipio":"Cabedelo-PB","Loteamento":"Jardim Jericó","area_pecunia":null,"Situacao_recuo":null,"valor_m2":null,"valor_total":0.0,"valor_formatado":"R$ 0,00","geocodigo":"10003093040240","fid_2":13610.0,"id":13610.0,"distrito":"1","setor":"0003","quadra_2":"093","lote_2":"0240","geocode":"10003093040240","zoneamento":"Zona de Interesse Turístico (ZIT)","shape_leng":164.715444741,"shape_area":1560.65,"bairro_2":"Camboinha","faces":"04","Reurb":null,"u_Inscriç":"1.0003.093.04.0240.0000.0","u_Sequenci":10079980,"u_Propriet":"HUMBERTO SOARES DE OLIVEIRA","u_Propri_1":"002.736.354-68","u_ÁreaTer":960.0,"u_ÁreaTot":266.87,"u_ÁreaCon":266.87,"u_TipoImó":"COMERCIAL","u_Patrimô":"Próprio","u2Natureza":"PREDIAL","u2Logradou":"AVN FRANCISCO PORTO","u2Número":"SN","u2Compleme":null,"u2Edifíci":null,"u2ÁreaTer":960.0,"u2ÁreaTot":266.87,"u2ÁreaCon":266.87,"u2TipoImó":"COMERCIAL","u2Patrimô":"Próprio"},"geometry":{"type":"MultiPolygon","coordinates":[[[[-34.827185129816954,-7.007992939483122],[-34.827110342720033,-7.007731615268955],[-34.826678128149965,-7.007825729869693],[-34.826716297535327,-7.008095027652422],[-34.827185129816954,-7.007992939483122]]]]}},
{"type":"Feature","properties":{"fid":746,"Endereco":"Avenida Max Zagel","Bairro":"Camboinha","Quadra":"16","Lote":"09","Municipio":"Cabedelo-PB","Loteamento":"Jardim Jericó","area_pecunia":null,"Situacao_recuo":null,"valor_m2":null,"valor_total":0.0,"valor_formatado":"R$ 0,00","geocodigo":"10003093040327","fid_2":13580.0,"id":13605.0,"distrito":"1","setor":"0003","quadra_2":"093","lote_2":"0327","geocode":"10003093040327","zoneamento":"Zona de Interesse Turístico (ZIT)","shape_leng":171.33476500899999,"shape_area":1411.88,"bairro_2":"Camboinha","faces":"04","Reurb":null,"u_Inscriç":"1.0003.093.04.0327.0000.7","u_Sequenci":10406018,"u_Propriet":"H STATION INCORPORAÇÃO E DESENVOLVIMENTO IMOBILIARIO LTDA","u_Propri_1":"39.470.766/0001-75","u_ÁreaTer":975.0,"u_ÁreaTot":0.0,"u_ÁreaCon":0.0,"u_TipoImó":null,"u_Patrimô":"Próprio","u2Natureza":"TERRITORIAL","u2Logradou":"AVN FRANCISCO PORTO","u2Número":"S/N","u2Compleme":null,"u2Edifíci":null,"u2ÁreaTer":975.0,"u2ÁreaTot":0.0,"u2ÁreaCon":0.0,"u2TipoImó":null,"u2Patrimô":"Próprio"},"geometry":{"type":"MultiPolygon","coordinates":[[[[-34.827125974135534,-7.008838648070118],[-34.827409491816177,-7.008776911908223],[-34.827372098075841,-7.008646249860012],[-34.827334704365015,-7.008515587802775],[-34.827051186811971,-7.008577323881797],[-34.827088580458991,-7.008707985980488],[-34.827125974135534,-7.008838648070118]]]]}},
{"type":"Feature","properties":{"fid":747,"Endereco":"Avenida Max Zagel","Bairro":"Camboinha","Quadra":"17","Lote":"02","Municipio":"Cabedelo-PB","Loteamento":"Jardim Jericó","area_pecunia":null,"Situacao_recuo":null,"valor_m2":null,"valor_total":0.0,"valor_formatado":"R$ 0,00","geocodigo":"10003094040267","fid_2":13592.0,"id":13592.0,"distrito":"1","setor":"0003","quadra_2":"094","lote_2":"0267","geocode":"10003094040267","zoneamento":"Zona de Interesse Turístico (ZIT)","shape_leng":123.38303433900001,"shape_area":950.35,"bairro_2":"Camboinha","faces":"04","Reurb":null,"u_Inscriç":"1.0003.094.04.0267.0000.5","u_Sequenci":10080066,"u_Propriet":"VITORIA LEOPOLDINA OTTO AMORIM","u_Propri_1":"929.152.134-53","u_ÁreaTer":960.0,"u_ÁreaTot":90.45,"u_ÁreaCon":90.45,"u_TipoImó":"COMERCIAL","u_Patrimô":"Próprio","u2Natureza":"PREDIAL","u2Logradou":"AVN FRANCISCO PORTO","u2Número":"707","u2Compleme":null,"u2Edifíci":null,"u2ÁreaTer":960.0,"u2ÁreaTot":90.45,"u2ÁreaCon":90.45,"u2TipoImó":"COMERCIAL","u2Patrimô":"Próprio"},"geometry":{"type":"MultiPolygon","coordinates":[[[[-34.827203229581535,-7.009108995247821],[-34.827234944234739,-7.009228071679048],[-34.827515860940011,-7.009157704824141],[-34.827483638609635,-7.009036722512132],[-34.827448731192973,-7.008905658635507],[-34.827168322227259,-7.008977931331844],[-34.827203229581535,-7.009108995247821]]]]}},
{"type":"Feature","properties":{"fid":748,"Endereco":"Avenida Max Zagel","Bairro":"Camboinha","Quadra":"01","Lote":"08","Municipio":"Cabedelo-PB","Loteamento":"Jardim Atlântico","area_pecunia":null,"Situacao_recuo":null,"valor_m2":null,"valor_total":0.0,"valor_formatado":"R$ 0,00","geocodigo":"10003094020301","fid_2":20130.0,"id":20166.0,"distrito":"1","setor":"0003","quadra_2":"094","lote_2":"0301","geocode":"10003094020301","zoneamento":"Zona de Interesse Turístico (ZIT)","shape_leng":136.561572598,"shape_area":1161.39,"bairro_2":"Camboinha","faces":"02","Reurb":null,"u_Inscriç":"1.0003.094.02.0301.0000.2","u_Sequenci":10384049,"u_Propriet":"OCA CONSTRUÇÃO E INCORPORAÇÃO LTDA","u_Propri_1":"08.571.236/0001-90","u_ÁreaTer":1152.0,"u_ÁreaTot":0.0,"u_ÁreaCon":0.0,"u_TipoImó":null,"u_Patrimô":"Próprio","u2Natureza":"TERRITORIAL","u2Logradou":"AVN MAX ZAGEL","u2Número":"S/N","u2Compleme":null,"u2Edifíci":null,"u2ÁreaTer":1152.0,"u2ÁreaTot":0.0,"u2ÁreaCon":0.0,"u2TipoImó":null,"u2Patrimô":"Próprio"},"geometry":{"type":"MultiPolygon","coordinates":[[[[-34.827323140404367,-7.009554296611623],[-34.827603595973642,-7.009482011800372],[-34.827515860940011,-7.009157704824141],[-34.827234944234739,-7.009228071679048],[-34.827323140404367,-7.009554296611623]]]]}},
{"type":"Feature","properties":{"fid":749,"Endereco":"Avenida Max Zagel","Bairro":"Camboinha","Quadra":"B","Lote":"02","Municipio":"Cabedelo-PB","Loteamento":"Jardim Atlântico","area_pecunia":null,"Situacao_recuo":null,"valor_m2":null,"valor_total":0.0,"valor_formatado":"R$ 0,00","geocodigo":"10003116040115","fid_2":20639.0,"id":14271.0,"distrito":"1","setor":"0003","quadra_2":"116","lote_2":"0115","geocode":"10003116040115","zoneamento":"Zona de Interesse Turístico (ZIT)","shape_leng":159.99435953599999,"shape_area":1493.49,"bairro_2":"Camboinha","faces":"04","Reurb":null,"u_Inscriç":"1.0003.116.04.0115.0000.9","u_Sequenci":10445498,"u_Propriet":"CONSNORTE - CONSTRUTORA NORTE LTDA ME","u_Propri_1":"41.121.096/0001-23","u_ÁreaTer":1350.0,"u_ÁreaTot":660.4,"u_ÁreaCon":660.4,"u_TipoImó":"CASA ISOLADA","u_Patrimô":"Próprio","u2Natureza":"PREDIAL","u2Logradou":"RUA RODRIGUES DE CARVALHO","u2Número":"1015","u2Compleme":null,"u2Edifíci":null,"u2ÁreaTer":1350.0,"u2ÁreaTot":660.4,"u2ÁreaCon":660.4,"u2TipoImó":"CASA ISOLADA","u2Patrimô":"Próprio"},"geometry":{"type":"MultiPolygon","coordinates":[[[[-34.828573853105837,-7.013904804098581],[-34.828827295042977,-7.013801602597414],[-34.828792093431694,-7.013669484468472],[-34.828756891849245,-7.013537366330995],[-34.828721690295637,-7.013405248185101],[-34.828468248512287,-7.01350844958132],[-34.828433161167013,-7.013522737121685],[-34.828465673916909,-7.013655950162539],[-34.828498186694524,-7.013789163195567],[-34.828530699499893,-7.013922376220911],[-34.828573853105837,-7.013904804098581]]]]}},
{"type":"Feature","properties":{"fid":750,"Endereco":"Rua Alfredo Nóbrega","Bairro":"Camboinha","Quadra":"A","Lote":"04","Municipio":"Cabedelo-PB","Loteamento":"Jardim Atlântico","area_pecunia":null,"Situacao_recuo":null,"valor_m2":null,"valor_total":0.0,"valor_formatado":"R$ 0,00","geocodigo":"10003117040097","fid_2":14167.0,"id":14195.0,"distrito":"1","setor":"0003","quadra_2":"117","lote_2":"0097","geocode":"10003117040097","zoneamento":"Zona de Interesse Turístico (ZIT)","shape_leng":100.74827048500001,"shape_area":601.39,"bairro_2":"Camboinha","faces":"04","Reurb":null,"u_Inscriç":"1.0003.117.04.0097.0000.0","u_Sequenci":10088571,"u_Propriet":"FRANCISCO SERAPHICO DA NOBREGA NETO","u_Propri_1":"016.094.594-15","u_ÁreaTer":600.0,"u_ÁreaTot":452.48,"u_ÁreaCon":452.48,"u_TipoImó":"CASA ISOLADA","u_Patrimô":"Próprio","u2Natureza":"PREDIAL","u2Logradou":"RUA RODRIGUES DE CARVALHO","u2Número":"180","u2Compleme":null,"u2Edifíci":null,"u2ÁreaTer":600.0,"u2ÁreaTot":452.48,"u2ÁreaCon":452.48,"u2TipoImó":"CASA ISOLADA","u2Patrimô":"Próprio"},"geometry":{"type":"MultiPolygon","coordinates":[[[[-34.829023663702678,-7.014569646668463],[-34.829001679229933,-7.014482487814145],[-34.828727455499944,-7.014588368098535],[-34.828759242389687,-7.014672272776109],[-34.828790164403067,-7.014753894483492],[-34.829046114368744,-7.014658653723058],[-34.829023663702678,-7.014569646668463]]]]}},
{"type":"Feature","properties":{"fid":751,"Endereco":"Rua Alfredo Nóbrega","Bairro":"Poço","Quadra":"A","Lote":"04","Municipio":"Cabedelo-PB","Loteamento":"Jardim Nazareth","area_pecunia":null,"Situacao_recuo":null,"valor_m2":null,"valor_total":0.0,"valor_formatado":"R$ 0,00","geocodigo":"10003150030070","fid_2":14190.0,"id":14191.0,"distrito":"1","setor":"0003","quadra_2":"150","lote_2":"0070","geocode":"10003150030070","zoneamento":"Zona de Interesse Turístico (ZIT)","shape_leng":155.131975536,"shape_area":1463.24,"bairro_2":"Poco","faces":"03","Reurb":null,"u_Inscriç":"1.0003.150.03.0070.0000.0","u_Sequenci":10369813,"u_Propriet":"OCA CONSTRUÇÃO E INCORPORAÇÃO LTDA","u_Propri_1":"08.571.236/0001-90","u_ÁreaTer":1450.7,"u_ÁreaTot":0.0,"u_ÁreaCon":0.0,"u_TipoImó":null,"u_Patrimô":"Próprio","u2Natureza":"TERRITORIAL","u2Logradou":"RUA RODRIGUES DE CARVALHO","u2Número":"S/N","u2Compleme":null,"u2Edifíci":null,"u2ÁreaTer":1450.7,"u2ÁreaTot":0.0,"u2ÁreaCon":0.0,"u2TipoImó":null,"u2Patrimô":"Próprio"},"geometry":{"type":"MultiPolygon","coordinates":[[[[-34.829345028365481,-7.015608594471396],[-34.82930316577616,-7.015479336210906],[-34.829261303218239,-7.015350077940059],[-34.829219473661141,-7.015220921458042],[-34.828935701291783,-7.015299195050594],[-34.828976136472654,-7.015424046358649],[-34.82901799897035,-7.015553304673225],[-34.829059861499445,-7.01568256297741],[-34.829345028365481,-7.015608594471396]]]]}},
{"type":"Feature","properties":{"fid":752,"Endereco":"Rua Alfredo Nóbrega","Bairro":"Poço","Quadra":"C","Lote":"07","Municipio":"Cabedelo-PB","Loteamento":"Jardim Nazareth","area_pecunia":null,"Situacao_recuo":null,"valor_m2":null,"valor_total":0.0,"valor_formatado":"R$ 0,00","geocodigo":"10003201040066","fid_2":14051.0,"id":14058.0,"distrito":"1","setor":"0003","quadra_2":"201","lote_2":"0066","geocode":"10003201040066","zoneamento":"Zona de Interesse Turístico (ZIT)","shape_leng":166.11783253300001,"shape_area":1661.69,"bairro_2":"Poco","faces":"04","Reurb":null,"u_Inscriç":"1.0003.201.04.0066.0000.6","u_Sequenci":10373560,"u_Propriet":"ELISETE VIANA NOBREGA","u_Propri_1":"299.525.574-34","u_ÁreaTer":1456.63,"u_ÁreaTot":133.19,"u_ÁreaCon":133.19,"u_TipoImó":"CLUBE","u_Patrimô":"Próprio","u2Natureza":"PREDIAL","u2Logradou":"RUA RODRIGUES DE CARVALHO","u2Número":"403","u2Compleme":null,"u2Edifíci":null,"u2ÁreaTer":1456.63,"u2ÁreaTot":133.19,"u2ÁreaCon":133.19,"u2TipoImó":"CLUBE","u2Patrimô":"Próprio"},"geometry":{"type":"MultiPolygon","coordinates":[[[[-34.829570251978062,-7.018413383895864],[-34.82963095642144,-7.018406017630929],[-34.829977303652058,-7.018363989495448],[-34.829950699493367,-7.018212384779455],[-34.829924129790129,-7.018060976234004],[-34.829537861270069,-7.018133519370064],[-34.829554376664071,-7.01827621695554],[-34.829570251978062,-7.018413383895864]]]]}},
{"type":"Feature","properties":{"fid":753,"Endereco":"Rua Alfredo Nóbrega","Bairro":"Poço","Quadra":"C","Lote":"05","Municipio":"Cabedelo-PB","Loteamento":"Jardim Nazareth","area_pecunia":null,"Situacao_recuo":null,"valor_m2":null,"valor_total":0.0,"valor_formatado":"R$ 0,00","geocodigo":"10003201040099","fid_2":14052.0,"id":14059.0,"distrito":"1","setor":"0003","quadra_2":"201","lote_2":"0099","geocode":"10003201040099","zoneamento":"Zona de Interesse Turístico (ZIT)","shape_leng":129.15972507800001,"shape_area":890.15,"bairro_2":"Poco","faces":"04","Reurb":null,"u_Inscriç":"1.0003.201.04.0099.0002.7","u_Sequenci":10311319,"u_Propriet":"MARCOS AURELIO FONSECA MAGALHÂES","u_Propri_1":"140.938.984-72","u_ÁreaTer":919.1,"u_ÁreaTot":243.58,"u_ÁreaCon":88.16,"u_TipoImó":"CASA ISOLADA","u_Patrimô":"Próprio","u2Natureza":"PREDIAL","u2Logradou":"RUA RODRIGUES DE CARVALHO","u2Número":"267","u2Compleme":null,"u2Edifíci":null,"u2ÁreaTer":919.1,"u2ÁreaTot":243.58,"u2ÁreaCon":88.16,"u2TipoImó":"CASA ISOLADA","u2Patrimô":"Próprio"},"geometry":{"type":"MultiPolygon","coordinates":[[[[-34.829498894224329,-7.018422042891517],[-34.829504687256829,-7.018521526037224],[-34.829508321072161,-7.01858392910078],[-34.829590599081996,-7.018573944966501],[-34.829658968961027,-7.018565648521801],[-34.830005316298184,-7.018523620335996],[-34.829977303652058,-7.018363989495448],[-34.829630956421447,-7.018406017630929],[-34.829498894224329,-7.018422042891517]]]]}},
{"type":"Feature","properties":{"fid":755,"Endereco":"Rua Vitorino Cardoso","Bairro":"Poço","Quadra":"P","Lote":"04","Municipio":"Cabedelo-PB","Loteamento":"Monsenhor Pieres","area_pecunia":null,"Situacao_recuo":null,"valor_m2":null,"valor_total":0.0,"valor_formatado":"R$ 0,00","geocodigo":"10004028040437","fid_2":16369.0,"id":16376.0,"distrito":"1","setor":"0004","quadra_2":"028","lote_2":"0437","geocode":"10004028040437","zoneamento":"Zona de Interesse Turístico (ZIT)","shape_leng":169.88219059599999,"shape_area":732.91,"bairro_2":"Poco","faces":"04","Reurb":null,"u_Inscriç":"1.0004.028.04.0437.0000.0","u_Sequenci":10117695,"u_Propriet":"LAURO DOS GUIMARAES WANDERLEY","u_Propri_1":null,"u_ÁreaTer":400.0,"u_ÁreaTot":220.0,"u_ÁreaCon":220.0,"u_TipoImó":"CASA ISOLADA","u_Patrimô":"Próprio","u2Natureza":"PREDIAL","u2Logradou":"RUA LUNA PEDROSA","u2Número":"840","u2Compleme":null,"u2Edifíci":null,"u2ÁreaTer":400.0,"u2ÁreaTot":220.0,"u2ÁreaCon":220.0,"u2TipoImó":"CASA ISOLADA","u2Patrimô":"Próprio"},"geometry":{"type":"MultiPolygon","coordinates":[[[[-34.829751834935372,-7.023503423627204],[-34.830432781346786,-7.023442990373208],[-34.830420680111018,-7.023352117682204],[-34.829747522801014,-7.023414408050832],[-34.829751834935372,-7.023503423627204]]]]}},
{"type":"Feature","properties":{"fid":756,"Endereco":"Rua Vitorino Cardoso","Bairro":"Poço","Quadra":"Não encontrado","Lote":"SN","Municipio":"Cabedelo-PB","Loteamento":"'Não encontrado'","area_pecunia":null,"Situacao_recuo":null,"valor_m2":null,"valor_total":0.0,"valor_formatado":"R$ 0,00","geocodigo":"10004028040479","fid_2":16373.0,"id":16380.0,"distrito":"1","setor":"0004","quadra_2":"028","lote_2":"0479","geocode":"10004028040479","zoneamento":"Zona de Interesse Turístico (ZIT)","shape_leng":183.46226136000001,"shape_area":1026.1,"bairro_2":"Poco","faces":"04","Reurb":null,"u_Inscriç":"1.0004.028.04.0479.0000.4","u_Sequenci":10117733,"u_Propriet":"CARLOS GUILHERME SANTOS MACHADO","u_Propri_1":"007.509.127-58","u_ÁreaTer":540.0,"u_ÁreaTot":420.14,"u_ÁreaCon":420.14,"u_TipoImó":"CASA ISOLADA","u_Patrimô":"Próprio","u2Natureza":"PREDIAL","u2Logradou":"RUA LUNA PEDROSA","u2Número":"378","u2Compleme":null,"u2Edifíci":null,"u2ÁreaTer":540.0,"u2ÁreaTot":420.14,"u2ÁreaCon":420.14,"u2TipoImó":"CASA ISOLADA","u2Patrimô":"Próprio"},"geometry":{"type":"MultiPolygon","coordinates":[[[[-34.829779785465817,-7.02393185689909],[-34.8304827068375,-7.02382404386188],[-34.83046960594713,-7.023720046960493],[-34.830110042452056,-7.023761507383601],[-34.829766256642365,-7.023801130671197],[-34.829779785465817,-7.02393185689909]]]]}},
{"type":"Feature","properties":{"fid":757,"Endereco":"Rua Vitorino Cardoso","Bairro":"Poço","Quadra":"Não encontrado","Lote":"SN","Municipio":"Cabedelo-PB","Loteamento":"'Não encontrado'","area_pecunia":null,"Situacao_recuo":null,"valor_m2":null,"valor_total":0.0,"valor_formatado":"R$ 0,00","geocodigo":"10004028040412","fid_2":16366.0,"id":16373.0,"distrito":"1","setor":"0004","quadra_2":"028","lote_2":"0412","geocode":"10004028040412","zoneamento":"Zona de Interesse Turístico (ZIT)","shape_leng":268.33728141300003,"shape_area":1019.4,"bairro_2":"Poco","faces":"04","Reurb":null,"u_Inscriç":"1.0004.028.04.0412.0000.0","u_Sequenci":10117660,"u_Propriet":"REJANE CLARK SERRANO","u_Propri_1":"108.900.254-87","u_ÁreaTer":400.0,"u_ÁreaTot":333.54,"u_ÁreaCon":333.54,"u_TipoImó":"CASA ISOLADA","u_Patrimô":"Próprio","u2Natureza":"PREDIAL","u2Logradou":"RUA LUNA PEDROSA","u2Número":"S/N","u2Compleme":null,"u2Edifíci":null,"u2ÁreaTer":400.0,"u2ÁreaTot":333.54,"u2ÁreaCon":333.54,"u2TipoImó":"CASA ISOLADA","u2Patrimô":"Próprio"},"geometry":{"type":"MultiPolygon","coordinates":[[[[-34.829788543860559,-7.02401648737055],[-34.830494174064341,-7.023915072410354],[-34.8304827068375,-7.02382404386188],[-34.829779785465817,-7.02393185689909],[-34.829788543860559,-7.02401648737055]]]]}},
{"type":"Feature","properties":{"fid":758,"Endereco":"Rua Vitorino Cardoso","Bairro":"Poço","Quadra":"Não encontrado","Lote":"SN","Municipio":"Cabedelo-PB","Loteamento":"'Não encontrado'","area_pecunia":null,"Situacao_recuo":null,"valor_m2":null,"valor_total":0.0,"valor_formatado":"R$ 0,00","geocodigo":"10004028020104","fid_2":16374.0,"id":16381.0,"distrito":"1","setor":"0004","quadra_2":"028","lote_2":"0104","geocode":"10004028020104","zoneamento":"Zona de Interesse Turístico (ZIT)","shape_leng":183.72085022100001,"shape_area":925.65,"bairro_2":"Poco","faces":"02","Reurb":null,"u_Inscriç":"1.0004.028.02.0104.0000.1","u_Sequenci":10117750,"u_Propriet":"MARCELO TOLEDO DE ASSIS","u_Propri_1":"346.964.868-93","u_ÁreaTer":489.3,"u_ÁreaTot":243.6,"u_ÁreaCon":243.6,"u_TipoImó":"CASA ISOLADA","u_Patrimô":"Próprio","u2Natureza":"PREDIAL","u2Logradou":"RUA VITORINO CARDOSO","u2Número":"389","u2Compleme":null,"u2Edifíci":null,"u2ÁreaTer":489.3,"u2ÁreaTot":243.6,"u2ÁreaCon":243.6,"u2TipoImó":"CASA ISOLADA","u2Patrimô":"Próprio"},"geometry":{"type":"MultiPolygon","coordinates":[[[[-34.829799309709976,-7.024120515345895],[-34.830507360522525,-7.024019748381955],[-34.830494174064341,-7.023915072410354],[-34.829788543860559,-7.02401648737055],[-34.829799309709976,-7.024120515345895]]]]}},
{"type":"Feature","properties":{"fid":759,"Endereco":"Rua Vitorino Cardoso","Bairro":"Poço","Quadra":"Não encontrado","Lote":"SN","Municipio":"Cabedelo-PB","Loteamento":"'Não encontrado'","area_pecunia":null,"Situacao_recuo":null,"valor_m2":null,"valor_total":0.0,"valor_formatado":"R$ 0,00","geocodigo":"10004028040508","fid_2":16375.0,"id":16382.0,"distrito":"1","setor":"0004","quadra_2":"028","lote_2":"0508","geocode":"10004028040508","zoneamento":"Zona de Interesse Turístico (ZIT)","shape_leng":113.876449667,"shape_area":505.05,"bairro_2":"Poco","faces":"04","Reurb":null,"u_Inscriç":"1.0004.028.04.0508.0001.5","u_Sequenci":10117768,"u_Propriet":"HN ADMINISTRADORA DE IMÓVEIS LTDA","u_Propri_1":"48.789.931/0001-47","u_ÁreaTer":455.7,"u_ÁreaTot":471.1,"u_ÁreaCon":471.1,"u_TipoImó":"CASA ISOLADA","u_Patrimô":"Próprio","u2Natureza":"PREDIAL","u2Logradou":"RUA LUNA PEDROSA","u2Número":"398","u2Compleme":null,"u2Edifíci":null,"u2ÁreaTer":455.7,"u2ÁreaTot":471.1,"u2ÁreaCon":471.1,"u2TipoImó":"CASA ISOLADA","u2Patrimô":"Próprio"},"geometry":{"type":"MultiPolygon","coordinates":[[[[-34.829809774452215,-7.024221633689432],[-34.830519354034578,-7.024114954494392],[-34.830507360522525,-7.024019748381955],[-34.829799309709976,-7.024120515345895],[-34.829809774452215,-7.024221633689432]]]]}},
{"type":"Feature","properties":{"fid":760,"Endereco":"Rua Vitorino Cardoso","Bairro":"Poço","Quadra":"Não encontrado","Lote":"SN","Municipio":"Cabedelo-PB","Loteamento":"'Não encontrado'","area_pecunia":null,"Situacao_recuo":null,"valor_m2":null,"valor_total":0.0,"valor_formatado":"R$ 0,00","geocodigo":"10004028010077","fid_2":16377.0,"id":16383.0,"distrito":"1","setor":"0004","quadra_2":"028","lote_2":"0077","geocode":"10004028010077","zoneamento":"Zona de Interesse Turístico (ZIT)","shape_leng":115.106554695,"shape_area":778.16,"bairro_2":"Poco","faces":"01","Reurb":null,"u_Inscriç":"1.0004.028.01.0077.0000.0","u_Sequenci":10117601,"u_Propriet":"MMJ CONSTRUÇÕES E INCORPORAÇÕES EIRELI EPP","u_Propri_1":"17.685.696/0001-30","u_ÁreaTer":804.89,"u_ÁreaTot":0.0,"u_ÁreaCon":0.0,"u_TipoImó":null,"u_Patrimô":"Próprio","u2Natureza":"TERRITORIAL","u2Logradou":"RUA SANTA CAVALCANTI","u2Número":"S/N","u2Compleme":null,"u2Edifíci":null,"u2ÁreaTer":804.89,"u2ÁreaTot":0.0,"u2ÁreaCon":0.0,"u2TipoImó":null,"u2Patrimô":"Próprio"},"geometry":{"type":"MultiPolygon","coordinates":[[[[-34.830327016487331,-7.024143870899271],[-34.830369301452926,-7.024469345510246],[-34.830561362237347,-7.024448420630041],[-34.830519354034578,-7.024114954494392],[-34.830327016487331,-7.024143870899271]]]]}},
{"type":"Feature","properties":{"fid":761,"Endereco":"Rua Vitorino Cardoso","Bairro":"Poço","Quadra":"Não encontrado","Lote":"SN","Municipio":"Cabedelo-PB","Loteamento":"'Não encontrado'","area_pecunia":null,"Situacao_recuo":null,"valor_m2":null,"valor_total":0.0,"valor_formatado":"R$ 0,00","geocodigo":"10004028010003","fid_2":20188.0,"id":20226.0,"distrito":"1","setor":"0004","quadra_2":"028","lote_2":"0003","geocode":"10004028010003","zoneamento":"Zona de Interesse Turístico (ZIT)","shape_leng":109.889217821,"shape_area":720.62,"bairro_2":"Poco","faces":"01","Reurb":null,"u_Inscriç":"1.0004.028.01.0003.0000.6","u_Sequenci":10117580,"u_Propriet":"SERGIO SMITH","u_Propri_1":null,"u_ÁreaTer":20.0,"u_ÁreaTot":20.0,"u_ÁreaCon":20.0,"u_TipoImó":"COMERCIAL","u_Patrimô":"Próprio","u2Natureza":"PREDIAL","u2Logradou":"RUA SANTA CAVALCANTI","u2Número":"S/N","u2Compleme":null,"u2Edifíci":null,"u2ÁreaTer":20.0,"u2ÁreaTot":20.0,"u2ÁreaCon":20.0,"u2TipoImó":"COMERCIAL","u2Patrimô":"Próprio"},"geometry":{"type":"MultiPolygon","coordinates":[[[[-34.830031706453845,-7.0245051905939],[-34.829991245729964,-7.024194351144508],[-34.829809774452215,-7.024221633689432],[-34.829841156922384,-7.024524874521471],[-34.830031706453845,-7.0245051905939]]]]}}
]
}
