{
"type": "FeatureCollection",
"name": "LPM",
"crs": { "type": "name", "properties": { "name": "urn:ogc:def:crs:OGC:1.3:CRS84" } },
"features": [
{"type":"Feature","properties":{"id":null,"Name":null,"description":null,"timestamp":null,"begin":null,"end":null,"altitudeMode":null,"tessellate":-1,"extrude":0,"visibility":-1,"drawOrder":null,"icon":null,"FID":0.0},"geometry":{"type":"MultiLineString","coordinates":[[[-34.793178651395003,-7.15451285943346],[-34.793270941098598,-7.15436195694721]]]}},
{"type":"Feature","properties":{"id":null,"Name":null,"description":null,"timestamp":null,"begin":null,"end":null,"altitudeMode":null,"tessellate":-1,"extrude":0,"visibility":-1,"drawOrder":null,"icon":null,"FID":1.0},"geometry":{"type":"MultiLineString","coordinates":[[[-34.793104268349801,-7.15500718357461],[-34.793092757177597,-7.15495227385618],[-34.793086081277799,-7.15489657102805],[-34.793084291456402,-7.15484049902303],[-34.793087401333203,-7.15478448458342],[-34.793095387238402,-7.15472895401331],[-34.793108188392601,-7.15467432993402],[-34.793125707369398,-7.15462102806779],[-34.793147810837098,-7.15456945407382],[-34.793174330573599,-7.15452000046106],[-34.793178638873599,-7.15451285177691]]]}},
{"type":"Feature","properties":{"id":null,"Name":null,"description":null,"timestamp":null,"begin":null,"end":null,"altitudeMode":null,"tessellate":-1,"extrude":0,"visibility":-1,"drawOrder":null,"icon":null,"FID":2.0},"geometry":{"type":"MultiLineString","coordinates":[[[-34.793276084557498,-7.15567939223115],[-34.793104268352799,-7.15500718358664]]]}},
{"type":"Feature","properties":{"id":null,"Name":null,"description":null,"timestamp":null,"begin":null,"end":null,"altitudeMode":null,"tessellate":-1,"extrude":0,"visibility":-1,"drawOrder":null,"icon":null,"FID":14.0},"geometry":{"type":"MultiLineString","coordinates":[[[-34.799230465897303,-7.14624358536353],[-34.802290034815002,-7.14584501550491]]]}},
{"type":"Feature","properties":{"id":null,"Name":null,"description":null,"timestamp":null,"begin":null,"end":null,"altitudeMode":null,"tessellate":-1,"extrude":0,"visibility":-1,"drawOrder":null,"icon":null,"FID":15.0},"geometry":{"type":"MultiLineString","coordinates":[[[-34.7992304658965,-7.1462435853636],[-34.799083117272197,-7.1462562785683],[-34.798935221742397,-7.14625609635717],[-34.7988705775809,-7.14625196013548]]]}},
{"type":"Feature","properties":{"id":null,"Name":null,"description":null,"timestamp":null,"begin":null,"end":null,"altitudeMode":null,"tessellate":-1,"extrude":0,"visibility":-1,"drawOrder":null,"icon":null,"FID":16.0},"geometry":{"type":"MultiLineString","coordinates":[[[-34.798447153717298,-7.14621671425931],[-34.798870578249101,-7.14625195189959]]]}},
{"type":"Feature","properties":{"id":null,"Name":null,"description":null,"timestamp":null,"begin":null,"end":null,"altitudeMode":null,"tessellate":-1,"extrude":0,"visibility":-1,"drawOrder":null,"icon":null,"FID":17.0},"geometry":{"type":"MultiLineString","coordinates":[[[-34.797788559978798,-7.14639252034713],[-34.797863135934101,-7.14634564664934],[-34.797941518246603,-7.14630544333286],[-34.798023110381401,-7.1462722163668],[-34.798107291375402,-7.14624621862618],[-34.798193420563301,-7.14622764796735],[-34.7982808424537,-7.14621664572234],[-34.798368891717203,-7.1462132956233],[-34.798447149541701,-7.14621676427295]]]}},
{"type":"Feature","properties":{"id":null,"Name":null,"description":null,"timestamp":null,"begin":null,"end":null,"altitudeMode":null,"tessellate":-1,"extrude":0,"visibility":-1,"drawOrder":null,"icon":null,"FID":18.0},"geometry":{"type":"MultiLineString","coordinates":[[[-34.797104963934402,-7.14686507832871],[-34.797788559976802,-7.14639252034849]]]}},
{"type":"Feature","properties":{"id":null,"Name":null,"description":null,"timestamp":null,"begin":null,"end":null,"altitudeMode":null,"tessellate":-1,"extrude":0,"visibility":-1,"drawOrder":null,"icon":null,"FID":19.0},"geometry":{"type":"MultiLineString","coordinates":[[[-34.796141709098301,-7.14825690142589],[-34.796201158021702,-7.1480563396188],[-34.796277881596801,-7.14786171616846],[-34.796371295888498,-7.1476745122731],[-34.796480689937603,-7.14749615266142],[-34.796605231172599,-7.14732799474968],[-34.796743971746302,-7.14717131831134],[-34.796895855749902,-7.14702731573734],[-34.797059727249597,-7.14689708296175],[-34.797104944497796,-7.14686505017677]]]}},
{"type":"Feature","properties":{"id":null,"Name":null,"description":null,"timestamp":null,"begin":null,"end":null,"altitudeMode":null,"tessellate":-1,"extrude":0,"visibility":-1,"drawOrder":null,"icon":null,"FID":20.0},"geometry":{"type":"MultiLineString","coordinates":[[[-34.7958452696801,-7.14944540169908],[-34.796141709084303,-7.14825690148208]]]}},
{"type":"Feature","properties":{"id":null,"Name":null,"description":null,"timestamp":null,"begin":null,"end":null,"altitudeMode":null,"tessellate":-1,"extrude":0,"visibility":-1,"drawOrder":null,"icon":null,"FID":21.0},"geometry":{"type":"MultiLineString","coordinates":[[[-34.795845269669002,-7.14944540174359],[-34.795722346331999,-7.14986008531118],[-34.795563705380701,-7.15026249018903],[-34.7954717442584,-7.15045735193943]]]}},
{"type":"Feature","properties":{"id":null,"Name":null,"description":null,"timestamp":null,"begin":null,"end":null,"altitudeMode":null,"tessellate":-1,"extrude":0,"visibility":-1,"drawOrder":null,"icon":null,"FID":22.0},"geometry":{"type":"MultiLineString","coordinates":[[[-34.794845235326399,-7.15171322932916],[-34.795471737278397,-7.15045734847112]]]}},
{"type":"Feature","properties":{"id":null,"Name":null,"description":null,"timestamp":null,"begin":null,"end":null,"altitudeMode":null,"tessellate":-1,"extrude":0,"visibility":-1,"drawOrder":null,"icon":null,"FID":23.0},"geometry":{"type":"MultiLineString","coordinates":[[[-34.794845235231001,-7.15171322952037],[-34.794407427420097,-7.1525037012732]]]}},
{"type":"Feature","properties":{"id":null,"Name":null,"description":null,"timestamp":null,"begin":null,"end":null,"altitudeMode":null,"tessellate":-1,"extrude":0,"visibility":-1,"drawOrder":null,"icon":null,"FID":24.0},"geometry":{"type":"MultiLineString","coordinates":[[[-34.794140134868499,-7.15294075435859],[-34.794407467779997,-7.15250372590021]]]}},
{"type":"Feature","properties":{"id":null,"Name":null,"description":null,"timestamp":null,"begin":null,"end":null,"altitudeMode":null,"tessellate":-1,"extrude":0,"visibility":-1,"drawOrder":null,"icon":null,"FID":31.0},"geometry":{"type":"MultiLineString","coordinates":[[[-34.7969896447702,-7.16465905030539],[-34.796984593292699,-7.16558791407257]]]}},
{"type":"Feature","properties":{"id":null,"Name":null,"description":null,"timestamp":null,"begin":null,"end":null,"altitudeMode":null,"tessellate":-1,"extrude":0,"visibility":-1,"drawOrder":null,"icon":null,"FID":32.0},"geometry":{"type":"MultiLineString","coordinates":[[[-34.796889403314303,-7.1643283384653],[-34.796916139455199,-7.16437188495343],[-34.796938973882597,-7.16441759308617],[-34.796957732811897,-7.16446511499783],[-34.796972273475703,-7.16451408901875],[-34.796982485209597,-7.16456414242776],[-34.796988290294998,-7.16461489428879],[-34.7969897223755,-7.16465905072202]]]}},
{"type":"Feature","properties":{"id":null,"Name":null,"description":null,"timestamp":null,"begin":null,"end":null,"altitudeMode":null,"tessellate":-1,"extrude":0,"visibility":-1,"drawOrder":null,"icon":null,"FID":33.0},"geometry":{"type":"MultiLineString","coordinates":[[[-34.796194201947102,-7.16329949734272],[-34.796889403307397,-7.16432833845511]]]}},
{"type":"Feature","properties":{"id":null,"Name":null,"description":null,"timestamp":null,"begin":null,"end":null,"altitudeMode":null,"tessellate":-1,"extrude":0,"visibility":-1,"drawOrder":null,"icon":null,"FID":34.0},"geometry":{"type":"MultiLineString","coordinates":[[[-34.7957051758464,-7.16343811614888],[-34.795707143322701,-7.16341489128613],[-34.795711129970002,-7.16339192606824],[-34.795717105447103,-7.16336939527442],[-34.795725024276699,-7.16334747037761],[-34.795734826191598,-7.16332631823945],[-34.7957464365929,-7.16330609984045],[-34.795759767118199,-7.16328696905473],[-34.795774716314099,-7.16326907147901],[-34.795791170408002,-7.16325254332453],[-34.795809004174203,-7.16323751038032],[-34.795828081886903,-7.16322408705606],[-34.795848258353402,-7.16321237551114],[-34.795869380018502,-7.16320246487735],[-34.795891286133802,-7.16319443058041],[-34.795913809980703,-7.16318833376603],[-34.7959367801394,-7.16318422083448],[-34.795960021793299,-7.16318212308757],[-34.7959833580598,-7.1631820564903],[-34.796006611335997,-7.1631840215494],[-34.796029604650798,-7.1631880033096],[-34.796052163011602,-7.16319397146722],[-34.796074114735703,-7.16320188060102],[-34.796095292757798,-7.16321167051775],[-34.796115535900498,-7.16322326671029],[-34.796134690101397,-7.16323658092468],[-34.796152609585803,-7.16325151183188],[-34.796169157975697,-7.16326794579876],[-34.796184209327798,-7.16328575775309],[-34.796194164571403,-7.16329952253686]]]}},
{"type":"Feature","properties":{"id":null,"Name":null,"description":null,"timestamp":null,"begin":null,"end":null,"altitudeMode":null,"tessellate":-1,"extrude":0,"visibility":-1,"drawOrder":null,"icon":null,"FID":35.0},"geometry":{"type":"MultiLineString","coordinates":[[[-34.795657182135798,-7.1646138938306],[-34.795705175846599,-7.16343811614472]]]}},
{"type":"Feature","properties":{"id":null,"Name":null,"description":null,"timestamp":null,"begin":null,"end":null,"altitudeMode":null,"tessellate":-1,"extrude":0,"visibility":-1,"drawOrder":null,"icon":null,"FID":36.0},"geometry":{"type":"MultiLineString","coordinates":[[[-34.795673512396803,-7.16515478972967],[-34.795654380041697,-7.16482204198787],[-34.795657196884797,-7.1646138945821]]]}},
{"type":"Feature","properties":{"id":null,"Name":null,"description":null,"timestamp":null,"begin":null,"end":null,"altitudeMode":null,"tessellate":-1,"extrude":0,"visibility":-1,"drawOrder":null,"icon":null,"FID":37.0},"geometry":{"type":"MultiLineString","coordinates":[[[-34.795717956331004,-7.16559286292634],[-34.795673512387602,-7.16515478963844]]]}},
{"type":"Feature","properties":{"id":null,"Name":null,"description":null,"timestamp":null,"begin":null,"end":null,"altitudeMode":null,"tessellate":-1,"extrude":0,"visibility":-1,"drawOrder":null,"icon":null,"FID":48.0},"geometry":{"type":"MultiLineString","coordinates":[[[-34.793270941098598,-7.15436195694721],[-34.794140134868499,-7.15294075435859]]]}},
{"type":"Feature","properties":{"id":null,"Name":null,"description":null,"timestamp":null,"begin":null,"end":null,"altitudeMode":null,"tessellate":-1,"extrude":0,"visibility":-1,"drawOrder":null,"icon":null,"FID":49.0},"geometry":{"type":"MultiLineString","coordinates":[[[-34.7936139274941,-7.15700113698881],[-34.793276084557498,-7.15567939223115]]]}},
{"type":"Feature","properties":{"id":null,"Name":null,"description":null,"timestamp":null,"begin":null,"end":null,"altitudeMode":null,"tessellate":-1,"extrude":0,"visibility":-1,"drawOrder":null,"icon":null,"FID":50.0},"geometry":{"type":"MultiLineString","coordinates":[[[-34.793926042355103,-7.15803934553199],[-34.793613871274303,-7.15700115148539]]]}},
{"type":"Feature","properties":{"id":null,"Name":null,"description":null,"timestamp":null,"begin":null,"end":null,"altitudeMode":null,"tessellate":-1,"extrude":0,"visibility":-1,"drawOrder":null,"icon":null,"FID":51.0},"geometry":{"type":"MultiLineString","coordinates":[[[-34.7950649303734,-7.16132216523113],[-34.793926042367701,-7.15803934556828]]]}},
{"type":"Feature","properties":{"id":null,"Name":null,"description":null,"timestamp":null,"begin":null,"end":null,"altitudeMode":null,"tessellate":-1,"extrude":0,"visibility":-1,"drawOrder":null,"icon":null,"FID":52.0},"geometry":{"type":"MultiLineString","coordinates":[[[-34.795252086587098,-7.16130877665025],[-34.795250122853297,-7.16131701103409],[-34.795247448043199,-7.16132504314137],[-34.795244082513499,-7.16133281184293],[-34.795240051878103,-7.16134025801424],[-34.795235386812301,-7.16134732498541],[-34.7952301228202,-7.16135395897254],[-34.795224299963799,-7.16136010948694],[-34.795217962558702,-7.16136572971947],[-34.795211158836302,-7.16137077689674],[-34.795203940576997,-7.16137521260668],[-34.795196362716197,-7.16137900309081],[-34.795188482926001,-7.16138211950127],[-34.7951803611763,-7.16138453812024],[-34.795172059278599,-7.16138624054059],[-34.795163640415502,-7.16138721380579],[-34.795155168659498,-7.16138745050874],[-34.795146708485802,-7.16138694884799],[-34.795138324281702,-7.16138571264142],[-34.795130079855802,-7.16138375129734],[-34.795122037953398,-7.16138107974277],[-34.795114259778302,-7.16137771830985],[-34.795106804527002,-7.16137369258109],[-34.795099728938602,-7.16136903319473],[-34.795093086862501,-7.16136377561161],[-34.795086928849102,-7.16135795984504],[-34.795081301764498,-7.16135163015656],[-34.795076248434299,-7.16134483471894],[-34.795071807317299,-7.16133762524962],[-34.7950680122131,-7.16133005661699],[-34.795064892004703,-7.16132218642298],[-34.795064889551199,-7.16132217934628]]]}},
{"type":"Feature","properties":{"id":null,"Name":null,"description":null,"timestamp":null,"begin":null,"end":null,"altitudeMode":null,"tessellate":-1,"extrude":0,"visibility":-1,"drawOrder":null,"icon":null,"FID":53.0},"geometry":{"type":"MultiLineString","coordinates":[[[-34.795522977188497,-7.15990635982711],[-34.795252086587404,-7.16130877664873]]]}},
{"type":"Feature","properties":{"id":null,"Name":null,"description":null,"timestamp":null,"begin":null,"end":null,"altitudeMode":null,"tessellate":-1,"extrude":0,"visibility":-1,"drawOrder":null,"icon":null,"FID":54.0},"geometry":{"type":"MultiLineString","coordinates":[[[-34.795522977188902,-7.15990635982519],[-34.795527187171999,-7.15988874975732],[-34.795532917819699,-7.1598715731796],[-34.795540125518301,-7.15985496081616],[-34.795548755412597,-7.15983903909702],[-34.795558741823697,-7.15982392919607],[-34.795570008749003,-7.1598097461087],[-34.795582470440202,-7.15979659777669],[-34.795596032056302,-7.1597845842667],[-34.795610590385202,-7.15977379700869],[-34.795626034629201,-7.15976431810012],[-34.795642247248402,-7.15975621968113],[-34.795659104854899,-7.1597495633854],[-34.795676479152299,-7.15974439987132],[-34.795694237911903,-7.15974076843627],[-34.795712245978997,-7.15973869671755],[-34.795730366301399,-7.15973820048216],[-34.795748460972703,-7.15973928350666],[-34.795766392281799,-7.15974193754856],[-34.795784023760703,-7.159746142409],[-34.7958012212234,-7.15975186608642],[-34.795817853787099,-7.15975906502023],[-34.795833794868003,-7.1597676844222],[-34.795848923145101,-7.15977765869358],[-34.795863123483102,-7.15978891192414],[-34.795876287809001,-7.15980135847011],[-34.795888315934299,-7.15981490360589],[-34.795899116317798,-7.15982944424483],[-34.795908606761998,-7.15984486972404],[-34.795914724993303,-7.15985674650527]]]}},
{"type":"Feature","properties":{"id":null,"Name":null,"description":null,"timestamp":null,"begin":null,"end":null,"altitudeMode":null,"tessellate":-1,"extrude":0,"visibility":-1,"drawOrder":null,"icon":null,"FID":55.0},"geometry":{"type":"MultiLineString","coordinates":[[[-34.7971029304599,-7.16235733840643],[-34.795914760976402,-7.15985672945048]]]}},
{"type":"Feature","properties":{"id":null,"Name":null,"description":null,"timestamp":null,"begin":null,"end":null,"altitudeMode":null,"tessellate":-1,"extrude":0,"visibility":-1,"drawOrder":null,"icon":null,"FID":56.0},"geometry":{"type":"MultiLineString","coordinates":[[[-34.797102930452397,-7.16235733839081],[-34.797154831864198,-7.16248012864886],[-34.7971958208553,-7.16260696962811],[-34.797225585467899,-7.16273689599705],[-34.797243899167299,-7.16286891894198],[-34.797250622566203,-7.16300203369236],[-34.797250295008801,-7.16304564261734]]]}},
{"type":"Feature","properties":{"id":null,"Name":null,"description":null,"timestamp":null,"begin":null,"end":null,"altitudeMode":null,"tessellate":-1,"extrude":0,"visibility":-1,"drawOrder":null,"icon":null,"FID":57.0},"geometry":{"type":"MultiLineString","coordinates":[[[-34.797194884633903,-7.16558709210951],[-34.797250287936002,-7.16304564246998]]]}},
{"type":"Feature","properties":{"id":null,"Name":null,"description":null,"timestamp":null,"begin":null,"end":null,"altitudeMode":null,"tessellate":-1,"extrude":0,"visibility":-1,"drawOrder":null,"icon":null,"FID":67.0},"geometry":{"type":"MultiLineString","coordinates":[[[-34.797118834755103,-7.17765819863341],[-34.796920891990901,-7.17824640634125]]]}},
{"type":"Feature","properties":{"id":null,"Name":null,"description":null,"timestamp":null,"begin":null,"end":null,"altitudeMode":null,"tessellate":-1,"extrude":0,"visibility":-1,"drawOrder":null,"icon":null,"FID":68.0},"geometry":{"type":"MultiLineString","coordinates":[[[-34.797129466921298,-7.17748392538166],[-34.797134085977802,-7.17751285053552],[-34.797136163300003,-7.17754206769284],[-34.797135683077798,-7.17757135449356],[-34.797132648965601,-7.17760048804754],[-34.797127084054203,-7.17762924663096],[-34.797119030695498,-7.17765741137358],[-34.797118773709499,-7.17765817813945]]]}},
{"type":"Feature","properties":{"id":null,"Name":null,"description":null,"timestamp":null,"begin":null,"end":null,"altitudeMode":null,"tessellate":-1,"extrude":0,"visibility":-1,"drawOrder":null,"icon":null,"FID":69.0},"geometry":{"type":"MultiLineString","coordinates":[[[-34.797080364529499,-7.1772442439876],[-34.797129466922399,-7.17748392538697]]]}},
{"type":"Feature","properties":{"id":null,"Name":null,"description":null,"timestamp":null,"begin":null,"end":null,"altitudeMode":null,"tessellate":-1,"extrude":0,"visibility":-1,"drawOrder":null,"icon":null,"FID":70.0},"geometry":{"type":"MultiLineString","coordinates":[[[-34.796938872799402,-7.17703810690608],[-34.796961822790003,-7.17705426877747],[-34.796983275083797,-7.17707236686412],[-34.797003066415897,-7.17709226342891],[-34.797021046162499,-7.17711380704717],[-34.797037077486898,-7.17713683375921],[-34.797051038381099,-7.17716116831807],[-34.797062822593901,-7.17718662552334],[-34.797072340440401,-7.17721301163052],[-34.797079519483503,-7.17724012582562],[-34.7970803901244,-7.1772442387662]]]}},
{"type":"Feature","properties":{"id":null,"Name":null,"description":null,"timestamp":null,"begin":null,"end":null,"altitudeMode":null,"tessellate":-1,"extrude":0,"visibility":-1,"drawOrder":null,"icon":null,"FID":71.0},"geometry":{"type":"MultiLineString","coordinates":[[[-34.796652713848403,-7.176854687883],[-34.796938872797703,-7.17703810690498]]]}},
{"type":"Feature","properties":{"id":null,"Name":null,"description":null,"timestamp":null,"begin":null,"end":null,"altitudeMode":null,"tessellate":-1,"extrude":0,"visibility":-1,"drawOrder":null,"icon":null,"FID":72.0},"geometry":{"type":"MultiLineString","coordinates":[[[-34.796652713849802,-7.1768546878839],[-34.796640389128797,-7.17684601274563],[-34.796628868343802,-7.1768362977935],[-34.796618239174997,-7.17682561696426],[-34.796608582516697,-7.17681405154549],[-34.796599971862001,-7.17680168955712],[-34.7965924727431,-7.17678862508139],[-34.796586142232897,-7.1767749575469],[-34.796581028510197,-7.17676079097196],[-34.796577170493599,-7.17674623317278],[-34.796574597544698,-7.1767313949431],[-34.796573329245199,-7.17671638921085],[-34.796573298066498,-7.17671557490098]]]}},
{"type":"Feature","properties":{"id":null,"Name":null,"description":null,"timestamp":null,"begin":null,"end":null,"altitudeMode":null,"tessellate":-1,"extrude":0,"visibility":-1,"drawOrder":null,"icon":null,"FID":73.0},"geometry":{"type":"MultiLineString","coordinates":[[[-34.796566709012502,-7.17653115427951],[-34.796573226432002,-7.17671557746247]]]}},
{"type":"Feature","properties":{"id":null,"Name":null,"description":null,"timestamp":null,"begin":null,"end":null,"altitudeMode":null,"tessellate":-1,"extrude":0,"visibility":-1,"drawOrder":null,"icon":null,"FID":74.0},"geometry":{"type":"MultiLineString","coordinates":[[[-34.796491633091797,-7.17638578785188],[-34.796504475385198,-7.17639655175356],[-34.796516329499198,-7.17640839257386],[-34.796527105216697,-7.17642122019704],[-34.796536720528202,-7.17643493699729],[-34.796545102255301,-7.17644943858155],[-34.796552186607798,-7.17646461458403],[-34.796557919669702,-7.17648034950636],[-34.796562257808603,-7.17649652359632],[-34.796565168008598,-7.17651301375941],[-34.796566628121198,-7.17652969449556],[-34.796566686298497,-7.17653115509002]]]}},
{"type":"Feature","properties":{"id":null,"Name":null,"description":null,"timestamp":null,"begin":null,"end":null,"altitudeMode":null,"tessellate":-1,"extrude":0,"visibility":-1,"drawOrder":null,"icon":null,"FID":75.0},"geometry":{"type":"MultiLineString","coordinates":[[[-34.795896243056703,-7.17592952707142],[-34.796491633093702,-7.17638578785335]]]}},
{"type":"Feature","properties":{"id":null,"Name":null,"description":null,"timestamp":null,"begin":null,"end":null,"altitudeMode":null,"tessellate":-1,"extrude":0,"visibility":-1,"drawOrder":null,"icon":null,"FID":76.0},"geometry":{"type":"MultiLineString","coordinates":[[[-34.795759096515702,-7.17600013596361],[-34.795759155173201,-7.17599270218926],[-34.795759862314902,-7.17598530180861],[-34.795761212558901,-7.17597799114305],[-34.795763195629,-7.17597082583112],[-34.795765796432804,-7.17596386040521],[-34.795768995176701,-7.17595714787641],[-34.795772767516098,-7.1759507393311],[-34.795777084741403,-7.17594468354216],[-34.795781913995697,-7.17593902659778],[-34.795787218525597,-7.17593381155076],[-34.795792957960302,-7.1759290780907],[-34.795799088619397,-7.17592486224207],[-34.795805563844702,-7.17592119609002],[-34.795812334355901,-7.17591810753618],[-34.7958193486254,-7.17591562008626],[-34.795826553270302,-7.17591375267124],[-34.795833893458997,-7.1759125195033],[-34.795841313328197,-7.17591192996752],[-34.795848756408297,-7.17591198855068],[-34.795856166052999,-7.17591269480686],[-34.795863485870399,-7.17591404336108],[-34.795870660152303,-7.17591602394998],[-34.795877634298201,-7.17591862150009],[-34.795884355230598,-7.17592181624251],[-34.795890771799201,-7.17592558386329],[-34.795896285836001,-7.17592947136531]]]}},
{"type":"Feature","properties":{"id":null,"Name":null,"description":null,"timestamp":null,"begin":null,"end":null,"altitudeMode":null,"tessellate":-1,"extrude":0,"visibility":-1,"drawOrder":null,"icon":null,"FID":77.0},"geometry":{"type":"MultiLineString","coordinates":[[[-34.795840617832901,-7.17825063442802],[-34.795759096515702,-7.17600013596502]]]}},
{"type":"Feature","properties":{"id":null,"Name":null,"description":null,"timestamp":null,"begin":null,"end":null,"altitudeMode":null,"tessellate":-1,"extrude":0,"visibility":-1,"drawOrder":null,"icon":null,"FID":96.0},"geometry":{"type":"MultiLineString","coordinates":[[[-34.7970273954883,-7.16710827329421],[-34.7971951505207,-7.16833429166233]]]}},
{"type":"Feature","properties":{"id":null,"Name":null,"description":null,"timestamp":null,"begin":null,"end":null,"altitudeMode":null,"tessellate":-1,"extrude":0,"visibility":-1,"drawOrder":null,"icon":null,"FID":97.0},"geometry":{"type":"MultiLineString","coordinates":[[[-34.797027395476803,-7.1671082732101],[-34.796986282831803,-7.16666405920253],[-34.796980326627903,-7.16638829360752]]]}},
{"type":"Feature","properties":{"id":null,"Name":null,"description":null,"timestamp":null,"begin":null,"end":null,"altitudeMode":null,"tessellate":-1,"extrude":0,"visibility":-1,"drawOrder":null,"icon":null,"FID":98.0},"geometry":{"type":"MultiLineString","coordinates":[[[-34.796984593292699,-7.16558791407257],[-34.796980306176401,-7.16638829363005]]]}},
{"type":"Feature","properties":{"id":null,"Name":null,"description":null,"timestamp":null,"begin":null,"end":null,"altitudeMode":null,"tessellate":-1,"extrude":0,"visibility":-1,"drawOrder":null,"icon":null,"FID":99.0},"geometry":{"type":"MultiLineString","coordinates":[[[-34.795830386249897,-7.16670128680438],[-34.795717956331004,-7.16559286292634]]]}},
{"type":"Feature","properties":{"id":null,"Name":null,"description":null,"timestamp":null,"begin":null,"end":null,"altitudeMode":null,"tessellate":-1,"extrude":0,"visibility":-1,"drawOrder":null,"icon":null,"FID":100.0},"geometry":{"type":"MultiLineString","coordinates":[[[-34.795830386242997,-7.16670128673598],[-34.795871524425401,-7.16741675427215],[-34.795871970065697,-7.16760311462212]]]}},
{"type":"Feature","properties":{"id":null,"Name":null,"description":null,"timestamp":null,"begin":null,"end":null,"altitudeMode":null,"tessellate":-1,"extrude":0,"visibility":-1,"drawOrder":null,"icon":null,"FID":101.0},"geometry":{"type":"MultiLineString","coordinates":[[[-34.795853051323498,-7.16971422398771],[-34.795872030309702,-7.16760311504323]]]}},
{"type":"Feature","properties":{"id":null,"Name":null,"description":null,"timestamp":null,"begin":null,"end":null,"altitudeMode":null,"tessellate":-1,"extrude":0,"visibility":-1,"drawOrder":null,"icon":null,"FID":102.0},"geometry":{"type":"MultiLineString","coordinates":[[[-34.7959108038702,-7.17061418079081],[-34.7958604409841,-7.17007707437041],[-34.795853030310298,-7.16971422398081]]]}},
{"type":"Feature","properties":{"id":null,"Name":null,"description":null,"timestamp":null,"begin":null,"end":null,"altitudeMode":null,"tessellate":-1,"extrude":0,"visibility":-1,"drawOrder":null,"icon":null,"FID":103.0},"geometry":{"type":"MultiLineString","coordinates":[[[-34.7961155983675,-7.17209746948843],[-34.795910803865098,-7.17061418075381]]]}},
{"type":"Feature","properties":{"id":null,"Name":null,"description":null,"timestamp":null,"begin":null,"end":null,"altitudeMode":null,"tessellate":-1,"extrude":0,"visibility":-1,"drawOrder":null,"icon":null,"FID":104.0},"geometry":{"type":"MultiLineString","coordinates":[[[-34.796115598362597,-7.17209746945321],[-34.796152695292399,-7.17249305524435],[-34.796157286675196,-7.17281738071668]]]}},
{"type":"Feature","properties":{"id":null,"Name":null,"description":null,"timestamp":null,"begin":null,"end":null,"altitudeMode":null,"tessellate":-1,"extrude":0,"visibility":-1,"drawOrder":null,"icon":null,"FID":105.0},"geometry":{"type":"MultiLineString","coordinates":[[[-34.796142023375999,-7.17352684404165],[-34.796157257176198,-7.17281738008892]]]}},
{"type":"Feature","properties":{"id":null,"Name":null,"description":null,"timestamp":null,"begin":null,"end":null,"altitudeMode":null,"tessellate":-1,"extrude":0,"visibility":-1,"drawOrder":null,"icon":null,"FID":106.0},"geometry":{"type":"MultiLineString","coordinates":[[[-34.796168856914903,-7.17406733676773],[-34.796143246358199,-7.17373584797062],[-34.7961420007138,-7.17352684357511]]]}},
{"type":"Feature","properties":{"id":null,"Name":null,"description":null,"timestamp":null,"begin":null,"end":null,"altitudeMode":null,"tessellate":-1,"extrude":0,"visibility":-1,"drawOrder":null,"icon":null,"FID":107.0},"geometry":{"type":"MultiLineString","coordinates":[[[-34.796278498909999,-7.17497061620814],[-34.796168856904302,-7.17406733668075]]]}},
{"type":"Feature","properties":{"id":null,"Name":null,"description":null,"timestamp":null,"begin":null,"end":null,"altitudeMode":null,"tessellate":-1,"extrude":0,"visibility":-1,"drawOrder":null,"icon":null,"FID":108.0},"geometry":{"type":"MultiLineString","coordinates":[[[-34.796807873030701,-7.17579124037488],[-34.7967267280819,-7.17573691463407],[-34.796650632659002,-7.17567573219272],[-34.796580165896501,-7.17560815868845],[-34.796515864090601,-7.17553470839904],[-34.796458216617602,-7.17545594032837],[-34.796407662209099,-7.17537245395197],[-34.796364585613297,-7.17528488465454],[-34.796329314666998,-7.17519389889423],[-34.796302117800202,-7.17510018913043],[-34.796283201993703,-7.17500446855357],[-34.796278564305297,-7.17497060832505]]]}},
{"type":"Feature","properties":{"id":null,"Name":null,"description":null,"timestamp":null,"begin":null,"end":null,"altitudeMode":null,"tessellate":-1,"extrude":0,"visibility":-1,"drawOrder":null,"icon":null,"FID":109.0},"geometry":{"type":"MultiLineString","coordinates":[[[-34.7977234979694,-7.17634805431742],[-34.796807873014899,-7.17579124036522]]]}},
{"type":"Feature","properties":{"id":null,"Name":null,"description":null,"timestamp":null,"begin":null,"end":null,"altitudeMode":null,"tessellate":-1,"extrude":0,"visibility":-1,"drawOrder":null,"icon":null,"FID":110.0},"geometry":{"type":"MultiLineString","coordinates":[[[-34.797723497959304,-7.1763480543113],[-34.797763839748399,-7.17637505792375],[-34.797801671560798,-7.17640547039379],[-34.797836705474403,-7.17643906026478],[-34.797868674860197,-7.17647557189812],[-34.797897336412099,-7.17651472741899],[-34.797922471998199,-7.1765562288309],[-34.797943890321299,-7.17659976028381],[-34.797947841948101,-7.17660898972569]]]}},
{"type":"Feature","properties":{"id":null,"Name":null,"description":null,"timestamp":null,"begin":null,"end":null,"altitudeMode":null,"tessellate":-1,"extrude":0,"visibility":-1,"drawOrder":null,"icon":null,"FID":111.0},"geometry":{"type":"MultiLineString","coordinates":[[[-34.798438527807399,-7.17778476588992],[-34.797947767678899,-7.17660902067791]]]}},
{"type":"Feature","properties":{"id":null,"Name":null,"description":null,"timestamp":null,"begin":null,"end":null,"altitudeMode":null,"tessellate":-1,"extrude":0,"visibility":-1,"drawOrder":null,"icon":null,"FID":112.0},"geometry":{"type":"MultiLineString","coordinates":[[[-34.798438527805303,-7.17778476588494],[-34.798447490699303,-7.17780920594607],[-34.798454286720599,-7.1778343331928],[-34.7984588641473,-7.17785995639173],[-34.7984611881418,-7.17788588053503],[-34.798461241017002,-7.17791190832444],[-34.798459022369997,-7.17793784167284],[-34.798455912371402,-7.17795693217444]]]}},
{"type":"Feature","properties":{"id":null,"Name":null,"description":null,"timestamp":null,"begin":null,"end":null,"altitudeMode":null,"tessellate":-1,"extrude":0,"visibility":-1,"drawOrder":null,"icon":null,"FID":113.0},"geometry":{"type":"MultiLineString","coordinates":[[[-34.798400304346998,-7.17824061194273],[-34.798455952076402,-7.17795693996222]]]}},
{"type":"Feature","properties":{"id":null,"Name":null,"description":null,"timestamp":null,"begin":null,"end":null,"altitudeMode":null,"tessellate":-1,"extrude":0,"visibility":-1,"drawOrder":null,"icon":null,"FID":121.0},"geometry":{"type":"MultiLineString","coordinates":[[[-34.797181613818204,-7.16619709053811],[-34.797194884633903,-7.16558709210951]]]}},
{"type":"Feature","properties":{"id":null,"Name":null,"description":null,"timestamp":null,"begin":null,"end":null,"altitudeMode":null,"tessellate":-1,"extrude":0,"visibility":-1,"drawOrder":null,"icon":null,"FID":122.0},"geometry":{"type":"MultiLineString","coordinates":[[[-34.797257462402897,-7.16654019408025],[-34.797231465292498,-7.16648084962875],[-34.797210745692901,-7.16641946798627],[-34.797195461291103,-7.16635651630532],[-34.797185728408898,-7.16629247368727],[-34.797181621117304,-7.16622782753606],[-34.797181650665401,-7.16619709132494]]]}},
{"type":"Feature","properties":{"id":null,"Name":null,"description":null,"timestamp":null,"begin":null,"end":null,"altitudeMode":null,"tessellate":-1,"extrude":0,"visibility":-1,"drawOrder":null,"icon":null,"FID":123.0},"geometry":{"type":"MultiLineString","coordinates":[[[-34.7975121574692,-7.16705890952151],[-34.797257462409704,-7.16654019409415]]]}},
{"type":"Feature","properties":{"id":null,"Name":null,"description":null,"timestamp":null,"begin":null,"end":null,"altitudeMode":null,"tessellate":-1,"extrude":0,"visibility":-1,"drawOrder":null,"icon":null,"FID":124.0},"geometry":{"type":"MultiLineString","coordinates":[[[-34.797758132364201,-7.16729284836686],[-34.797719638967102,-7.1672742380881],[-34.797682916043897,-7.1672523478329],[-34.797648243078903,-7.16722734419963],[-34.797615883954997,-7.16719941748144],[-34.797586084945003,-7.16716878021798],[-34.797559072837501,-7.16713566557788],[-34.797535053211099,-7.16710032558404],[-34.797514208869501,-7.16706302919575],[-34.797512160513101,-7.16705890804186]]]}},
{"type":"Feature","properties":{"id":null,"Name":null,"description":null,"timestamp":null,"begin":null,"end":null,"altitudeMode":null,"tessellate":-1,"extrude":0,"visibility":-1,"drawOrder":null,"icon":null,"FID":125.0},"geometry":{"type":"MultiLineString","coordinates":[[[-34.798101721315199,-7.16744087164574],[-34.797758132360499,-7.16729284836528]]]}},
{"type":"Feature","properties":{"id":null,"Name":null,"description":null,"timestamp":null,"begin":null,"end":null,"altitudeMode":null,"tessellate":-1,"extrude":0,"visibility":-1,"drawOrder":null,"icon":null,"FID":126.0},"geometry":{"type":"MultiLineString","coordinates":[[[-34.798101721318297,-7.16744087164706],[-34.798125814431998,-7.16745252416063],[-34.798148799029597,-7.16746622959864],[-34.798170500184703,-7.16748188365455],[-34.798190752738698,-7.16749936719172],[-34.798209402557397,-7.16751854715004],[-34.798226307704702,-7.16753927755865],[-34.7982413395221,-7.16756140064684],[-34.798254383608501,-7.16758474804479],[-34.7982653406902,-7.16760914206489],[-34.798274127377098,-7.16763439705419],[-34.798280676796999,-7.16766032080711],[-34.798284939104498,-7.16768671602847],[-34.798285551534903,-7.16769241509864]]]}},
{"type":"Feature","properties":{"id":null,"Name":null,"description":null,"timestamp":null,"begin":null,"end":null,"altitudeMode":null,"tessellate":-1,"extrude":0,"visibility":-1,"drawOrder":null,"icon":null,"FID":127.0},"geometry":{"type":"MultiLineString","coordinates":[[[-34.7983542294375,-7.1683940435108],[-34.7982855733297,-7.16769241296691]]]}},
{"type":"Feature","properties":{"id":null,"Name":null,"description":null,"timestamp":null,"begin":null,"end":null,"altitudeMode":null,"tessellate":-1,"extrude":0,"visibility":-1,"drawOrder":null,"icon":null,"FID":148.0},"geometry":{"type":"MultiLineString","coordinates":[[[-34.798197293826902,-7.17986591048644],[-34.798966545873903,-7.17950231675583]]]}},
{"type":"Feature","properties":{"id":null,"Name":null,"description":null,"timestamp":null,"begin":null,"end":null,"altitudeMode":null,"tessellate":-1,"extrude":0,"visibility":-1,"drawOrder":null,"icon":null,"FID":149.0},"geometry":{"type":"MultiLineString","coordinates":[[[-34.797995439275603,-7.18003415178152],[-34.798023670545,-7.17999822576696],[-34.798054929488401,-7.1799648938792],[-34.798088978206103,-7.17993440979349],[-34.798125557566401,-7.17990700551149],[-34.798164389178503,-7.17988288959571],[-34.798197286650399,-7.17986589534921]]]}},
{"type":"Feature","properties":{"id":null,"Name":null,"description":null,"timestamp":null,"begin":null,"end":null,"altitudeMode":null,"tessellate":-1,"extrude":0,"visibility":-1,"drawOrder":null,"icon":null,"FID":150.0},"geometry":{"type":"MultiLineString","coordinates":[[[-34.797667344360299,-7.18049149535488],[-34.797995439275603,-7.18003415178145]]]}},
{"type":"Feature","properties":{"id":null,"Name":null,"description":null,"timestamp":null,"begin":null,"end":null,"altitudeMode":null,"tessellate":-1,"extrude":0,"visibility":-1,"drawOrder":null,"icon":null,"FID":151.0},"geometry":{"type":"MultiLineString","coordinates":[[[-34.797667344360399,-7.18049149535471],[-34.797653948463299,-7.18050855148724],[-34.797639115124603,-7.18052437665815],[-34.7976229572349,-7.18053885042818],[-34.797605597765497,-7.18055186264309],[-34.797587168832301,-7.18056331427189],[-34.797567810690701,-7.18057311816066],[-34.797547670668102,-7.18058119969572],[-34.7975269020422,-7.18058749737157],[-34.7975268528645,-7.18058750996695]]]}},
{"type":"Feature","properties":{"id":null,"Name":null,"description":null,"timestamp":null,"begin":null,"end":null,"altitudeMode":null,"tessellate":-1,"extrude":0,"visibility":-1,"drawOrder":null,"icon":null,"FID":152.0},"geometry":{"type":"MultiLineString","coordinates":[[[-34.796660268748397,-7.18080954507797],[-34.797526856726599,-7.18058752500817]]]}},
{"type":"Feature","properties":{"id":null,"Name":null,"description":null,"timestamp":null,"begin":null,"end":null,"altitudeMode":null,"tessellate":-1,"extrude":0,"visibility":-1,"drawOrder":null,"icon":null,"FID":153.0},"geometry":{"type":"MultiLineString","coordinates":[[[-34.796660268750003,-7.18080954507756],[-34.796650664227002,-7.18081156369853],[-34.796640920095399,-7.18081273860423],[-34.796631110513999,-7.18081306085292],[-34.796621310139699,-7.18081252799206],[-34.796611593559298,-7.18081114407703],[-34.796602034722,-7.18080891964028],[-34.796592706376202,-7.18080587161108],[-34.796583679516402,-7.18080202318681],[-34.796575022842497,-7.18079740365629],[-34.796566802237002,-7.18079204817696],[-34.796559080263798,-7.18078599750728],[-34.796551915691801,-7.18077929769649],[-34.796545363047599,-7.18077199973426],[-34.796539472200998,-7.18076415916251],[-34.796534287984699,-7.18075583565274],[-34.796529849853798,-7.18074709255191],[-34.796526191585102,-7.18073799640034],[-34.796523341020198,-7.18072861642526],[-34.796521319853703,-7.18071902401399],[-34.796520143467603,-7.18070929217058],[-34.796519820815199,-7.18069949496024],[-34.796520354351699,-7.18068970694567],[-34.796521740016701,-7.18068000261962],[-34.7965222357439,-7.18067751640066]]]}},
{"type":"Feature","properties":{"id":null,"Name":null,"description":null,"timestamp":null,"begin":null,"end":null,"altitudeMode":null,"tessellate":-1,"extrude":0,"visibility":-1,"drawOrder":null,"icon":null,"FID":154.0},"geometry":{"type":"MultiLineString","coordinates":[[[-34.796661154557299,-7.18002048112556],[-34.796522325733903,-7.18067753535247]]]}},
{"type":"Feature","properties":{"id":null,"Name":null,"description":null,"timestamp":null,"begin":null,"end":null,"altitudeMode":null,"tessellate":-1,"extrude":0,"visibility":-1,"drawOrder":null,"icon":null,"FID":155.0},"geometry":{"type":"MultiLineString","coordinates":[[[-34.796654686528697,-7.17975649170069],[-34.796665267959703,-7.17980541201184],[-34.796671540067599,-7.17985506723731],[-34.796673455116803,-7.17990507947138],[-34.7966709985309,-7.17995506809112],[-34.796664189004801,-7.18000465265326],[-34.796661078623302,-7.18002046510494]]]}},
{"type":"Feature","properties":{"id":null,"Name":null,"description":null,"timestamp":null,"begin":null,"end":null,"altitudeMode":null,"tessellate":-1,"extrude":0,"visibility":-1,"drawOrder":null,"icon":null,"FID":156.0},"geometry":{"type":"MultiLineString","coordinates":[[[-34.796594580871798,-7.17952743202896],[-34.796654686530403,-7.17975649170713]]]}},
{"type":"Feature","properties":{"id":null,"Name":null,"description":null,"timestamp":null,"begin":null,"end":null,"altitudeMode":null,"tessellate":-1,"extrude":0,"visibility":-1,"drawOrder":null,"icon":null,"FID":157.0},"geometry":{"type":"MultiLineString","coordinates":[[[-34.79659458087,-7.17952743202203],[-34.796583419830498,-7.17947579686728],[-34.796576807235397,-7.17942338667449],[-34.7965747934091,-7.17937060031746],[-34.796577393676401,-7.17931783953271],[-34.796584588246198,-7.17926550586197],[-34.796596322361701,-7.17921399759627],[-34.796606368919399,-7.17918106877748]]]}},
{"type":"Feature","properties":{"id":null,"Name":null,"description":null,"timestamp":null,"begin":null,"end":null,"altitudeMode":null,"tessellate":-1,"extrude":0,"visibility":-1,"drawOrder":null,"icon":null,"FID":158.0},"geometry":{"type":"MultiLineString","coordinates":[[[-34.796920891990901,-7.17824640634125],[-34.796606438908597,-7.17918109227677]]]}},
{"type":"Feature","properties":{"id":null,"Name":null,"description":null,"timestamp":null,"begin":null,"end":null,"altitudeMode":null,"tessellate":-1,"extrude":0,"visibility":-1,"drawOrder":null,"icon":null,"FID":159.0},"geometry":{"type":"MultiLineString","coordinates":[[[-34.795898292490797,-7.17984471492671],[-34.795840617832901,-7.17825063442802]]]}},
{"type":"Feature","properties":{"id":null,"Name":null,"description":null,"timestamp":null,"begin":null,"end":null,"altitudeMode":null,"tessellate":-1,"extrude":0,"visibility":-1,"drawOrder":null,"icon":null,"FID":160.0},"geometry":{"type":"MultiLineString","coordinates":[[[-34.795898292489198,-7.17984471488258],[-34.795908111940101,-7.18092930824356]]]}},
{"type":"Feature","properties":{"id":null,"Name":null,"description":null,"timestamp":null,"begin":null,"end":null,"altitudeMode":null,"tessellate":-1,"extrude":0,"visibility":-1,"drawOrder":null,"icon":null,"FID":161.0},"geometry":{"type":"MultiLineString","coordinates":[[[-34.795825965499397,-7.18547430052887],[-34.795908070645801,-7.1809293075021]]]}},
{"type":"Feature","properties":{"id":null,"Name":null,"description":null,"timestamp":null,"begin":null,"end":null,"altitudeMode":null,"tessellate":-1,"extrude":0,"visibility":-1,"drawOrder":null,"icon":null,"FID":162.0},"geometry":{"type":"MultiLineString","coordinates":[[[-34.795825965500597,-7.18547430046197],[-34.795809253898298,-7.1857445654493],[-34.7957691496891,-7.1860116865212]]]}},
{"type":"Feature","properties":{"id":null,"Name":null,"description":null,"timestamp":null,"begin":null,"end":null,"altitudeMode":null,"tessellate":-1,"extrude":0,"visibility":-1,"drawOrder":null,"icon":null,"FID":163.0},"geometry":{"type":"MultiLineString","coordinates":[[[-34.795359937616396,-7.18810967368514],[-34.795769139788,-7.18601168472032]]]}},
{"type":"Feature","properties":{"id":null,"Name":null,"description":null,"timestamp":null,"begin":null,"end":null,"altitudeMode":null,"tessellate":-1,"extrude":0,"visibility":-1,"drawOrder":null,"icon":null,"FID":164.0},"geometry":{"type":"MultiLineString","coordinates":[[[-34.7952546500577,-7.18882455364918],[-34.795352026063,-7.18815088013516],[-34.795359947475497,-7.18810967551438]]]}},
{"type":"Feature","properties":{"id":null,"Name":null,"description":null,"timestamp":null,"begin":null,"end":null,"altitudeMode":null,"tessellate":-1,"extrude":0,"visibility":-1,"drawOrder":null,"icon":null,"FID":165.0},"geometry":{"type":"MultiLineString","coordinates":[[[-34.795183560985201,-7.18953369392408],[-34.795254650055902,-7.18882455366649]]]}},
{"type":"Feature","properties":{"id":null,"Name":null,"description":null,"timestamp":null,"begin":null,"end":null,"altitudeMode":null,"tessellate":-1,"extrude":0,"visibility":-1,"drawOrder":null,"icon":null,"FID":166.0},"geometry":{"type":"MultiLineString","coordinates":[[[-34.795183560961398,-7.18953369416119],[-34.795117790345799,-7.19007209647111]]]}},
{"type":"Feature","properties":{"id":null,"Name":null,"description":null,"timestamp":null,"begin":null,"end":null,"altitudeMode":null,"tessellate":-1,"extrude":0,"visibility":-1,"drawOrder":null,"icon":null,"FID":167.0},"geometry":{"type":"MultiLineString","coordinates":[[[-34.795002147533502,-7.19087391833872],[-34.795117867076897,-7.19007210757452]]]}},
{"type":"Feature","properties":{"id":null,"Name":null,"description":null,"timestamp":null,"begin":null,"end":null,"altitudeMode":null,"tessellate":-1,"extrude":0,"visibility":-1,"drawOrder":null,"icon":null,"FID":168.0},"geometry":{"type":"MultiLineString","coordinates":[[[-34.795002147534603,-7.19087391833062],[-34.794995089573497,-7.19091219197545]]]}},
{"type":"Feature","properties":{"id":null,"Name":null,"description":null,"timestamp":null,"begin":null,"end":null,"altitudeMode":null,"tessellate":-1,"extrude":0,"visibility":-1,"drawOrder":null,"icon":null,"FID":171.0},"geometry":{"type":"MultiLineString","coordinates":[[[-34.798385216085997,-7.17831743418759],[-34.798400304346998,-7.17824061194273]]]}},
{"type":"Feature","properties":{"id":null,"Name":null,"description":null,"timestamp":null,"begin":null,"end":null,"altitudeMode":null,"tessellate":-1,"extrude":0,"visibility":-1,"drawOrder":null,"icon":null,"FID":172.0},"geometry":{"type":"MultiLineString","coordinates":[[[-34.7984466202156,-7.17855426414415],[-34.7984315276817,-7.17853469613057],[-34.798418200190603,-7.17851388882976],[-34.7984067391724,-7.17849200059808],[-34.798397231852299,-7.17846919801839],[-34.798389750586701,-7.17844565463223],[-34.798384352312098,-7.17842154961917],[-34.798381078112399,-7.17839706643305],[-34.798379952905997,-7.17837239140587],[-34.798380985256003,-7.17834771232955],[-34.798384167305301,-7.17832321702682],[-34.798385238270299,-7.17831743852755]]]}},
{"type":"Feature","properties":{"id":null,"Name":null,"description":null,"timestamp":null,"begin":null,"end":null,"altitudeMode":null,"tessellate":-1,"extrude":0,"visibility":-1,"drawOrder":null,"icon":null,"FID":173.0},"geometry":{"type":"MultiLineString","coordinates":[[[-34.798902842686701,-7.17909524284453],[-34.798446620214698,-7.17855426414301]]]}},
{"type":"Feature","properties":{"id":null,"Name":null,"description":null,"timestamp":null,"begin":null,"end":null,"altitudeMode":null,"tessellate":-1,"extrude":0,"visibility":-1,"drawOrder":null,"icon":null,"FID":190.0},"geometry":{"type":"MultiLineString","coordinates":[[[-34.794995089573497,-7.19091219197545],[-34.794983660532999,-7.19095430562331],[-34.794968599817501,-7.19099526418835],[-34.794950022047203,-7.19103475595107],[-34.794945774421301,-7.19104267437032]]]}},
{"type":"Feature","properties":{"id":null,"Name":null,"description":null,"timestamp":null,"begin":null,"end":null,"altitudeMode":null,"tessellate":-1,"extrude":0,"visibility":-1,"drawOrder":null,"icon":null,"FID":191.0},"geometry":{"type":"MultiLineString","coordinates":[[[-34.794882404923897,-7.19115856508797],[-34.794945775023599,-7.19104267470123]]]}},
{"type":"Feature","properties":{"id":null,"Name":null,"description":null,"timestamp":null,"begin":null,"end":null,"altitudeMode":null,"tessellate":-1,"extrude":0,"visibility":-1,"drawOrder":null,"icon":null,"FID":192.0},"geometry":{"type":"MultiLineString","coordinates":[[[-34.794830832984097,-7.19132793555587],[-34.794835857426101,-7.19129044921833],[-34.794844134099897,-7.19125354287417],[-34.794855600014301,-7.191217497403],[-34.794870167905998,-7.19118258713257],[-34.794882380479102,-7.19115855172092]]]}},
{"type":"Feature","properties":{"id":null,"Name":null,"description":null,"timestamp":null,"begin":null,"end":null,"altitudeMode":null,"tessellate":-1,"extrude":0,"visibility":-1,"drawOrder":null,"icon":null,"FID":193.0},"geometry":{"type":"MultiLineString","coordinates":[[[-34.794810360429402,-7.19155532172484],[-34.794830832983799,-7.19132793555938]]]}},
{"type":"Feature","properties":{"id":null,"Name":null,"description":null,"timestamp":null,"begin":null,"end":null,"altitudeMode":null,"tessellate":-1,"extrude":0,"visibility":-1,"drawOrder":null,"icon":null,"FID":194.0},"geometry":{"type":"MultiLineString","coordinates":[[[-34.794804526136097,-7.19200606857947],[-34.794799400152201,-7.19174887768845],[-34.794810383002698,-7.19155532378082]]]}},
{"type":"Feature","properties":{"id":null,"Name":null,"description":null,"timestamp":null,"begin":null,"end":null,"altitudeMode":null,"tessellate":-1,"extrude":0,"visibility":-1,"drawOrder":null,"icon":null,"FID":195.0},"geometry":{"type":"MultiLineString","coordinates":[[[-34.794943367946303,-7.19418626919783],[-34.7948045261384,-7.19200606861559]]]}},
{"type":"Feature","properties":{"id":null,"Name":null,"description":null,"timestamp":null,"begin":null,"end":null,"altitudeMode":null,"tessellate":-1,"extrude":0,"visibility":-1,"drawOrder":null,"icon":null,"FID":196.0},"geometry":{"type":"MultiLineString","coordinates":[[[-34.795031105289901,-7.19471892783189],[-34.794979565698803,-7.19448756370532],[-34.794948413094602,-7.19425259380669],[-34.794943371536597,-7.19418626890394]]]}},
{"type":"Feature","properties":{"id":null,"Name":null,"description":null,"timestamp":null,"begin":null,"end":null,"altitudeMode":null,"tessellate":-1,"extrude":0,"visibility":-1,"drawOrder":null,"icon":null,"FID":197.0},"geometry":{"type":"MultiLineString","coordinates":[[[-34.795197306286902,-7.19533636029629],[-34.7950311052941,-7.19471892784752]]]}},
{"type":"Feature","properties":{"id":null,"Name":null,"description":null,"timestamp":null,"begin":null,"end":null,"altitudeMode":null,"tessellate":-1,"extrude":0,"visibility":-1,"drawOrder":null,"icon":null,"FID":198.0},"geometry":{"type":"MultiLineString","coordinates":[[[-34.7953448850906,-7.1956612793687],[-34.795295150620298,-7.19557945092843],[-34.795252746484302,-7.19549360482657],[-34.7952179954016,-7.19540439440658],[-34.795197297528297,-7.19533636265487]]]}},
{"type":"Feature","properties":{"id":null,"Name":null,"description":null,"timestamp":null,"begin":null,"end":null,"altitudeMode":null,"tessellate":-1,"extrude":0,"visibility":-1,"drawOrder":null,"icon":null,"FID":199.0},"geometry":{"type":"MultiLineString","coordinates":[[[-34.795801318939503,-7.19634321521473],[-34.795344885082301,-7.19566127935629]]]}},
{"type":"Feature","properties":{"id":null,"Name":null,"description":null,"timestamp":null,"begin":null,"end":null,"altitudeMode":null,"tessellate":-1,"extrude":0,"visibility":-1,"drawOrder":null,"icon":null,"FID":200.0},"geometry":{"type":"MultiLineString","coordinates":[[[-34.795903081777197,-7.1963440818842],[-34.795899836955698,-7.19634835796463],[-34.795896231313201,-7.19635233533492],[-34.795892292290802,-7.19635598372484],[-34.795888049866697,-7.19635927536797],[-34.795883536328503,-7.19636218521287],[-34.795878786026798,-7.19636469111388],[-34.795873835114399,-7.19636677399954],[-34.795868721270601,-7.1963684180179],[-34.795863483414898,-7.19636961065687],[-34.7958581614106,-7.19637034283984],[-34.795852795761398,-7.19637060899439],[-34.795847427303102,-7.19637040709496],[-34.795842096892898,-7.19636973867806],[-34.795836845098499,-7.1963686088308],[-34.7958317118892,-7.19636702615197],[-34.795826736331897,-7.19636500268676],[-34.795821956293601,-7.19636255383488],[-34.795817408153198,-7.19635969823366],[-34.795813126524997,-7.19635645761592],[-34.795809143994497,-7.19635285664472],[-34.795805490871501,-7.19634892272564],[-34.795802194958199,-7.19634468579817],[-34.795801224566802,-7.19634327819195]]]}},
{"type":"Feature","properties":{"id":null,"Name":null,"description":null,"timestamp":null,"begin":null,"end":null,"altitudeMode":null,"tessellate":-1,"extrude":0,"visibility":-1,"drawOrder":null,"icon":null,"FID":201.0},"geometry":{"type":"MultiLineString","coordinates":[[[-34.796366873118501,-7.19567390760999],[-34.795903081777503,-7.19634408188371]]]}},
{"type":"Feature","properties":{"id":null,"Name":null,"description":null,"timestamp":null,"begin":null,"end":null,"altitudeMode":null,"tessellate":-1,"extrude":0,"visibility":-1,"drawOrder":null,"icon":null,"FID":202.0},"geometry":{"type":"MultiLineString","coordinates":[[[-34.796366873118401,-7.19567390761009],[-34.796382538654903,-7.19565325496676],[-34.796399946907101,-7.19563404448703],[-34.796418965387502,-7.19561642237405],[-34.796439449353898,-7.19560052274258],[-34.7964612429111,-7.19558646659821],[-34.796484180196899,-7.19557436091644],[-34.796508086644799,-7.19556429782864],[-34.796532780312702,-7.19555635392079],[-34.796558073267001,-7.19555058965061],[-34.796583773013303,-7.19554704888753],[-34.7966096839614,-7.19554575857874],[-34.796635608913803,-7.19554672854415],[-34.796649478806998,-7.19554818176701]]]}},
{"type":"Feature","properties":{"id":null,"Name":null,"description":null,"timestamp":null,"begin":null,"end":null,"altitudeMode":null,"tessellate":-1,"extrude":0,"visibility":-1,"drawOrder":null,"icon":null,"FID":203.0},"geometry":{"type":"MultiLineString","coordinates":[[[-34.797837689565903,-7.1957008655387],[-34.796649475731499,-7.19554820564214]]]}},
{"type":"Feature","properties":{"id":null,"Name":null,"description":null,"timestamp":null,"begin":null,"end":null,"altitudeMode":null,"tessellate":-1,"extrude":0,"visibility":-1,"drawOrder":null,"icon":null,"FID":204.0},"geometry":{"type":"MultiLineString","coordinates":[[[-34.798074147957301,-7.19562832767003],[-34.798053845793604,-7.19564473103554],[-34.798032189384003,-7.19565930482054],[-34.798009343547101,-7.19567193810949],[-34.7979854821534,-7.19568253475525],[-34.797960786802903,-7.19569101411072],[-34.797935445442199,-7.19569731164267],[-34.797909650934798,-7.19570137942296],[-34.797883599592701,-7.19570318649313],[-34.797857489682798,-7.19570271910018],[-34.7978376929006,-7.19570083959712]]]}},
{"type":"Feature","properties":{"id":null,"Name":null,"description":null,"timestamp":null,"begin":null,"end":null,"altitudeMode":null,"tessellate":-1,"extrude":0,"visibility":-1,"drawOrder":null,"icon":null,"FID":205.0},"geometry":{"type":"MultiLineString","coordinates":[[[-34.798612035735403,-7.19515343060915],[-34.798074147959603,-7.19562832766793]]]}},
{"type":"Feature","properties":{"id":null,"Name":null,"description":null,"timestamp":null,"begin":null,"end":null,"altitudeMode":null,"tessellate":-1,"extrude":0,"visibility":-1,"drawOrder":null,"icon":null,"FID":223.0},"geometry":{"type":"MultiLineString","coordinates":[[[-34.8010666311935,-7.19964621511095],[-34.801998433088002,-7.19992880303392]]]}},
{"type":"Feature","properties":{"id":null,"Name":null,"description":null,"timestamp":null,"begin":null,"end":null,"altitudeMode":null,"tessellate":-1,"extrude":0,"visibility":-1,"drawOrder":null,"icon":null,"FID":224.0},"geometry":{"type":"MultiLineString","coordinates":[[[-34.800978115140801,-7.19962983655355],[-34.801013237116997,-7.19963392137985],[-34.801047868963302,-7.19964104775221],[-34.801066621238697,-7.19964624784409]]]}},
{"type":"Feature","properties":{"id":null,"Name":null,"description":null,"timestamp":null,"begin":null,"end":null,"altitudeMode":null,"tessellate":-1,"extrude":0,"visibility":-1,"drawOrder":null,"icon":null,"FID":225.0},"geometry":{"type":"MultiLineString","coordinates":[[[-34.800618865398697,-7.19960385421984],[-34.8009781151383,-7.19962983655337]]]}},
{"type":"Feature","properties":{"id":null,"Name":null,"description":null,"timestamp":null,"begin":null,"end":null,"altitudeMode":null,"tessellate":-1,"extrude":0,"visibility":-1,"drawOrder":null,"icon":null,"FID":226.0},"geometry":{"type":"MultiLineString","coordinates":[[[-34.800618865413703,-7.19960385422093],[-34.8005602582802,-7.19959703017138],[-34.800502469696497,-7.19958513078904],[-34.800445939470698,-7.19956824663536],[-34.800391097834002,-7.19954650620903],[-34.800338362166002,-7.19952007496814],[-34.800288411307903,-7.19948934195367]]]}},
{"type":"Feature","properties":{"id":null,"Name":null,"description":null,"timestamp":null,"begin":null,"end":null,"altitudeMode":null,"tessellate":-1,"extrude":0,"visibility":-1,"drawOrder":null,"icon":null,"FID":227.0},"geometry":{"type":"MultiLineString","coordinates":[[[-34.799582817079603,-7.19901181809348],[-34.800288418282904,-7.1994893316743]]]}},
{"type":"Feature","properties":{"id":null,"Name":null,"description":null,"timestamp":null,"begin":null,"end":null,"altitudeMode":null,"tessellate":-1,"extrude":0,"visibility":-1,"drawOrder":null,"icon":null,"FID":228.0},"geometry":{"type":"MultiLineString","coordinates":[[[-34.799582817096599,-7.19901181810498],[-34.799468736071098,-7.19892713815245],[-34.799362479163499,-7.19883285052149],[-34.799264855057203,-7.19872967280318],[-34.799194665651598,-7.1986428409182]]]}},
{"type":"Feature","properties":{"id":null,"Name":null,"description":null,"timestamp":null,"begin":null,"end":null,"altitudeMode":null,"tessellate":-1,"extrude":0,"visibility":-1,"drawOrder":null,"icon":null,"FID":229.0},"geometry":{"type":"MultiLineString","coordinates":[[[-34.799046893526999,-7.19844656571695],[-34.799194693492304,-7.19864282000201]]]}},
{"type":"Feature","properties":{"id":null,"Name":null,"description":null,"timestamp":null,"begin":null,"end":null,"altitudeMode":null,"tessellate":-1,"extrude":0,"visibility":-1,"drawOrder":null,"icon":null,"FID":230.0},"geometry":{"type":"MultiLineString","coordinates":[[[-34.798655810169997,-7.19847504662723],[-34.798666319198702,-7.19845764690511],[-34.798678306696999,-7.19844122812509],[-34.7986916814328,-7.19842591524392],[-34.798706341616203,-7.19841182480178],[-34.7987221756743,-7.1983990640353],[-34.7987390631002,-7.19838773006152],[-34.7987568753707,-7.19837790913868],[-34.798775476923502,-7.19836967600979],[-34.798794726189797,-7.19836309333385],[-34.798814476671097,-7.19835821120885],[-34.798834578054603,-7.19835506679057],[-34.798854877356803,-7.19835368400991],[-34.798875220088,-7.19835407339054],[-34.798895451428002,-7.19835623196901],[-34.798915417404203,-7.19836014331721],[-34.798934966063896,-7.19836577766737],[-34.79895394863,-7.19837309213874],[-34.798972220634099,-7.19838203106377],[-34.798989643015297,-7.1983925264119],[-34.799006083179002,-7.19840449830733],[-34.7990214160058,-7.19841785563672],[-34.7990355248035,-7.1984324967429],[-34.799046962585798,-7.19844651383974]]]}},
{"type":"Feature","properties":{"id":null,"Name":null,"description":null,"timestamp":null,"begin":null,"end":null,"altitudeMode":null,"tessellate":-1,"extrude":0,"visibility":-1,"drawOrder":null,"icon":null,"FID":231.0},"geometry":{"type":"MultiLineString","coordinates":[[[-34.798372043090197,-7.19899478701348],[-34.798655810169301,-7.19847504662853]]]}},
{"type":"Feature","properties":{"id":null,"Name":null,"description":null,"timestamp":null,"begin":null,"end":null,"altitudeMode":null,"tessellate":-1,"extrude":0,"visibility":-1,"drawOrder":null,"icon":null,"FID":232.0},"geometry":{"type":"MultiLineString","coordinates":[[[-34.798329179464098,-7.19932904203636],[-34.798321105885996,-7.19928937844157],[-34.798316524450399,-7.19924916303611],[-34.798315470023802,-7.19920870188384],[-34.798317950630199,-7.19916830291881],[-34.798323947389797,-7.19912827360173],[-34.798333414662501,-7.19908891857993],[-34.798346280395798,-7.19905053736889],[-34.798362446672797,-7.19901342207273],[-34.798372070934001,-7.19899480217231]]]}},
{"type":"Feature","properties":{"id":null,"Name":null,"description":null,"timestamp":null,"begin":null,"end":null,"altitudeMode":null,"tessellate":-1,"extrude":0,"visibility":-1,"drawOrder":null,"icon":null,"FID":233.0},"geometry":{"type":"MultiLineString","coordinates":[[[-34.798473324726103,-7.19990740829365],[-34.7983291794636,-7.1993290420344]]]}},
{"type":"Feature","properties":{"id":null,"Name":null,"description":null,"timestamp":null,"begin":null,"end":null,"altitudeMode":null,"tessellate":-1,"extrude":0,"visibility":-1,"drawOrder":null,"icon":null,"FID":234.0},"geometry":{"type":"MultiLineString","coordinates":[[[-34.798689906297497,-7.20039606839088],[-34.798619411187801,-7.20028012846751],[-34.798559302403099,-7.20015849367568],[-34.798510037403403,-7.20003208973528],[-34.798473356567797,-7.19990740036496]]]}},
{"type":"Feature","properties":{"id":null,"Name":null,"description":null,"timestamp":null,"begin":null,"end":null,"altitudeMode":null,"tessellate":-1,"extrude":0,"visibility":-1,"drawOrder":null,"icon":null,"FID":235.0},"geometry":{"type":"MultiLineString","coordinates":[[[-34.800435547683499,-7.2030033034712],[-34.7986899063133,-7.20039606841442]]]}},
{"type":"Feature","properties":{"id":null,"Name":null,"description":null,"timestamp":null,"begin":null,"end":null,"altitudeMode":null,"tessellate":-1,"extrude":0,"visibility":-1,"drawOrder":null,"icon":null,"FID":236.0},"geometry":{"type":"MultiLineString","coordinates":[[[-34.8008167971687,-7.20337259761132],[-34.8007257456944,-7.20331003477161],[-34.800640500593801,-7.20323978472732],[-34.800561710636501,-7.20316238212667],[-34.800489975463599,-7.20307841605362],[-34.8004355753339,-7.20300328503299]]]}},
{"type":"Feature","properties":{"id":null,"Name":null,"description":null,"timestamp":null,"begin":null,"end":null,"altitudeMode":null,"tessellate":-1,"extrude":0,"visibility":-1,"drawOrder":null,"icon":null,"FID":237.0},"geometry":{"type":"MultiLineString","coordinates":[[[-34.801095062181297,-7.20354645638599],[-34.800816797159598,-7.20337259760563]]]}},
{"type":"Feature","properties":{"id":null,"Name":null,"description":null,"timestamp":null,"begin":null,"end":null,"altitudeMode":null,"tessellate":-1,"extrude":0,"visibility":-1,"drawOrder":null,"icon":null,"FID":238.0},"geometry":{"type":"MultiLineString","coordinates":[[[-34.801119657684502,-7.20356182062132],[-34.801095062181297,-7.20354645638599]]]}},
{"type":"Feature","properties":{"id":null,"Name":null,"description":null,"timestamp":null,"begin":null,"end":null,"altitudeMode":null,"tessellate":-1,"extrude":0,"visibility":-1,"drawOrder":null,"icon":null,"FID":239.0},"geometry":{"type":"MultiLineString","coordinates":[[[-34.8014531010231,-7.20367768621192],[-34.801384607370203,-7.20366702859563],[-34.801317304451302,-7.20365044974143],[-34.801251704484997,-7.20362807582446],[-34.801188306729301,-7.20360007712404],[-34.801127593681699,-7.20356666672769],[-34.801119678988996,-7.20356178661574]]]}},
{"type":"Feature","properties":{"id":null,"Name":null,"description":null,"timestamp":null,"begin":null,"end":null,"altitudeMode":null,"tessellate":-1,"extrude":0,"visibility":-1,"drawOrder":null,"icon":null,"FID":240.0},"geometry":{"type":"MultiLineString","coordinates":[[[-34.802164199677499,-7.2037568015323],[-34.801453101012299,-7.20367768621071]]]}},
{"type":"Feature","properties":{"id":null,"Name":null,"description":null,"timestamp":null,"begin":null,"end":null,"altitudeMode":null,"tessellate":-1,"extrude":0,"visibility":-1,"drawOrder":null,"icon":null,"FID":241.0},"geometry":{"type":"MultiLineString","coordinates":[[[-34.802164199666997,-7.20375680153113],[-34.8022482789614,-7.20376988479852],[-34.802330896531601,-7.20379023663989],[-34.802411423612099,-7.20381770216547],[-34.802489247347097,-7.2038520723464],[-34.802518353601499,-7.20386708721761]]]}},
{"type":"Feature","properties":{"id":null,"Name":null,"description":null,"timestamp":null,"begin":null,"end":null,"altitudeMode":null,"tessellate":-1,"extrude":0,"visibility":-1,"drawOrder":null,"icon":null,"FID":242.0},"geometry":{"type":"MultiLineString","coordinates":[[[-34.802663773645897,-7.27282504864448],[-34.802786083096898,-7.2712991641395]]]}},
{"type":"Feature","properties":{"id":null,"Name":null,"description":null,"timestamp":null,"begin":null,"end":null,"altitudeMode":null,"tessellate":-1,"extrude":0,"visibility":-1,"drawOrder":null,"icon":null,"FID":243.0},"geometry":{"type":"MultiLineString","coordinates":[[[-34.802759726379101,-7.27333985372863],[-34.802725233140002,-7.27325930401441],[-34.8026979018654,-7.27317605894165],[-34.802677940559803,-7.27309075205781],[-34.802665501137398,-7.27300403260176],[-34.802660678265703,-7.2729165605625],[-34.802663508645402,-7.27282900165644],[-34.802663817283602,-7.27282505210002]]]}},
{"type":"Feature","properties":{"id":null,"Name":null,"description":null,"timestamp":null,"begin":null,"end":null,"altitudeMode":null,"tessellate":-1,"extrude":0,"visibility":-1,"drawOrder":null,"icon":null,"FID":244.0},"geometry":{"type":"MultiLineString","coordinates":[[[-34.8027945137571,-7.27341213805299],[-34.802759726387599,-7.27333985374641]]]}},
{"type":"Feature","properties":{"id":null,"Name":null,"description":null,"timestamp":null,"begin":null,"end":null,"altitudeMode":null,"tessellate":-1,"extrude":0,"visibility":-1,"drawOrder":null,"icon":null,"FID":245.0},"geometry":{"type":"MultiLineString","coordinates":[[[-34.802519184252098,-7.2774802982156],[-34.802809852678202,-7.27725491104748]]]}},
{"type":"Feature","properties":{"id":null,"Name":null,"description":null,"timestamp":null,"begin":null,"end":null,"altitudeMode":null,"tessellate":-1,"extrude":0,"visibility":-1,"drawOrder":null,"icon":null,"FID":246.0},"geometry":{"type":"MultiLineString","coordinates":[[[-34.802566804384902,-7.27761419466413],[-34.802560272381697,-7.27761404645241],[-34.802553778171301,-7.27761333034445],[-34.802547371178598,-7.27761205179023],[-34.802541100164802,-7.27761022052034],[-34.802535012856097,-7.27760785047184],[-34.802529155580601,-7.27760495968225],[-34.802523572915703,-7.27760157015221],[-34.802518307348898,-7.27759770767809],[-34.802513398954297,-7.27759340165568],[-34.802508885087903,-7.27758868485644],[-34.802504800102803,-7.27758359317803],[-34.802501175088203,-7.27757816537123],[-34.802498037632802,-7.27757244274495],[-34.802495411614402,-7.27756646885181],[-34.802493317018602,-7.27756028915682],[-34.802491769786499,-7.27755395069116],[-34.8024907816935,-7.27754750169438],[-34.802490360259497,-7.27754099124727],[-34.802490508691903,-7.27753446889826],[-34.802491225860997,-7.27752798428639],[-34.802492506308703,-7.27752158676345],[-34.802494340289897,-7.27751532501846],[-34.802496713846999,-7.2775092467071],[-34.802499608915802,-7.27750339808898],[-34.802503003462903,-7.27749782367556],[-34.802506871653797,-7.27749256589155],[-34.802511184049202,-7.27748766475183],[-34.802515907829303,-7.277483157557],[-34.802519259698002,-7.27748039508161]]]}},
{"type":"Feature","properties":{"id":null,"Name":null,"description":null,"timestamp":null,"begin":null,"end":null,"altitudeMode":null,"tessellate":-1,"extrude":0,"visibility":-1,"drawOrder":null,"icon":null,"FID":247.0},"geometry":{"type":"MultiLineString","coordinates":[[[-34.8027285118633,-7.27761083848496],[-34.802566804385997,-7.27761419466412]]]}},
{"type":"Feature","properties":{"id":null,"Name":null,"description":null,"timestamp":null,"begin":null,"end":null,"altitudeMode":null,"tessellate":-1,"extrude":0,"visibility":-1,"drawOrder":null,"icon":null,"FID":248.0},"geometry":{"type":"MultiLineString","coordinates":[[[-34.802728511860103,-7.27761083848502],[-34.802745612073302,-7.27761122372657],[-34.802762613589103,-7.27761309568044],[-34.802779387016201,-7.27761644009993],[-34.802795804698597,-7.27762123153194],[-34.802811339386402,-7.27762725693739]]]}},
{"type":"Feature","properties":{"id":null,"Name":null,"description":null,"timestamp":null,"begin":null,"end":null,"altitudeMode":null,"tessellate":-1,"extrude":0,"visibility":-1,"drawOrder":null,"icon":null,"FID":335.0},"geometry":{"type":"MultiLineString","coordinates":[[[-34.802013609343497,-7.27758402765476],[-34.802009308204802,-7.27761528278108],[-34.802002295336997,-7.27764604465744],[-34.801992624111698,-7.27767607916735],[-34.801980368132199,-7.27770515773002],[-34.8019656206733,-7.27773305903993],[-34.8019484939718,-7.2777595707511],[-34.801929118371703,-7.27778449109324],[-34.801907641332903,-7.27780763040722],[-34.801884226308303,-7.27782881258861],[-34.801859051500401,-7.27784787642797],[-34.8018425065478,-7.277858651461]]]}},
{"type":"Feature","properties":{"id":null,"Name":null,"description":null,"timestamp":null,"begin":null,"end":null,"altitudeMode":null,"tessellate":-1,"extrude":0,"visibility":-1,"drawOrder":null,"icon":null,"FID":336.0},"geometry":{"type":"MultiLineString","coordinates":[[[-34.802100445447003,-7.27665366931536],[-34.802013609343902,-7.27758402764967]]]}},
{"type":"Feature","properties":{"id":null,"Name":null,"description":null,"timestamp":null,"begin":null,"end":null,"altitudeMode":null,"tessellate":-1,"extrude":0,"visibility":-1,"drawOrder":null,"icon":null,"FID":337.0},"geometry":{"type":"MultiLineString","coordinates":[[[-34.802003093969198,-7.27633317239645],[-34.802026162544301,-7.2763642091737],[-34.8020464343101,-7.27639713543775],[-34.8020637549862,-7.27643170060031],[-34.802077992751201,-7.27646764160009],[-34.802089039246901,-7.27650468490485],[-34.802096810401999,-7.27654254859306],[-34.802101247072798,-7.27658094449956],[-34.802102315492498,-7.27661958040859],[-34.802100450764598,-7.27665366980792]]]}},
{"type":"Feature","properties":{"id":null,"Name":null,"description":null,"timestamp":null,"begin":null,"end":null,"altitudeMode":null,"tessellate":-1,"extrude":0,"visibility":-1,"drawOrder":null,"icon":null,"FID":338.0},"geometry":{"type":"MultiLineString","coordinates":[[[-34.801753402493397,-7.27602612043914],[-34.802003093972402,-7.27633317240042]]]}},
{"type":"Feature","properties":{"id":null,"Name":null,"description":null,"timestamp":null,"begin":null,"end":null,"altitudeMode":null,"tessellate":-1,"extrude":0,"visibility":-1,"drawOrder":null,"icon":null,"FID":339.0},"geometry":{"type":"MultiLineString","coordinates":[[[-34.801753402497603,-7.27602612044426],[-34.8017385137926,-7.27600608807044],[-34.801725430259502,-7.27598483620225],[-34.801714251471701,-7.27596252657942],[-34.801705062506599,-7.27593932899187],[-34.801697933297397,-7.27591541998742],[-34.801692918101502,-7.27589098152823],[-34.801690055087299,-7.27586619960582],[-34.801689366043597,-7.27584126282576],[-34.801690856214201,-7.27581636097209],[-34.801694514257697,-7.275791683563],[-34.801700312333601,-7.27576741840854],[-34.801708206314899,-7.27574375018116],[-34.801717301542197,-7.27572258848184]]]}},
{"type":"Feature","properties":{"id":null,"Name":null,"description":null,"timestamp":null,"begin":null,"end":null,"altitudeMode":null,"tessellate":-1,"extrude":0,"visibility":-1,"drawOrder":null,"icon":null,"FID":340.0},"geometry":{"type":"MultiLineString","coordinates":[[[-34.801882920850304,-7.2753763321259],[-34.801717239540302,-7.27572255889495]]]}},
{"type":"Feature","properties":{"id":null,"Name":null,"description":null,"timestamp":null,"begin":null,"end":null,"altitudeMode":null,"tessellate":-1,"extrude":0,"visibility":-1,"drawOrder":null,"icon":null,"FID":341.0},"geometry":{"type":"MultiLineString","coordinates":[[[-34.801961321954998,-7.27503235125692],[-34.801958143902297,-7.27510219664271],[-34.8019488815412,-7.27517149966825],[-34.801933605360901,-7.27523973289596],[-34.8019124316194,-7.27530637702983],[-34.801885521458999,-7.27537092486749],[-34.801882952682597,-7.2753763472761]]]}},
{"type":"Feature","properties":{"id":null,"Name":null,"description":null,"timestamp":null,"begin":null,"end":null,"altitudeMode":null,"tessellate":-1,"extrude":0,"visibility":-1,"drawOrder":null,"icon":null,"FID":342.0},"geometry":{"type":"MultiLineString","coordinates":[[[-34.801962879785101,-7.27417448363868],[-34.801961321954899,-7.27503235127315]]]}},
{"type":"Feature","properties":{"id":null,"Name":null,"description":null,"timestamp":null,"begin":null,"end":null,"altitudeMode":null,"tessellate":-1,"extrude":0,"visibility":-1,"drawOrder":null,"icon":null,"FID":343.0},"geometry":{"type":"MultiLineString","coordinates":[[[-34.801836654249399,-7.27415156807819],[-34.801838877717202,-7.27414634357978],[-34.801841548739503,-7.27414133246524],[-34.801844646988101,-7.27413657287215],[-34.801848148883501,-7.27413210102392],[-34.801852027774203,-7.27412795095401],[-34.801856254139501,-7.2741241542469],[-34.8018607958141,-7.27412073979784],[-34.801865618233201,-7.27411773359286],[-34.801870684695203,-7.27411515851096],[-34.801875956641403,-7.27411303415006],[-34.801881393949003,-7.27411137667781],[-34.801886955236903,-7.27411019870859],[-34.801892598180302,-7.27410950920746],[-34.801898279833097,-7.27410931342189],[-34.801903956954298,-7.27410961284194],[-34.801909586337899,-7.27411040518886],[-34.801915125140603,-7.27411168443237],[-34.801920531208999,-7.27411344083669],[-34.801925763399701,-7.2741156610345],[-34.801930781892402,-7.27411832812879],[-34.801935548493503,-7.27412142182134],[-34.801940026926196,-7.27412491856727],[-34.801944183106997,-7.27412879175428],[-34.801947985404801,-7.27413301190506],[-34.801951404881898,-7.27413754690174],[-34.801954415513997,-7.27414236223026],[-34.801956994388298,-7.27414742124308],[-34.801959121878099,-7.27415268543805],[-34.801960781791799,-7.2741581147515],[-34.801961961496602,-7.27416366786309],[-34.801962652013998,-7.27416930251024],[-34.801962850728401,-7.27417448359186]]]}},
{"type":"Feature","properties":{"id":null,"Name":null,"description":null,"timestamp":null,"begin":null,"end":null,"altitudeMode":null,"tessellate":-1,"extrude":0,"visibility":-1,"drawOrder":null,"icon":null,"FID":344.0},"geometry":{"type":"MultiLineString","coordinates":[[[-34.801278747258699,-7.27564075900052],[-34.801836654249797,-7.27415156807717]]]}},
{"type":"Feature","properties":{"id":null,"Name":null,"description":null,"timestamp":null,"begin":null,"end":null,"altitudeMode":null,"tessellate":-1,"extrude":0,"visibility":-1,"drawOrder":null,"icon":null,"FID":345.0},"geometry":{"type":"MultiLineString","coordinates":[[[-34.801278747253797,-7.27564075901361],[-34.801258655516101,-7.27568801313147],[-34.801234515683802,-7.27573333890321],[-34.801206511474497,-7.27577639137194],[-34.801174856016303,-7.27581684288183],[-34.801139790225399,-7.27585438557181],[-34.801101580973302,-7.27588873371866],[-34.801060519055198,-7.27591962591144],[-34.801016916977197,-7.2759468270411],[-34.800971106577698,-7.27597013008976],[-34.800923436502202,-7.27598935770633],[-34.800874269549503,-7.27600436355628],[-34.800823979910902,-7.27601503343528],[-34.800791930602998,-7.27601948703179]]]}},
{"type":"Feature","properties":{"id":null,"Name":null,"description":null,"timestamp":null,"begin":null,"end":null,"altitudeMode":null,"tessellate":-1,"extrude":0,"visibility":-1,"drawOrder":null,"icon":null,"FID":346.0},"geometry":{"type":"MultiLineString","coordinates":[[[-34.8002616353996,-7.27607834486215],[-34.800791927154002,-7.27601945590859]]]}},
{"type":"Feature","properties":{"id":null,"Name":null,"description":null,"timestamp":null,"begin":null,"end":null,"altitudeMode":null,"tessellate":-1,"extrude":0,"visibility":-1,"drawOrder":null,"icon":null,"FID":347.0},"geometry":{"type":"MultiLineString","coordinates":[[[-34.800261635399401,-7.27607834486217],[-34.800253708779799,-7.27607887549404],[-34.8002457660075,-7.27607871427482],[-34.800237867531699,-7.27607786243151],[-34.800230073464697,-7.27607632644713],[-34.800222443123999,-7.27607411801148],[-34.800215034581299,-7.27607125393208],[-34.800207904220002,-7.27606775600626],[-34.800201106306503,-7.27606365085542],[-34.800194692577001,-7.2760589697222],[-34.800188711844001,-7.27605374823292],[-34.8001832096244,-7.27604802612622],[-34.800178227793403,-7.27604184695084],[-34.800173804265903,-7.27603525773406],[-34.800169972707401,-7.27602830862382],[-34.8001667622786,-7.27602105250702],[-34.800164197412499,-7.27601354460715],[-34.800162297629498,-7.27600584206388],[-34.800161138550997,-7.27599853908794]]]}},
{"type":"Feature","properties":{"id":null,"Name":null,"description":null,"timestamp":null,"begin":null,"end":null,"altitudeMode":null,"tessellate":-1,"extrude":0,"visibility":-1,"drawOrder":null,"icon":null,"FID":348.0},"geometry":{"type":"MultiLineString","coordinates":[[[-34.800144115608497,-7.27585440068769],[-34.800161079550399,-7.27599854598279]]]}},
{"type":"Feature","properties":{"id":null,"Name":null,"description":null,"timestamp":null,"begin":null,"end":null,"altitudeMode":null,"tessellate":-1,"extrude":0,"visibility":-1,"drawOrder":null,"icon":null,"FID":349.0},"geometry":{"type":"MultiLineString","coordinates":[[[-34.800054301666002,-7.27572076185378],[-34.8000674376134,-7.27572879721755],[-34.800079822213299,-7.27573794518985],[-34.8000913612114,-7.27574813614909],[-34.8001019667891,-7.27575929253605],[-34.800111558231499,-7.2757713294439],[-34.800120062542,-7.27578415526459],[-34.800127414997597,-7.27579767238599],[-34.800133559641601,-7.27581177793467],[-34.8001384497095,-7.27582636455899],[-34.800142047984899,-7.27584132124597],[-34.800144089418197,-7.2758544037656]]]}},
{"type":"Feature","properties":{"id":null,"Name":null,"description":null,"timestamp":null,"begin":null,"end":null,"altitudeMode":null,"tessellate":-1,"extrude":0,"visibility":-1,"drawOrder":null,"icon":null,"FID":350.0},"geometry":{"type":"MultiLineString","coordinates":[[[-34.799884147077698,-7.27562659214803],[-34.800054301663899,-7.27572076185262]]]}},
{"type":"Feature","properties":{"id":null,"Name":null,"description":null,"timestamp":null,"begin":null,"end":null,"altitudeMode":null,"tessellate":-1,"extrude":0,"visibility":-1,"drawOrder":null,"icon":null,"FID":351.0},"geometry":{"type":"MultiLineString","coordinates":[[[-34.799690185930203,-7.27571615086931],[-34.799692954947503,-7.27570495652878],[-34.7996966905188,-7.27569404576618],[-34.799701364214002,-7.27568350161903],[-34.799706940463402,-7.27567340433461],[-34.7997133768285,-7.27566383075933],[-34.799720624324401,-7.27565485375388],[-34.799728627793399,-7.27564654163861],[-34.799737326324198,-7.27563895767376],[-34.799746653715601,-7.27563215957781],[-34.799756538980702,-7.27562619908831],[-34.799766906886703,-7.27562112156819],[-34.799777678527398,-7.27561696566037],[-34.799788771924398,-7.27561376299378],[-34.799800102650103,-7.27561153794263],[-34.799811584471001,-7.27561030744085],[-34.799823130003503,-7.27561008085331],[-34.799834651379399,-7.27561085990441],[-34.7998460609139,-7.27561263866511],[-34.799857271773803,-7.27561540359795],[-34.799868198637697,-7.27561913366016],[-34.799878758345699,-7.27562380046367],[-34.799884133385603,-7.27562661681219]]]}},
{"type":"Feature","properties":{"id":null,"Name":null,"description":null,"timestamp":null,"begin":null,"end":null,"altitudeMode":null,"tessellate":-1,"extrude":0,"visibility":-1,"drawOrder":null,"icon":null,"FID":352.0},"geometry":{"type":"MultiLineString","coordinates":[[[-34.7992605440419,-7.27785555223096],[-34.799690185930501,-7.27571615086795]]]}},
{"type":"Feature","properties":{"id":null,"Name":null,"description":null,"timestamp":null,"begin":null,"end":null,"altitudeMode":null,"tessellate":-1,"extrude":0,"visibility":-1,"drawOrder":null,"icon":null,"FID":353.0},"geometry":{"type":"MultiLineString","coordinates":[[[-34.799204733262201,-7.27839275190434],[-34.799217847141399,-7.27814348527358],[-34.799252668327199,-7.27789630843996],[-34.799260545076699,-7.27785555252051]]]}},
{"type":"Feature","properties":{"id":null,"Name":null,"description":null,"timestamp":null,"begin":null,"end":null,"altitudeMode":null,"tessellate":-1,"extrude":0,"visibility":-1,"drawOrder":null,"icon":null,"FID":354.0},"geometry":{"type":"MultiLineString","coordinates":[[[-34.799194942400298,-7.27950309346598],[-34.799204733262798,-7.27839275183995]]]}},
{"type":"Feature","properties":{"id":null,"Name":null,"description":null,"timestamp":null,"begin":null,"end":null,"altitudeMode":null,"tessellate":-1,"extrude":0,"visibility":-1,"drawOrder":null,"icon":null,"FID":407.0},"geometry":{"type":"MultiLineString","coordinates":[[[-34.799174952995301,-7.2817573223842],[-34.799194942400298,-7.27950309346598]]]}},
{"type":"Feature","properties":{"id":null,"Name":null,"description":null,"timestamp":null,"begin":null,"end":null,"altitudeMode":null,"tessellate":-1,"extrude":0,"visibility":-1,"drawOrder":null,"icon":null,"FID":408.0},"geometry":{"type":"MultiLineString","coordinates":[[[-34.799697874814498,-7.28454799687687],[-34.799486078841298,-7.28394076194956],[-34.7993280926243,-7.28331740586244],[-34.799225118351202,-7.28268267283917],[-34.799177939509697,-7.282041393674],[-34.799174974269,-7.28175732242871]]]}},
{"type":"Feature","properties":{"id":null,"Name":null,"description":null,"timestamp":null,"begin":null,"end":null,"altitudeMode":null,"tessellate":-1,"extrude":0,"visibility":-1,"drawOrder":null,"icon":null,"FID":409.0},"geometry":{"type":"MultiLineString","coordinates":[[[-34.799812116026501,-7.28483452129443],[-34.799697874870901,-7.28454799701835]]]}},
{"type":"Feature","properties":{"id":null,"Name":null,"description":null,"timestamp":null,"begin":null,"end":null,"altitudeMode":null,"tessellate":-1,"extrude":0,"visibility":-1,"drawOrder":null,"icon":null,"FID":410.0},"geometry":{"type":"MultiLineString","coordinates":[[[-34.799812115941201,-7.28483452108044],[-34.800090123906998,-7.28563158144368],[-34.800106978096601,-7.28568829858314]]]}},
{"type":"Feature","properties":{"id":null,"Name":null,"description":null,"timestamp":null,"begin":null,"end":null,"altitudeMode":null,"tessellate":-1,"extrude":0,"visibility":-1,"drawOrder":null,"icon":null,"FID":411.0},"geometry":{"type":"MultiLineString","coordinates":[[[-34.801106697312697,-7.28909073782701],[-34.800106916081198,-7.2856883170111]]]}},
{"type":"Feature","properties":{"id":null,"Name":null,"description":null,"timestamp":null,"begin":null,"end":null,"altitudeMode":null,"tessellate":-1,"extrude":0,"visibility":-1,"drawOrder":null,"icon":null,"FID":412.0},"geometry":{"type":"MultiLineString","coordinates":[[[-34.801106697322702,-7.28909073786106],[-34.801169774530798,-7.28934614766207],[-34.801210317833501,-7.28960607480262],[-34.801225571619398,-7.28979903246588]]]}},
{"type":"Feature","properties":{"id":null,"Name":null,"description":null,"timestamp":null,"begin":null,"end":null,"altitudeMode":null,"tessellate":-1,"extrude":0,"visibility":-1,"drawOrder":null,"icon":null,"FID":413.0},"geometry":{"type":"MultiLineString","coordinates":[[[-34.801267003708197,-7.29068439381872],[-34.801225614745803,-7.28979903038756]]]}},
{"type":"Feature","properties":{"id":null,"Name":null,"description":null,"timestamp":null,"begin":null,"end":null,"altitudeMode":null,"tessellate":-1,"extrude":0,"visibility":-1,"drawOrder":null,"icon":null,"FID":414.0},"geometry":{"type":"MultiLineString","coordinates":[[[-34.8017298423756,-7.29123498719127],[-34.8016798614115,-7.29122146700412],[-34.8016312507851,-7.29120364870347],[-34.801584380454003,-7.29118166789753],[-34.801539607130998,-7.29115569187386],[-34.801497271569197,-7.29112591832614],[-34.801457695968701,-7.29109257384966],[-34.801421181524297,-7.29105591221668],[-34.8013880061335,-7.29101621244513],[-34.801358422280899,-7.29097377667508],[-34.801332655117598,-7.29092892786917],[-34.8013109007465,-7.29088200735476],[-34.801293324730999,-7.29083337222614],[-34.801280060834202,-7.29078339262675],[-34.801271210001197,-7.29073244893227],[-34.8012669916817,-7.2906843943639]]]}},
{"type":"Feature","properties":{"id":null,"Name":null,"description":null,"timestamp":null,"begin":null,"end":null,"altitudeMode":null,"tessellate":-1,"extrude":0,"visibility":-1,"drawOrder":null,"icon":null,"FID":415.0},"geometry":{"type":"MultiLineString","coordinates":[[[-34.802578441951503,-7.29142536390446],[-34.801729842383402,-7.29123498719302]]]}},
{"type":"Feature","properties":{"id":null,"Name":null,"description":null,"timestamp":null,"begin":null,"end":null,"altitudeMode":null,"tessellate":-1,"extrude":0,"visibility":-1,"drawOrder":null,"icon":null,"FID":416.0},"geometry":{"type":"MultiLineString","coordinates":[[[-34.802866626891699,-7.29146013553113],[-34.802740843604099,-7.29145217067985],[-34.802616234192399,-7.29143328991043],[-34.802578446715202,-7.29142534264076]]]}},
{"type":"Feature","properties":{"id":null,"Name":null,"description":null,"timestamp":null,"begin":null,"end":null,"altitudeMode":null,"tessellate":-1,"extrude":0,"visibility":-1,"drawOrder":null,"icon":null,"FID":417.0},"geometry":{"type":"MultiLineString","coordinates":[[[-34.801395653155097,-7.2920147051503],[-34.802181188248497,-7.29214936654546]]]}},
{"type":"Feature","properties":{"id":null,"Name":null,"description":null,"timestamp":null,"begin":null,"end":null,"altitudeMode":null,"tessellate":-1,"extrude":0,"visibility":-1,"drawOrder":null,"icon":null,"FID":418.0},"geometry":{"type":"MultiLineString","coordinates":[[[-34.801133865649902,-7.2921535415291],[-34.801143396964498,-7.29213471209973],[-34.8011545355848,-7.29211678377572],[-34.801167196739101,-7.29209989300233],[-34.801181284068299,-7.29208416832846],[-34.801196690359099,-7.29206972942823],[-34.801213298360302,-7.29205668619029],[-34.801230981674998,-7.2920451378814],[-34.801249605722603,-7.29203517239104],[-34.801269028762903,-7.29202686556245],[-34.801289102974998,-7.29202028061548],[-34.801309675582097,-7.29201546766543],[-34.801330590014501,-7.29201246334165],[-34.801351687100997,-7.29201129050877],[-34.801372806280298,-7.29201195809264],[-34.8013937868228,-7.29201446101251],[-34.801395641611897,-7.29201477211609]]]}},
{"type":"Feature","properties":{"id":null,"Name":null,"description":null,"timestamp":null,"begin":null,"end":null,"altitudeMode":null,"tessellate":-1,"extrude":0,"visibility":-1,"drawOrder":null,"icon":null,"FID":474.0},"geometry":{"type":"MultiLineString","coordinates":[[[-34.8021976800486,-7.29215219407492],[-34.802869856781797,-7.29226741480239]]]}},
{"type":"Feature","properties":{"id":null,"Name":null,"description":null,"timestamp":null,"begin":null,"end":null,"altitudeMode":null,"tessellate":-1,"extrude":0,"visibility":-1,"drawOrder":null,"icon":null,"FID":475.0},"geometry":{"type":"MultiLineString","coordinates":[[[-34.801112761654501,-7.29223961067699],[-34.801114860505699,-7.29221861717314],[-34.8011187838434,-7.29219788620646],[-34.801124501808403,-7.29217757555215],[-34.801131970883098,-7.29215783978655],[-34.801132577016602,-7.29215643995977]]]}},
{"type":"Feature","properties":{"id":null,"Name":null,"description":null,"timestamp":null,"begin":null,"end":null,"altitudeMode":null,"tessellate":-1,"extrude":0,"visibility":-1,"drawOrder":null,"icon":null,"FID":476.0},"geometry":{"type":"MultiLineString","coordinates":[[[-34.801029167598998,-7.29373107444446],[-34.8011127616547,-7.29223961067217]]]}},
{"type":"Feature","properties":{"id":null,"Name":null,"description":null,"timestamp":null,"begin":null,"end":null,"altitudeMode":null,"tessellate":-1,"extrude":0,"visibility":-1,"drawOrder":null,"icon":null,"FID":477.0},"geometry":{"type":"MultiLineString","coordinates":[[[-34.801054323080102,-7.29408892870315],[-34.801035384233799,-7.29396583954967],[-34.801027261674797,-7.29384157065685],[-34.801029163087598,-7.29373107422522]]]}},
{"type":"Feature","properties":{"id":null,"Name":null,"description":null,"timestamp":null,"begin":null,"end":null,"altitudeMode":null,"tessellate":-1,"extrude":0,"visibility":-1,"drawOrder":null,"icon":null,"FID":478.0},"geometry":{"type":"MultiLineString","coordinates":[[[-34.8013047547947,-7.29534777819361],[-34.801054323078901,-7.29408892869744]]]}},
{"type":"Feature","properties":{"id":null,"Name":null,"description":null,"timestamp":null,"begin":null,"end":null,"altitudeMode":null,"tessellate":-1,"extrude":0,"visibility":-1,"drawOrder":null,"icon":null,"FID":479.0},"geometry":{"type":"MultiLineString","coordinates":[[[-34.801304754786997,-7.29534777815511],[-34.801335735650397,-7.29554905920839],[-34.801349029185097,-7.29575227038071],[-34.801344534196197,-7.29595586511973],[-34.801322284869002,-7.29615829395193],[-34.801309041360298,-7.29623546144755]]]}},
{"type":"Feature","properties":{"id":null,"Name":null,"description":null,"timestamp":null,"begin":null,"end":null,"altitudeMode":null,"tessellate":-1,"extrude":0,"visibility":-1,"drawOrder":null,"icon":null,"FID":480.0},"geometry":{"type":"MultiLineString","coordinates":[[[-34.8011707846577,-7.29696729002785],[-34.801309029636201,-7.29623545923354]]]}},
{"type":"Feature","properties":{"id":null,"Name":null,"description":null,"timestamp":null,"begin":null,"end":null,"altitudeMode":null,"tessellate":-1,"extrude":0,"visibility":-1,"drawOrder":null,"icon":null,"FID":481.0},"geometry":{"type":"MultiLineString","coordinates":[[[-34.801170784654801,-7.2969672900433],[-34.801117555276697,-7.29719416738682],[-34.801044724605298,-7.2974155492126],[-34.800952846896003,-7.29762975066838],[-34.800842621366201,-7.29783514154588],[-34.8007148868749,-7.2980301586879],[-34.800570615539002,-7.29821331788518],[-34.800410905335497,-7.29838322517245],[-34.800329093136902,-7.29845970776966]]]}},
{"type":"Feature","properties":{"id":null,"Name":null,"description":null,"timestamp":null,"begin":null,"end":null,"altitudeMode":null,"tessellate":-1,"extrude":0,"visibility":-1,"drawOrder":null,"icon":null,"FID":482.0},"geometry":{"type":"MultiLineString","coordinates":[[[-34.799536501577997,-7.29917017633628],[-34.800329083709997,-7.29845969717692]]]}},
{"type":"Feature","properties":{"id":null,"Name":null,"description":null,"timestamp":null,"begin":null,"end":null,"altitudeMode":null,"tessellate":-1,"extrude":0,"visibility":-1,"drawOrder":null,"icon":null,"FID":483.0},"geometry":{"type":"MultiLineString","coordinates":[[[-34.799307232421,-7.29944522963246],[-34.799367461309998,-7.29935583278488],[-34.799435264352802,-7.29927201739214],[-34.799510125524101,-7.29919442133712],[-34.799536456412902,-7.29917012608735]]]}},
{"type":"Feature","properties":{"id":null,"Name":null,"description":null,"timestamp":null,"begin":null,"end":null,"altitudeMode":null,"tessellate":-1,"extrude":0,"visibility":-1,"drawOrder":null,"icon":null,"FID":484.0},"geometry":{"type":"MultiLineString","coordinates":[[[-34.798735406948801,-7.30037969161433],[-34.799307232405603,-7.2994452296576]]]}},
{"type":"Feature","properties":{"id":null,"Name":null,"description":null,"timestamp":null,"begin":null,"end":null,"altitudeMode":null,"tessellate":-1,"extrude":0,"visibility":-1,"drawOrder":null,"icon":null,"FID":485.0},"geometry":{"type":"MultiLineString","coordinates":[[[-34.798623945295503,-7.30088076620336],[-34.798619268756902,-7.30081180956039],[-34.7986206291963,-7.30074270835468],[-34.798628016257297,-7.30067398848873],[-34.798641373716997,-7.30060617296258],[-34.7986605999142,-7.30053977789352],[-34.798685548523203,-7.30047530858789],[-34.798716029667602,-7.30041325569563],[-34.798735445290099,-7.30037971498677]]]}},
{"type":"Feature","properties":{"id":null,"Name":null,"description":null,"timestamp":null,"begin":null,"end":null,"altitudeMode":null,"tessellate":-1,"extrude":0,"visibility":-1,"drawOrder":null,"icon":null,"FID":486.0},"geometry":{"type":"MultiLineString","coordinates":[[[-34.798731094012403,-7.30183811038652],[-34.7986239452961,-7.30088076620867]]]}},
{"type":"Feature","properties":{"id":null,"Name":null,"description":null,"timestamp":null,"begin":null,"end":null,"altitudeMode":null,"tessellate":-1,"extrude":0,"visibility":-1,"drawOrder":null,"icon":null,"FID":487.0},"geometry":{"type":"MultiLineString","coordinates":[[[-34.798731094011004,-7.30183811037412],[-34.798735684014801,-7.3019058637076],[-34.798734342397402,-7.301973758651],[-34.7987270793666,-7.30204127848341],[-34.798713950195598,-7.30210790933847],[-34.7986950548027,-7.30217314411525],[-34.798689906157598,-7.3021879018298]]]}},
{"type":"Feature","properties":{"id":null,"Name":null,"description":null,"timestamp":null,"begin":null,"end":null,"altitudeMode":null,"tessellate":-1,"extrude":0,"visibility":-1,"drawOrder":null,"icon":null,"FID":488.0},"geometry":{"type":"MultiLineString","coordinates":[[[-34.798565979513299,-7.30253189339487],[-34.798689931758297,-7.30218791104892]]]}},
{"type":"Feature","properties":{"id":null,"Name":null,"description":null,"timestamp":null,"begin":null,"end":null,"altitudeMode":null,"tessellate":-1,"extrude":0,"visibility":-1,"drawOrder":null,"icon":null,"FID":489.0},"geometry":{"type":"MultiLineString","coordinates":[[[-34.798561934249001,-7.30278850863746],[-34.798552689198601,-7.30275514612171],[-34.7985463915347,-7.30272110603748],[-34.798543089185699,-7.30268664745064],[-34.798542807284001,-7.30265203261206],[-34.798545547974101,-7.30261752496178],[-34.798551290397199,-7.30258338712395],[-34.798559990849199,-7.30254987890816],[-34.7985659834712,-7.30253189482555]]]}},
{"type":"Feature","properties":{"id":null,"Name":null,"description":null,"timestamp":null,"begin":null,"end":null,"altitudeMode":null,"tessellate":-1,"extrude":0,"visibility":-1,"drawOrder":null,"icon":null,"FID":490.0},"geometry":{"type":"MultiLineString","coordinates":[[[-34.798866965989603,-7.30372815619979],[-34.798561934248703,-7.30278850863657]]]}},
{"type":"Feature","properties":{"id":null,"Name":null,"description":null,"timestamp":null,"begin":null,"end":null,"altitudeMode":null,"tessellate":-1,"extrude":0,"visibility":-1,"drawOrder":null,"icon":null,"FID":491.0},"geometry":{"type":"MultiLineString","coordinates":[[[-34.799024458877703,-7.30404976899275],[-34.798966206002703,-7.30395545909844],[-34.798916407131003,-7.303856438804],[-34.798875441259398,-7.3037534617175],[-34.798866934390198,-7.30372816641552]]]}},
{"type":"Feature","properties":{"id":null,"Name":null,"description":null,"timestamp":null,"begin":null,"end":null,"altitudeMode":null,"tessellate":-1,"extrude":0,"visibility":-1,"drawOrder":null,"icon":null,"FID":492.0},"geometry":{"type":"MultiLineString","coordinates":[[[-34.799546682343099,-7.30481802607249],[-34.799024458891203,-7.3040497690127]]]}},
{"type":"Feature","properties":{"id":null,"Name":null,"description":null,"timestamp":null,"begin":null,"end":null,"altitudeMode":null,"tessellate":-1,"extrude":0,"visibility":-1,"drawOrder":null,"icon":null,"FID":500.0},"geometry":{"type":"MultiLineString","coordinates":[[[-34.802936636237497,-7.311624243392],[-34.802942884781302,-7.31160526133648],[-34.802947292880702,-7.31159445168173]]]}},
{"type":"Feature","properties":{"id":null,"Name":null,"description":null,"timestamp":null,"begin":null,"end":null,"altitudeMode":null,"tessellate":-1,"extrude":0,"visibility":-1,"drawOrder":null,"icon":null,"FID":502.0},"geometry":{"type":"MultiLineString","coordinates":[[[-34.802860924003497,-7.31189326027977],[-34.802936636238599,-7.31162424338809]]]}},
{"type":"Feature","properties":{"id":null,"Name":null,"description":null,"timestamp":null,"begin":null,"end":null,"altitudeMode":null,"tessellate":-1,"extrude":0,"visibility":-1,"drawOrder":null,"icon":null,"FID":503.0},"geometry":{"type":"MultiLineString","coordinates":[[[-34.802860924005998,-7.31189326027096],[-34.802822973792502,-7.3120085553327],[-34.802775103690898,-7.31212010922872],[-34.802720011738302,-7.31222313277513]]]}},
{"type":"Feature","properties":{"id":null,"Name":null,"description":null,"timestamp":null,"begin":null,"end":null,"altitudeMode":null,"tessellate":-1,"extrude":0,"visibility":-1,"drawOrder":null,"icon":null,"FID":504.0},"geometry":{"type":"MultiLineString","coordinates":[[[-34.802649826540602,-7.31234193123484],[-34.802719983693699,-7.31222311626682]]]}},
{"type":"Feature","properties":{"id":null,"Name":null,"description":null,"timestamp":null,"begin":null,"end":null,"altitudeMode":null,"tessellate":-1,"extrude":0,"visibility":-1,"drawOrder":null,"icon":null,"FID":505.0},"geometry":{"type":"MultiLineString","coordinates":[[[-34.802582846641201,-7.31250783982698],[-34.802597255631902,-7.31245736860311],[-34.8026160155054,-7.31240834330881],[-34.802638983486098,-7.31236113705592],[-34.802649843222397,-7.31234194104394]]]}},
{"type":"Feature","properties":{"id":null,"Name":null,"description":null,"timestamp":null,"begin":null,"end":null,"altitudeMode":null,"tessellate":-1,"extrude":0,"visibility":-1,"drawOrder":null,"icon":null,"FID":506.0},"geometry":{"type":"MultiLineString","coordinates":[[[-34.802556307092203,-7.3126190663142],[-34.802582846638799,-7.31250783983696]]]}},
{"type":"Feature","properties":{"id":null,"Name":null,"description":null,"timestamp":null,"begin":null,"end":null,"altitudeMode":null,"tessellate":-1,"extrude":0,"visibility":-1,"drawOrder":null,"icon":null,"FID":507.0},"geometry":{"type":"MultiLineString","coordinates":[[[-34.802531757218901,-7.31279737296945],[-34.802538444863004,-7.31271696257027],[-34.802552126217897,-7.31263744011622],[-34.8025563169275,-7.3126190686863]]]}},
{"type":"Feature","properties":{"id":null,"Name":null,"description":null,"timestamp":null,"begin":null,"end":null,"altitudeMode":null,"tessellate":-1,"extrude":0,"visibility":-1,"drawOrder":null,"icon":null,"FID":508.0},"geometry":{"type":"MultiLineString","coordinates":[[[-34.802516800427298,-7.31317735763665],[-34.802531757219697,-7.31279737294914]]]}},
{"type":"Feature","properties":{"id":null,"Name":null,"description":null,"timestamp":null,"begin":null,"end":null,"altitudeMode":null,"tessellate":-1,"extrude":0,"visibility":-1,"drawOrder":null,"icon":null,"FID":509.0},"geometry":{"type":"MultiLineString","coordinates":[[[-34.802516800427099,-7.31317735764108],[-34.802492215020401,-7.3134731457624],[-34.802483472117999,-7.31353698229239]]]}},
{"type":"Feature","properties":{"id":null,"Name":null,"description":null,"timestamp":null,"begin":null,"end":null,"altitudeMode":null,"tessellate":-1,"extrude":0,"visibility":-1,"drawOrder":null,"icon":null,"FID":510.0},"geometry":{"type":"MultiLineString","coordinates":[[[-34.802401319563799,-7.31409743300373],[-34.802483469597199,-7.31353698196767]]]}},
{"type":"Feature","properties":{"id":null,"Name":null,"description":null,"timestamp":null,"begin":null,"end":null,"altitudeMode":null,"tessellate":-1,"extrude":0,"visibility":-1,"drawOrder":null,"icon":null,"FID":521.0},"geometry":{"type":"MultiLineString","coordinates":[[[-34.802187742103698,-7.30798901778476],[-34.802933596700598,-7.30817988702824]]]}},
{"type":"Feature","properties":{"id":null,"Name":null,"description":null,"timestamp":null,"begin":null,"end":null,"altitudeMode":null,"tessellate":-1,"extrude":0,"visibility":-1,"drawOrder":null,"icon":null,"FID":522.0},"geometry":{"type":"MultiLineString","coordinates":[[[-34.802187742096201,-7.30798901778283],[-34.802046772224102,-7.30794632768211],[-34.801910065258802,-7.30789153264849],[-34.801778661633797,-7.30782504970731],[-34.801653561420103,-7.30774738483704],[-34.8015536823536,-7.30767364484275]]]}},
{"type":"Feature","properties":{"id":null,"Name":null,"description":null,"timestamp":null,"begin":null,"end":null,"altitudeMode":null,"tessellate":-1,"extrude":0,"visibility":-1,"drawOrder":null,"icon":null,"FID":523.0},"geometry":{"type":"MultiLineString","coordinates":[[[-34.8009218485997,-7.30717011947055],[-34.801553677638701,-7.30767365081284]]]}},
{"type":"Feature","properties":{"id":null,"Name":null,"description":null,"timestamp":null,"begin":null,"end":null,"altitudeMode":null,"tessellate":-1,"extrude":0,"visibility":-1,"drawOrder":null,"icon":null,"FID":524.0},"geometry":{"type":"MultiLineString","coordinates":[[[-34.800756106724798,-7.30729935183943],[-34.800752563614999,-7.30729062303234],[-34.800749795930798,-7.30728161911569],[-34.800747824736,-7.30727240861478],[-34.800746665032598,-7.30726306162706],[-34.8007463256465,-7.30725364928881],[-34.8007468091607,-7.3072442432336],[-34.800748111895203,-7.30723491504722],[-34.800750223935403,-7.30722573572276],[-34.800753129207401,-7.30721677512045],[-34.800756805600102,-7.3072081014359],[-34.800761225134103,-7.30719978068106],[-34.800766354173902,-7.30719187618189],[-34.800772153684399,-7.30718444809634],[-34.800778579527901,-7.30717755295668],[-34.800785582799698,-7.30717124323901],[-34.800793110200701,-7.30716556696408],[-34.800801104442897,-7.30716056733172],[-34.800809504685198,-7.30715628239217],[-34.800818246996798,-7.30715274475634],[-34.800827264843399,-7.30714998134778],[-34.800836489593799,-7.30714801319764],[-34.800845851042197,-7.30714685528472],[-34.800855277942198,-7.30714651642143],[-34.800864698549503,-7.3071469991867],[-34.800874041167702,-7.30714829990638],[-34.800883234693899,-7.30715040868121],[-34.800892209159798,-7.30715330946214],[-34.800900896264501,-7.30715698017248],[-34.800909229893698,-7.30716139287592],[-34.800917146623597,-7.30716651398911],[-34.800921881804499,-7.30717007790485]]]}},
{"type":"Feature","properties":{"id":null,"Name":null,"description":null,"timestamp":null,"begin":null,"end":null,"altitudeMode":null,"tessellate":-1,"extrude":0,"visibility":-1,"drawOrder":null,"icon":null,"FID":525.0},"geometry":{"type":"MultiLineString","coordinates":[[[-34.801392940711899,-7.30869038019306],[-34.800756106723902,-7.30729935183734]]]}},
{"type":"Feature","properties":{"id":null,"Name":null,"description":null,"timestamp":null,"begin":null,"end":null,"altitudeMode":null,"tessellate":-1,"extrude":0,"visibility":-1,"drawOrder":null,"icon":null,"FID":526.0},"geometry":{"type":"MultiLineString","coordinates":[[[-34.8017107565069,-7.308930428974],[-34.801674830651898,-7.30892327569344],[-34.801639665923098,-7.30891302333504],[-34.801605529946002,-7.30889974992547],[-34.801572682516699,-7.30888355648352],[-34.801541373624701,-7.30886456625127],[-34.801511841550003,-7.30884292375609],[-34.801484311049997,-7.30881879371075],[-34.801458991648602,-7.30879235975979],[-34.801436076042101,-7.30876382308193],[-34.801415738631903,-7.30873340085898],[-34.801398134197903,-7.30870132462282],[-34.801392932453702,-7.30869038396337]]]}},
{"type":"Feature","properties":{"id":null,"Name":null,"description":null,"timestamp":null,"begin":null,"end":null,"altitudeMode":null,"tessellate":-1,"extrude":0,"visibility":-1,"drawOrder":null,"icon":null,"FID":527.0},"geometry":{"type":"MultiLineString","coordinates":[[[-34.802052452739602,-7.30898313196139],[-34.801710756512001,-7.3089304289748]]]}},
{"type":"Feature","properties":{"id":null,"Name":null,"description":null,"timestamp":null,"begin":null,"end":null,"altitudeMode":null,"tessellate":-1,"extrude":0,"visibility":-1,"drawOrder":null,"icon":null,"FID":528.0},"geometry":{"type":"MultiLineString","coordinates":[[[-34.802052452756797,-7.30898313196403],[-34.802128422682401,-7.30899825668679],[-34.802202783271802,-7.30901993480084],[-34.802274968599598,-7.3090480013228],[-34.802344429294997,-7.30908224265006],[-34.802385302533601,-7.30910609407458]]]}},
{"type":"Feature","properties":{"id":null,"Name":null,"description":null,"timestamp":null,"begin":null,"end":null,"altitudeMode":null,"tessellate":-1,"extrude":0,"visibility":-1,"drawOrder":null,"icon":null,"FID":529.0},"geometry":{"type":"MultiLineString","coordinates":[[[-34.802938686944103,-7.30944911585076],[-34.802385284689798,-7.3091061227631]]]}},
{"type":"Feature","properties":{"id":null,"Name":null,"description":null,"timestamp":null,"begin":null,"end":null,"altitudeMode":null,"tessellate":-1,"extrude":0,"visibility":-1,"drawOrder":null,"icon":null,"FID":548.0},"geometry":{"type":"MultiLineString","coordinates":[[[-34.800062440458099,-7.30557681425501],[-34.799546682343099,-7.30481802607249]]]}},
{"type":"Feature","properties":{"id":null,"Name":null,"description":null,"timestamp":null,"begin":null,"end":null,"altitudeMode":null,"tessellate":-1,"extrude":0,"visibility":-1,"drawOrder":null,"icon":null,"FID":549.0},"geometry":{"type":"MultiLineString","coordinates":[[[-34.800343411839002,-7.30575263599327],[-34.800308141865699,-7.30574589529505],[-34.8002735945038,-7.30573611100233],[-34.800240032680101,-7.30572335757951],[-34.800207711821201,-7.30570773208795],[-34.800176877909003,-7.30568935344726],[-34.8001477656085,-7.30566836153021],[-34.8001205964825,-7.30564491609828],[-34.800095577304603,-7.30561919558565],[-34.800072898486,-7.30559139574138],[-34.800062490518599,-7.30557678034233]]]}},
{"type":"Feature","properties":{"id":null,"Name":null,"description":null,"timestamp":null,"begin":null,"end":null,"altitudeMode":null,"tessellate":-1,"extrude":0,"visibility":-1,"drawOrder":null,"icon":null,"FID":550.0},"geometry":{"type":"MultiLineString","coordinates":[[[-34.802192994957799,-7.30602345891479],[-34.800343411840501,-7.3057526359935]]]}},
{"type":"Feature","properties":{"id":null,"Name":null,"description":null,"timestamp":null,"begin":null,"end":null,"altitudeMode":null,"tessellate":-1,"extrude":0,"visibility":-1,"drawOrder":null,"icon":null,"FID":551.0},"geometry":{"type":"MultiLineString","coordinates":[[[-34.802192994953202,-7.30602345891412],[-34.802252518309501,-7.30603483821856],[-34.802310821859997,-7.30605135401426],[-34.802367461881701,-7.30607288060613],[-34.802422007311598,-7.30609925416412],[-34.8024740430279,-7.30613027397002],[-34.802515760282901,-7.30615993151033]]]}},
{"type":"Feature","properties":{"id":null,"Name":null,"description":null,"timestamp":null,"begin":null,"end":null,"altitudeMode":null,"tessellate":-1,"extrude":0,"visibility":-1,"drawOrder":null,"icon":null,"FID":552.0},"geometry":{"type":"MultiLineString","coordinates":[[[-34.802793871797803,-7.30637349672179],[-34.802515736533501,-7.30615996233905]]]}},
{"type":"Feature","properties":{"id":null,"Name":null,"description":null,"timestamp":null,"begin":null,"end":null,"altitudeMode":null,"tessellate":-1,"extrude":0,"visibility":-1,"drawOrder":null,"icon":null,"FID":553.0},"geometry":{"type":"MultiLineString","coordinates":[[[-34.802926510632602,-7.30641263225881],[-34.802909751418802,-7.30641324756692],[-34.802893002268299,-7.30641240212521],[-34.802876390652301,-7.30641010236794],[-34.802860042995498,-7.30640636579764],[-34.802844083713502,-7.30640122085188],[-34.802828634266298,-7.30639470668682],[-34.802813812233701,-7.30638687287917],[-34.802799730420297,-7.30637777904904],[-34.802793892601002,-7.30637346971684]]]}},
{"type":"Feature","properties":{"id":null,"Name":null,"description":null,"timestamp":null,"begin":null,"end":null,"altitudeMode":null,"tessellate":-1,"extrude":0,"visibility":-1,"drawOrder":null,"icon":null,"FID":585.0},"geometry":{"type":"MultiLineString","coordinates":[[[-34.810400456260403,-7.14585292943017],[-34.811341242396601,-7.14557328611163]]]}},
{"type":"Feature","properties":{"id":null,"Name":null,"description":null,"timestamp":null,"begin":null,"end":null,"altitudeMode":null,"tessellate":-1,"extrude":0,"visibility":-1,"drawOrder":null,"icon":null,"FID":586.0},"geometry":{"type":"MultiLineString","coordinates":[[[-34.810171681313498,-7.14598474939158],[-34.810209201180001,-7.14595227848722],[-34.810249411646502,-7.14592319734288],[-34.810292006687497,-7.14589772728287],[-34.810336662129103,-7.14587606214891],[-34.810383038117102,-7.14585836682507],[-34.810400444178001,-7.1458528889407]]]}},
{"type":"Feature","properties":{"id":null,"Name":null,"description":null,"timestamp":null,"begin":null,"end":null,"altitudeMode":null,"tessellate":-1,"extrude":0,"visibility":-1,"drawOrder":null,"icon":null,"FID":587.0},"geometry":{"type":"MultiLineString","coordinates":[[[-34.810040098321501,-7.14610913525111],[-34.810171681317897,-7.14598474938742]]]}},
{"type":"Feature","properties":{"id":null,"Name":null,"description":null,"timestamp":null,"begin":null,"end":null,"altitudeMode":null,"tessellate":-1,"extrude":0,"visibility":-1,"drawOrder":null,"icon":null,"FID":588.0},"geometry":{"type":"MultiLineString","coordinates":[[[-34.810040098315604,-7.14610913525665],[-34.810010844969298,-7.14613445861756],[-34.809979493244299,-7.14615713903622],[-34.809946281746399,-7.14617700390047],[-34.809911463235402,-7.14619390202624],[-34.8098753027014,-7.14620770480816],[-34.809838075348502,-7.14621830719826],[-34.809807449697303,-7.14622447371344]]]}},
{"type":"Feature","properties":{"id":null,"Name":null,"description":null,"timestamp":null,"begin":null,"end":null,"altitudeMode":null,"tessellate":-1,"extrude":0,"visibility":-1,"drawOrder":null,"icon":null,"FID":589.0},"geometry":{"type":"MultiLineString","coordinates":[[[-34.809643264173602,-7.1462515605547],[-34.809807456470097,-7.14622451464718]]]}},
{"type":"Feature","properties":{"id":null,"Name":null,"description":null,"timestamp":null,"begin":null,"end":null,"altitudeMode":null,"tessellate":-1,"extrude":0,"visibility":-1,"drawOrder":null,"icon":null,"FID":590.0},"geometry":{"type":"MultiLineString","coordinates":[[[-34.809643264182498,-7.14625156055321],[-34.809608171527699,-7.14625578864307],[-34.809572843470796,-7.14625694573751],[-34.809537548880201,-7.14625502303017],[-34.8095025563699,-7.14625003515385],[-34.8094681322547,-7.14624202006925],[-34.809434538523703,-7.14623103877596],[-34.809402030846101,-7.14621717484836],[-34.809389027045398,-7.14621065637405]]]}},
{"type":"Feature","properties":{"id":null,"Name":null,"description":null,"timestamp":null,"begin":null,"end":null,"altitudeMode":null,"tessellate":-1,"extrude":0,"visibility":-1,"drawOrder":null,"icon":null,"FID":591.0},"geometry":{"type":"MultiLineString","coordinates":[[[-34.809243689309199,-7.14613459421387],[-34.809389006105803,-7.14621069622178]]]}},
{"type":"Feature","properties":{"id":null,"Name":null,"description":null,"timestamp":null,"begin":null,"end":null,"altitudeMode":null,"tessellate":-1,"extrude":0,"visibility":-1,"drawOrder":null,"icon":null,"FID":592.0},"geometry":{"type":"MultiLineString","coordinates":[[[-34.8089041579263,-7.14602444428567],[-34.808995175836202,-7.14604183059144],[-34.809084330287803,-7.14606707405854],[-34.809170942766698,-7.1460999825692],[-34.809243669790099,-7.14613463132278]]]}},
{"type":"Feature","properties":{"id":null,"Name":null,"description":null,"timestamp":null,"begin":null,"end":null,"altitudeMode":null,"tessellate":-1,"extrude":0,"visibility":-1,"drawOrder":null,"icon":null,"FID":593.0},"geometry":{"type":"MultiLineString","coordinates":[[[-34.8085583430871,-7.14597381215337],[-34.808904157938002,-7.14602444428738]]]}},
{"type":"Feature","properties":{"id":null,"Name":null,"description":null,"timestamp":null,"begin":null,"end":null,"altitudeMode":null,"tessellate":-1,"extrude":0,"visibility":-1,"drawOrder":null,"icon":null,"FID":594.0},"geometry":{"type":"MultiLineString","coordinates":[[[-34.808203287648297,-7.14599039474775],[-34.808283032360897,-7.14597467680242],[-34.808363845146602,-7.14596596063691],[-34.808445110974802,-7.14596431258515],[-34.808526211367003,-7.1459697451888],[-34.808558334052499,-7.14597387393881]]]}},
{"type":"Feature","properties":{"id":null,"Name":null,"description":null,"timestamp":null,"begin":null,"end":null,"altitudeMode":null,"tessellate":-1,"extrude":0,"visibility":-1,"drawOrder":null,"icon":null,"FID":595.0},"geometry":{"type":"MultiLineString","coordinates":[[[-34.808049816857903,-7.14602761500116],[-34.808203287626803,-7.14599039475293]]]}},
{"type":"Feature","properties":{"id":null,"Name":null,"description":null,"timestamp":null,"begin":null,"end":null,"altitudeMode":null,"tessellate":-1,"extrude":0,"visibility":-1,"drawOrder":null,"icon":null,"FID":596.0},"geometry":{"type":"MultiLineString","coordinates":[[[-34.808049816869598,-7.1460276149983],[-34.8079900740425,-7.14603939025408],[-34.807929531052999,-7.14604591992856],[-34.807868648671999,-7.14604715432625],[-34.807807890253201,-7.14604308405207],[-34.807783549032798,-7.14603995039835]]]}},
{"type":"Feature","properties":{"id":null,"Name":null,"description":null,"timestamp":null,"begin":null,"end":null,"altitudeMode":null,"tessellate":-1,"extrude":0,"visibility":-1,"drawOrder":null,"icon":null,"FID":597.0},"geometry":{"type":"MultiLineString","coordinates":[[[-34.807631653525704,-7.14601777208097],[-34.807783547428002,-7.14603996119027]]]}},
{"type":"Feature","properties":{"id":null,"Name":null,"description":null,"timestamp":null,"begin":null,"end":null,"altitudeMode":null,"tessellate":-1,"extrude":0,"visibility":-1,"drawOrder":null,"icon":null,"FID":598.0},"geometry":{"type":"MultiLineString","coordinates":[[[-34.807362139763597,-7.14601078180681],[-34.807460368492102,-7.14600583852522],[-34.807558654772102,-7.14600946509505],[-34.807631656674801,-7.14601775074293]]]}},
{"type":"Feature","properties":{"id":null,"Name":null,"description":null,"timestamp":null,"begin":null,"end":null,"altitudeMode":null,"tessellate":-1,"extrude":0,"visibility":-1,"drawOrder":null,"icon":null,"FID":599.0},"geometry":{"type":"MultiLineString","coordinates":[[[-34.807311918137302,-7.14601549948189],[-34.807362139743702,-7.14601078180869]]]}},
{"type":"Feature","properties":{"id":null,"Name":null,"description":null,"timestamp":null,"begin":null,"end":null,"altitudeMode":null,"tessellate":-1,"extrude":0,"visibility":-1,"drawOrder":null,"icon":null,"FID":600.0},"geometry":{"type":"MultiLineString","coordinates":[[[-34.807311918148301,-7.14601549948086],[-34.807252984061599,-7.14601846556107],[-34.807194015417799,-7.14601628998409],[-34.807135461005998,-7.14600898930695],[-34.807077766462598,-7.14599661909195],[-34.807047124885301,-7.14598786317357]]]}},
{"type":"Feature","properties":{"id":null,"Name":null,"description":null,"timestamp":null,"begin":null,"end":null,"altitudeMode":null,"tessellate":-1,"extrude":0,"visibility":-1,"drawOrder":null,"icon":null,"FID":601.0},"geometry":{"type":"MultiLineString","coordinates":[[[-34.806931472485303,-7.14595189157924],[-34.8070471209518,-7.14598787577006]]]}},
{"type":"Feature","properties":{"id":null,"Name":null,"description":null,"timestamp":null,"begin":null,"end":null,"altitudeMode":null,"tessellate":-1,"extrude":0,"visibility":-1,"drawOrder":null,"icon":null,"FID":602.0},"geometry":{"type":"MultiLineString","coordinates":[[[-34.806578093163502,-7.14591132367586],[-34.806661152189598,-7.14590884930716],[-34.806744111059402,-7.14591361484102],[-34.806826338409799,-7.1459255840081],[-34.806907208444997,-7.14594466571544],[-34.806931478929002,-7.14595187090423]]]}},
{"type":"Feature","properties":{"id":null,"Name":null,"description":null,"timestamp":null,"begin":null,"end":null,"altitudeMode":null,"tessellate":-1,"extrude":0,"visibility":-1,"drawOrder":null,"icon":null,"FID":603.0},"geometry":{"type":"MultiLineString","coordinates":[[[-34.805642628690997,-7.14598008790162],[-34.8065780931598,-7.14591132367613]]]}},
{"type":"Feature","properties":{"id":null,"Name":null,"description":null,"timestamp":null,"begin":null,"end":null,"altitudeMode":null,"tessellate":-1,"extrude":0,"visibility":-1,"drawOrder":null,"icon":null,"FID":604.0},"geometry":{"type":"MultiLineString","coordinates":[[[-34.8053804319647,-7.14603843834781],[-34.805456881031802,-7.14601299105922],[-34.805535259683502,-7.14599429568021],[-34.805614971413704,-7.14598249449225],[-34.805642625439901,-7.14598004386329]]]}},
{"type":"Feature","properties":{"id":null,"Name":null,"description":null,"timestamp":null,"begin":null,"end":null,"altitudeMode":null,"tessellate":-1,"extrude":0,"visibility":-1,"drawOrder":null,"icon":null,"FID":605.0},"geometry":{"type":"MultiLineString","coordinates":[[[-34.805244850935701,-7.1460902350092],[-34.8053804319538,-7.14603843835198]]]}},
{"type":"Feature","properties":{"id":null,"Name":null,"description":null,"timestamp":null,"begin":null,"end":null,"altitudeMode":null,"tessellate":-1,"extrude":0,"visibility":-1,"drawOrder":null,"icon":null,"FID":606.0},"geometry":{"type":"MultiLineString","coordinates":[[[-34.805244850931899,-7.14609023501068],[-34.805224595312801,-7.14609697772272],[-34.805203828408999,-7.14610193147279],[-34.805182708269399,-7.14610505855983],[-34.805161395631103,-7.14610633518466],[-34.805140052696601,-7.14610575163131],[-34.805118841898597,-7.14610331234096],[-34.805097924664501,-7.14609903587802],[-34.8050774601871,-7.14609295478895],[-34.805075137249098,-7.14609213971316]]]}},
{"type":"Feature","properties":{"id":null,"Name":null,"description":null,"timestamp":null,"begin":null,"end":null,"altitudeMode":null,"tessellate":-1,"extrude":0,"visibility":-1,"drawOrder":null,"icon":null,"FID":607.0},"geometry":{"type":"MultiLineString","coordinates":[[[-34.804799190244303,-7.145993788504],[-34.805075128063102,-7.146092165429]]]}},
{"type":"Feature","properties":{"id":null,"Name":null,"description":null,"timestamp":null,"begin":null,"end":null,"altitudeMode":null,"tessellate":-1,"extrude":0,"visibility":-1,"drawOrder":null,"icon":null,"FID":608.0},"geometry":{"type":"MultiLineString","coordinates":[[[-34.8044535148573,-7.14597877642942],[-34.804503504880898,-7.14596800386396],[-34.804554244678201,-7.14596162404587],[-34.8046053480899,-7.14595968552887],[-34.804656426189702,-7.14596220306586],[-34.804707090244001,-7.14596915749651],[-34.804756954670196,-7.14598049589329],[-34.804799190221701,-7.14599378854782]]]}},
{"type":"Feature","properties":{"id":null,"Name":null,"description":null,"timestamp":null,"begin":null,"end":null,"altitudeMode":null,"tessellate":-1,"extrude":0,"visibility":-1,"drawOrder":null,"icon":null,"FID":609.0},"geometry":{"type":"MultiLineString","coordinates":[[[-34.804176527246398,-7.14605119856788],[-34.804453514861898,-7.14597877642821]]]}},
{"type":"Feature","properties":{"id":null,"Name":null,"description":null,"timestamp":null,"begin":null,"end":null,"altitudeMode":null,"tessellate":-1,"extrude":0,"visibility":-1,"drawOrder":null,"icon":null,"FID":610.0},"geometry":{"type":"MultiLineString","coordinates":[[[-34.804176527246703,-7.14605119856779],[-34.804159930490499,-7.14605477100547],[-34.804143085162103,-7.14605688505848],[-34.804126119464698,-7.14605752463754],[-34.804109162517697,-7.14605668487502],[-34.804092343374002,-7.14605437216199],[-34.804075790037402,-7.14605060409956],[-34.804059628489,-7.14604540936499],[-34.804043981728199,-7.14603882749333],[-34.804028968836398,-7.14603090857664],[-34.804015040528697,-7.14602195063118]]]}},
{"type":"Feature","properties":{"id":null,"Name":null,"description":null,"timestamp":null,"begin":null,"end":null,"altitudeMode":null,"tessellate":-1,"extrude":0,"visibility":-1,"drawOrder":null,"icon":null,"FID":611.0},"geometry":{"type":"MultiLineString","coordinates":[[[-34.803891376264197,-7.14593486436149],[-34.804015010267101,-7.14602199345375]]]}},
{"type":"Feature","properties":{"id":null,"Name":null,"description":null,"timestamp":null,"begin":null,"end":null,"altitudeMode":null,"tessellate":-1,"extrude":0,"visibility":-1,"drawOrder":null,"icon":null,"FID":612.0},"geometry":{"type":"MultiLineString","coordinates":[[[-34.803564787208998,-7.14580088014796],[-34.803632361249001,-7.14581515835772],[-34.803698432250101,-7.14583526471913],[-34.803762497374599,-7.14586104621083],[-34.803824069050798,-7.14589230662048],[-34.803882678683003,-7.14592880803822],[-34.803891382028397,-7.14593485622742]]]}},
{"type":"Feature","properties":{"id":null,"Name":null,"description":null,"timestamp":null,"begin":null,"end":null,"altitudeMode":null,"tessellate":-1,"extrude":0,"visibility":-1,"drawOrder":null,"icon":null,"FID":613.0},"geometry":{"type":"MultiLineString","coordinates":[[[-34.803332172598097,-7.14576218799353],[-34.8035647871978,-7.14580088014611]]]}},
{"type":"Feature","properties":{"id":null,"Name":null,"description":null,"timestamp":null,"begin":null,"end":null,"altitudeMode":null,"tessellate":-1,"extrude":0,"visibility":-1,"drawOrder":null,"icon":null,"FID":614.0},"geometry":{"type":"MultiLineString","coordinates":[[[-34.802974039202603,-7.14575590340338],[-34.803080085522801,-7.1457467639044],[-34.803186525801102,-7.14574689076808],[-34.8032925499691,-7.14575628302738],[-34.803332169985403,-7.14576220363859]]]}},
{"type":"Feature","properties":{"id":null,"Name":null,"description":null,"timestamp":null,"begin":null,"end":null,"altitudeMode":null,"tessellate":-1,"extrude":0,"visibility":-1,"drawOrder":null,"icon":null,"FID":615.0},"geometry":{"type":"MultiLineString","coordinates":[[[-34.802290034815002,-7.14584501550491],[-34.802974039214597,-7.14575590340182]]]}},
{"type":"Feature","properties":{"id":null,"Name":null,"description":null,"timestamp":null,"begin":null,"end":null,"altitudeMode":null,"tessellate":-1,"extrude":0,"visibility":-1,"drawOrder":null,"icon":null,"FID":627.0},"geometry":{"type":"MultiLineString","coordinates":[[[-34.804412835691998,-7.20852431770547],[-34.805926201688202,-7.20840459832839]]]}},
{"type":"Feature","properties":{"id":null,"Name":null,"description":null,"timestamp":null,"begin":null,"end":null,"altitudeMode":null,"tessellate":-1,"extrude":0,"visibility":-1,"drawOrder":null,"icon":null,"FID":628.0},"geometry":{"type":"MultiLineString","coordinates":[[[-34.803913655611701,-7.20869247179365],[-34.803995090454102,-7.20864504553414],[-34.804080354341799,-7.20860488785614],[-34.8041687983674,-7.20857230438106],[-34.804259749421497,-7.20854754308632],[-34.804352515315401,-7.20853079241794],[-34.804412835235702,-7.20852431179543]]]}},
{"type":"Feature","properties":{"id":null,"Name":null,"description":null,"timestamp":null,"begin":null,"end":null,"altitudeMode":null,"tessellate":-1,"extrude":0,"visibility":-1,"drawOrder":null,"icon":null,"FID":629.0},"geometry":{"type":"MultiLineString","coordinates":[[[-34.803412728834701,-7.20901424840951],[-34.803913655591202,-7.20869247180684]]]}},
{"type":"Feature","properties":{"id":null,"Name":null,"description":null,"timestamp":null,"begin":null,"end":null,"altitudeMode":null,"tessellate":-1,"extrude":0,"visibility":-1,"drawOrder":null,"icon":null,"FID":630.0},"geometry":{"type":"MultiLineString","coordinates":[[[-34.803048607151403,-7.2095665872051],[-34.803063383396797,-7.20949692529523],[-34.8030841829029,-7.20942881459834],[-34.80311084737,-7.20936277347779],[-34.8031431738629,-7.2092993045459],[-34.803180916355103,-7.20923889083887],[-34.803223787601603,-7.2091819921405],[-34.803271461324798,-7.20912904148306],[-34.803323574697899,-7.20908044185173],[-34.803379731106098,-7.20903656311756],[-34.8034127141689,-7.20901422562413]]]}},
{"type":"Feature","properties":{"id":null,"Name":null,"description":null,"timestamp":null,"begin":null,"end":null,"altitudeMode":null,"tessellate":-1,"extrude":0,"visibility":-1,"drawOrder":null,"icon":null,"FID":631.0},"geometry":{"type":"MultiLineString","coordinates":[[[-34.802980597218799,-7.20997408735294],[-34.803048607152199,-7.20956658720061]]]}},
{"type":"Feature","properties":{"id":null,"Name":null,"description":null,"timestamp":null,"begin":null,"end":null,"altitudeMode":null,"tessellate":-1,"extrude":0,"visibility":-1,"drawOrder":null,"icon":null,"FID":632.0},"geometry":{"type":"MultiLineString","coordinates":[[[-34.803016886601398,-7.21067963787851],[-34.802984949980697,-7.21053973893483],[-34.802965344119002,-7.21039759257893],[-34.802958218218102,-7.2102542806348],[-34.802963626499,-7.21011089379638],[-34.802980589767103,-7.20997408612631]]]}},
{"type":"Feature","properties":{"id":null,"Name":null,"description":null,"timestamp":null,"begin":null,"end":null,"altitudeMode":null,"tessellate":-1,"extrude":0,"visibility":-1,"drawOrder":null,"icon":null,"FID":633.0},"geometry":{"type":"MultiLineString","coordinates":[[[-34.803673773027,-7.21307079731358],[-34.803016886600702,-7.21067963787603]]]}},
{"type":"Feature","properties":{"id":null,"Name":null,"description":null,"timestamp":null,"begin":null,"end":null,"altitudeMode":null,"tessellate":-1,"extrude":0,"visibility":-1,"drawOrder":null,"icon":null,"FID":634.0},"geometry":{"type":"MultiLineString","coordinates":[[[-34.803673773038099,-7.21307079735417],[-34.803865502846897,-7.21391069936275],[-34.803902972825298,-7.21412966317583]]]}},
{"type":"Feature","properties":{"id":null,"Name":null,"description":null,"timestamp":null,"begin":null,"end":null,"altitudeMode":null,"tessellate":-1,"extrude":0,"visibility":-1,"drawOrder":null,"icon":null,"FID":635.0},"geometry":{"type":"MultiLineString","coordinates":[[[-34.804148976773099,-7.21567135073768],[-34.803903038980202,-7.21412965252388]]]}},
{"type":"Feature","properties":{"id":null,"Name":null,"description":null,"timestamp":null,"begin":null,"end":null,"altitudeMode":null,"tessellate":-1,"extrude":0,"visibility":-1,"drawOrder":null,"icon":null,"FID":636.0},"geometry":{"type":"MultiLineString","coordinates":[[[-34.8045673193444,-7.2160527881812],[-34.804527915735797,-7.21604840796167],[-34.804489044343697,-7.21604061475699],[-34.804451001003798,-7.21602946787813],[-34.804414075249703,-7.21601505215961],[-34.804378548109497,-7.21599747731386],[-34.804344689966896,-7.21597687709633],[-34.8043127585034,-7.21595340828737],[-34.8042829967373,-7.21592724949915],[-34.804255631173902,-7.21589859981626],[-34.804230870081902,-7.21586767728053],[-34.804208901907998,-7.21583471723161],[-34.804189893843301,-7.21579997051586],[-34.804173990550296,-7.21576370157728],[-34.804161313062103,-7.21572618644484],[-34.804151957861698,-7.21568771063179],[-34.804149038425102,-7.21567134094013]]]}},
{"type":"Feature","properties":{"id":null,"Name":null,"description":null,"timestamp":null,"begin":null,"end":null,"altitudeMode":null,"tessellate":-1,"extrude":0,"visibility":-1,"drawOrder":null,"icon":null,"FID":637.0},"geometry":{"type":"MultiLineString","coordinates":[[[-34.805243718998398,-7.21609830598068],[-34.804567319340201,-7.21605278818091]]]}},
{"type":"Feature","properties":{"id":null,"Name":null,"description":null,"timestamp":null,"begin":null,"end":null,"altitudeMode":null,"tessellate":-1,"extrude":0,"visibility":-1,"drawOrder":null,"icon":null,"FID":642.0},"geometry":{"type":"MultiLineString","coordinates":[[[-34.802518353601499,-7.20386708721761],[-34.802591460603402,-7.20391057678252],[-34.802649707287699,-7.20395188423112]]]}},
{"type":"Feature","properties":{"id":null,"Name":null,"description":null,"timestamp":null,"begin":null,"end":null,"altitudeMode":null,"tessellate":-1,"extrude":0,"visibility":-1,"drawOrder":null,"icon":null,"FID":643.0},"geometry":{"type":"MultiLineString","coordinates":[[[-34.802887884698698,-7.20413423762254],[-34.802649692132,-7.20395190401763]]]}},
{"type":"Feature","properties":{"id":null,"Name":null,"description":null,"timestamp":null,"begin":null,"end":null,"altitudeMode":null,"tessellate":-1,"extrude":0,"visibility":-1,"drawOrder":null,"icon":null,"FID":644.0},"geometry":{"type":"MultiLineString","coordinates":[[[-34.803197777876598,-7.20431583628246],[-34.803083194253297,-7.20426044794825],[-34.802973880441797,-7.20419529684565],[-34.802887872091802,-7.2041342539857]]]}},
{"type":"Feature","properties":{"id":null,"Name":null,"description":null,"timestamp":null,"begin":null,"end":null,"altitudeMode":null,"tessellate":-1,"extrude":0,"visibility":-1,"drawOrder":null,"icon":null,"FID":645.0},"geometry":{"type":"MultiLineString","coordinates":[[[-34.804365036099,-7.20481855425264],[-34.803197777887,-7.20431583628692]]]}},
{"type":"Feature","properties":{"id":null,"Name":null,"description":null,"timestamp":null,"begin":null,"end":null,"altitudeMode":null,"tessellate":-1,"extrude":0,"visibility":-1,"drawOrder":null,"icon":null,"FID":652.0},"geometry":{"type":"MultiLineString","coordinates":[[[-34.804414572956901,-7.21705537640643],[-34.805431572414101,-7.21771690399782]]]}},
{"type":"Feature","properties":{"id":null,"Name":null,"description":null,"timestamp":null,"begin":null,"end":null,"altitudeMode":null,"tessellate":-1,"extrude":0,"visibility":-1,"drawOrder":null,"icon":null,"FID":653.0},"geometry":{"type":"MultiLineString","coordinates":[[[-34.804264154357298,-7.21713752565486],[-34.804264459575897,-7.21712905182443],[-34.804265503168601,-7.21712063680533],[-34.804267277193098,-7.21711234464092],[-34.804269768147897,-7.21710423843964],[-34.804272957075199,-7.2170963798945],[-34.8042768197055,-7.21708882881384],[-34.8042813266417,-7.21708164266589],[-34.804286443583301,-7.21707487614156],[-34.804292131587196,-7.21706858073818],[-34.804298347364302,-7.21706280436753],[-34.8043050436088,-7.21705759099129],[-34.804312169358198,-7.21705298028638],[-34.804319670381197,-7.217049007343],[-34.804327489590598,-7.21704570239763],[-34.804335567477501,-7.21704309060289],[-34.804343842564201,-7.2170411918361],[-34.804352251872501,-7.21704002054798],[-34.804360731402397,-7.21703958565275],[-34.804369216619698,-7.21703989046019],[-34.804377642946797,-7.21704093265054],[-34.8043859462542,-7.21704270429208],[-34.804394063348802,-7.21704519190158],[-34.804401932454702,-7.2170483765468],[-34.804409493683302,-7.21705223399067],[-34.804414599096503,-7.21705533633285]]]}},
{"type":"Feature","properties":{"id":null,"Name":null,"description":null,"timestamp":null,"begin":null,"end":null,"altitudeMode":null,"tessellate":-1,"extrude":0,"visibility":-1,"drawOrder":null,"icon":null,"FID":654.0},"geometry":{"type":"MultiLineString","coordinates":[[[-34.804281300745799,-7.21943075669916],[-34.804264154357298,-7.21713752565647]]]}},
{"type":"Feature","properties":{"id":null,"Name":null,"description":null,"timestamp":null,"begin":null,"end":null,"altitudeMode":null,"tessellate":-1,"extrude":0,"visibility":-1,"drawOrder":null,"icon":null,"FID":655.0},"geometry":{"type":"MultiLineString","coordinates":[[[-34.804307752964199,-7.22123877923579],[-34.804281278499197,-7.21943075716509]]]}},
{"type":"Feature","properties":{"id":null,"Name":null,"description":null,"timestamp":null,"begin":null,"end":null,"altitudeMode":null,"tessellate":-1,"extrude":0,"visibility":-1,"drawOrder":null,"icon":null,"FID":656.0},"geometry":{"type":"MultiLineString","coordinates":[[[-34.804390737879999,-7.22504132810624],[-34.804307753006398,-7.22123878117351]]]}},
{"type":"Feature","properties":{"id":null,"Name":null,"description":null,"timestamp":null,"begin":null,"end":null,"altitudeMode":null,"tessellate":-1,"extrude":0,"visibility":-1,"drawOrder":null,"icon":null,"FID":657.0},"geometry":{"type":"MultiLineString","coordinates":[[[-34.804524999759501,-7.22684214438293],[-34.804400120877098,-7.22534798185284],[-34.804390687287402,-7.22504132959421]]]}},
{"type":"Feature","properties":{"id":null,"Name":null,"description":null,"timestamp":null,"begin":null,"end":null,"altitudeMode":null,"tessellate":-1,"extrude":0,"visibility":-1,"drawOrder":null,"icon":null,"FID":658.0},"geometry":{"type":"MultiLineString","coordinates":[[[-34.804781311610299,-7.22884826212678],[-34.804524999731299,-7.22684214416229]]]}},
{"type":"Feature","properties":{"id":null,"Name":null,"description":null,"timestamp":null,"begin":null,"end":null,"altitudeMode":null,"tessellate":-1,"extrude":0,"visibility":-1,"drawOrder":null,"icon":null,"FID":681.0},"geometry":{"type":"MultiLineString","coordinates":[[[-34.8048883974582,-7.22968635085781],[-34.804781311610299,-7.22884826212678]]]}},
{"type":"Feature","properties":{"id":null,"Name":null,"description":null,"timestamp":null,"begin":null,"end":null,"altitudeMode":null,"tessellate":-1,"extrude":0,"visibility":-1,"drawOrder":null,"icon":null,"FID":682.0},"geometry":{"type":"MultiLineString","coordinates":[[[-34.8048883974718,-7.22968635096424],[-34.804940220042901,-7.23030632985858],[-34.8049436125429,-7.23076677621718]]]}},
{"type":"Feature","properties":{"id":null,"Name":null,"description":null,"timestamp":null,"begin":null,"end":null,"altitudeMode":null,"tessellate":-1,"extrude":0,"visibility":-1,"drawOrder":null,"icon":null,"FID":683.0},"geometry":{"type":"MultiLineString","coordinates":[[[-34.804910849840297,-7.23207964871175],[-34.804943661912901,-7.2307667771976]]]}},
{"type":"Feature","properties":{"id":null,"Name":null,"description":null,"timestamp":null,"begin":null,"end":null,"altitudeMode":null,"tessellate":-1,"extrude":0,"visibility":-1,"drawOrder":null,"icon":null,"FID":684.0},"geometry":{"type":"MultiLineString","coordinates":[[[-34.804910849840198,-7.23207964871282],[-34.804903953420002,-7.23217998286499],[-34.804888326497199,-7.23227933498036],[-34.804864087996201,-7.23237694892989],[-34.804831422380701,-7.23247208181238],[-34.804790578250397,-7.23256400960857],[-34.804776917219002,-7.23259058976585]]]}},
{"type":"Feature","properties":{"id":null,"Name":null,"description":null,"timestamp":null,"begin":null,"end":null,"altitudeMode":null,"tessellate":-1,"extrude":0,"visibility":-1,"drawOrder":null,"icon":null,"FID":685.0},"geometry":{"type":"MultiLineString","coordinates":[[[-34.8046437054564,-7.23284173359813],[-34.804776888251702,-7.23259057445436]]]}},
{"type":"Feature","properties":{"id":null,"Name":null,"description":null,"timestamp":null,"begin":null,"end":null,"altitudeMode":null,"tessellate":-1,"extrude":0,"visibility":-1,"drawOrder":null,"icon":null,"FID":686.0},"geometry":{"type":"MultiLineString","coordinates":[[[-34.804643705453003,-7.23284173360461],[-34.804624409403203,-7.23287456519749],[-34.804602321369202,-7.23290559241091],[-34.804577609454,-7.23293457910865],[-34.804550461729697,-7.23296130468413],[-34.804521084806801,-7.23298556573914],[-34.8044897022613,-7.23300717763196],[-34.804456552933402,-7.2330259758826],[-34.804421889109697,-7.23304181742455],[-34.804385974603399,-7.23305458169366],[-34.804349082746,-7.23306417154576],[-34.804311494307399,-7.23307051399585],[-34.804273495358999,-7.23307356077376],[-34.804245070499498,-7.23307367305478]]]}},
{"type":"Feature","properties":{"id":null,"Name":null,"description":null,"timestamp":null,"begin":null,"end":null,"altitudeMode":null,"tessellate":-1,"extrude":0,"visibility":-1,"drawOrder":null,"icon":null,"FID":687.0},"geometry":{"type":"MultiLineString","coordinates":[[[-34.804000133206202,-7.23306652365893],[-34.804245072583498,-7.23307360063607]]]}},
{"type":"Feature","properties":{"id":null,"Name":null,"description":null,"timestamp":null,"begin":null,"end":null,"altitudeMode":null,"tessellate":-1,"extrude":0,"visibility":-1,"drawOrder":null,"icon":null,"FID":688.0},"geometry":{"type":"MultiLineString","coordinates":[[[-34.803874402317902,-7.23323356681431],[-34.803871455158699,-7.2332227932644],[-34.803869459487203,-7.2332118042032],[-34.803868430491598,-7.23320068326417],[-34.803868376003003,-7.23318951508437],[-34.803869296436197,-7.23317838466044],[-34.803871184785898,-7.2331673767016],[-34.803874026680703,-7.23315657498511],[-34.803877800491897,-7.23314606171854],[-34.803882477498497,-7.23313591691417],[-34.803888022105497,-7.23312621778006],[-34.803894392115197,-7.23311703813249],[-34.8039015390478,-7.2331084478341],[-34.803909408510798,-7.23310051226218],[-34.803917940612898,-7.23309329181123],[-34.803927070419697,-7.23308684143318],[-34.803936728447702,-7.23308121021925],[-34.8039468411935,-7.23307644102635],[-34.803957331693198,-7.23307257015089],[-34.803968120107697,-7.23306962705252],[-34.803979124330603,-7.23306763412998],[-34.803990260613404,-7.23306660655056],[-34.804000133652799,-7.23306650808353]]]}},
{"type":"Feature","properties":{"id":null,"Name":null,"description":null,"timestamp":null,"begin":null,"end":null,"altitudeMode":null,"tessellate":-1,"extrude":0,"visibility":-1,"drawOrder":null,"icon":null,"FID":689.0},"geometry":{"type":"MultiLineString","coordinates":[[[-34.804497332576403,-7.23517421788886],[-34.803874402318399,-7.23323356681568]]]}},
{"type":"Feature","properties":{"id":null,"Name":null,"description":null,"timestamp":null,"begin":null,"end":null,"altitudeMode":null,"tessellate":-1,"extrude":0,"visibility":-1,"drawOrder":null,"icon":null,"FID":690.0},"geometry":{"type":"MultiLineString","coordinates":[[[-34.804687582659099,-7.23568159873622],[-34.804512810169598,-7.2352216505343],[-34.8044973511346,-7.23517421201109]]]}},
{"type":"Feature","properties":{"id":null,"Name":null,"description":null,"timestamp":null,"begin":null,"end":null,"altitudeMode":null,"tessellate":-1,"extrude":0,"visibility":-1,"drawOrder":null,"icon":null,"FID":691.0},"geometry":{"type":"MultiLineString","coordinates":[[[-34.805175115586103,-7.23681320427752],[-34.804687582654999,-7.2356815987266]]]}},
{"type":"Feature","properties":{"id":null,"Name":null,"description":null,"timestamp":null,"begin":null,"end":null,"altitudeMode":null,"tessellate":-1,"extrude":0,"visibility":-1,"drawOrder":null,"icon":null,"FID":692.0},"geometry":{"type":"MultiLineString","coordinates":[[[-34.8057002962735,-7.23682414172637],[-34.805688412123303,-7.23684630251237],[-34.8056746390737,-7.23686734463377],[-34.805659081945599,-7.23688710794721],[-34.805641859138099,-7.23690544204179],[-34.805623101727001,-7.23692220738378],[-34.805602952467403,-7.23693727637865],[-34.805581564707502,-7.23695053434204],[-34.805559101221,-7.23696188037263],[-34.805535732968799,-7.23697122812011],[-34.805511637797601,-7.23697850644228],[-34.805486999086497,-7.23698365994654],[-34.805462004351199,-7.23698664941142],[-34.805436843817098,-7.23698745208521],[-34.805411708971398,-7.23698606185895],[-34.805386791105903,-7.23698248931305],[-34.805362279860802,-7.23697676163668],[-34.805338361781999,-7.23696892242095],[-34.805315218900802,-7.236959031327],[-34.805293027348803,-7.23694716363213],[-34.805271956017499,-7.23693340965679],[-34.805252165272599,-7.23691787407711],[-34.8052338057337,-7.23690067512841],[-34.8052170171282,-7.23688194370525],[-34.8052019272276,-7.23686182236527],[-34.805188650875102,-7.23684046424418],[-34.805177289111597,-7.23681803189041],[-34.8051751500278,-7.23681318947255]]]}},
{"type":"Feature","properties":{"id":null,"Name":null,"description":null,"timestamp":null,"begin":null,"end":null,"altitudeMode":null,"tessellate":-1,"extrude":0,"visibility":-1,"drawOrder":null,"icon":null,"FID":693.0},"geometry":{"type":"MultiLineString","coordinates":[[[-34.805915095369997,-7.23637790380313],[-34.805700296275901,-7.23682414172134]]]}},
{"type":"Feature","properties":{"id":null,"Name":null,"description":null,"timestamp":null,"begin":null,"end":null,"altitudeMode":null,"tessellate":-1,"extrude":0,"visibility":-1,"drawOrder":null,"icon":null,"FID":694.0},"geometry":{"type":"MultiLineString","coordinates":[[[-34.805915095367801,-7.23637790380779],[-34.805936779722401,-7.2363374860583],[-34.8059619090834,-7.23629910940822],[-34.805990292200399,-7.23626306592663],[-34.806021713060197,-7.23622962992564],[-34.806055932530597,-7.2361990558729],[-34.806092690180698,-7.2361715764547],[-34.806131706262498,-7.23614740080543],[-34.8061726838406,-7.23612671291568],[-34.806215311051098,-7.23610967023213],[-34.806259263476001,-7.23609640245926],[-34.806300540768298,-7.23608762459458]]]}},
{"type":"Feature","properties":{"id":null,"Name":null,"description":null,"timestamp":null,"begin":null,"end":null,"altitudeMode":null,"tessellate":-1,"extrude":0,"visibility":-1,"drawOrder":null,"icon":null,"FID":695.0},"geometry":{"type":"MultiLineString","coordinates":[[[-34.8072438844884,-7.23592616133508],[-34.806300550071199,-7.23608767879526]]]}},
{"type":"Feature","properties":{"id":null,"Name":null,"description":null,"timestamp":null,"begin":null,"end":null,"altitudeMode":null,"tessellate":-1,"extrude":0,"visibility":-1,"drawOrder":null,"icon":null,"FID":696.0},"geometry":{"type":"MultiLineString","coordinates":[[[-34.807476474650798,-7.23581022998477],[-34.807446778217802,-7.23583584504631],[-34.807414959191199,-7.23585877800102],[-34.807381259733198,-7.23587885431481],[-34.807345936317297,-7.23589592119428],[-34.807309257776197,-7.23590984874973],[-34.807271503256402,-7.2359205309836],[-34.807243883290198,-7.23592615433903]]]}},
{"type":"Feature","properties":{"id":null,"Name":null,"description":null,"timestamp":null,"begin":null,"end":null,"altitudeMode":null,"tessellate":-1,"extrude":0,"visibility":-1,"drawOrder":null,"icon":null,"FID":697.0},"geometry":{"type":"MultiLineString","coordinates":[[[-34.807911521014503,-7.23540054941062],[-34.807476474646599,-7.23581022998874]]]}},
{"type":"Feature","properties":{"id":null,"Name":null,"description":null,"timestamp":null,"begin":null,"end":null,"altitudeMode":null,"tessellate":-1,"extrude":0,"visibility":-1,"drawOrder":null,"icon":null,"FID":698.0},"geometry":{"type":"MultiLineString","coordinates":[[[-34.8079115210138,-7.2354005494112],[-34.8079199274232,-7.23539329650541],[-34.807928934851198,-7.23538680285251],[-34.807938474745903,-7.23538111787307],[-34.8079484745031,-7.23537628483316],[-34.807958858018502,-7.2353723405151],[-34.807969546267401,-7.23536931493752],[-34.8079804579057,-7.23536723112683],[-34.807991509889497,-7.23536610494208],[-34.8080026181064,-7.23536594495419],[-34.808013698016303,-7.2353667523807],[-34.808024665294603,-7.23536852107666],[-34.808035436473503,-7.2353712375812],[-34.808045929578199,-7.23537488122006],[-34.8080560647496,-7.23537942426299],[-34.808057670688797,-7.23538024420152]]]}},
{"type":"Feature","properties":{"id":null,"Name":null,"description":null,"timestamp":null,"begin":null,"end":null,"altitudeMode":null,"tessellate":-1,"extrude":0,"visibility":-1,"drawOrder":null,"icon":null,"FID":699.0},"geometry":{"type":"MultiLineString","coordinates":[[[-34.8082716914804,-7.23549161428648],[-34.8080576631273,-7.23538025871596]]]}},
{"type":"Feature","properties":{"id":null,"Name":null,"description":null,"timestamp":null,"begin":null,"end":null,"altitudeMode":null,"tessellate":-1,"extrude":0,"visibility":-1,"drawOrder":null,"icon":null,"FID":700.0},"geometry":{"type":"MultiLineString","coordinates":[[[-34.808442034873799,-7.23552357779585],[-34.808416031973699,-7.2355252708708],[-34.8083899802565,-7.23552469433472],[-34.808364077991897,-7.23552185257533],[-34.808338522312198,-7.23551676722005],[-34.808313507711901,-7.23550947697151],[-34.808289224567602,-7.23550003731293],[-34.808271682846097,-7.23549163082399]]]}},
{"type":"Feature","properties":{"id":null,"Name":null,"description":null,"timestamp":null,"begin":null,"end":null,"altitudeMode":null,"tessellate":-1,"extrude":0,"visibility":-1,"drawOrder":null,"icon":null,"FID":701.0},"geometry":{"type":"MultiLineString","coordinates":[[[-34.809934218931801,-7.23536123170492],[-34.8084420348791,-7.23552357779527]]]}},
{"type":"Feature","properties":{"id":null,"Name":null,"description":null,"timestamp":null,"begin":null,"end":null,"altitudeMode":null,"tessellate":-1,"extrude":0,"visibility":-1,"drawOrder":null,"icon":null,"FID":702.0},"geometry":{"type":"MultiLineString","coordinates":[[[-34.810236739338698,-7.23520849354765],[-34.810206978466702,-7.23523812414853],[-34.810174744786998,-7.2352650517504],[-34.8101402836174,-7.2352890714174],[-34.8101038572281,-7.23531000034483],[-34.810065742846398,-7.23532767925036],[-34.8100262305462,-7.23534197358629],[-34.809985621040497,-7.23535277456359],[-34.809944223393003,-7.23535999997983],[-34.809934214856497,-7.23536119433827]]]}},
{"type":"Feature","properties":{"id":null,"Name":null,"description":null,"timestamp":null,"begin":null,"end":null,"altitudeMode":null,"tessellate":-1,"extrude":0,"visibility":-1,"drawOrder":null,"icon":null,"FID":703.0},"geometry":{"type":"MultiLineString","coordinates":[[[-34.810793323986402,-7.23460366410688],[-34.810236739340397,-7.23520849354574]]]}},
{"type":"Feature","properties":{"id":null,"Name":null,"description":null,"timestamp":null,"begin":null,"end":null,"altitudeMode":null,"tessellate":-1,"extrude":0,"visibility":-1,"drawOrder":null,"icon":null,"FID":704.0},"geometry":{"type":"MultiLineString","coordinates":[[[-34.810793323949603,-7.23460366414685],[-34.810980572321597,-7.23441721755565],[-34.811183380365001,-7.23424777763096],[-34.811400204585297,-7.23409663389189],[-34.811489969509999,-7.23404186854473]]]}},
{"type":"Feature","properties":{"id":null,"Name":null,"description":null,"timestamp":null,"begin":null,"end":null,"altitudeMode":null,"tessellate":-1,"extrude":0,"visibility":-1,"drawOrder":null,"icon":null,"FID":705.0},"geometry":{"type":"MultiLineString","coordinates":[[[-34.811691396158203,-7.23392369755953],[-34.811489963116202,-7.23404185745809]]]}},
{"type":"Feature","properties":{"id":null,"Name":null,"description":null,"timestamp":null,"begin":null,"end":null,"altitudeMode":null,"tessellate":-1,"extrude":0,"visibility":-1,"drawOrder":null,"icon":null,"FID":718.0},"geometry":{"type":"MultiLineString","coordinates":[[[-34.811003918204499,-7.2471726046081],[-34.811745018480302,-7.24735599769842]]]}},
{"type":"Feature","properties":{"id":null,"Name":null,"description":null,"timestamp":null,"begin":null,"end":null,"altitudeMode":null,"tessellate":-1,"extrude":0,"visibility":-1,"drawOrder":null,"icon":null,"FID":719.0},"geometry":{"type":"MultiLineString","coordinates":[[[-34.8104990173712,-7.24723193844008],[-34.810556136424502,-7.24720553052958],[-34.8106153429651,-7.24718419433897],[-34.810676186396996,-7.24716809224845],[-34.810738203666503,-7.24715734680356],[-34.810800922786797,-7.24715203978274],[-34.8108638664295,-7.2471522115749],[-34.810926555557998,-7.24715786087199],[-34.810988513072303,-7.24716894467914],[-34.811003924686297,-7.24717257853738]]]}},
{"type":"Feature","properties":{"id":null,"Name":null,"description":null,"timestamp":null,"begin":null,"end":null,"altitudeMode":null,"tessellate":-1,"extrude":0,"visibility":-1,"drawOrder":null,"icon":null,"FID":720.0},"geometry":{"type":"MultiLineString","coordinates":[[[-34.809966546711699,-7.24750693115477],[-34.8104990173576,-7.24723193844712]]]}},
{"type":"Feature","properties":{"id":null,"Name":null,"description":null,"timestamp":null,"begin":null,"end":null,"altitudeMode":null,"tessellate":-1,"extrude":0,"visibility":-1,"drawOrder":null,"icon":null,"FID":721.0},"geometry":{"type":"MultiLineString","coordinates":[[[-34.809806795822901,-7.2477707655022],[-34.809807762473604,-7.24774503828066],[-34.809810970889103,-7.24771949308927],[-34.809816396650902,-7.24769432434247],[-34.809823998465298,-7.24766972358957],[-34.809833718477698,-7.24764587805714],[-34.809845482712397,-7.24762296922404],[-34.8098592016363,-7.2476011714402],[-34.809874770839798,-7.24758065059981],[-34.809892071831698,-7.2475615628787],[-34.809910972940799,-7.24754405354574],[-34.8099313303182,-7.24752825585738],[-34.809952989031999,-7.24751429004334],[-34.809966506002503,-7.24750685260363]]]}},
{"type":"Feature","properties":{"id":null,"Name":null,"description":null,"timestamp":null,"begin":null,"end":null,"altitudeMode":null,"tessellate":-1,"extrude":0,"visibility":-1,"drawOrder":null,"icon":null,"FID":722.0},"geometry":{"type":"MultiLineString","coordinates":[[[-34.809810057990802,-7.24831577490195],[-34.809806795822901,-7.2477707654971]]]}},
{"type":"Feature","properties":{"id":null,"Name":null,"description":null,"timestamp":null,"begin":null,"end":null,"altitudeMode":null,"tessellate":-1,"extrude":0,"visibility":-1,"drawOrder":null,"icon":null,"FID":723.0},"geometry":{"type":"MultiLineString","coordinates":[[[-34.809810057990802,-7.24831577490414],[-34.809809294716999,-7.24833598448936],[-34.809806770475603,-7.24835605074126],[-34.809802504477197,-7.24837582094359],[-34.809796529188397,-7.24839514463319],[-34.809788890084697,-7.24841387474508],[-34.809779645303898,-7.24843186873176],[-34.809768865204198,-7.24844898964809],[-34.809756631828698,-7.24846510719345],[-34.809743038280402,-7.2484800987035],[-34.809728188014397,-7.24849385008368],[-34.809712194050299,-7.24850625667759],[-34.809695178111603,-7.24851722406341],[-34.809677269700103,-7.24852666877262],[-34.809658605109597,-7.24853451892508],[-34.809639326389103,-7.24854071477633],[-34.809619580261398,-7.24854520917205],[-34.809599517006703,-7.24854796790711],[-34.809579289318599,-7.24854896998574],[-34.809559051142301,-7.24854820778147],[-34.809543144634603,-7.24854635970415]]]}},
{"type":"Feature","properties":{"id":null,"Name":null,"description":null,"timestamp":null,"begin":null,"end":null,"altitudeMode":null,"tessellate":-1,"extrude":0,"visibility":-1,"drawOrder":null,"icon":null,"FID":724.0},"geometry":{"type":"MultiLineString","coordinates":[[[-34.807783742951401,-7.24827989503088],[-34.809543152033498,-7.24854631095803]]]}},
{"type":"Feature","properties":{"id":null,"Name":null,"description":null,"timestamp":null,"begin":null,"end":null,"altitudeMode":null,"tessellate":-1,"extrude":0,"visibility":-1,"drawOrder":null,"icon":null,"FID":725.0},"geometry":{"type":"MultiLineString","coordinates":[[[-34.806957867760303,-7.2486581303741],[-34.806998906756903,-7.24859873670653],[-34.807044973400103,-7.24854314077896],[-34.807095717093702,-7.24849176570868],[-34.807150751646702,-7.24844500248949],[-34.807209658212599,-7.2484032070162],[-34.807271988477403,-7.24836669737593],[-34.807337268070697,-7.24833575142748],[-34.8074050001768,-7.24831060468657],[-34.807474669315297,-7.24829144853356],[-34.8075457452641,-7.24827842875695],[-34.807617687094996,-7.24827164444391],[-34.807689947289902,-7.2482711472261],[-34.8077619759081,-7.24827694088695],[-34.8077837357174,-7.24827994248967]]]}},
{"type":"Feature","properties":{"id":null,"Name":null,"description":null,"timestamp":null,"begin":null,"end":null,"altitudeMode":null,"tessellate":-1,"extrude":0,"visibility":-1,"drawOrder":null,"icon":null,"FID":726.0},"geometry":{"type":"MultiLineString","coordinates":[[[-34.8060782044953,-7.25005799991227],[-34.806957867766499,-7.24865813036412]]]}},
{"type":"Feature","properties":{"id":null,"Name":null,"description":null,"timestamp":null,"begin":null,"end":null,"altitudeMode":null,"tessellate":-1,"extrude":0,"visibility":-1,"drawOrder":null,"icon":null,"FID":727.0},"geometry":{"type":"MultiLineString","coordinates":[[[-34.805848523904501,-7.2507240979676],[-34.805868374266304,-7.25058997827866],[-34.805899854976602,-7.25045809657815],[-34.805942726437301,-7.25032945656543],[-34.805996662360798,-7.25020503726765],[-34.806061252252903,-7.25008578558882],[-34.806078279326798,-7.25005804680217]]]}},
{"type":"Feature","properties":{"id":null,"Name":null,"description":null,"timestamp":null,"begin":null,"end":null,"altitudeMode":null,"tessellate":-1,"extrude":0,"visibility":-1,"drawOrder":null,"icon":null,"FID":728.0},"geometry":{"type":"MultiLineString","coordinates":[[[-34.805667080542598,-7.25247525938595],[-34.805848523906,-7.25072409795246]]]}},
{"type":"Feature","properties":{"id":null,"Name":null,"description":null,"timestamp":null,"begin":null,"end":null,"altitudeMode":null,"tessellate":-1,"extrude":0,"visibility":-1,"drawOrder":null,"icon":null,"FID":729.0},"geometry":{"type":"MultiLineString","coordinates":[[[-34.8056019497973,-7.25337659743246],[-34.805667065984899,-7.25247525804969]]]}},
{"type":"Feature","properties":{"id":null,"Name":null,"description":null,"timestamp":null,"begin":null,"end":null,"altitudeMode":null,"tessellate":-1,"extrude":0,"visibility":-1,"drawOrder":null,"icon":null,"FID":730.0},"geometry":{"type":"MultiLineString","coordinates":[[[-34.805569765773399,-7.254161439642],[-34.805601949805499,-7.25337659723232]]]}},
{"type":"Feature","properties":{"id":null,"Name":null,"description":null,"timestamp":null,"begin":null,"end":null,"altitudeMode":null,"tessellate":-1,"extrude":0,"visibility":-1,"drawOrder":null,"icon":null,"FID":750.0},"geometry":{"type":"MultiLineString","coordinates":[[[-34.805436153813801,-7.25741719317051],[-34.805569765773399,-7.254161439642]]]}},
{"type":"Feature","properties":{"id":null,"Name":null,"description":null,"timestamp":null,"begin":null,"end":null,"altitudeMode":null,"tessellate":-1,"extrude":0,"visibility":-1,"drawOrder":null,"icon":null,"FID":751.0},"geometry":{"type":"MultiLineString","coordinates":[[[-34.805586597768198,-7.25790619381864],[-34.8055490201913,-7.25785058487331],[-34.805516439215303,-7.25779191712555],[-34.805489102800202,-7.25773063707375],[-34.805467218991502,-7.25766721109747],[-34.8054509543365,-7.25760212190799],[-34.805440432616997,-7.25753586487451],[-34.805435733907402,-7.25746894425407],[-34.805436111875402,-7.25741719147462]]]}},
{"type":"Feature","properties":{"id":null,"Name":null,"description":null,"timestamp":null,"begin":null,"end":null,"altitudeMode":null,"tessellate":-1,"extrude":0,"visibility":-1,"drawOrder":null,"icon":null,"FID":752.0},"geometry":{"type":"MultiLineString","coordinates":[[[-34.806046324414503,-7.25852633205395],[-34.805586597759103,-7.2579061938064]]]}},
{"type":"Feature","properties":{"id":null,"Name":null,"description":null,"timestamp":null,"begin":null,"end":null,"altitudeMode":null,"tessellate":-1,"extrude":0,"visibility":-1,"drawOrder":null,"icon":null,"FID":753.0},"geometry":{"type":"MultiLineString","coordinates":[[[-34.806588750540797,-7.25897254315421],[-34.806476885250198,-7.25891321017354],[-34.806370624315001,-7.25884436723715],[-34.806270776450901,-7.25876653828457],[-34.806178101565003,-7.25868031564497],[-34.806093304971903,-7.25858635552905],[-34.806046315249297,-7.25852633888065]]]}},
{"type":"Feature","properties":{"id":null,"Name":null,"description":null,"timestamp":null,"begin":null,"end":null,"altitudeMode":null,"tessellate":-1,"extrude":0,"visibility":-1,"drawOrder":null,"icon":null,"FID":754.0},"geometry":{"type":"MultiLineString","coordinates":[[[-34.807319480512,-7.25932017440399],[-34.80658875052,-7.25897254314431]]]}},
{"type":"Feature","properties":{"id":null,"Name":null,"description":null,"timestamp":null,"begin":null,"end":null,"altitudeMode":null,"tessellate":-1,"extrude":0,"visibility":-1,"drawOrder":null,"icon":null,"FID":755.0},"geometry":{"type":"MultiLineString","coordinates":[[[-34.807319480512099,-7.25932017440404],[-34.807325751883901,-7.25932349352188],[-34.8073317096948,-7.25932734581012],[-34.807337308602399,-7.25933170195045],[-34.807342505995699,-7.25933652879008],[-34.807347262319297,-7.25934178959385],[-34.8073515413747,-7.25934744432386],[-34.807355310595803,-7.25935344994425],[-34.807358541296402,-7.25935976074861],[-34.807361208889098,-7.25936632870792],[-34.807363293071703,-7.25937310383609],[-34.8073647779824,-7.25938003457027],[-34.8073656523202,-7.25938706816346],[-34.807365909430601,-7.25939415108572],[-34.807365547356902,-7.2594012294318],[-34.807364568854801,-7.25940824933119],[-34.807362981371099,-7.25941515735819],[-34.807360796987602,-7.25942190093859],[-34.807358032328601,-7.25942842874964],[-34.807354708435,-7.25943469111079],[-34.807350850603399,-7.25944064036164],[-34.807346488194398,-7.25944623122479],[-34.807341654408397,-7.25945142115041],[-34.807336386033597,-7.25945617064002],[-34.807332785126299,-7.25945897664364]]]}},
{"type":"Feature","properties":{"id":null,"Name":null,"description":null,"timestamp":null,"begin":null,"end":null,"altitudeMode":null,"tessellate":-1,"extrude":0,"visibility":-1,"drawOrder":null,"icon":null,"FID":756.0},"geometry":{"type":"MultiLineString","coordinates":[[[-34.807095093743797,-7.25963381393312],[-34.807332801699403,-7.25945899912711]]]}},
{"type":"Feature","properties":{"id":null,"Name":null,"description":null,"timestamp":null,"begin":null,"end":null,"altitudeMode":null,"tessellate":-1,"extrude":0,"visibility":-1,"drawOrder":null,"icon":null,"FID":757.0},"geometry":{"type":"MultiLineString","coordinates":[[[-34.806869821004199,-7.26006581049209],[-34.806873092792003,-7.26001767706464],[-34.806880553277402,-7.2599700115445],[-34.806892145680102,-7.25992317669515],[-34.806907781773504,-7.25987752895805],[-34.806927342556499,-7.25983341573993],[-34.806950679158298,-7.25979117276872],[-34.8069776139724,-7.25975112153858],[-34.8070079420078,-7.25971356686309],[-34.807041432449097,-7.25967879455537],[-34.807077830413597,-7.25964706925309],[-34.807095108963402,-7.25963383458259]]]}},
{"type":"Feature","properties":{"id":null,"Name":null,"description":null,"timestamp":null,"begin":null,"end":null,"altitudeMode":null,"tessellate":-1,"extrude":0,"visibility":-1,"drawOrder":null,"icon":null,"FID":758.0},"geometry":{"type":"MultiLineString","coordinates":[[[-34.8068503924993,-7.26086931752698],[-34.806869821004398,-7.26006581048246]]]}},
{"type":"Feature","properties":{"id":null,"Name":null,"description":null,"timestamp":null,"begin":null,"end":null,"altitudeMode":null,"tessellate":-1,"extrude":0,"visibility":-1,"drawOrder":null,"icon":null,"FID":759.0},"geometry":{"type":"MultiLineString","coordinates":[[[-34.806875277882497,-7.26140990154632],[-34.806850883636798,-7.26107315444082],[-34.806850426432497,-7.26086931843819]]]}},
{"type":"Feature","properties":{"id":null,"Name":null,"description":null,"timestamp":null,"begin":null,"end":null,"altitudeMode":null,"tessellate":-1,"extrude":0,"visibility":-1,"drawOrder":null,"icon":null,"FID":760.0},"geometry":{"type":"MultiLineString","coordinates":[[[-34.807058574949799,-7.26298239633864],[-34.806875277876102,-7.26140990149137]]]}},
{"type":"Feature","properties":{"id":null,"Name":null,"description":null,"timestamp":null,"begin":null,"end":null,"altitudeMode":null,"tessellate":-1,"extrude":0,"visibility":-1,"drawOrder":null,"icon":null,"FID":761.0},"geometry":{"type":"MultiLineString","coordinates":[[[-34.807058574949799,-7.26298239633868],[-34.807058768432903,-7.26298508791184],[-34.807058726254098,-7.26298778608154],[-34.807058448734601,-7.26299047031308],[-34.8070579379864,-7.26299312017783],[-34.807057197896498,-7.26299571550875],[-34.807056234097502,-7.26299823655379],[-34.8070550539246,-7.26300066412623],[-34.807053666359501,-7.26300297975087],[-34.807052081962397,-7.2630051658043],[-34.807050312791503,-7.26300720564941],[-34.807048372311399,-7.26300908376172],[-34.807046275290197,-7.26301078584766],[-34.807044037687497,-7.26301229895331],[-34.807041676532897,-7.26301361156305],[-34.807039209796102,-7.2630147136871],[-34.807036656250503,-7.26301559693764],[-34.807034035330098,-7.26301625459261],[-34.807031366981803,-7.26301668164683],[-34.807028671513201,-7.26301687485016],[-34.807025969438598,-7.26301683273223],[-34.807023281322302,-7.26301655561358],[-34.807020627622499,-7.2630160456032],[-34.807018028535602,-7.26301530658265],[-34.807015503842003,-7.26301434417627],[-34.807013072756298,-7.26301316570856],[-34.807010753780602,-7.26301178014839],[-34.807008564563503,-7.26301019804071],[-34.807006521766397,-7.26300843142631],[-34.807004640936199,-7.26300649375021],[-34.8070029363871,-7.26300439975925],[-34.807001421091897,-7.26300216539],[-34.807000106582699,-7.26299980764737],[-34.806999002863897,-7.26299734447521],[-34.806998118335301,-7.26299479461973],[-34.806998101349699,-7.26299473754485]]]}},
{"type":"Feature","properties":{"id":null,"Name":null,"description":null,"timestamp":null,"begin":null,"end":null,"altitudeMode":null,"tessellate":-1,"extrude":0,"visibility":-1,"drawOrder":null,"icon":null,"FID":762.0},"geometry":{"type":"MultiLineString","coordinates":[[[-34.806728006462599,-7.26207919884337],[-34.806998048992497,-7.26299475302689]]]}},
{"type":"Feature","properties":{"id":null,"Name":null,"description":null,"timestamp":null,"begin":null,"end":null,"altitudeMode":null,"tessellate":-1,"extrude":0,"visibility":-1,"drawOrder":null,"icon":null,"FID":763.0},"geometry":{"type":"MultiLineString","coordinates":[[[-34.806468563384698,-7.2616183002834],[-34.806534588414102,-7.26169749385081],[-34.806593450080399,-7.26178213221087],[-34.806644700409997,-7.26187157121793],[-34.806687949355101,-7.26196513019052],[-34.806722867762304,-7.26206209709161],[-34.806728049358803,-7.26207918622587]]]}},
{"type":"Feature","properties":{"id":null,"Name":null,"description":null,"timestamp":null,"begin":null,"end":null,"altitudeMode":null,"tessellate":-1,"extrude":0,"visibility":-1,"drawOrder":null,"icon":null,"FID":764.0},"geometry":{"type":"MultiLineString","coordinates":[[[-34.806038941961603,-7.26114650548854],[-34.806468563366401,-7.26161830026328]]]}},
{"type":"Feature","properties":{"id":null,"Name":null,"description":null,"timestamp":null,"begin":null,"end":null,"altitudeMode":null,"tessellate":-1,"extrude":0,"visibility":-1,"drawOrder":null,"icon":null,"FID":765.0},"geometry":{"type":"MultiLineString","coordinates":[[[-34.806038941965703,-7.26114650549302],[-34.805955290708297,-7.26104616060969],[-34.805880716059903,-7.26093891736379],[-34.805815785577401,-7.26082559194652],[-34.805760993418197,-7.26070704683813],[-34.805716756579102,-7.26058418424371],[-34.805700934095199,-7.26052976745519]]]}},
{"type":"Feature","properties":{"id":null,"Name":null,"description":null,"timestamp":null,"begin":null,"end":null,"altitudeMode":null,"tessellate":-1,"extrude":0,"visibility":-1,"drawOrder":null,"icon":null,"FID":766.0},"geometry":{"type":"MultiLineString","coordinates":[[[-34.8054435939165,-7.25957790848012],[-34.805700918670098,-7.26052977163707]]]}},
{"type":"Feature","properties":{"id":null,"Name":null,"description":null,"timestamp":null,"begin":null,"end":null,"altitudeMode":null,"tessellate":-1,"extrude":0,"visibility":-1,"drawOrder":null,"icon":null,"FID":767.0},"geometry":{"type":"MultiLineString","coordinates":[[[-34.805276045982403,-7.25959087131517],[-34.805277184217601,-7.2595835119627],[-34.8052789604547,-7.25957627967591],[-34.805281361175197,-7.25956922949691],[-34.805284368108303,-7.25956241508178],[-34.805287958369398,-7.25955588829238],[-34.805292104634297,-7.25954969880143],[-34.8052967753475,-7.25954389371476],[-34.805301934962102,-7.25953851721253],[-34.805307544210102,-7.25953361021314],[-34.805313560401899,-7.25952921006184],[-34.805319937750603,-7.25952535024639],[-34.805326627720802,-7.25952206014232],[-34.805333579397697,-7.25951936478929],[-34.805340739874801,-7.25951728470051],[-34.805348054656797,-7.25951583570677],[-34.8053554680736,-7.25951502883569],[-34.805362923704799,-7.25951487022812],[-34.805370364808503,-7.25951536109108],[-34.805377734753399,-7.25951649768882],[-34.805384977449897,-7.25951827137116],[-34.805392037776699,-7.25952066863931],[-34.805398862000402,-7.25952367124859],[-34.805405398184703,-7.25952725634734],[-34.805411596585202,-7.25953139665081],[-34.805417410028497,-7.25953606064881],[-34.805422794270697,-7.25954121284552],[-34.805427708334399,-7.2595468140296],[-34.805432114820697,-7.25955282157268],[-34.8054359801936,-7.25955918975377],[-34.805439275035198,-7.25956587010715],[-34.805441974269797,-7.25957281179133],[-34.805443532603697,-7.25957792503661]]]}},
{"type":"Feature","properties":{"id":null,"Name":null,"description":null,"timestamp":null,"begin":null,"end":null,"altitudeMode":null,"tessellate":-1,"extrude":0,"visibility":-1,"drawOrder":null,"icon":null,"FID":768.0},"geometry":{"type":"MultiLineString","coordinates":[[[-34.804892778922202,-7.26306723689965],[-34.805276045982502,-7.2595908713141]]]}},
{"type":"Feature","properties":{"id":null,"Name":null,"description":null,"timestamp":null,"begin":null,"end":null,"altitudeMode":null,"tessellate":-1,"extrude":0,"visibility":-1,"drawOrder":null,"icon":null,"FID":769.0},"geometry":{"type":"MultiLineString","coordinates":[[[-34.804892778928902,-7.26306723683849],[-34.804714801395498,-7.26421752164737],[-34.8046947307054,-7.26431604105639]]]}},
{"type":"Feature","properties":{"id":null,"Name":null,"description":null,"timestamp":null,"begin":null,"end":null,"altitudeMode":null,"tessellate":-1,"extrude":0,"visibility":-1,"drawOrder":null,"icon":null,"FID":770.0},"geometry":{"type":"MultiLineString","coordinates":[[[-34.8041736202115,-7.26682513659931],[-34.8046946657037,-7.26431602759592]]]}},
{"type":"Feature","properties":{"id":null,"Name":null,"description":null,"timestamp":null,"begin":null,"end":null,"altitudeMode":null,"tessellate":-1,"extrude":0,"visibility":-1,"drawOrder":null,"icon":null,"FID":787.0},"geometry":{"type":"MultiLineString","coordinates":[[[-34.804172998658203,-7.26682821319342],[-34.8041736202115,-7.26682513659931]]]}},
{"type":"Feature","properties":{"id":null,"Name":null,"description":null,"timestamp":null,"begin":null,"end":null,"altitudeMode":null,"tessellate":-1,"extrude":0,"visibility":-1,"drawOrder":null,"icon":null,"FID":788.0},"geometry":{"type":"MultiLineString","coordinates":[[[-34.804172998663198,-7.26682821316903],[-34.803882708202501,-7.26797253380587],[-34.803804072604301,-7.26822503249561]]]}},
{"type":"Feature","properties":{"id":null,"Name":null,"description":null,"timestamp":null,"begin":null,"end":null,"altitudeMode":null,"tessellate":-1,"extrude":0,"visibility":-1,"drawOrder":null,"icon":null,"FID":789.0},"geometry":{"type":"MultiLineString","coordinates":[[[-34.803648623115798,-7.26870759307487],[-34.803804159656799,-7.26822506049924]]]}},
{"type":"Feature","properties":{"id":null,"Name":null,"description":null,"timestamp":null,"begin":null,"end":null,"altitudeMode":null,"tessellate":-1,"extrude":0,"visibility":-1,"drawOrder":null,"icon":null,"FID":790.0},"geometry":{"type":"MultiLineString","coordinates":[[[-34.803648623079098,-7.26870759318889],[-34.803460380254499,-7.26921480076196],[-34.803387433380401,-7.26938095128234]]]}},
{"type":"Feature","properties":{"id":null,"Name":null,"description":null,"timestamp":null,"begin":null,"end":null,"altitudeMode":null,"tessellate":-1,"extrude":0,"visibility":-1,"drawOrder":null,"icon":null,"FID":791.0},"geometry":{"type":"MultiLineString","coordinates":[[[-34.8030323504181,-7.27015858911146],[-34.803387454423699,-7.26938096062746]]]}},
{"type":"Feature","properties":{"id":null,"Name":null,"description":null,"timestamp":null,"begin":null,"end":null,"altitudeMode":null,"tessellate":-1,"extrude":0,"visibility":-1,"drawOrder":null,"icon":null,"FID":792.0},"geometry":{"type":"MultiLineString","coordinates":[[[-34.802808423350598,-7.2710205054651],[-34.802836110007,-7.27079779523237],[-34.802883130204997,-7.27057834200454],[-34.802949126062899,-7.27036381595385],[-34.803032343945098,-7.27015858614453]]]}},
{"type":"Feature","properties":{"id":null,"Name":null,"description":null,"timestamp":null,"begin":null,"end":null,"altitudeMode":null,"tessellate":-1,"extrude":0,"visibility":-1,"drawOrder":null,"icon":null,"FID":793.0},"geometry":{"type":"MultiLineString","coordinates":[[[-34.802786083096898,-7.2712991641395],[-34.802808423349603,-7.27102050547723]]]}},
{"type":"Feature","properties":{"id":null,"Name":null,"description":null,"timestamp":null,"begin":null,"end":null,"altitudeMode":null,"tessellate":-1,"extrude":0,"visibility":-1,"drawOrder":null,"icon":null,"FID":794.0},"geometry":{"type":"MultiLineString","coordinates":[[[-34.803148963873902,-7.27414905943373],[-34.8027945137571,-7.27341213805299]]]}},
{"type":"Feature","properties":{"id":null,"Name":null,"description":null,"timestamp":null,"begin":null,"end":null,"altitudeMode":null,"tessellate":-1,"extrude":0,"visibility":-1,"drawOrder":null,"icon":null,"FID":795.0},"geometry":{"type":"MultiLineString","coordinates":[[[-34.803148963875401,-7.27414905943676],[-34.803161204612103,-7.27417763855839],[-34.803170904268697,-7.27420717420919],[-34.803177989024597,-7.2742374416053],[-34.803182404960197,-7.27426821039381],[-34.803184118466902,-7.27429924640584],[-34.803183116503398,-7.27433031343879],[-34.803179406694703,-7.27436117505388],[-34.803173017274098,-7.27439159637569],[-34.803170273369702,-7.27440169082431]]]}},
{"type":"Feature","properties":{"id":null,"Name":null,"description":null,"timestamp":null,"begin":null,"end":null,"altitudeMode":null,"tessellate":-1,"extrude":0,"visibility":-1,"drawOrder":null,"icon":null,"FID":796.0},"geometry":{"type":"MultiLineString","coordinates":[[[-34.803004588207003,-7.27497801957987],[-34.8031702551813,-7.27440168561265]]]}},
{"type":"Feature","properties":{"id":null,"Name":null,"description":null,"timestamp":null,"begin":null,"end":null,"altitudeMode":null,"tessellate":-1,"extrude":0,"visibility":-1,"drawOrder":null,"icon":null,"FID":797.0},"geometry":{"type":"MultiLineString","coordinates":[[[-34.802955930402902,-7.27533264145455],[-34.802959901917703,-7.27522351608172],[-34.802973383251597,-7.27511515159498],[-34.802996271796502,-7.27500837271432],[-34.803004588531898,-7.27497801969239]]]}},
{"type":"Feature","properties":{"id":null,"Name":null,"description":null,"timestamp":null,"begin":null,"end":null,"altitudeMode":null,"tessellate":-1,"extrude":0,"visibility":-1,"drawOrder":null,"icon":null,"FID":798.0},"geometry":{"type":"MultiLineString","coordinates":[[[-34.802968093886101,-7.27699578357319],[-34.802955930403002,-7.27533264146435]]]}},
{"type":"Feature","properties":{"id":null,"Name":null,"description":null,"timestamp":null,"begin":null,"end":null,"altitudeMode":null,"tessellate":-1,"extrude":0,"visibility":-1,"drawOrder":null,"icon":null,"FID":799.0},"geometry":{"type":"MultiLineString","coordinates":[[[-34.802968093886101,-7.27699578357869],[-34.802967222256001,-7.27701971482958],[-34.802964265112301,-7.27704347915949],[-34.802959244960299,-7.27706689570752],[-34.802952200006096,-7.27708978625964],[-34.8029431838658,-7.27711197660489],[-34.802932265157096,-7.27713329786129],[-34.802919526978002,-7.27715358776111],[-34.802905066273397,-7.27717269188589],[-34.802888993097902,-7.27719046484152],[-34.802871429777802,-7.27720677136495],[-34.802861845679402,-7.27721455683736]]]}},
{"type":"Feature","properties":{"id":null,"Name":null,"description":null,"timestamp":null,"begin":null,"end":null,"altitudeMode":null,"tessellate":-1,"extrude":0,"visibility":-1,"drawOrder":null,"icon":null,"FID":800.0},"geometry":{"type":"MultiLineString","coordinates":[[[-34.802809852678202,-7.27725491104748],[-34.802861847856903,-7.27721455963585]]]}},
{"type":"Feature","properties":{"id":null,"Name":null,"description":null,"timestamp":null,"begin":null,"end":null,"altitudeMode":null,"tessellate":-1,"extrude":0,"visibility":-1,"drawOrder":null,"icon":null,"FID":801.0},"geometry":{"type":"MultiLineString","coordinates":[[[-34.802811339386402,-7.27762725693739],[-34.802826691336101,-7.2776347879232],[-34.802841327527197,-7.27764362628365],[-34.802855136569598,-7.27765370475347],[-34.802868013368297,-7.27766494662953],[-34.802879859923003,-7.27767726635442],[-34.802890586074298,-7.27769057016768],[-34.802900110189903,-7.27770475681936],[-34.802908359785299,-7.27771971834057],[-34.802915272076199,-7.27773534086515],[-34.802920794455702,-7.27775150549641],[-34.802924884895198,-7.27776808921178],[-34.802927512263601,-7.27778496579925],[-34.802927727121798,-7.27778699424717]]]}},
{"type":"Feature","properties":{"id":null,"Name":null,"description":null,"timestamp":null,"begin":null,"end":null,"altitudeMode":null,"tessellate":-1,"extrude":0,"visibility":-1,"drawOrder":null,"icon":null,"FID":802.0},"geometry":{"type":"MultiLineString","coordinates":[[[-34.802962863155003,-7.27813485702533],[-34.802927789649502,-7.27778698797923]]]}},
{"type":"Feature","properties":{"id":null,"Name":null,"description":null,"timestamp":null,"begin":null,"end":null,"altitudeMode":null,"tessellate":-1,"extrude":0,"visibility":-1,"drawOrder":null,"icon":null,"FID":827.0},"geometry":{"type":"MultiLineString","coordinates":[[[-34.802936169599299,-7.29145983202358],[-34.802866626891699,-7.29146013553113]]]}},
{"type":"Feature","properties":{"id":null,"Name":null,"description":null,"timestamp":null,"begin":null,"end":null,"altitudeMode":null,"tessellate":-1,"extrude":0,"visibility":-1,"drawOrder":null,"icon":null,"FID":828.0},"geometry":{"type":"MultiLineString","coordinates":[[[-34.803122142291798,-7.29145456941176],[-34.802936169604401,-7.29145983202345]]]}},
{"type":"Feature","properties":{"id":null,"Name":null,"description":null,"timestamp":null,"begin":null,"end":null,"altitudeMode":null,"tessellate":-1,"extrude":0,"visibility":-1,"drawOrder":null,"icon":null,"FID":829.0},"geometry":{"type":"MultiLineString","coordinates":[[[-34.803122142310997,-7.29145456941121],[-34.8032269493442,-7.29145616203697],[-34.803331218536698,-7.29146686932555],[-34.803434156343499,-7.29148660978709],[-34.803477647402502,-7.29149779406421]]]}},
{"type":"Feature","properties":{"id":null,"Name":null,"description":null,"timestamp":null,"begin":null,"end":null,"altitudeMode":null,"tessellate":-1,"extrude":0,"visibility":-1,"drawOrder":null,"icon":null,"FID":830.0},"geometry":{"type":"MultiLineString","coordinates":[[[-34.804078667173201,-7.29166431343754],[-34.803477641240498,-7.29149781625869]]]}},
{"type":"Feature","properties":{"id":null,"Name":null,"description":null,"timestamp":null,"begin":null,"end":null,"altitudeMode":null,"tessellate":-1,"extrude":0,"visibility":-1,"drawOrder":null,"icon":null,"FID":831.0},"geometry":{"type":"MultiLineString","coordinates":[[[-34.804433870970001,-7.29172428746423],[-34.804282451966301,-7.29170795092924],[-34.804133035139003,-7.29167849939561],[-34.8040786525195,-7.29166436605051]]]}},
{"type":"Feature","properties":{"id":null,"Name":null,"description":null,"timestamp":null,"begin":null,"end":null,"altitudeMode":null,"tessellate":-1,"extrude":0,"visibility":-1,"drawOrder":null,"icon":null,"FID":832.0},"geometry":{"type":"MultiLineString","coordinates":[[[-34.804697535177397,-7.29174113698461],[-34.804433870975899,-7.29172428746465]]]}},
{"type":"Feature","properties":{"id":null,"Name":null,"description":null,"timestamp":null,"begin":null,"end":null,"altitudeMode":null,"tessellate":-1,"extrude":0,"visibility":-1,"drawOrder":null,"icon":null,"FID":833.0},"geometry":{"type":"MultiLineString","coordinates":[[[-34.804697535180402,-7.29174113698481],[-34.804723119469102,-7.29174389454132],[-34.804748365701698,-7.29174886805378],[-34.804773081739498,-7.29175601967076],[-34.804797079478902,-7.29176529496413],[-34.804820176283002,-7.29177662334339],[-34.804842196371503,-7.29178991859282],[-34.804862972158297,-7.29180507952766],[-34.804882345527602,-7.29182199076417],[-34.804900169036301,-7.29184052359784],[-34.804916307036898,-7.29186053698279],[-34.8049306367095,-7.29188187860528],[-34.804943048996499,-7.2919043860429],[-34.804953449432901,-7.29192788800064],[-34.804961758864799,-7.29195220561464],[-34.804967914052199,-7.29197715381333],[-34.804971868150098,-7.29200254272605],[-34.804973591065099,-7.29202817912799],[-34.804973623158297,-7.29202972333965]]]}},
{"type":"Feature","properties":{"id":null,"Name":null,"description":null,"timestamp":null,"begin":null,"end":null,"altitudeMode":null,"tessellate":-1,"extrude":0,"visibility":-1,"drawOrder":null,"icon":null,"FID":834.0},"geometry":{"type":"MultiLineString","coordinates":[[[-34.804975490256602,-7.29213821562623],[-34.804973516287902,-7.29202972526459]]]}},
{"type":"Feature","properties":{"id":null,"Name":null,"description":null,"timestamp":null,"begin":null,"end":null,"altitudeMode":null,"tessellate":-1,"extrude":0,"visibility":-1,"drawOrder":null,"icon":null,"FID":862.0},"geometry":{"type":"MultiLineString","coordinates":[[[-34.804980365085498,-7.29240573474392],[-34.804975490256602,-7.29213821562623]]]}},
{"type":"Feature","properties":{"id":null,"Name":null,"description":null,"timestamp":null,"begin":null,"end":null,"altitudeMode":null,"tessellate":-1,"extrude":0,"visibility":-1,"drawOrder":null,"icon":null,"FID":863.0},"geometry":{"type":"MultiLineString","coordinates":[[[-34.804980365085299,-7.29240573472888],[-34.8049785605156,-7.2924764553021],[-34.804970589778897,-7.29254674972149],[-34.8049565135344,-7.29261608300449],[-34.8049409719398,-7.29267036425394]]]}},
{"type":"Feature","properties":{"id":null,"Name":null,"description":null,"timestamp":null,"begin":null,"end":null,"altitudeMode":null,"tessellate":-1,"extrude":0,"visibility":-1,"drawOrder":null,"icon":null,"FID":864.0},"geometry":{"type":"MultiLineString","coordinates":[[[-34.8047617839051,-7.29322242412491],[-34.8049409483666,-7.29267035663825]]]}},
{"type":"Feature","properties":{"id":null,"Name":null,"description":null,"timestamp":null,"begin":null,"end":null,"altitudeMode":null,"tessellate":-1,"extrude":0,"visibility":-1,"drawOrder":null,"icon":null,"FID":865.0},"geometry":{"type":"MultiLineString","coordinates":[[[-34.804761783905398,-7.29322242412393],[-34.8047570068873,-7.29323521246821],[-34.804751131780002,-7.29324753643446],[-34.8047442032967,-7.29325930222984],[-34.804736274167098,-7.2932704203095],[-34.804727404736703,-7.29328080605811],[-34.804717662507201,-7.29329038043378],[-34.804707121622798,-7.29329907056968],[-34.804695862305898,-7.29330681032861],[-34.804683970246799,-7.29331354080625],[-34.8046715359513,-7.29331921077952],[-34.804658654051899,-7.29332377709647],[-34.804645422587697,-7.2933272050046],[-34.804645301270703,-7.29332723080274]]]}},
{"type":"Feature","properties":{"id":null,"Name":null,"description":null,"timestamp":null,"begin":null,"end":null,"altitudeMode":null,"tessellate":-1,"extrude":0,"visibility":-1,"drawOrder":null,"icon":null,"FID":866.0},"geometry":{"type":"MultiLineString","coordinates":[[[-34.803956511811599,-7.29347346769249],[-34.804645300771803,-7.2933272284781]]]}},
{"type":"Feature","properties":{"id":null,"Name":null,"description":null,"timestamp":null,"begin":null,"end":null,"altitudeMode":null,"tessellate":-1,"extrude":0,"visibility":-1,"drawOrder":null,"icon":null,"FID":867.0},"geometry":{"type":"MultiLineString","coordinates":[[[-34.803956511814398,-7.2934734676919],[-34.803931394254498,-7.29347766729641],[-34.803906005699297,-7.2934796650932],[-34.803880539371299,-7.29347944587775],[-34.803855189085198,-7.2934770113183],[-34.803830147772203,-7.29347237994327],[-34.803805606012197,-7.29346558700023],[-34.803781750583298,-7.29345668418755],[-34.803758763040001,-7.29344573926108],[-34.8037368183316,-7.29343283551842],[-34.803716083471002,-7.29341807116493],[-34.803696716263097,-7.29340155856642],[-34.803678864104299,-7.29338342339389],[-34.803662662860297,-7.29336380366717],[-34.803648235832398,-7.29334284870436],[-34.803635692819,-7.29332071798564],[-34.803625129279801,-7.29329757993936],[-34.8036166256096,-7.29327361066015],[-34.8036153432041,-7.29326930571104]]]}},
{"type":"Feature","properties":{"id":null,"Name":null,"description":null,"timestamp":null,"begin":null,"end":null,"altitudeMode":null,"tessellate":-1,"extrude":0,"visibility":-1,"drawOrder":null,"icon":null,"FID":868.0},"geometry":{"type":"MultiLineString","coordinates":[[[-34.803449661059702,-7.29269701531559],[-34.803615308263701,-7.29326931579833]]]}},
{"type":"Feature","properties":{"id":null,"Name":null,"description":null,"timestamp":null,"begin":null,"end":null,"altitudeMode":null,"tessellate":-1,"extrude":0,"visibility":-1,"drawOrder":null,"icon":null,"FID":869.0},"geometry":{"type":"MultiLineString","coordinates":[[[-34.802992004844697,-7.29228835595021],[-34.803041300462098,-7.29229903070027],[-34.803089476722803,-7.29231395472732],[-34.803136166977701,-7.29233301445063],[-34.803181015887198,-7.29235606481443],[-34.803223682125001,-7.2923829303919],[-34.803263840976399,-7.29241340672031],[-34.803301186808902,-7.29244726185694],[-34.803335435398701,-7.29248423814448],[-34.803366326093702,-7.29252405417179],[-34.8033936237969,-7.29256640691564],[-34.803417120756002,-7.2926109740469],[-34.803436638144603,-7.29265741638359],[-34.803449672388901,-7.29269701202499]]]}},
{"type":"Feature","properties":{"id":null,"Name":null,"description":null,"timestamp":null,"begin":null,"end":null,"altitudeMode":null,"tessellate":-1,"extrude":0,"visibility":-1,"drawOrder":null,"icon":null,"FID":870.0},"geometry":{"type":"MultiLineString","coordinates":[[[-34.802869856781797,-7.29226741480239],[-34.802992004856598,-7.29228835595226]]]}},
{"type":"Feature","properties":{"id":null,"Name":null,"description":null,"timestamp":null,"begin":null,"end":null,"altitudeMode":null,"tessellate":-1,"extrude":0,"visibility":-1,"drawOrder":null,"icon":null,"FID":879.0},"geometry":{"type":"MultiLineString","coordinates":[[[-34.804795274623501,-7.31150568554814],[-34.805253514054897,-7.31277454475385]]]}},
{"type":"Feature","properties":{"id":null,"Name":null,"description":null,"timestamp":null,"begin":null,"end":null,"altitudeMode":null,"tessellate":-1,"extrude":0,"visibility":-1,"drawOrder":null,"icon":null,"FID":880.0},"geometry":{"type":"MultiLineString","coordinates":[[[-34.804436703272501,-7.31119744907801],[-34.804477481726998,-7.31120743859424],[-34.804517233009904,-7.31122093864689],[-34.804555654590899,-7.31123784649249],[-34.804592454059403,-7.31125803345237],[-34.804627351350099,-7.31128134589185],[-34.804660080874001,-7.31130760638953],[-34.804690393540199,-7.31133661508764],[-34.804718058651297,-7.31136815121292],[-34.8047428656593,-7.31140197475696],[-34.804764625767604,-7.31143782830273],[-34.804783173368698,-7.31147543898368],[-34.8047952733965,-7.31150568598718]]]}},
{"type":"Feature","properties":{"id":null,"Name":null,"description":null,"timestamp":null,"begin":null,"end":null,"altitudeMode":null,"tessellate":-1,"extrude":0,"visibility":-1,"drawOrder":null,"icon":null,"FID":881.0},"geometry":{"type":"MultiLineString","coordinates":[[[-34.804015462189398,-7.31111342138761],[-34.804436703266802,-7.31119744907687]]]}},
{"type":"Feature","properties":{"id":null,"Name":null,"description":null,"timestamp":null,"begin":null,"end":null,"altitudeMode":null,"tessellate":-1,"extrude":0,"visibility":-1,"drawOrder":null,"icon":null,"FID":882.0},"geometry":{"type":"MultiLineString","coordinates":[[[-34.8035166693465,-7.31120094993085],[-34.803570097521401,-7.31117171844983],[-34.8036258740348,-7.31114724753459],[-34.803683574394903,-7.31112772342238],[-34.803742759468498,-7.31111329470246],[-34.8038029788231,-7.31110407118512],[-34.803863774154799,-7.31110012306611],[-34.803924682776703,-7.31110148039232],[-34.8039852411395,-7.31110813283323],[-34.8040154520965,-7.31111347178588]]]}},
{"type":"Feature","properties":{"id":null,"Name":null,"description":null,"timestamp":null,"begin":null,"end":null,"altitudeMode":null,"tessellate":-1,"extrude":0,"visibility":-1,"drawOrder":null,"icon":null,"FID":883.0},"geometry":{"type":"MultiLineString","coordinates":[[[-34.803038517670501,-7.31149029260105],[-34.803516669358501,-7.31120094992355]]]}},
{"type":"Feature","properties":{"id":null,"Name":null,"description":null,"timestamp":null,"begin":null,"end":null,"altitudeMode":null,"tessellate":-1,"extrude":0,"visibility":-1,"drawOrder":null,"icon":null,"FID":884.0},"geometry":{"type":"MultiLineString","coordinates":[[[-34.802947292880702,-7.31159445168173],[-34.802956101434098,-7.31157651033618],[-34.802966442593899,-7.31155940378516],[-34.802978237657598,-7.31154326221982],[-34.8029913968575,-7.31152820848708],[-34.8030058200439,-7.31151435715487],[-34.8030213974478,-7.31150181364008],[-34.8030380105156,-7.31149067340626],[-34.803038549984997,-7.31149034582304]]]}},
{"type":"Feature","properties":{"id":null,"Name":null,"description":null,"timestamp":null,"begin":null,"end":null,"altitudeMode":null,"tessellate":-1,"extrude":0,"visibility":-1,"drawOrder":null,"icon":null,"FID":893.0},"geometry":{"type":"MultiLineString","coordinates":[[[-34.803292395586297,-7.30820711412636],[-34.804600653175001,-7.30807303947983]]]}},
{"type":"Feature","properties":{"id":null,"Name":null,"description":null,"timestamp":null,"begin":null,"end":null,"altitudeMode":null,"tessellate":-1,"extrude":0,"visibility":-1,"drawOrder":null,"icon":null,"FID":894.0},"geometry":{"type":"MultiLineString","coordinates":[[[-34.803292395567098,-7.30820711412831],[-34.8032039977059,-7.30821228997018],[-34.803115484417901,-7.30820975363769],[-34.803027529347297,-7.30819952443287],[-34.802940801889797,-7.30818168020563],[-34.802936861753402,-7.30818068045339]]]}},
{"type":"Feature","properties":{"id":null,"Name":null,"description":null,"timestamp":null,"begin":null,"end":null,"altitudeMode":null,"tessellate":-1,"extrude":0,"visibility":-1,"drawOrder":null,"icon":null,"FID":897.0},"geometry":{"type":"MultiLineString","coordinates":[[[-34.803108447881002,-7.30955431327699],[-34.802938686944103,-7.30944911585076]]]}},
{"type":"Feature","properties":{"id":null,"Name":null,"description":null,"timestamp":null,"begin":null,"end":null,"altitudeMode":null,"tessellate":-1,"extrude":0,"visibility":-1,"drawOrder":null,"icon":null,"FID":898.0},"geometry":{"type":"MultiLineString","coordinates":[[[-34.803442684632103,-7.30966617643312],[-34.803376479234799,-7.30965720892456],[-34.8033113085542,-7.30964251429548],[-34.803247668581001,-7.3096222043808],[-34.803186043656602,-7.30959643375148],[-34.803126902785898,-7.30956539853803],[-34.8031084478948,-7.30955431321006]]]}},
{"type":"Feature","properties":{"id":null,"Name":null,"description":null,"timestamp":null,"begin":null,"end":null,"altitudeMode":null,"tessellate":-1,"extrude":0,"visibility":-1,"drawOrder":null,"icon":null,"FID":899.0},"geometry":{"type":"MultiLineString","coordinates":[[[-34.803864919014103,-7.3097047221996],[-34.803442684639201,-7.30966617643375]]]}},
{"type":"Feature","properties":{"id":null,"Name":null,"description":null,"timestamp":null,"begin":null,"end":null,"altitudeMode":null,"tessellate":-1,"extrude":0,"visibility":-1,"drawOrder":null,"icon":null,"FID":900.0},"geometry":{"type":"MultiLineString","coordinates":[[[-34.8038649190134,-7.30970472219953],[-34.803959284699097,-7.30971750406544],[-34.804052175555199,-7.30973844903003],[-34.804142884631403,-7.30976739768941],[-34.804230721581902,-7.30980412972726],[-34.804315017919102,-7.30984836559152],[-34.804362790667803,-7.30987782407745]]]}},
{"type":"Feature","properties":{"id":null,"Name":null,"description":null,"timestamp":null,"begin":null,"end":null,"altitudeMode":null,"tessellate":-1,"extrude":0,"visibility":-1,"drawOrder":null,"icon":null,"FID":901.0},"geometry":{"type":"MultiLineString","coordinates":[[[-34.805488786772301,-7.31061277166491],[-34.804362764252801,-7.30987786441564]]]}},
{"type":"Feature","properties":{"id":null,"Name":null,"description":null,"timestamp":null,"begin":null,"end":null,"altitudeMode":null,"tessellate":-1,"extrude":0,"visibility":-1,"drawOrder":null,"icon":null,"FID":918.0},"geometry":{"type":"MultiLineString","coordinates":[[[-34.803015495798299,-7.30638246621425],[-34.803001031178802,-7.3063909399169],[-34.802985881927697,-7.30639812264479],[-34.802970163340099,-7.30640395973293],[-34.802953995044,-7.30640840675749],[-34.802937500090103,-7.30641142987384],[-34.802926510632602,-7.30641263225881]]]}},
{"type":"Feature","properties":{"id":null,"Name":null,"description":null,"timestamp":null,"begin":null,"end":null,"altitudeMode":null,"tessellate":-1,"extrude":0,"visibility":-1,"drawOrder":null,"icon":null,"FID":919.0},"geometry":{"type":"MultiLineString","coordinates":[[[-34.803329812446599,-7.3061793125797],[-34.803015495795499,-7.30638246621605]]]}},
{"type":"Feature","properties":{"id":null,"Name":null,"description":null,"timestamp":null,"begin":null,"end":null,"altitudeMode":null,"tessellate":-1,"extrude":0,"visibility":-1,"drawOrder":null,"icon":null,"FID":920.0},"geometry":{"type":"MultiLineString","coordinates":[[[-34.803329812448197,-7.30617931257861],[-34.803341516780399,-7.30617245834507],[-34.803353774882503,-7.3061666487199],[-34.803366493462903,-7.30616192791783],[-34.8033795757256,-7.30615833186694],[-34.803392922106802,-7.30615588793529],[-34.803406431032499,-7.30615461472263],[-34.803419999691798,-7.30615452191888],[-34.803433524819098,-7.30615561023026],[-34.803446903480101,-7.30615787137407],[-34.803460033855202,-7.30616128814164],[-34.803472816014398,-7.3061658345293],[-34.803485152678,-7.30617147593629],[-34.803496949956397,-7.30617816942814],[-34.803508118065501,-7.30618586406336],[-34.803518572009203,-7.30619450128116],[-34.803528232226697,-7.30620401534717],[-34.803537025197897,-7.30621433385364],[-34.803544884003102,-7.30622537827058],[-34.803551748832,-7.30623706454331],[-34.8035575674391,-7.30624930373234],[-34.803562295541099,-7.3062620026901],[-34.8035658971544,-7.30627506476992],[-34.803568344868403,-7.30628839056152],[-34.803569620054397,-7.30630187864761],[-34.803569713007498,-7.30631542637577],[-34.803568623019899,-7.30632893063963],[-34.803567162402501,-7.30633829127125]]]}},
{"type":"Feature","properties":{"id":null,"Name":null,"description":null,"timestamp":null,"begin":null,"end":null,"altitudeMode":null,"tessellate":-1,"extrude":0,"visibility":-1,"drawOrder":null,"icon":null,"FID":921.0},"geometry":{"type":"MultiLineString","coordinates":[[[-34.803430011794902,-7.30707131030167],[-34.803567251196398,-7.30633830786943]]]}},
{"type":"Feature","properties":{"id":null,"Name":null,"description":null,"timestamp":null,"begin":null,"end":null,"altitudeMode":null,"tessellate":-1,"extrude":0,"visibility":-1,"drawOrder":null,"icon":null,"FID":922.0},"geometry":{"type":"MultiLineString","coordinates":[[[-34.803847129200797,-7.30743763224667],[-34.803819943619303,-7.30744511297475],[-34.803792208488503,-7.30745019951702],[-34.803764134889803,-7.30745285316165],[-34.803735936480798,-7.30745305371266],[-34.803707827868699,-7.30745079964362],[-34.803680022977701,-7.30744610810926],[-34.803652733420101,-7.30743901481497],[-34.803626166886502,-7.307429573745],[-34.803600525564597,-7.30741785675167],[-34.8035760046007,-7.30740395300847],[-34.803552790614603,-7.3073879683314],[-34.803531060278999,-7.30737002437368],[-34.803510978974998,-7.30735025769989],[-34.8034926995335,-7.30732881874655],[-34.803476361072299,-7.30730587067727],[-34.8034620879369,-7.30728158814099],[-34.803449988754203,-7.30725615594272],[-34.803440155606197,-7.3072297676371],[-34.803432663328799,-7.30720262405525],[-34.803427568942404,-7.30717493177651],[-34.803424911217903,-7.30714690155596],[-34.803424710381897,-7.30711874672069],[-34.803426967962302,-7.30709068154611],[-34.803429983613,-7.30707130505553]]]}},
{"type":"Feature","properties":{"id":null,"Name":null,"description":null,"timestamp":null,"begin":null,"end":null,"altitudeMode":null,"tessellate":-1,"extrude":0,"visibility":-1,"drawOrder":null,"icon":null,"FID":923.0},"geometry":{"type":"MultiLineString","coordinates":[[[-34.804999127173197,-7.3070656667592],[-34.803847129195603,-7.30743763224837]]]}},
{"type":"Feature","properties":{"id":null,"Name":null,"description":null,"timestamp":null,"begin":null,"end":null,"altitudeMode":null,"tessellate":-1,"extrude":0,"visibility":-1,"drawOrder":null,"icon":null,"FID":929.0},"geometry":{"type":"MultiLineString","coordinates":[[[-34.818257456770297,-7.13799929386796],[-34.8203505275129,-7.13471494524571]]]}},
{"type":"Feature","properties":{"id":null,"Name":null,"description":null,"timestamp":null,"begin":null,"end":null,"altitudeMode":null,"tessellate":-1,"extrude":0,"visibility":-1,"drawOrder":null,"icon":null,"FID":930.0},"geometry":{"type":"MultiLineString","coordinates":[[[-34.818257456770702,-7.13799929386739],[-34.818150797448801,-7.1381515512442],[-34.8180312583278,-7.13829394409429],[-34.817913028351001,-7.13841312258133]]]}},
{"type":"Feature","properties":{"id":null,"Name":null,"description":null,"timestamp":null,"begin":null,"end":null,"altitudeMode":null,"tessellate":-1,"extrude":0,"visibility":-1,"drawOrder":null,"icon":null,"FID":931.0},"geometry":{"type":"MultiLineString","coordinates":[[[-34.817314625457499,-7.13897063047061],[-34.817913030181302,-7.1384131245208]]]}},
{"type":"Feature","properties":{"id":null,"Name":null,"description":null,"timestamp":null,"begin":null,"end":null,"altitudeMode":null,"tessellate":-1,"extrude":0,"visibility":-1,"drawOrder":null,"icon":null,"FID":932.0},"geometry":{"type":"MultiLineString","coordinates":[[[-34.817189496495601,-7.139100869031],[-34.8172869443476,-7.13899703831698],[-34.817314628466796,-7.13897063370047]]]}},
{"type":"Feature","properties":{"id":null,"Name":null,"description":null,"timestamp":null,"begin":null,"end":null,"altitudeMode":null,"tessellate":-1,"extrude":0,"visibility":-1,"drawOrder":null,"icon":null,"FID":933.0},"geometry":{"type":"MultiLineString","coordinates":[[[-34.816248325182997,-7.14019579553836],[-34.817189496521301,-7.13910086900114]]]}},
{"type":"Feature","properties":{"id":null,"Name":null,"description":null,"timestamp":null,"begin":null,"end":null,"altitudeMode":null,"tessellate":-1,"extrude":0,"visibility":-1,"drawOrder":null,"icon":null,"FID":941.0},"geometry":{"type":"MultiLineString","coordinates":[[[-34.8135679678185,-7.14331391410588],[-34.8162481448569,-7.14019597707863]]]}},
{"type":"Feature","properties":{"id":null,"Name":null,"description":null,"timestamp":null,"begin":null,"end":null,"altitudeMode":null,"tessellate":-1,"extrude":0,"visibility":-1,"drawOrder":null,"icon":null,"FID":942.0},"geometry":{"type":"MultiLineString","coordinates":[[[-34.813129933124998,-7.14388841767734],[-34.813449729167601,-7.14345570774622],[-34.813567969794498,-7.14331391594638]]]}},
{"type":"Feature","properties":{"id":null,"Name":null,"description":null,"timestamp":null,"begin":null,"end":null,"altitudeMode":null,"tessellate":-1,"extrude":0,"visibility":-1,"drawOrder":null,"icon":null,"FID":943.0},"geometry":{"type":"MultiLineString","coordinates":[[[-34.812522821922499,-7.14478962349694],[-34.813129933141198,-7.14388841765333]]]}},
{"type":"Feature","properties":{"id":null,"Name":null,"description":null,"timestamp":null,"begin":null,"end":null,"altitudeMode":null,"tessellate":-1,"extrude":0,"visibility":-1,"drawOrder":null,"icon":null,"FID":944.0},"geometry":{"type":"MultiLineString","coordinates":[[[-34.812522821932298,-7.14478962348231],[-34.8124426452381,-7.14489810173607],[-34.812353307917903,-7.14499918758614],[-34.812255489878702,-7.14509211170341],[-34.812149935572997,-7.14517616687408],[-34.812037448332397,-7.14525071338205],[-34.812006255783203,-7.14526898833549]]]}},
{"type":"Feature","properties":{"id":null,"Name":null,"description":null,"timestamp":null,"begin":null,"end":null,"altitudeMode":null,"tessellate":-1,"extrude":0,"visibility":-1,"drawOrder":null,"icon":null,"FID":945.0},"geometry":{"type":"MultiLineString","coordinates":[[[-34.811851391257299,-7.14535735866868],[-34.812006289320799,-7.14526904698052]]]}},
{"type":"Feature","properties":{"id":null,"Name":null,"description":null,"timestamp":null,"begin":null,"end":null,"altitudeMode":null,"tessellate":-1,"extrude":0,"visibility":-1,"drawOrder":null,"icon":null,"FID":946.0},"geometry":{"type":"MultiLineString","coordinates":[[[-34.811851391274203,-7.14535735865907],[-34.811668705022001,-7.1454512395825],[-34.811478521914097,-7.14552885987385],[-34.811355271493298,-7.14556921036418]]]}},
{"type":"Feature","properties":{"id":null,"Name":null,"description":null,"timestamp":null,"begin":null,"end":null,"altitudeMode":null,"tessellate":-1,"extrude":0,"visibility":-1,"drawOrder":null,"icon":null,"FID":947.0},"geometry":{"type":"MultiLineString","coordinates":[[[-34.8113410617105,-7.14557337723694],[-34.8113552571442,-7.14556916235467]]]}},
{"type":"Feature","properties":{"id":null,"Name":null,"description":null,"timestamp":null,"begin":null,"end":null,"altitudeMode":null,"tessellate":-1,"extrude":0,"visibility":-1,"drawOrder":null,"icon":null,"FID":949.0},"geometry":{"type":"MultiLineString","coordinates":[[[-34.812504353614301,-7.23344686948383],[-34.811691396158203,-7.23392369755953]]]}},
{"type":"Feature","properties":{"id":null,"Name":null,"description":null,"timestamp":null,"begin":null,"end":null,"altitudeMode":null,"tessellate":-1,"extrude":0,"visibility":-1,"drawOrder":null,"icon":null,"FID":973.0},"geometry":{"type":"MultiLineString","coordinates":[[[-34.8202181584643,-7.24850432798609],[-34.820508382965002,-7.2487386959208]]]}},
{"type":"Feature","properties":{"id":null,"Name":null,"description":null,"timestamp":null,"begin":null,"end":null,"altitudeMode":null,"tessellate":-1,"extrude":0,"visibility":-1,"drawOrder":null,"icon":null,"FID":974.0},"geometry":{"type":"MultiLineString","coordinates":[[[-34.819978046580701,-7.24843838246987],[-34.820005062088399,-7.24843568664719],[-34.820032210082097,-7.24843535231245],[-34.820059283949703,-7.24843738201006],[-34.820086077643097,-7.2484417602927],[-34.820112387246503,-7.24844845383898],[-34.820138012528503,-7.24845741170694],[-34.8201627584655,-7.24846856572188],[-34.820186436726502,-7.24848183099509],[-34.820208867105698,-7.24849710656993],[-34.820218160650803,-7.2485043252694]]]}},
{"type":"Feature","properties":{"id":null,"Name":null,"description":null,"timestamp":null,"begin":null,"end":null,"altitudeMode":null,"tessellate":-1,"extrude":0,"visibility":-1,"drawOrder":null,"icon":null,"FID":975.0},"geometry":{"type":"MultiLineString","coordinates":[[[-34.8196157233889,-7.24849046501276],[-34.819978046586499,-7.24843838246903]]]}},
{"type":"Feature","properties":{"id":null,"Name":null,"description":null,"timestamp":null,"begin":null,"end":null,"altitudeMode":null,"tessellate":-1,"extrude":0,"visibility":-1,"drawOrder":null,"icon":null,"FID":976.0},"geometry":{"type":"MultiLineString","coordinates":[[[-34.819615723387599,-7.24849046501294],[-34.819590192225199,-7.24849300644624],[-34.819564536402297,-7.24849331616284],[-34.819538951175602,-7.24849139180552],[-34.819513631264499,-7.24848724801972],[-34.819488769369102,-7.24848091634212],[-34.819464554703998,-7.24847244496062],[-34.819441171557699,-7.2484618983476],[-34.8194187978903,-7.24844935676924],[-34.819397603979297,-7.2484349156746],[-34.819377751123398,-7.24841868496928],[-34.819359390414903,-7.24840078817893],[-34.819342661589999,-7.2483813615091],[-34.819332737010903,-7.24836800223369]]]}},
{"type":"Feature","properties":{"id":null,"Name":null,"description":null,"timestamp":null,"begin":null,"end":null,"altitudeMode":null,"tessellate":-1,"extrude":0,"visibility":-1,"drawOrder":null,"icon":null,"FID":977.0},"geometry":{"type":"MultiLineString","coordinates":[[[-34.819054355240397,-7.24797038596697],[-34.819332739173198,-7.24836800073154]]]}},
{"type":"Feature","properties":{"id":null,"Name":null,"description":null,"timestamp":null,"begin":null,"end":null,"altitudeMode":null,"tessellate":-1,"extrude":0,"visibility":-1,"drawOrder":null,"icon":null,"FID":978.0},"geometry":{"type":"MultiLineString","coordinates":[[[-34.818774896342198,-7.24777864946071],[-34.818815292444398,-7.24779055023657],[-34.818854496142599,-7.24780592150713],[-34.818892209073901,-7.24782464628794],[-34.818928144220898,-7.24784658207231],[-34.818962028096102,-7.24787156191606],[-34.818993602823298,-7.24789939570785],[-34.819022628100299,-7.24792987161619],[-34.8190488830272,-7.24796275770156],[-34.819054340399298,-7.24797039632945]]]}},
{"type":"Feature","properties":{"id":null,"Name":null,"description":null,"timestamp":null,"begin":null,"end":null,"altitudeMode":null,"tessellate":-1,"extrude":0,"visibility":-1,"drawOrder":null,"icon":null,"FID":979.0},"geometry":{"type":"MultiLineString","coordinates":[[[-34.818333697485798,-7.24766938489936],[-34.818774896340301,-7.24777864946023]]]}},
{"type":"Feature","properties":{"id":null,"Name":null,"description":null,"timestamp":null,"begin":null,"end":null,"altitudeMode":null,"tessellate":-1,"extrude":0,"visibility":-1,"drawOrder":null,"icon":null,"FID":980.0},"geometry":{"type":"MultiLineString","coordinates":[[[-34.818333697485699,-7.24766938489932],[-34.818300442897097,-7.24765959029876],[-34.818268169714997,-7.24764693872693],[-34.818237123558497,-7.24763152647009],[-34.818207540708102,-7.24761347082495],[-34.818179646307598,-7.24759290920614],[-34.8181536526507,-7.24756999810023],[-34.818129757565103,-7.24754491187488],[-34.818108142906802,-7.24751784145179],[-34.818088973176501,-7.24748899285359],[-34.818072394267404,-7.24745858563589],[-34.818058532354698,-7.24742685121636],[-34.818047492935499,-7.24739403111347],[-34.818039360026098,-7.24736037510833],[-34.818035245133501,-7.24733504325709]]]}},
{"type":"Feature","properties":{"id":null,"Name":null,"description":null,"timestamp":null,"begin":null,"end":null,"altitudeMode":null,"tessellate":-1,"extrude":0,"visibility":-1,"drawOrder":null,"icon":null,"FID":981.0},"geometry":{"type":"MultiLineString","coordinates":[[[-34.817987170405097,-7.24696408907208],[-34.8180351965608,-7.24733504952349]]]}},
{"type":"Feature","properties":{"id":null,"Name":null,"description":null,"timestamp":null,"begin":null,"end":null,"altitudeMode":null,"tessellate":-1,"extrude":0,"visibility":-1,"drawOrder":null,"icon":null,"FID":982.0},"geometry":{"type":"MultiLineString","coordinates":[[[-34.816911349679998,-7.24533784873274],[-34.817073821608197,-7.24544310484454],[-34.817226488768398,-7.24556210081065],[-34.817368189281602,-7.24569393100886],[-34.8174978447284,-7.24583759214194],[-34.817614468355501,-7.24599199087293],[-34.817717172586001,-7.24615595214593],[-34.817805175773998,-7.24632822812845],[-34.817877808153902,-7.24650750770795],[-34.817934516937697,-7.24669242646974],[-34.817974870522299,-7.2468815770808],[-34.817987143923801,-7.2469640924643]]]}},
{"type":"Feature","properties":{"id":null,"Name":null,"description":null,"timestamp":null,"begin":null,"end":null,"altitudeMode":null,"tessellate":-1,"extrude":0,"visibility":-1,"drawOrder":null,"icon":null,"FID":983.0},"geometry":{"type":"MultiLineString","coordinates":[[[-34.816852358520499,-7.24530318429956],[-34.816911349712903,-7.24533784875209]]]}},
{"type":"Feature","properties":{"id":null,"Name":null,"description":null,"timestamp":null,"begin":null,"end":null,"altitudeMode":null,"tessellate":-1,"extrude":0,"visibility":-1,"drawOrder":null,"icon":null,"FID":984.0},"geometry":{"type":"MultiLineString","coordinates":[[[-34.816852358490998,-7.24530318428224],[-34.816646806280801,-7.24517002258071],[-34.816453658514199,-7.24501947760096],[-34.816284899706901,-7.2448633129716]]]}},
{"type":"Feature","properties":{"id":null,"Name":null,"description":null,"timestamp":null,"begin":null,"end":null,"altitudeMode":null,"tessellate":-1,"extrude":0,"visibility":-1,"drawOrder":null,"icon":null,"FID":985.0},"geometry":{"type":"MultiLineString","coordinates":[[[-34.816185891632401,-7.24476380926482],[-34.816284890320098,-7.24486332233669]]]}},
{"type":"Feature","properties":{"id":null,"Name":null,"description":null,"timestamp":null,"begin":null,"end":null,"altitudeMode":null,"tessellate":-1,"extrude":0,"visibility":-1,"drawOrder":null,"icon":null,"FID":986.0},"geometry":{"type":"MultiLineString","coordinates":[[[-34.815216828138603,-7.24481089596556],[-34.815254781731902,-7.24476844620863],[-34.815296295835701,-7.24472946121269],[-34.815341054502198,-7.24469423767615],[-34.815388717090897,-7.2446630436704],[-34.815438920860998,-7.24463611659961],[-34.8154912837322,-7.24461366139407],[-34.815545407192403,-7.24459584895045],[-34.815600879330603,-7.24458281483128],[-34.815657277971702,-7.24457465823325],[-34.815714173889802,-7.24457144123232],[-34.815771134074303,-7.24457318831125],[-34.815827725025699,-7.24457988617324],[-34.815883516054697,-7.24459148384336],[-34.815938082559597,-7.24460789305623],[-34.815991009258397,-7.24462898892796],[-34.816041893348398,-7.24465461090655],[-34.816090347572597,-7.24468456399368],[-34.816136003166299,-7.2447186202289],[-34.816178512663797,-7.24475652042447],[-34.816185888264897,-7.24476381261002]]]}},
{"type":"Feature","properties":{"id":null,"Name":null,"description":null,"timestamp":null,"begin":null,"end":null,"altitudeMode":null,"tessellate":-1,"extrude":0,"visibility":-1,"drawOrder":null,"icon":null,"FID":987.0},"geometry":{"type":"MultiLineString","coordinates":[[[-34.814834527235398,-7.24527796781301],[-34.815216828129103,-7.24481089597719]]]}},
{"type":"Feature","properties":{"id":null,"Name":null,"description":null,"timestamp":null,"begin":null,"end":null,"altitudeMode":null,"tessellate":-1,"extrude":0,"visibility":-1,"drawOrder":null,"icon":null,"FID":988.0},"geometry":{"type":"MultiLineString","coordinates":[[[-34.814834527570198,-7.24527796740393],[-34.8143699819286,-7.24583287043658]]]}},
{"type":"Feature","properties":{"id":null,"Name":null,"description":null,"timestamp":null,"begin":null,"end":null,"altitudeMode":null,"tessellate":-1,"extrude":0,"visibility":-1,"drawOrder":null,"icon":null,"FID":989.0},"geometry":{"type":"MultiLineString","coordinates":[[[-34.8134202134273,-7.24694218111106],[-34.814370002532698,-7.24583288918645]]]}},
{"type":"Feature","properties":{"id":null,"Name":null,"description":null,"timestamp":null,"begin":null,"end":null,"altitudeMode":null,"tessellate":-1,"extrude":0,"visibility":-1,"drawOrder":null,"icon":null,"FID":990.0},"geometry":{"type":"MultiLineString","coordinates":[[[-34.813420213432003,-7.24694218110558],[-34.813388082014299,-7.24697655708524],[-34.813353072569797,-7.24700800576091],[-34.8133154515413,-7.24703628778849],[-34.813275505247603,-7.24706118792399],[-34.813233537704399,-7.24708251666167],[-34.813189868310602,-7.24710011167623],[-34.813144829417197,-7.24711383905837],[-34.813098763798401,-7.24712359433376],[-34.813052022042399,-7.24712930325837],[-34.813004959883202,-7.24713092238334],[-34.812972681548302,-7.24712966075578]]]}},
{"type":"Feature","properties":{"id":null,"Name":null,"description":null,"timestamp":null,"begin":null,"end":null,"altitudeMode":null,"tessellate":-1,"extrude":0,"visibility":-1,"drawOrder":null,"icon":null,"FID":991.0},"geometry":{"type":"MultiLineString","coordinates":[[[-34.812672364316001,-7.24710881409177],[-34.812972686619901,-7.24712958759904]]]}},
{"type":"Feature","properties":{"id":null,"Name":null,"description":null,"timestamp":null,"begin":null,"end":null,"altitudeMode":null,"tessellate":-1,"extrude":0,"visibility":-1,"drawOrder":null,"icon":null,"FID":992.0},"geometry":{"type":"MultiLineString","coordinates":[[[-34.812352072979202,-7.2472115364595],[-34.812383650860802,-7.24718771633826],[-34.812417187566403,-7.24716673517242],[-34.812452427861601,-7.24714875264078],[-34.812489103546902,-7.24713390560079],[-34.812526935498603,-7.24712230704693],[-34.812565635793298,-7.24711404525076],[-34.8126049098992,-7.24710918308916],[-34.812644458917397,-7.24710775756577],[-34.812672363466703,-7.24710882636963]]]}},
{"type":"Feature","properties":{"id":null,"Name":null,"description":null,"timestamp":null,"begin":null,"end":null,"altitudeMode":null,"tessellate":-1,"extrude":0,"visibility":-1,"drawOrder":null,"icon":null,"FID":993.0},"geometry":{"type":"MultiLineString","coordinates":[[[-34.812216885665897,-7.24732301449368],[-34.812352072982598,-7.24721153645664]]]}},
{"type":"Feature","properties":{"id":null,"Name":null,"description":null,"timestamp":null,"begin":null,"end":null,"altitudeMode":null,"tessellate":-1,"extrude":0,"visibility":-1,"drawOrder":null,"icon":null,"FID":994.0},"geometry":{"type":"MultiLineString","coordinates":[[[-34.812216885661798,-7.2473230144971],[-34.812191867881197,-7.24734188450619],[-34.812165298346898,-7.24735850533913],[-34.812137379269302,-7.24737275050101],[-34.8121083231296,-7.24738451157723],[-34.812078351062901,-7.24739369905862],[-34.812047691175103,-7.24740024302263],[-34.812016576806798,-7.2474040936655],[-34.811985244757899,-7.24740522168132],[-34.811953933484503,-7.24740361848503],[-34.811922881285,-7.24739929627779],[-34.811901541879998,-7.2473946985076]]]}},
{"type":"Feature","properties":{"id":null,"Name":null,"description":null,"timestamp":null,"begin":null,"end":null,"altitudeMode":null,"tessellate":-1,"extrude":0,"visibility":-1,"drawOrder":null,"icon":null,"FID":995.0},"geometry":{"type":"MultiLineString","coordinates":[[[-34.811745018480302,-7.24735599769842],[-34.811901540390501,-7.24739470453383]]]}},
{"type":"Feature","properties":{"id":null,"Name":null,"description":null,"timestamp":null,"begin":null,"end":null,"altitudeMode":null,"tessellate":-1,"extrude":0,"visibility":-1,"drawOrder":null,"icon":null,"FID":1004.0},"geometry":{"type":"MultiLineString","coordinates":[[[-34.819971362374403,-7.24291470756554],[-34.820516661296097,-7.24281650555353]]]}},
{"type":"Feature","properties":{"id":null,"Name":null,"description":null,"timestamp":null,"begin":null,"end":null,"altitudeMode":null,"tessellate":-1,"extrude":0,"visibility":-1,"drawOrder":null,"icon":null,"FID":1005.0},"geometry":{"type":"MultiLineString","coordinates":[[[-34.819508375818302,-7.24315100467228],[-34.8195670508901,-7.24309931054967],[-34.819630014429798,-7.24305291984129],[-34.819696787246997,-7.24301218560655],[-34.819766861161,-7.24297741785563],[-34.819839702868599,-7.24294888119022],[-34.819914758002298,-7.24292679278975],[-34.8199713617893,-7.24291470432758]]]}},
{"type":"Feature","properties":{"id":null,"Name":null,"description":null,"timestamp":null,"begin":null,"end":null,"altitudeMode":null,"tessellate":-1,"extrude":0,"visibility":-1,"drawOrder":null,"icon":null,"FID":1006.0},"geometry":{"type":"MultiLineString","coordinates":[[[-34.819216419156596,-7.24343182484106],[-34.819508375833102,-7.24315100465807]]]}},
{"type":"Feature","properties":{"id":null,"Name":null,"description":null,"timestamp":null,"begin":null,"end":null,"altitudeMode":null,"tessellate":-1,"extrude":0,"visibility":-1,"drawOrder":null,"icon":null,"FID":1007.0},"geometry":{"type":"MultiLineString","coordinates":[[[-34.819259320992899,-7.24387965803506],[-34.819238887914501,-7.24386509801641],[-34.819219803362401,-7.24384881503871],[-34.8192022125817,-7.24383093302541],[-34.819186249449103,-7.24381158806961],[-34.819172035453498,-7.24379092739826],[-34.819159678772102,-7.2437691082518],[-34.819149273446499,-7.24374629668728],[-34.819140898667399,-7.24372266631469],[-34.819134618171702,-7.24369839697558],[-34.819130479757398,-7.24367367337445],[-34.819128514920102,-7.24364868367299],[-34.819128738613102,-7.24362361805805],[-34.819131149133497,-7.24359866729415],[-34.8191357281355,-7.24357402127174],[-34.819142440769603,-7.24354986756192],[-34.819151235948503,-7.24352638998906],[-34.819162046735002,-7.24350376723155],[-34.819174790852301,-7.24348217146219],[-34.819189371309697,-7.24346176703772],[-34.819205677140999,-7.24344270924794],[-34.819216410229402,-7.2434318155925]]]}},
{"type":"Feature","properties":{"id":null,"Name":null,"description":null,"timestamp":null,"begin":null,"end":null,"altitudeMode":null,"tessellate":-1,"extrude":0,"visibility":-1,"drawOrder":null,"icon":null,"FID":1008.0},"geometry":{"type":"MultiLineString","coordinates":[[[-34.819691333267897,-7.24416002384551],[-34.819259320989403,-7.2438796580328]]]}},
{"type":"Feature","properties":{"id":null,"Name":null,"description":null,"timestamp":null,"begin":null,"end":null,"altitudeMode":null,"tessellate":-1,"extrude":0,"visibility":-1,"drawOrder":null,"icon":null,"FID":1009.0},"geometry":{"type":"MultiLineString","coordinates":[[[-34.819691333275102,-7.24416002385018],[-34.8197289631144,-7.24418683700902],[-34.819764109561497,-7.24421682318762],[-34.8197965051314,-7.24424975417358],[-34.819825903274399,-7.2442853793428],[-34.8198520802529,-7.24432342756691],[-34.8198748368442,-7.24436360927657],[-34.819893999856497,-7.24440561866544],[-34.819902906259102,-7.24442925168796]]]}},
{"type":"Feature","properties":{"id":null,"Name":null,"description":null,"timestamp":null,"begin":null,"end":null,"altitudeMode":null,"tessellate":-1,"extrude":0,"visibility":-1,"drawOrder":null,"icon":null,"FID":1010.0},"geometry":{"type":"MultiLineString","coordinates":[[[-34.819965937860403,-7.24460928059994],[-34.819902922791897,-7.24442924592205]]]}},
{"type":"Feature","properties":{"id":null,"Name":null,"description":null,"timestamp":null,"begin":null,"end":null,"altitudeMode":null,"tessellate":-1,"extrude":0,"visibility":-1,"drawOrder":null,"icon":null,"FID":1011.0},"geometry":{"type":"MultiLineString","coordinates":[[[-34.820164650180203,-7.24489591358766],[-34.8201223921508,-7.24485744757058],[-34.820083652182397,-7.24481545006543],[-34.820048725109899,-7.24477024069953],[-34.820017876749198,-7.24472216354444],[-34.819991341874697,-7.24467158449743],[-34.8199693224322,-7.24461888849656],[-34.819965883584899,-7.24460929953214]]]}},
{"type":"Feature","properties":{"id":null,"Name":null,"description":null,"timestamp":null,"begin":null,"end":null,"altitudeMode":null,"tessellate":-1,"extrude":0,"visibility":-1,"drawOrder":null,"icon":null,"FID":1012.0},"geometry":{"type":"MultiLineString","coordinates":[[[-34.820559738001101,-7.24522515943963],[-34.820164650187799,-7.24489591359406]]]}},
{"type":"Feature","properties":{"id":null,"Name":null,"description":null,"timestamp":null,"begin":null,"end":null,"altitudeMode":null,"tessellate":-1,"extrude":0,"visibility":-1,"drawOrder":null,"icon":null,"FID":1016.0},"geometry":{"type":"MultiLineString","coordinates":[[[-34.828407305880297,-6.97334928897942],[-34.828765803221202,-6.97250523127576]]]}},
{"type":"Feature","properties":{"id":null,"Name":null,"description":null,"timestamp":null,"begin":null,"end":null,"altitudeMode":null,"tessellate":-1,"extrude":0,"visibility":-1,"drawOrder":null,"icon":null,"FID":1017.0},"geometry":{"type":"MultiLineString","coordinates":[[[-34.828280830278999,-6.97386948521919],[-34.828297891705901,-6.97372668402866],[-34.828327344201703,-6.9735859120427],[-34.828368963603403,-6.97344824062162],[-34.828407283738997,-6.97334927957155]]]}},
{"type":"Feature","properties":{"id":null,"Name":null,"description":null,"timestamp":null,"begin":null,"end":null,"altitudeMode":null,"tessellate":-1,"extrude":0,"visibility":-1,"drawOrder":null,"icon":null,"FID":1018.0},"geometry":{"type":"MultiLineString","coordinates":[[[-34.8281507909834,-6.97559384477618],[-34.828280830279098,-6.97386948521679]]]}},
{"type":"Feature","properties":{"id":null,"Name":null,"description":null,"timestamp":null,"begin":null,"end":null,"altitudeMode":null,"tessellate":-1,"extrude":0,"visibility":-1,"drawOrder":null,"icon":null,"FID":1026.0},"geometry":{"type":"MultiLineString","coordinates":[[[-34.828141410147701,-6.9757182019912],[-34.8281507909834,-6.97559384477618]]]}},
{"type":"Feature","properties":{"id":null,"Name":null,"description":null,"timestamp":null,"begin":null,"end":null,"altitudeMode":null,"tessellate":-1,"extrude":0,"visibility":-1,"drawOrder":null,"icon":null,"FID":1027.0},"geometry":{"type":"MultiLineString","coordinates":[[[-34.8280209362444,-6.97806521388674],[-34.828141448896503,-6.9757182054355]]]}},
{"type":"Feature","properties":{"id":null,"Name":null,"description":null,"timestamp":null,"begin":null,"end":null,"altitudeMode":null,"tessellate":-1,"extrude":0,"visibility":-1,"drawOrder":null,"icon":null,"FID":1028.0},"geometry":{"type":"MultiLineString","coordinates":[[[-34.827991213714,-6.97915031135383],[-34.8280209362416,-6.97806521398793]]]}},
{"type":"Feature","properties":{"id":null,"Name":null,"description":null,"timestamp":null,"begin":null,"end":null,"altitudeMode":null,"tessellate":-1,"extrude":0,"visibility":-1,"drawOrder":null,"icon":null,"FID":1029.0},"geometry":{"type":"MultiLineString","coordinates":[[[-34.827991213754203,-6.97915030988109],[-34.827906519157899,-6.9813184328973]]]}},
{"type":"Feature","properties":{"id":null,"Name":null,"description":null,"timestamp":null,"begin":null,"end":null,"altitudeMode":null,"tessellate":-1,"extrude":0,"visibility":-1,"drawOrder":null,"icon":null,"FID":1030.0},"geometry":{"type":"MultiLineString","coordinates":[[[-34.827803119768099,-6.98335498455168],[-34.827906515532803,-6.98131843395802]]]}},
{"type":"Feature","properties":{"id":null,"Name":null,"description":null,"timestamp":null,"begin":null,"end":null,"altitudeMode":null,"tessellate":-1,"extrude":0,"visibility":-1,"drawOrder":null,"icon":null,"FID":1031.0},"geometry":{"type":"MultiLineString","coordinates":[[[-34.8278031196539,-6.98335498680077],[-34.827693895685996,-6.98515991972084]]]}},
{"type":"Feature","properties":{"id":null,"Name":null,"description":null,"timestamp":null,"begin":null,"end":null,"altitudeMode":null,"tessellate":-1,"extrude":0,"visibility":-1,"drawOrder":null,"icon":null,"FID":1032.0},"geometry":{"type":"MultiLineString","coordinates":[[[-34.827476475535299,-6.98825458375937],[-34.827693848861003,-6.98515991429123]]]}},
{"type":"Feature","properties":{"id":null,"Name":null,"description":null,"timestamp":null,"begin":null,"end":null,"altitudeMode":null,"tessellate":-1,"extrude":0,"visibility":-1,"drawOrder":null,"icon":null,"FID":1056.0},"geometry":{"type":"MultiLineString","coordinates":[[[-34.828849851292198,-6.99413907557047],[-34.828827619834499,-6.99411979952801],[-34.8288071544251,-6.99409866088533],[-34.8287886108183,-6.99407582052048],[-34.8287721301419,-6.99405145226271],[-34.828757837824,-6.99402574156943],[-34.828745842637403,-6.99399888411482],[-34.828736235872697,-6.99397108430057],[-34.828729090642703,-6.9939425537003],[-34.828724461326601,-6.99391350944933],[-34.828722383155899,-6.99388417259211],[-34.8287224081242,-6.99386507175511]]]}},
{"type":"Feature","properties":{"id":null,"Name":null,"description":null,"timestamp":null,"begin":null,"end":null,"altitudeMode":null,"tessellate":-1,"extrude":0,"visibility":-1,"drawOrder":null,"icon":null,"FID":1057.0},"geometry":{"type":"MultiLineString","coordinates":[[[-34.828754612584198,-6.99277951207407],[-34.828722367687703,-6.99386507055515]]]}},
{"type":"Feature","properties":{"id":null,"Name":null,"description":null,"timestamp":null,"begin":null,"end":null,"altitudeMode":null,"tessellate":-1,"extrude":0,"visibility":-1,"drawOrder":null,"icon":null,"FID":1058.0},"geometry":{"type":"MultiLineString","coordinates":[[[-34.828754612584,-6.99277951208229],[-34.828760336949202,-6.99270159014663],[-34.828772836640397,-6.99262446321603],[-34.828792016523998,-6.99254871827338],[-34.8288177306259,-6.9924749317833],[-34.828843151673503,-6.99241712018428]]]}},
{"type":"Feature","properties":{"id":null,"Name":null,"description":null,"timestamp":null,"begin":null,"end":null,"altitudeMode":null,"tessellate":-1,"extrude":0,"visibility":-1,"drawOrder":null,"icon":null,"FID":1059.0},"geometry":{"type":"MultiLineString","coordinates":[[[-34.827340652627797,-6.99018881998613],[-34.827476475535299,-6.98825458375937]]]}},
{"type":"Feature","properties":{"id":null,"Name":null,"description":null,"timestamp":null,"begin":null,"end":null,"altitudeMode":null,"tessellate":-1,"extrude":0,"visibility":-1,"drawOrder":null,"icon":null,"FID":1060.0},"geometry":{"type":"MultiLineString","coordinates":[[[-34.827466749075597,-6.99068859793285],[-34.827430866767401,-6.99062602602043],[-34.827400579119001,-6.99056056749764],[-34.827376116636302,-6.99049272054491],[-34.827357665491903,-6.99042300152001],[-34.827345366107998,-6.99035194102819],[-34.827339312087801,-6.99028007988384],[-34.827339549503399,-6.99020796499466],[-34.827340672054802,-6.99018882132344]]]}},
{"type":"Feature","properties":{"id":null,"Name":null,"description":null,"timestamp":null,"begin":null,"end":null,"altitudeMode":null,"tessellate":-1,"extrude":0,"visibility":-1,"drawOrder":null,"icon":null,"FID":1061.0},"geometry":{"type":"MultiLineString","coordinates":[[[-34.827908253421498,-6.99138597472301],[-34.8274667490859,-6.99068859794922]]]}},
{"type":"Feature","properties":{"id":null,"Name":null,"description":null,"timestamp":null,"begin":null,"end":null,"altitudeMode":null,"tessellate":-1,"extrude":0,"visibility":-1,"drawOrder":null,"icon":null,"FID":1062.0},"geometry":{"type":"MultiLineString","coordinates":[[[-34.827908253421299,-6.99138597472265],[-34.827925792349603,-6.99141654999691],[-34.827940597474502,-6.99144853624816],[-34.827952556119598,-6.99148169004211],[-34.8279615772719,-6.9915157590587],[-34.827967592274703,-6.99155048401249],[-34.827970555349403,-6.99158560062588],[-34.8279704439447,-6.99162084164048],[-34.827967258907698,-6.99165593885106],[-34.827961024477801,-6.99169062514678],[-34.827951788101899,-6.99172463654403],[-34.827939620073899,-6.99175771419552],[-34.827924612999198,-6.99178960636027],[-34.827906881090001,-6.99182007031949],[-34.827886559296402,-6.99184887422388],[-34.827863802279097,-6.99187579885807],[-34.827838783232401,-6.991900639309],[-34.827818995486801,-6.99191751071366]]]}},
{"type":"Feature","properties":{"id":null,"Name":null,"description":null,"timestamp":null,"begin":null,"end":null,"altitudeMode":null,"tessellate":-1,"extrude":0,"visibility":-1,"drawOrder":null,"icon":null,"FID":1063.0},"geometry":{"type":"MultiLineString","coordinates":[[[-34.827672599533201,-6.9920342617679],[-34.827818922919,-6.99191741999523]]]}},
{"type":"Feature","properties":{"id":null,"Name":null,"description":null,"timestamp":null,"begin":null,"end":null,"altitudeMode":null,"tessellate":-1,"extrude":0,"visibility":-1,"drawOrder":null,"icon":null,"FID":1064.0},"geometry":{"type":"MultiLineString","coordinates":[[[-34.8274191130105,-6.99247167947503],[-34.827430978408898,-6.99241216533987],[-34.8274479900522,-6.99235391093548],[-34.827470018469498,-6.99229735961295],[-34.827496896009301,-6.99224294176173],[-34.827528418115797,-6.99219107153402],[-34.827564344885097,-6.99214214369295],[-34.8276044028919,-6.99209653060813],[-34.827648287269596,-6.99205457942179],[-34.827672592469803,-6.99203425294311]]]}},
{"type":"Feature","properties":{"id":null,"Name":null,"description":null,"timestamp":null,"begin":null,"end":null,"altitudeMode":null,"tessellate":-1,"extrude":0,"visibility":-1,"drawOrder":null,"icon":null,"FID":1065.0},"geometry":{"type":"MultiLineString","coordinates":[[[-34.826728678249701,-6.99694629365724],[-34.827419113011402,-6.99247167946918]]]}},
{"type":"Feature","properties":{"id":null,"Name":null,"description":null,"timestamp":null,"begin":null,"end":null,"altitudeMode":null,"tessellate":-1,"extrude":0,"visibility":-1,"drawOrder":null,"icon":null,"FID":1066.0},"geometry":{"type":"MultiLineString","coordinates":[[[-34.826924645022899,-6.99756415357366],[-34.8268824517884,-6.99751640834163],[-34.826844583967798,-6.99746517056376],[-34.826811329758002,-6.99741083019167],[-34.826782942243,-6.99735380078965],[-34.8267596374682,-6.99729451638713],[-34.826741592795599,-6.99723342817541],[-34.826728945554599,-6.99717100107373],[-34.826721791996398,-6.99710771019099],[-34.8267201865619,-6.99704403720988],[-34.826724141467203,-6.99698046672086],[-34.826728591239601,-6.99694628026156]]]}},
{"type":"Feature","properties":{"id":null,"Name":null,"description":null,"timestamp":null,"begin":null,"end":null,"altitudeMode":null,"tessellate":-1,"extrude":0,"visibility":-1,"drawOrder":null,"icon":null,"FID":1067.0},"geometry":{"type":"MultiLineString","coordinates":[[[-34.827634710700799,-6.99830026880352],[-34.826924645017499,-6.99756415356811]]]}},
{"type":"Feature","properties":{"id":null,"Name":null,"description":null,"timestamp":null,"begin":null,"end":null,"altitudeMode":null,"tessellate":-1,"extrude":0,"visibility":-1,"drawOrder":null,"icon":null,"FID":1068.0},"geometry":{"type":"MultiLineString","coordinates":[[[-34.8276347106952,-6.99830026879765],[-34.827661828725503,-6.99833096409832],[-34.827686165992198,-6.99836390405072],[-34.827707537273803,-6.99839883796243],[-34.827725779921799,-6.9984354999658],[-34.827740755098198,-6.99847361104135],[-34.827752348832398,-6.99851288114129],[-34.8277604728884,-6.99855301139689],[-34.827765065436502,-6.99859369639306],[-34.827766091523799,-6.99863462649278],[-34.827763543340097,-6.9986754901935],[-34.8277574402778,-6.998715976498],[-34.827747828783799,-6.99875577728114],[-34.827747718254898,-6.99875616015118]]]}},
{"type":"Feature","properties":{"id":null,"Name":null,"description":null,"timestamp":null,"begin":null,"end":null,"altitudeMode":null,"tessellate":-1,"extrude":0,"visibility":-1,"drawOrder":null,"icon":null,"FID":1069.0},"geometry":{"type":"MultiLineString","coordinates":[[[-34.827687965912098,-6.99896307609825],[-34.827747700563897,-6.99875615506095]]]}},
{"type":"Feature","properties":{"id":null,"Name":null,"description":null,"timestamp":null,"begin":null,"end":null,"altitudeMode":null,"tessellate":-1,"extrude":0,"visibility":-1,"drawOrder":null,"icon":null,"FID":1070.0},"geometry":{"type":"MultiLineString","coordinates":[[[-34.827752558677403,-6.99963243957115],[-34.827719357539003,-6.99956004395783],[-34.827692597896203,-6.99948503265485],[-34.827672483403902,-6.99940797654535],[-34.827659167142897,-6.99932946207446],[-34.827652750454803,-6.99925008678618],[-34.827653282171397,-6.99917045477554],[-34.827660758242203,-6.99909117209112],[-34.827675121766397,-6.9990128421226],[-34.827687996646198,-6.99896308494652]]]}},
{"type":"Feature","properties":{"id":null,"Name":null,"description":null,"timestamp":null,"begin":null,"end":null,"altitudeMode":null,"tessellate":-1,"extrude":0,"visibility":-1,"drawOrder":null,"icon":null,"FID":1071.0},"geometry":{"type":"MultiLineString","coordinates":[[[-34.828202469669399,-7.00051024946263],[-34.827752558685503,-6.99963243958695]]]}},
{"type":"Feature","properties":{"id":null,"Name":null,"description":null,"timestamp":null,"begin":null,"end":null,"altitudeMode":null,"tessellate":-1,"extrude":0,"visibility":-1,"drawOrder":null,"icon":null,"FID":1072.0},"geometry":{"type":"MultiLineString","coordinates":[[[-34.828202469671901,-7.00051024946738],[-34.828227942919803,-7.00056580030296],[-34.8282484734749,-7.0006233579676],[-34.828263905085898,-7.00068248441378],[-34.828274120307597,-7.0007427296545],[-34.828279041393898,-7.00080363518793],[-34.828278630890601,-7.0008647374869],[-34.828274918437998,-7.00090960259923]]]}},
{"type":"Feature","properties":{"id":null,"Name":null,"description":null,"timestamp":null,"begin":null,"end":null,"altitudeMode":null,"tessellate":-1,"extrude":0,"visibility":-1,"drawOrder":null,"icon":null,"FID":1073.0},"geometry":{"type":"MultiLineString","coordinates":[[[-34.827154409358798,-6.99996089061152],[-34.827191690386698,-7.00091381189128]]]}},
{"type":"Feature","properties":{"id":null,"Name":null,"description":null,"timestamp":null,"begin":null,"end":null,"altitudeMode":null,"tessellate":-1,"extrude":0,"visibility":-1,"drawOrder":null,"icon":null,"FID":1074.0},"geometry":{"type":"MultiLineString","coordinates":[[[-34.827154409357902,-6.99996089058875],[-34.827155079513702,-6.99981323847457],[-34.827168626978299,-6.99966620657935],[-34.827194948634798,-6.99952091390657],[-34.827218484750396,-6.99942908929082]]]}},
{"type":"Feature","properties":{"id":null,"Name":null,"description":null,"timestamp":null,"begin":null,"end":null,"altitudeMode":null,"tessellate":-1,"extrude":0,"visibility":-1,"drawOrder":null,"icon":null,"FID":1075.0},"geometry":{"type":"MultiLineString","coordinates":[[[-34.827384819347401,-6.99884816059674],[-34.827218490826901,-6.99942909103758]]]}},
{"type":"Feature","properties":{"id":null,"Name":null,"description":null,"timestamp":null,"begin":null,"end":null,"altitudeMode":null,"tessellate":-1,"extrude":0,"visibility":-1,"drawOrder":null,"icon":null,"FID":1076.0},"geometry":{"type":"MultiLineString","coordinates":[[[-34.827255098472698,-6.99869721903824],[-34.827265459181703,-6.99869635189087],[-34.8272758561071,-6.99869639026077],[-34.827286210121898,-6.99869733385592],[-34.827296442425897,-6.99869917549495],[-34.827306475145299,-6.9987019011619],[-34.827316231925003,-6.99870549011279],[-34.827325638509997,-6.99870991503354],[-34.827334623310698,-6.99871514224785],[-34.8273431179474,-6.99872113197346],[-34.827351057770599,-6.99872783862498],[-34.827358382353701,-6.99873521116078],[-34.827365035952099,-6.99874319347143],[-34.827370967927898,-6.99875172480676],[-34.827376133135303,-6.99876074023819],[-34.827380492263799,-6.99877017115288],[-34.827384012137799,-6.99877994577587],[-34.827386665968902,-6.99878998971646],[-34.827388433559904,-6.99880022653421],[-34.827389301458197,-6.99881057832075],[-34.8273892630585,-6.9988209662928],[-34.827388318653099,-6.99883131139161],[-34.8273864754293,-6.99884153488473],[-34.827384781176399,-6.99884814966427]]]}},
{"type":"Feature","properties":{"id":null,"Name":null,"description":null,"timestamp":null,"begin":null,"end":null,"altitudeMode":null,"tessellate":-1,"extrude":0,"visibility":-1,"drawOrder":null,"icon":null,"FID":1077.0},"geometry":{"type":"MultiLineString","coordinates":[[[-34.826463314668501,-6.99879821304552],[-34.8272550984708,-6.99869721903848]]]}},
{"type":"Feature","properties":{"id":null,"Name":null,"description":null,"timestamp":null,"begin":null,"end":null,"altitudeMode":null,"tessellate":-1,"extrude":0,"visibility":-1,"drawOrder":null,"icon":null,"FID":1078.0},"geometry":{"type":"MultiLineString","coordinates":[[[-34.826154190420603,-6.99910085726367],[-34.8261601202856,-6.99907018042474],[-34.826168703554401,-6.99904013669688],[-34.826179874902401,-6.99901095473097],[-34.826193549308499,-6.9989828566193],[-34.826209622701697,-6.99895605620539],[-34.8262279727535,-6.99893075745634],[-34.826248459808603,-6.99890715291076],[-34.826270927947803,-6.99888542221322],[-34.826295206175097,-6.99886573074716],[-34.8263211097183,-6.99884822837628],[-34.826348441435897,-6.99883304830387],[-34.826376993317197,-6.99882030605912],[-34.826406548065499,-6.99881009861797],[-34.826436880751601,-6.99880250366491],[-34.826463302785299,-6.99879812016977]]]}},
{"type":"Feature","properties":{"id":null,"Name":null,"description":null,"timestamp":null,"begin":null,"end":null,"altitudeMode":null,"tessellate":-1,"extrude":0,"visibility":-1,"drawOrder":null,"icon":null,"FID":1079.0},"geometry":{"type":"MultiLineString","coordinates":[[[-34.825884259510197,-7.00091888909525],[-34.8261541904198,-6.99910085726886]]]}},
{"type":"Feature","properties":{"id":null,"Name":null,"description":null,"timestamp":null,"begin":null,"end":null,"altitudeMode":null,"tessellate":-1,"extrude":0,"visibility":-1,"drawOrder":null,"icon":null,"FID":1095.0},"geometry":{"type":"MultiLineString","coordinates":[[[-34.828274918449701,-7.00090960249804],[-34.8282652799736,-7.00096994253258],[-34.828250414634802,-7.00102921363432],[-34.828230435565402,-7.00108696471438],[-34.828205494816302,-7.00114275625202],[-34.828200292403203,-7.00115294209679]]]}},
{"type":"Feature","properties":{"id":null,"Name":null,"description":null,"timestamp":null,"begin":null,"end":null,"altitudeMode":null,"tessellate":-1,"extrude":0,"visibility":-1,"drawOrder":null,"icon":null,"FID":1096.0},"geometry":{"type":"MultiLineString","coordinates":[[[-34.827840438437299,-7.00184365188491],[-34.828200266330001,-7.0011529285432]]]}},
{"type":"Feature","properties":{"id":null,"Name":null,"description":null,"timestamp":null,"begin":null,"end":null,"altitudeMode":null,"tessellate":-1,"extrude":0,"visibility":-1,"drawOrder":null,"icon":null,"FID":1097.0},"geometry":{"type":"MultiLineString","coordinates":[[[-34.827777699993199,-7.00234823122507],[-34.8277657337146,-7.0022858125535],[-34.827759257852598,-7.00222258937936],[-34.827758321690197,-7.00215904286993],[-34.827762932349899,-7.00209565665313],[-34.827773054739602,-7.00203291313679],[-34.8277886118195,-7.00197128983714],[-34.827809485188403,-7.00191125574471],[-34.827835515985399,-7.00185326775493],[-34.827840437313696,-7.00184365130764]]]}},
{"type":"Feature","properties":{"id":null,"Name":null,"description":null,"timestamp":null,"begin":null,"end":null,"altitudeMode":null,"tessellate":-1,"extrude":0,"visibility":-1,"drawOrder":null,"icon":null,"FID":1098.0},"geometry":{"type":"MultiLineString","coordinates":[[[-34.827811925013698,-7.00249240072222],[-34.8277776999943,-7.00234823122971]]]}},
{"type":"Feature","properties":{"id":null,"Name":null,"description":null,"timestamp":null,"begin":null,"end":null,"altitudeMode":null,"tessellate":-1,"extrude":0,"visibility":-1,"drawOrder":null,"icon":null,"FID":1099.0},"geometry":{"type":"MultiLineString","coordinates":[[[-34.827811925013798,-7.00249240072247],[-34.827828411141802,-7.00257842798609],[-34.827837330248997,-7.00266556349992],[-34.827838614451402,-7.0027531441116],[-34.827832253971401,-7.002840503281],[-34.827818297211699,-7.00292697615282],[-34.827796850387102,-7.00301190461673],[-34.827768076716801,-7.00309464231582],[-34.827732195181703,-7.00317455956576],[-34.827689478858197,-7.00325104814725],[-34.827655889017002,-7.00330194457724]]]}},
{"type":"Feature","properties":{"id":null,"Name":null,"description":null,"timestamp":null,"begin":null,"end":null,"altitudeMode":null,"tessellate":-1,"extrude":0,"visibility":-1,"drawOrder":null,"icon":null,"FID":1100.0},"geometry":{"type":"MultiLineString","coordinates":[[[-34.827333441183498,-7.00375980091648],[-34.827655898491003,-7.00330195121566]]]}},
{"type":"Feature","properties":{"id":null,"Name":null,"description":null,"timestamp":null,"begin":null,"end":null,"altitudeMode":null,"tessellate":-1,"extrude":0,"visibility":-1,"drawOrder":null,"icon":null,"FID":1101.0},"geometry":{"type":"MultiLineString","coordinates":[[[-34.827333441182397,-7.00375980091798],[-34.827318821197899,-7.00377874952929],[-34.827302603923798,-7.00379635293077],[-34.827284912783398,-7.00381247714977],[-34.827265882416803,-7.00382699947113],[-34.827245657656697,-7.00383980937098],[-34.827224392425698,-7.00385080935811],[-34.8272022485652,-7.00385991571578],[-34.827179394603498,-7.00386705913896],[-34.827156004473302,-7.00387218526171],[-34.827132256187802,-7.00387525507101],[-34.827108330486197,-7.00387624520364],[-34.827084409457697,-7.003875148124],[-34.827060675156297,-7.00387197218143],[-34.8270373082144,-7.0038667415468],[-34.827014486469103,-7.00385949602832],[-34.826992383607902,-7.00385029076881],[-34.826971167847198,-7.00383919582591],[-34.826951000652002,-7.00382629563893],[-34.826932035506999,-7.00381168838616],[-34.8269144167486,-7.00379548523774],[-34.826898278466302,-7.00377780950961],[-34.826883743482298,-7.00375879572484],[-34.826870922416397,-7.00373858859004],[-34.826859912844803,-7.00371734189383],[-34.826850798556798,-7.00369521733659],[-34.826843648917396,-7.00367238329975],[-34.826838518339599,-7.00364901356424],[-34.826835445869797,-7.00362528598804],[-34.826834454891099,-7.00360138115244],[-34.826835552945198,-7.00357748098773],[-34.826838731674798,-7.0035537673887],[-34.826839215247396,-7.00355113687083]]]}},
{"type":"Feature","properties":{"id":null,"Name":null,"description":null,"timestamp":null,"begin":null,"end":null,"altitudeMode":null,"tessellate":-1,"extrude":0,"visibility":-1,"drawOrder":null,"icon":null,"FID":1102.0},"geometry":{"type":"MultiLineString","coordinates":[[[-34.827115983929403,-7.00208588631659],[-34.826839255426897,-7.00355114445407]]]}},
{"type":"Feature","properties":{"id":null,"Name":null,"description":null,"timestamp":null,"begin":null,"end":null,"altitudeMode":null,"tessellate":-1,"extrude":0,"visibility":-1,"drawOrder":null,"icon":null,"FID":1103.0},"geometry":{"type":"MultiLineString","coordinates":[[[-34.827195506269099,-7.00101072217229],[-34.827193608261503,-7.00142843041169],[-34.827155280273402,-7.00184438387102],[-34.827116025498,-7.00208589430764]]]}},
{"type":"Feature","properties":{"id":null,"Name":null,"description":null,"timestamp":null,"begin":null,"end":null,"altitudeMode":null,"tessellate":-1,"extrude":0,"visibility":-1,"drawOrder":null,"icon":null,"FID":1104.0},"geometry":{"type":"MultiLineString","coordinates":[[[-34.827191690386698,-7.00091381189128],[-34.827195506266499,-7.0010107221052]]]}},
{"type":"Feature","properties":{"id":null,"Name":null,"description":null,"timestamp":null,"begin":null,"end":null,"altitudeMode":null,"tessellate":-1,"extrude":0,"visibility":-1,"drawOrder":null,"icon":null,"FID":1105.0},"geometry":{"type":"MultiLineString","coordinates":[[[-34.825555510945499,-7.00313343943449],[-34.825884259510197,-7.00091888909525]]]}},
{"type":"Feature","properties":{"id":null,"Name":null,"description":null,"timestamp":null,"begin":null,"end":null,"altitudeMode":null,"tessellate":-1,"extrude":0,"visibility":-1,"drawOrder":null,"icon":null,"FID":1106.0},"geometry":{"type":"MultiLineString","coordinates":[[[-34.826773200353301,-7.00701610977247],[-34.826507214684803,-7.00670752473211],[-34.826269160151703,-7.00637695192501],[-34.8260608484863,-7.00602690726032],[-34.825883865042798,-7.00566005484052],[-34.825739556733303,-7.00527918668429],[-34.8256290217778,-7.00488720147616],[-34.8255531013479,-7.00448708250427],[-34.825512373166497,-7.00408187495435],[-34.825507147114202,-7.00367466273294],[-34.825537462872603,-7.00326854499593],[-34.8255555100734,-7.00313343922229]]]}},
{"type":"Feature","properties":{"id":null,"Name":null,"description":null,"timestamp":null,"begin":null,"end":null,"altitudeMode":null,"tessellate":-1,"extrude":0,"visibility":-1,"drawOrder":null,"icon":null,"FID":1107.0},"geometry":{"type":"MultiLineString","coordinates":[[[-34.827419383242102,-7.00770283191095],[-34.8267732003399,-7.00701610975823]]]}},
{"type":"Feature","properties":{"id":null,"Name":null,"description":null,"timestamp":null,"begin":null,"end":null,"altitudeMode":null,"tessellate":-1,"extrude":0,"visibility":-1,"drawOrder":null,"icon":null,"FID":1108.0},"geometry":{"type":"MultiLineString","coordinates":[[[-34.827419383267099,-7.00770283193746],[-34.827794823711102,-7.00813839563918],[-34.828093535838299,-7.00854874356534]]]}},
{"type":"Feature","properties":{"id":null,"Name":null,"description":null,"timestamp":null,"begin":null,"end":null,"altitudeMode":null,"tessellate":-1,"extrude":0,"visibility":-1,"drawOrder":null,"icon":null,"FID":1109.0},"geometry":{"type":"MultiLineString","coordinates":[[[-34.828910733633201,-7.00976735330767],[-34.828093518043197,-7.00854875528619]]]}},
{"type":"Feature","properties":{"id":null,"Name":null,"description":null,"timestamp":null,"begin":null,"end":null,"altitudeMode":null,"tessellate":-1,"extrude":0,"visibility":-1,"drawOrder":null,"icon":null,"FID":1132.0},"geometry":{"type":"MultiLineString","coordinates":[[[-34.829276735706998,-7.10485296434228],[-34.828560569142098,-7.10566826873894]]]}},
{"type":"Feature","properties":{"id":null,"Name":null,"description":null,"timestamp":null,"begin":null,"end":null,"altitudeMode":null,"tessellate":-1,"extrude":0,"visibility":-1,"drawOrder":null,"icon":null,"FID":1133.0},"geometry":{"type":"MultiLineString","coordinates":[[[-34.828138131403001,-7.10612715001091],[-34.828560555937301,-7.10566825658187]]]}},
{"type":"Feature","properties":{"id":null,"Name":null,"description":null,"timestamp":null,"begin":null,"end":null,"altitudeMode":null,"tessellate":-1,"extrude":0,"visibility":-1,"drawOrder":null,"icon":null,"FID":1134.0},"geometry":{"type":"MultiLineString","coordinates":[[[-34.8281381314575,-7.10612714995166],[-34.827804802528199,-7.10645900784395],[-34.827614602993798,-7.10662454271731]]]}},
{"type":"Feature","properties":{"id":null,"Name":null,"description":null,"timestamp":null,"begin":null,"end":null,"altitudeMode":null,"tessellate":-1,"extrude":0,"visibility":-1,"drawOrder":null,"icon":null,"FID":1135.0},"geometry":{"type":"MultiLineString","coordinates":[[[-34.826585453139401,-7.10747882428894],[-34.827614572835202,-7.10662450666058]]]}},
{"type":"Feature","properties":{"id":null,"Name":null,"description":null,"timestamp":null,"begin":null,"end":null,"altitudeMode":null,"tessellate":-1,"extrude":0,"visibility":-1,"drawOrder":null,"icon":null,"FID":1136.0},"geometry":{"type":"MultiLineString","coordinates":[[[-34.826073699037302,-7.10798653115525],[-34.826314038745899,-7.10772551108336],[-34.8265762380571,-7.10748640814708],[-34.826585409956301,-7.10747877225174]]]}},
{"type":"Feature","properties":{"id":null,"Name":null,"description":null,"timestamp":null,"begin":null,"end":null,"altitudeMode":null,"tessellate":-1,"extrude":0,"visibility":-1,"drawOrder":null,"icon":null,"FID":1137.0},"geometry":{"type":"MultiLineString","coordinates":[[[-34.8259599124167,-7.10812151678744],[-34.826073699041999,-7.1079865311497]]]}},
{"type":"Feature","properties":{"id":null,"Name":null,"description":null,"timestamp":null,"begin":null,"end":null,"altitudeMode":null,"tessellate":-1,"extrude":0,"visibility":-1,"drawOrder":null,"icon":null,"FID":1138.0},"geometry":{"type":"MultiLineString","coordinates":[[[-34.825959912432097,-7.10812151676915],[-34.825771736894303,-7.10832588367899],[-34.825577406927898,-7.10850389586358]]]}},
{"type":"Feature","properties":{"id":null,"Name":null,"description":null,"timestamp":null,"begin":null,"end":null,"altitudeMode":null,"tessellate":-1,"extrude":0,"visibility":-1,"drawOrder":null,"icon":null,"FID":1139.0},"geometry":{"type":"MultiLineString","coordinates":[[[-34.825493109151402,-7.10857488770958],[-34.8255773692444,-7.10850385133868]]]}},
{"type":"Feature","properties":{"id":null,"Name":null,"description":null,"timestamp":null,"begin":null,"end":null,"altitudeMode":null,"tessellate":-1,"extrude":0,"visibility":-1,"drawOrder":null,"icon":null,"FID":1140.0},"geometry":{"type":"MultiLineString","coordinates":[[[-34.825235052811898,-7.10882725762427],[-34.825382490430997,-7.10867399780809],[-34.825493101221802,-7.10857487828167]]]}},
{"type":"Feature","properties":{"id":null,"Name":null,"description":null,"timestamp":null,"begin":null,"end":null,"altitudeMode":null,"tessellate":-1,"extrude":0,"visibility":-1,"drawOrder":null,"icon":null,"FID":1141.0},"geometry":{"type":"MultiLineString","coordinates":[[[-34.824778370316203,-7.10934550616961],[-34.825235052830003,-7.10882725760375]]]}},
{"type":"Feature","properties":{"id":null,"Name":null,"description":null,"timestamp":null,"begin":null,"end":null,"altitudeMode":null,"tessellate":-1,"extrude":0,"visibility":-1,"drawOrder":null,"icon":null,"FID":1142.0},"geometry":{"type":"MultiLineString","coordinates":[[[-34.824778370293998,-7.10934550619484],[-34.824690802454001,-7.10943653764],[-34.824595625126399,-7.10951959905114],[-34.824509342300402,-7.10958341889849]]]}},
{"type":"Feature","properties":{"id":null,"Name":null,"description":null,"timestamp":null,"begin":null,"end":null,"altitudeMode":null,"tessellate":-1,"extrude":0,"visibility":-1,"drawOrder":null,"icon":null,"FID":1143.0},"geometry":{"type":"MultiLineString","coordinates":[[[-34.824276945841198,-7.10974232265535],[-34.824509303610398,-7.10958336242336]]]}},
{"type":"Feature","properties":{"id":null,"Name":null,"description":null,"timestamp":null,"begin":null,"end":null,"altitudeMode":null,"tessellate":-1,"extrude":0,"visibility":-1,"drawOrder":null,"icon":null,"FID":1144.0},"geometry":{"type":"MultiLineString","coordinates":[[[-34.824276945864497,-7.10974232263941],[-34.824149261566497,-7.10982169803396],[-34.824015137431502,-7.10988965521849],[-34.823960199560702,-7.10991340364778]]]}},
{"type":"Feature","properties":{"id":null,"Name":null,"description":null,"timestamp":null,"begin":null,"end":null,"altitudeMode":null,"tessellate":-1,"extrude":0,"visibility":-1,"drawOrder":null,"icon":null,"FID":1145.0},"geometry":{"type":"MultiLineString","coordinates":[[[-34.823652933761799,-7.11003989370336],[-34.823960185211398,-7.10991336905055]]]}},
{"type":"Feature","properties":{"id":null,"Name":null,"description":null,"timestamp":null,"begin":null,"end":null,"altitudeMode":null,"tessellate":-1,"extrude":0,"visibility":-1,"drawOrder":null,"icon":null,"FID":1146.0},"geometry":{"type":"MultiLineString","coordinates":[[[-34.823433303878502,-7.11028198529914],[-34.823444270275502,-7.11025063971015],[-34.823457929910901,-7.11022036812895],[-34.823474178826302,-7.11019140094047],[-34.823492893356899,-7.11016395860229],[-34.823513931073599,-7.11013824996697],[-34.823537131866502,-7.11011447069247],[-34.823562319163102,-7.11009280175312],[-34.823589301273103,-7.11007340806231],[-34.8236178728461,-7.11005643721742],[-34.823647816435603,-7.11004201837647],[-34.823652924525597,-7.11003987135936]]]}},
{"type":"Feature","properties":{"id":null,"Name":null,"description":null,"timestamp":null,"begin":null,"end":null,"altitudeMode":null,"tessellate":-1,"extrude":0,"visibility":-1,"drawOrder":null,"icon":null,"FID":1147.0},"geometry":{"type":"MultiLineString","coordinates":[[[-34.822470141862603,-7.11347444089504],[-34.823433303880599,-7.11028198529199]]]}},
{"type":"Feature","properties":{"id":null,"Name":null,"description":null,"timestamp":null,"begin":null,"end":null,"altitudeMode":null,"tessellate":-1,"extrude":0,"visibility":-1,"drawOrder":null,"icon":null,"FID":1148.0},"geometry":{"type":"MultiLineString","coordinates":[[[-34.822447305735302,-7.11365138249439],[-34.822447671807801,-7.1136038128931],[-34.822452187068798,-7.11355645617841],[-34.8224608171532,-7.11350967276369],[-34.822470170311199,-7.11347444946863]]]}},
{"type":"Feature","properties":{"id":null,"Name":null,"description":null,"timestamp":null,"begin":null,"end":null,"altitudeMode":null,"tessellate":-1,"extrude":0,"visibility":-1,"drawOrder":null,"icon":null,"FID":1149.0},"geometry":{"type":"MultiLineString","coordinates":[[[-34.822464589131499,-7.1141319605289],[-34.822447305734997,-7.11365138248707]]]}},
{"type":"Feature","properties":{"id":null,"Name":null,"description":null,"timestamp":null,"begin":null,"end":null,"altitudeMode":null,"tessellate":-1,"extrude":0,"visibility":-1,"drawOrder":null,"icon":null,"FID":1150.0},"geometry":{"type":"MultiLineString","coordinates":[[[-34.822513787482897,-7.11448836357647],[-34.822483705162597,-7.11433582936936],[-34.822467046401002,-7.11418125666984],[-34.822464588764902,-7.11413196055601]]]}},
{"type":"Feature","properties":{"id":null,"Name":null,"description":null,"timestamp":null,"begin":null,"end":null,"altitudeMode":null,"tessellate":-1,"extrude":0,"visibility":-1,"drawOrder":null,"icon":null,"FID":1151.0},"geometry":{"type":"MultiLineString","coordinates":[[[-34.822602851953697,-7.11485464570102],[-34.822513787481,-7.11448836356862]]]}},
{"type":"Feature","properties":{"id":null,"Name":null,"description":null,"timestamp":null,"begin":null,"end":null,"altitudeMode":null,"tessellate":-1,"extrude":0,"visibility":-1,"drawOrder":null,"icon":null,"FID":1161.0},"geometry":{"type":"MultiLineString","coordinates":[[[-34.824185169609102,-7.1210203148756],[-34.8226096412549,-7.11485479980323]]]}},
{"type":"Feature","properties":{"id":null,"Name":null,"description":null,"timestamp":null,"begin":null,"end":null,"altitudeMode":null,"tessellate":-1,"extrude":0,"visibility":-1,"drawOrder":null,"icon":null,"FID":1162.0},"geometry":{"type":"MultiLineString","coordinates":[[[-34.824185169607397,-7.12102031486914],[-34.824198208656803,-7.12108255392456],[-34.824205767472201,-7.12114569128589],[-34.824207788524397,-7.12120924644052],[-34.824204256429802,-7.12127273569602],[-34.824195198067201,-7.12133567586125],[-34.8241875247015,-7.12137137962976]]]}},
{"type":"Feature","properties":{"id":null,"Name":null,"description":null,"timestamp":null,"begin":null,"end":null,"altitudeMode":null,"tessellate":-1,"extrude":0,"visibility":-1,"drawOrder":null,"icon":null,"FID":1163.0},"geometry":{"type":"MultiLineString","coordinates":[[[-34.8239617902275,-7.12230707621606],[-34.824187552913301,-7.12137138643987]]]}},
{"type":"Feature","properties":{"id":null,"Name":null,"description":null,"timestamp":null,"begin":null,"end":null,"altitudeMode":null,"tessellate":-1,"extrude":0,"visibility":-1,"drawOrder":null,"icon":null,"FID":1164.0},"geometry":{"type":"MultiLineString","coordinates":[[[-34.823939594088401,-7.12248537147532],[-34.823943411448703,-7.12241578082228],[-34.823953286380799,-7.12234678731126],[-34.823961803302602,-7.12230707936747]]]}},
{"type":"Feature","properties":{"id":null,"Name":null,"description":null,"timestamp":null,"begin":null,"end":null,"altitudeMode":null,"tessellate":-1,"extrude":0,"visibility":-1,"drawOrder":null,"icon":null,"FID":1165.0},"geometry":{"type":"MultiLineString","coordinates":[[[-34.823918569538698,-7.12437964616215],[-34.823939594088202,-7.12248537148663]]]}},
{"type":"Feature","properties":{"id":null,"Name":null,"description":null,"timestamp":null,"begin":null,"end":null,"altitudeMode":null,"tessellate":-1,"extrude":0,"visibility":-1,"drawOrder":null,"icon":null,"FID":1166.0},"geometry":{"type":"MultiLineString","coordinates":[[[-34.823918569539103,-7.12437964613425],[-34.823912654922701,-7.12448748607792],[-34.823903421237603,-7.12455935732556]]]}},
{"type":"Feature","properties":{"id":null,"Name":null,"description":null,"timestamp":null,"begin":null,"end":null,"altitudeMode":null,"tessellate":-1,"extrude":0,"visibility":-1,"drawOrder":null,"icon":null,"FID":1167.0},"geometry":{"type":"MultiLineString","coordinates":[[[-34.823512300528897,-7.12702904875467],[-34.823903439480702,-7.1245593602092]]]}},
{"type":"Feature","properties":{"id":null,"Name":null,"description":null,"timestamp":null,"begin":null,"end":null,"altitudeMode":null,"tessellate":-1,"extrude":0,"visibility":-1,"drawOrder":null,"icon":null,"FID":1168.0},"geometry":{"type":"MultiLineString","coordinates":[[[-34.823512300529501,-7.1270290487512],[-34.823493139390003,-7.12712320434028],[-34.823465835575597,-7.12721533354371],[-34.823463801209201,-7.12722118480552]]]}},
{"type":"Feature","properties":{"id":null,"Name":null,"description":null,"timestamp":null,"begin":null,"end":null,"altitudeMode":null,"tessellate":-1,"extrude":0,"visibility":-1,"drawOrder":null,"icon":null,"FID":1169.0},"geometry":{"type":"MultiLineString","coordinates":[[[-34.823362583526702,-7.12750983291585],[-34.823463818378798,-7.1272211908412]]]}},
{"type":"Feature","properties":{"id":null,"Name":null,"description":null,"timestamp":null,"begin":null,"end":null,"altitudeMode":null,"tessellate":-1,"extrude":0,"visibility":-1,"drawOrder":null,"icon":null,"FID":1175.0},"geometry":{"type":"MultiLineString","coordinates":[[[-34.821844317270802,-7.13183828837511],[-34.823362583526702,-7.12750983291585]]]}},
{"type":"Feature","properties":{"id":null,"Name":null,"description":null,"timestamp":null,"begin":null,"end":null,"altitudeMode":null,"tessellate":-1,"extrude":0,"visibility":-1,"drawOrder":null,"icon":null,"FID":1176.0},"geometry":{"type":"MultiLineString","coordinates":[[[-34.821844317252101,-7.13183828842827],[-34.821756739570297,-7.13205690842262],[-34.821702332323298,-7.13217012649109]]]}},
{"type":"Feature","properties":{"id":null,"Name":null,"description":null,"timestamp":null,"begin":null,"end":null,"altitudeMode":null,"tessellate":-1,"extrude":0,"visibility":-1,"drawOrder":null,"icon":null,"FID":1177.0},"geometry":{"type":"MultiLineString","coordinates":[[[-34.820748418889998,-7.13404213539778],[-34.821702337063201,-7.13217012877681]]]}},
{"type":"Feature","properties":{"id":null,"Name":null,"description":null,"timestamp":null,"begin":null,"end":null,"altitudeMode":null,"tessellate":-1,"extrude":0,"visibility":-1,"drawOrder":null,"icon":null,"FID":1178.0},"geometry":{"type":"MultiLineString","coordinates":[[[-34.8207484188843,-7.13404213540902],[-34.820505951837298,-7.13447063548968],[-34.820479446399901,-7.13451263270921]]]}},
{"type":"Feature","properties":{"id":null,"Name":null,"description":null,"timestamp":null,"begin":null,"end":null,"altitudeMode":null,"tessellate":-1,"extrude":0,"visibility":-1,"drawOrder":null,"icon":null,"FID":1179.0},"geometry":{"type":"MultiLineString","coordinates":[[[-34.8203505275129,-7.13471494524571],[-34.820479443014399,-7.13451263066083]]]}},
{"type":"Feature","properties":{"id":null,"Name":null,"description":null,"timestamp":null,"begin":null,"end":null,"altitudeMode":null,"tessellate":-1,"extrude":0,"visibility":-1,"drawOrder":null,"icon":null,"FID":1202.0},"geometry":{"type":"MultiLineString","coordinates":[[[-34.836635165576801,-6.97547881196886],[-34.836601279758703,-6.97556058835291]]]}},
{"type":"Feature","properties":{"id":null,"Name":null,"description":null,"timestamp":null,"begin":null,"end":null,"altitudeMode":null,"tessellate":-1,"extrude":0,"visibility":-1,"drawOrder":null,"icon":null,"FID":1203.0},"geometry":{"type":"MultiLineString","coordinates":[[[-34.836635165571103,-6.97547881198271],[-34.836660163052699,-6.97542517966413],[-34.836689743563497,-6.97537392834027],[-34.836723681976501,-6.97532544806408],[-34.836761719998798,-6.975280107799],[-34.836803568137199,-6.97523825261099],[-34.836848907901498,-6.97520020104235],[-34.8368973942287,-6.97516624268747],[-34.836948658108703,-6.97513663598886],[-34.836987110972203,-6.97511812325526]]]}},
{"type":"Feature","properties":{"id":null,"Name":null,"description":null,"timestamp":null,"begin":null,"end":null,"altitudeMode":null,"tessellate":-1,"extrude":0,"visibility":-1,"drawOrder":null,"icon":null,"FID":1204.0},"geometry":{"type":"MultiLineString","coordinates":[[[-34.837823679595999,-6.97474734218822],[-34.836987115838298,-6.97511813419958]]]}},
{"type":"Feature","properties":{"id":null,"Name":null,"description":null,"timestamp":null,"begin":null,"end":null,"altitudeMode":null,"tessellate":-1,"extrude":0,"visibility":-1,"drawOrder":null,"icon":null,"FID":1205.0},"geometry":{"type":"MultiLineString","coordinates":[[[-34.837511867245802,-6.97421583239773],[-34.837822109722602,-6.97434473157875]]]}},
{"type":"Feature","properties":{"id":null,"Name":null,"description":null,"timestamp":null,"begin":null,"end":null,"altitudeMode":null,"tessellate":-1,"extrude":0,"visibility":-1,"drawOrder":null,"icon":null,"FID":1206.0},"geometry":{"type":"MultiLineString","coordinates":[[[-34.837511867246697,-6.97421583239813],[-34.837497611968303,-6.97420916414106],[-34.837483992582897,-6.97420127983279],[-34.837471112742101,-6.9741922394777],[-34.837459070469599,-6.97418211187841],[-34.837447957414298,-6.97417097411211],[-34.837437858153301,-6.97415891094401],[-34.837428849548203,-6.9741460141822],[-34.8374210001598,-6.97413238197885],[-34.837414369726602,-6.97411811808335],[-34.837409008710203,-6.97410333105265],[-34.837404957911197,-6.97408813342503],[-34.837402248158398,-6.9740726408637],[-34.837400900074499,-6.97405697127645],[-34.837400923919198,-6.97404124391835],[-34.8374023195109,-6.97402557848411],[-34.837405076228102,-6.97401009419721],[-34.8374091730903,-6.97399490890239],[-34.837414578918001,-6.97398013816894],[-34.837414766645402,-6.97397968896523]]]}},
{"type":"Feature","properties":{"id":null,"Name":null,"description":null,"timestamp":null,"begin":null,"end":null,"altitudeMode":null,"tessellate":-1,"extrude":0,"visibility":-1,"drawOrder":null,"icon":null,"FID":1207.0},"geometry":{"type":"MultiLineString","coordinates":[[[-34.837816860425797,-6.9730215326279],[-34.8374147581291,-6.97397968539685]]]}},
{"type":"Feature","properties":{"id":null,"Name":null,"description":null,"timestamp":null,"begin":null,"end":null,"altitudeMode":null,"tessellate":-1,"extrude":0,"visibility":-1,"drawOrder":null,"icon":null,"FID":1208.0},"geometry":{"type":"MultiLineString","coordinates":[[[-34.837714814841299,-6.97256352712956],[-34.837735940846301,-6.97257283650365],[-34.837756174442497,-6.97258395022295],[-34.837775361640396,-6.97259678370548],[-34.837793356413798,-6.97261123928075],[-34.837810021811897,-6.97262720693324],[-34.837815352445901,-6.97263294810908]]]}},
{"type":"Feature","properties":{"id":null,"Name":null,"description":null,"timestamp":null,"begin":null,"end":null,"altitudeMode":null,"tessellate":-1,"extrude":0,"visibility":-1,"drawOrder":null,"icon":null,"FID":1209.0},"geometry":{"type":"MultiLineString","coordinates":[[[-34.836495090559097,-6.97208798890501],[-34.837714814841902,-6.9725635271298]]]}},
{"type":"Feature","properties":{"id":null,"Name":null,"description":null,"timestamp":null,"begin":null,"end":null,"altitudeMode":null,"tessellate":-1,"extrude":0,"visibility":-1,"drawOrder":null,"icon":null,"FID":1210.0},"geometry":{"type":"MultiLineString","coordinates":[[[-34.836495090557598,-6.97208798890443],[-34.8364743681622,-6.97207886126736],[-34.836454520788301,-6.97206796373799],[-34.836435699486401,-6.97205537925315],[-34.836418047498299,-6.97204120358849],[-34.836401699166302,-6.97202554462949],[-34.836386778911297,-6.97200852155041],[-34.836373400285403,-6.97199026390731],[-34.836361665108001,-6.97197091065204],[-34.836351662690802,-6.9719506090747],[-34.836343469158201,-6.97192951368275],[-34.836337146867699,-6.97190778502495],[-34.8363327439356,-6.9718855884697],[-34.836330293870702,-6.97186309294627],[-34.836329815318997,-6.97184046965929],[-34.8363313119225,-6.97181789078572],[-34.836334772290698,-6.97179552816448],[-34.836340170087901,-6.97177355198862],[-34.836347464233299,-6.97175212951015],[-34.8363565992139,-6.97173142376701],[-34.836367505506502,-6.97171159234238],[-34.836380100107498,-6.97169278616528],[-34.836394287164303,-6.97167514836197],[-34.8364099587046,-6.97165881316668],[-34.836426995458503,-6.97164390489996],[-34.836445267765903,-6.97163053702258],[-34.836464636563598,-6.971618811272],[-34.836484954443399,-6.97160881688812],[-34.836506066774,-6.97160062993404],[-34.836508548224103,-6.97159980406061]]]}},
{"type":"Feature","properties":{"id":null,"Name":null,"description":null,"timestamp":null,"begin":null,"end":null,"altitudeMode":null,"tessellate":-1,"extrude":0,"visibility":-1,"drawOrder":null,"icon":null,"FID":1211.0},"geometry":{"type":"MultiLineString","coordinates":[[[-34.837809659156498,-6.97117402620712],[-34.836508572276898,-6.97159987745098]]]}},
{"type":"Feature","properties":{"id":null,"Name":null,"description":null,"timestamp":null,"begin":null,"end":null,"altitudeMode":null,"tessellate":-1,"extrude":0,"visibility":-1,"drawOrder":null,"icon":null,"FID":1212.0},"geometry":{"type":"MultiLineString","coordinates":[[[-34.836123760014203,-6.96698189987303],[-34.837796412746698,-6.96779753956149]]]}},
{"type":"Feature","properties":{"id":null,"Name":null,"description":null,"timestamp":null,"begin":null,"end":null,"altitudeMode":null,"tessellate":-1,"extrude":0,"visibility":-1,"drawOrder":null,"icon":null,"FID":1213.0},"geometry":{"type":"MultiLineString","coordinates":[[[-34.835126127668602,-6.96693071215053],[-34.8352320959957,-6.96689706401649],[-34.8353405960166,-6.96687277233307],[-34.8354508019859,-6.9668580219716],[-34.835561875175898,-6.96685292518866],[-34.835672970259097,-6.96685752077175],[-34.8357832417419,-6.96687177374418],[-34.835891850398603,-6.96689557563136],[-34.835997969658898,-6.96692874528632],[-34.836100791897699,-6.96697103026842],[-34.836123740851903,-6.966981939104]]]}},
{"type":"Feature","properties":{"id":null,"Name":null,"description":null,"timestamp":null,"begin":null,"end":null,"altitudeMode":null,"tessellate":-1,"extrude":0,"visibility":-1,"drawOrder":null,"icon":null,"FID":1214.0},"geometry":{"type":"MultiLineString","coordinates":[[[-34.832579384785703,-6.96786346031817],[-34.835126127647101,-6.9669307121584]]]}},
{"type":"Feature","properties":{"id":null,"Name":null,"description":null,"timestamp":null,"begin":null,"end":null,"altitudeMode":null,"tessellate":-1,"extrude":0,"visibility":-1,"drawOrder":null,"icon":null,"FID":1215.0},"geometry":{"type":"MultiLineString","coordinates":[[[-34.832579384778903,-6.96786346032066],[-34.832543835098399,-6.96787474876373],[-34.8325074360583,-6.96788289835087],[-34.832470464678003,-6.96788784705843],[-34.832433202332503,-6.96788955722348],[-34.832395932611703,-6.9678880158304],[-34.832358939161303,-6.96788323460994],[-34.832322503524701,-6.96787524994999],[-34.832286902999897,-6.9678641226186],[-34.832252408529001,-6.96784993730154],[-34.832219282636501,-6.96783280195775],[-34.832187777431201,-6.96781284699772],[-34.832158132686999,-6.96779022429104],[-34.832130574018898,-6.96776510601047],[-34.832105311165101,-6.9677376833216],[-34.832082536391503,-6.96770816492812],[-34.832062423027701,-6.9676767754832],[-34.8320451241485,-6.96764375387987],[-34.832030771408498,-6.96760935143295],[-34.8320231048125,-6.96758647215212]]]}},
{"type":"Feature","properties":{"id":null,"Name":null,"description":null,"timestamp":null,"begin":null,"end":null,"altitudeMode":null,"tessellate":-1,"extrude":0,"visibility":-1,"drawOrder":null,"icon":null,"FID":1216.0},"geometry":{"type":"MultiLineString","coordinates":[[[-34.831793757545903,-6.96683279135047],[-34.8320229913218,-6.96758650660089]]]}},
{"type":"Feature","properties":{"id":null,"Name":null,"description":null,"timestamp":null,"begin":null,"end":null,"altitudeMode":null,"tessellate":-1,"extrude":0,"visibility":-1,"drawOrder":null,"icon":null,"FID":1217.0},"geometry":{"type":"MultiLineString","coordinates":[[[-34.831332913974997,-6.96655438105385],[-34.831367694235198,-6.96654932198519],[-34.831402783421098,-6.96654731106542],[-34.831437914483502,-6.96654836359863],[-34.831472820054401,-6.96655247157424],[-34.831507234482103,-6.96655960372801],[-34.831540895852697,-6.96656970577989],[-34.831573547983503,-6.96658270084721],[-34.831604942372699,-6.96659849002975],[-34.831634840090601,-6.96661695316247],[-34.831663013598003,-6.96663794972999],[-34.831689248477801,-6.96666131993605],[-34.831713345067001,-6.96668688591955],[-34.831735119976202,-6.96671445310828],[-34.831754407485199,-6.96674381169966],[-34.831771060804201,-6.96677473825746],[-34.831784953191303,-6.96680699741225],[-34.831793762173398,-6.96683278994395]]]}},
{"type":"Feature","properties":{"id":null,"Name":null,"description":null,"timestamp":null,"begin":null,"end":null,"altitudeMode":null,"tessellate":-1,"extrude":0,"visibility":-1,"drawOrder":null,"icon":null,"FID":1218.0},"geometry":{"type":"MultiLineString","coordinates":[[[-34.830150039506599,-6.96677939505931],[-34.831332913969597,-6.96655438105488]]]}},
{"type":"Feature","properties":{"id":null,"Name":null,"description":null,"timestamp":null,"begin":null,"end":null,"altitudeMode":null,"tessellate":-1,"extrude":0,"visibility":-1,"drawOrder":null,"icon":null,"FID":1219.0},"geometry":{"type":"MultiLineString","coordinates":[[[-34.829781391672697,-6.96708154322062],[-34.829799468270402,-6.96704202659525],[-34.829820922911203,-6.96700423457303],[-34.829845592311699,-6.96696845477376],[-34.829873288722197,-6.96693495950296],[-34.829903801355698,-6.96690400367938],[-34.829936897992503,-6.96687582289507],[-34.829972326747097,-6.96685063162222],[-34.830009817985299,-6.96682862158104],[-34.830049086376398,-6.96680996028072],[-34.830089833064697,-6.9667947897444],[-34.830131747944002,-6.96678322542851],[-34.830150037977099,-6.96677938695418]]]}},
{"type":"Feature","properties":{"id":null,"Name":null,"description":null,"timestamp":null,"begin":null,"end":null,"altitudeMode":null,"tessellate":-1,"extrude":0,"visibility":-1,"drawOrder":null,"icon":null,"FID":1220.0},"geometry":{"type":"MultiLineString","coordinates":[[[-34.829165272090798,-6.96860000980205],[-34.829781391670402,-6.96708154322615]]]}},
{"type":"Feature","properties":{"id":null,"Name":null,"description":null,"timestamp":null,"begin":null,"end":null,"altitudeMode":null,"tessellate":-1,"extrude":0,"visibility":-1,"drawOrder":null,"icon":null,"FID":1221.0},"geometry":{"type":"MultiLineString","coordinates":[[[-34.828979300592501,-6.96964493451591],[-34.828981608037701,-6.96942207127205],[-34.829003346036799,-6.96920025703835],[-34.829044349122299,-6.96898117995946],[-34.829104305207601,-6.96876650734609],[-34.829165227814201,-6.96859999187171]]]}},
{"type":"Feature","properties":{"id":null,"Name":null,"description":null,"timestamp":null,"begin":null,"end":null,"altitudeMode":null,"tessellate":-1,"extrude":0,"visibility":-1,"drawOrder":null,"icon":null,"FID":1222.0},"geometry":{"type":"MultiLineString","coordinates":[[[-34.829037151417701,-6.97137905416237],[-34.828979300592302,-6.96964493451117]]]}},
{"type":"Feature","properties":{"id":null,"Name":null,"description":null,"timestamp":null,"begin":null,"end":null,"altitudeMode":null,"tessellate":-1,"extrude":0,"visibility":-1,"drawOrder":null,"icon":null,"FID":1223.0},"geometry":{"type":"MultiLineString","coordinates":[[[-34.829037151418198,-6.97137905417759],[-34.829035302956299,-6.97155765093063],[-34.829017883307102,-6.97173540709529],[-34.828985025026299,-6.97191096984269],[-34.828936978167199,-6.97208300303541],[-34.828875457524802,-6.97224702837767]]]}},
{"type":"Feature","properties":{"id":null,"Name":null,"description":null,"timestamp":null,"begin":null,"end":null,"altitudeMode":null,"tessellate":-1,"extrude":0,"visibility":-1,"drawOrder":null,"icon":null,"FID":1224.0},"geometry":{"type":"MultiLineString","coordinates":[[[-34.828766072226102,-6.97250459732782],[-34.828875468429402,-6.97224703294178]]]}},
{"type":"Feature","properties":{"id":null,"Name":null,"description":null,"timestamp":null,"begin":null,"end":null,"altitudeMode":null,"tessellate":-1,"extrude":0,"visibility":-1,"drawOrder":null,"icon":null,"FID":1238.0},"geometry":{"type":"MultiLineString","coordinates":[[[-34.833864137607499,-6.98799938914542],[-34.8338487448097,-6.98822910280557]]]}},
{"type":"Feature","properties":{"id":null,"Name":null,"description":null,"timestamp":null,"begin":null,"end":null,"altitudeMode":null,"tessellate":-1,"extrude":0,"visibility":-1,"drawOrder":null,"icon":null,"FID":1239.0},"geometry":{"type":"MultiLineString","coordinates":[[[-34.833864137600102,-6.98799938925697],[-34.833929239594397,-6.9874126440396],[-34.833950794424197,-6.98728234191943]]]}},
{"type":"Feature","properties":{"id":null,"Name":null,"description":null,"timestamp":null,"begin":null,"end":null,"altitudeMode":null,"tessellate":-1,"extrude":0,"visibility":-1,"drawOrder":null,"icon":null,"FID":1240.0},"geometry":{"type":"MultiLineString","coordinates":[[[-34.834424171970099,-6.98458422979054],[-34.833950747034301,-6.98728233346731]]]}},
{"type":"Feature","properties":{"id":null,"Name":null,"description":null,"timestamp":null,"begin":null,"end":null,"altitudeMode":null,"tessellate":-1,"extrude":0,"visibility":-1,"drawOrder":null,"icon":null,"FID":1241.0},"geometry":{"type":"MultiLineString","coordinates":[[[-34.8344241719821,-6.98458422972227],[-34.8345593180481,-6.98397229147706],[-34.834635704966999,-6.98370690905131]]]}},
{"type":"Feature","properties":{"id":null,"Name":null,"description":null,"timestamp":null,"begin":null,"end":null,"altitudeMode":null,"tessellate":-1,"extrude":0,"visibility":-1,"drawOrder":null,"icon":null,"FID":1242.0},"geometry":{"type":"MultiLineString","coordinates":[[[-34.834963356644998,-6.98264598836157],[-34.834635756563301,-6.98370692498046]]]}},
{"type":"Feature","properties":{"id":null,"Name":null,"description":null,"timestamp":null,"begin":null,"end":null,"altitudeMode":null,"tessellate":-1,"extrude":0,"visibility":-1,"drawOrder":null,"icon":null,"FID":1243.0},"geometry":{"type":"MultiLineString","coordinates":[[[-34.835077331654503,-6.98193877210999],[-34.835063008798301,-6.98216290946128],[-34.835029189457202,-6.98238494661643],[-34.834976130988103,-6.98260319374148],[-34.834963324844203,-6.98264597844818]]]}},
{"type":"Feature","properties":{"id":null,"Name":null,"description":null,"timestamp":null,"begin":null,"end":null,"altitudeMode":null,"tessellate":-1,"extrude":0,"visibility":-1,"drawOrder":null,"icon":null,"FID":1244.0},"geometry":{"type":"MultiLineString","coordinates":[[[-34.835092727025298,-6.98117570155491],[-34.835077331653402,-6.98193877216668]]]}},
{"type":"Feature","properties":{"id":null,"Name":null,"description":null,"timestamp":null,"begin":null,"end":null,"altitudeMode":null,"tessellate":-1,"extrude":0,"visibility":-1,"drawOrder":null,"icon":null,"FID":1245.0},"geometry":{"type":"MultiLineString","coordinates":[[[-34.8350927270249,-6.98117570157288],[-34.835137506638603,-6.98045437787485]]]}},
{"type":"Feature","properties":{"id":null,"Name":null,"description":null,"timestamp":null,"begin":null,"end":null,"altitudeMode":null,"tessellate":-1,"extrude":0,"visibility":-1,"drawOrder":null,"icon":null,"FID":1246.0},"geometry":{"type":"MultiLineString","coordinates":[[[-34.835382363260997,-6.97810544359629],[-34.835137513354603,-6.98045437865504]]]}},
{"type":"Feature","properties":{"id":null,"Name":null,"description":null,"timestamp":null,"begin":null,"end":null,"altitudeMode":null,"tessellate":-1,"extrude":0,"visibility":-1,"drawOrder":null,"icon":null,"FID":1247.0},"geometry":{"type":"MultiLineString","coordinates":[[[-34.835382363262198,-6.97810544358493],[-34.835400954833403,-6.97798031475153],[-34.835430390258601,-6.97785728111207],[-34.835470445507497,-6.97773727902696],[-34.835520815727001,-6.97762122178374],[-34.835581117561503,-6.97750999264656],[-34.835650892070902,-6.97740443813392],[-34.835723495655401,-6.97731244740157]]]}},
{"type":"Feature","properties":{"id":null,"Name":null,"description":null,"timestamp":null,"begin":null,"end":null,"altitudeMode":null,"tessellate":-1,"extrude":0,"visibility":-1,"drawOrder":null,"icon":null,"FID":1248.0},"geometry":{"type":"MultiLineString","coordinates":[[[-34.835900587481397,-6.97710579068866],[-34.8357234922888,-6.97731244453457]]]}},
{"type":"Feature","properties":{"id":null,"Name":null,"description":null,"timestamp":null,"begin":null,"end":null,"altitudeMode":null,"tessellate":-1,"extrude":0,"visibility":-1,"drawOrder":null,"icon":null,"FID":1249.0},"geometry":{"type":"MultiLineString","coordinates":[[[-34.836087526694001,-6.97680136013361],[-34.836045661162203,-6.97689114712344],[-34.8359961231018,-6.9769769465939],[-34.835939289523303,-6.9770581055576],[-34.835900596129598,-6.97710579809796]]]}},
{"type":"Feature","properties":{"id":null,"Name":null,"description":null,"timestamp":null,"begin":null,"end":null,"altitudeMode":null,"tessellate":-1,"extrude":0,"visibility":-1,"drawOrder":null,"icon":null,"FID":1250.0},"geometry":{"type":"MultiLineString","coordinates":[[[-34.836601100546901,-6.97556104112407],[-34.836087526697099,-6.97680136012623]]]}},
{"type":"Feature","properties":{"id":null,"Name":null,"description":null,"timestamp":null,"begin":null,"end":null,"altitudeMode":null,"tessellate":-1,"extrude":0,"visibility":-1,"drawOrder":null,"icon":null,"FID":1279.0},"geometry":{"type":"MultiLineString","coordinates":[[[-34.833439944148097,-6.99937369277034],[-34.8330711356503,-7.00089093507753]]]}},
{"type":"Feature","properties":{"id":null,"Name":null,"description":null,"timestamp":null,"begin":null,"end":null,"altitudeMode":null,"tessellate":-1,"extrude":0,"visibility":-1,"drawOrder":null,"icon":null,"FID":1280.0},"geometry":{"type":"MultiLineString","coordinates":[[[-34.8330256062426,-6.99887106363152],[-34.833061145658299,-6.99887100701759],[-34.833096554773803,-6.99887404541218],[-34.833131564105301,-6.99888015569112],[-34.833165907211303,-6.99888929135149],[-34.833199322720603,-6.99890138286538],[-34.833231556321699,-6.99891633820915],[-34.8332623626982,-6.99893404356372],[-34.833291507395302,-6.99895436418093],[-34.833318768604698,-6.9989771454088],[-34.833343938852501,-6.99900221386878],[-34.8333668265781,-6.99902937877507],[-34.833387257592001,-6.99905843338671],[-34.833405076402002,-6.99908915658096],[-34.833420147395898,-6.99912131453613],[-34.833432355873903,-6.99915466251117],[-34.833441608921902,-6.99918894670817],[-34.833447836118097,-6.99922390620408],[-34.833450990068997,-6.99925927493624],[-34.833451046770598,-6.99929478372757],[-34.8334480057907,-6.99933016233485],[-34.833441890272098,-6.99936514150566],[-34.833439912094001,-6.9993736849974]]]}},
{"type":"Feature","properties":{"id":null,"Name":null,"description":null,"timestamp":null,"begin":null,"end":null,"altitudeMode":null,"tessellate":-1,"extrude":0,"visibility":-1,"drawOrder":null,"icon":null,"FID":1281.0},"geometry":{"type":"MultiLineString","coordinates":[[[-34.831741648290802,-6.99892904736916],[-34.833025606250203,-6.99887106363117]]]}},
{"type":"Feature","properties":{"id":null,"Name":null,"description":null,"timestamp":null,"begin":null,"end":null,"altitudeMode":null,"tessellate":-1,"extrude":0,"visibility":-1,"drawOrder":null,"icon":null,"FID":1282.0},"geometry":{"type":"MultiLineString","coordinates":[[[-34.831741648294297,-6.99892904736899],[-34.831655802210598,-6.99892918162015],[-34.831570271084402,-6.99892183981148],[-34.831485705863201,-6.99890707781792],[-34.831402750143802,-6.99888500798681],[-34.831322035273203,-6.99885579828296],[-34.831244175544299,-6.99881967101032],[-34.831169763520002,-6.99877690112008],[-34.831099365523698,-6.99872781411817],[-34.831033517329203,-6.99867278358783],[-34.830972720082599,-6.99861222834636],[-34.830917436488903,-6.99854660925777],[-34.8308680872899,-6.99847642572505],[-34.830825048062401,-6.99840221188956],[-34.830788646359899,-6.99832453256565],[-34.830771984577297,-6.9982817262553]]]}},
{"type":"Feature","properties":{"id":null,"Name":null,"description":null,"timestamp":null,"begin":null,"end":null,"altitudeMode":null,"tessellate":-1,"extrude":0,"visibility":-1,"drawOrder":null,"icon":null,"FID":1283.0},"geometry":{"type":"MultiLineString","coordinates":[[[-34.830382341444597,-6.9972073207208],[-34.830771936885597,-6.99828174351388]]]}},
{"type":"Feature","properties":{"id":null,"Name":null,"description":null,"timestamp":null,"begin":null,"end":null,"altitudeMode":null,"tessellate":-1,"extrude":0,"visibility":-1,"drawOrder":null,"icon":null,"FID":1284.0},"geometry":{"type":"MultiLineString","coordinates":[[[-34.830382341426201,-6.99720732067017],[-34.830313500847701,-6.99698800178067],[-34.830264053613902,-6.99676352273793],[-34.830234376024698,-6.99653559197593],[-34.830224693917998,-6.99630594419648],[-34.830235080952001,-6.99607632716666],[-34.830265458044899,-6.995848488417],[-34.830271316631702,-6.99581671706001]]]}},
{"type":"Feature","properties":{"id":null,"Name":null,"description":null,"timestamp":null,"begin":null,"end":null,"altitudeMode":null,"tessellate":-1,"extrude":0,"visibility":-1,"drawOrder":null,"icon":null,"FID":1285.0},"geometry":{"type":"MultiLineString","coordinates":[[[-34.830568049051003,-6.9942616010241],[-34.830271319357898,-6.99581671758413]]]}},
{"type":"Feature","properties":{"id":null,"Name":null,"description":null,"timestamp":null,"begin":null,"end":null,"altitudeMode":null,"tessellate":-1,"extrude":0,"visibility":-1,"drawOrder":null,"icon":null,"FID":1286.0},"geometry":{"type":"MultiLineString","coordinates":[[[-34.829852621641997,-6.99377424234062],[-34.829888385643599,-6.99375384460315],[-34.829925792842097,-6.99373663887047],[-34.829964558546401,-6.99372275608812],[-34.830004387726802,-6.99371230191197],[-34.830044977259703,-6.99370535590415],[-34.8300860182352,-6.99370197092762],[-34.830127198307501,-6.99370217274377],[-34.8301682040724,-6.99370595981641],[-34.830208723452202,-6.99371330332347],[-34.830248448071004,-6.99372414737637],[-34.830287075601198,-6.99373840944535],[-34.830324312065002,-6.99375598098756],[-34.830359874071199,-6.99377672827315],[-34.830393490972199,-6.99380049340304],[-34.830424906923398,-6.99382709551057],[-34.830453882831101,-6.9938563321381],[-34.830480198171202,-6.99388798077765],[-34.830503652668199,-6.99392180056451],[-34.830524067819098,-6.99395753411017],[-34.8305412882521,-6.99399490946131],[-34.830555182908803,-6.99403364216943],[-34.830565646041897,-6.99407343745571],[-34.830572598019899,-6.99411399245446],[-34.830575985933301,-6.99415499851803],[-34.830575783997197,-6.99419614356581],[-34.830571993747398,-6.99423711445941],[-34.8305679878966,-6.99426158937852]]]}},
{"type":"Feature","properties":{"id":null,"Name":null,"description":null,"timestamp":null,"begin":null,"end":null,"altitudeMode":null,"tessellate":-1,"extrude":0,"visibility":-1,"drawOrder":null,"icon":null,"FID":1287.0},"geometry":{"type":"MultiLineString","coordinates":[[[-34.829239592732499,-6.99416025562582],[-34.829852621644399,-6.99377424233908]]]}},
{"type":"Feature","properties":{"id":null,"Name":null,"description":null,"timestamp":null,"begin":null,"end":null,"altitudeMode":null,"tessellate":-1,"extrude":0,"visibility":-1,"drawOrder":null,"icon":null,"FID":1288.0},"geometry":{"type":"MultiLineString","coordinates":[[[-34.829239592729699,-6.99416025562753],[-34.829214030652302,-6.99417483829949],[-34.8291872937981,-6.99418713949351],[-34.829159585650999,-6.99419706558984],[-34.829131117086902,-6.99420454104464],[-34.829102104769198,-6.99420950896496],[-34.829072769499597,-6.99421193154174],[-34.829043334537701,-6.99421179033749],[-34.8290140239016,-6.99420908642681],[-34.828985060663697,-6.99420384038798],[-34.828956665252001,-6.9941960921465],[-34.8289290537734,-6.99418590067116],[-34.828902436368203,-6.99417334352533],[-34.828877015611504,-6.99415851627653],[-34.828852984970801,-6.99414153176924],[-34.828850045340097,-6.99413922940773]]]}},
{"type":"Feature","properties":{"id":null,"Name":null,"description":null,"timestamp":null,"begin":null,"end":null,"altitudeMode":null,"tessellate":-1,"extrude":0,"visibility":-1,"drawOrder":null,"icon":null,"FID":1289.0},"geometry":{"type":"MultiLineString","coordinates":[[[-34.8288433924439,-6.9924166215771],[-34.828880433783297,-6.99234781166612],[-34.828923336424197,-6.99228248922661],[-34.828971773849403,-6.99222115140058],[-34.8290253774192,-6.99216426500454],[-34.829083739177001,-6.9921122629767],[-34.829139800636597,-6.99207008016362]]]}},
{"type":"Feature","properties":{"id":null,"Name":null,"description":null,"timestamp":null,"begin":null,"end":null,"altitudeMode":null,"tessellate":-1,"extrude":0,"visibility":-1,"drawOrder":null,"icon":null,"FID":1290.0},"geometry":{"type":"MultiLineString","coordinates":[[[-34.829752667290002,-6.99164544679712],[-34.829139790789498,-6.99207006594328]]]}},
{"type":"Feature","properties":{"id":null,"Name":null,"description":null,"timestamp":null,"begin":null,"end":null,"altitudeMode":null,"tessellate":-1,"extrude":0,"visibility":-1,"drawOrder":null,"icon":null,"FID":1291.0},"geometry":{"type":"MultiLineString","coordinates":[[[-34.830172683748202,-6.99109906418727],[-34.830135236860301,-6.99119033724172],[-34.8300899707599,-6.99127800202015],[-34.830037229945098,-6.99136139133932],[-34.8299774158017,-6.99143987055435],[-34.8299109835488,-6.99151284238885],[-34.829838438773898,-6.9915797514806],[-34.829760333585703,-6.99164008860827],[-34.829752667289902,-6.99164544670923]]]}},
{"type":"Feature","properties":{"id":null,"Name":null,"description":null,"timestamp":null,"begin":null,"end":null,"altitudeMode":null,"tessellate":-1,"extrude":0,"visibility":-1,"drawOrder":null,"icon":null,"FID":1292.0},"geometry":{"type":"MultiLineString","coordinates":[[[-34.830563096219798,-6.99001482718159],[-34.830172683739498,-6.99109906421165]]]}},
{"type":"Feature","properties":{"id":null,"Name":null,"description":null,"timestamp":null,"begin":null,"end":null,"altitudeMode":null,"tessellate":-1,"extrude":0,"visibility":-1,"drawOrder":null,"icon":null,"FID":1293.0},"geometry":{"type":"MultiLineString","coordinates":[[[-34.830563096224303,-6.99001482716905],[-34.830585625586501,-6.98995991263636],[-34.830612859364102,-6.98990716897962],[-34.830644590289999,-6.98985699760938],[-34.8306805768716,-6.98980978035946],[-34.830720545227997,-6.98976587658083],[-34.830764191175398,-6.98972562040687],[-34.830811182541296,-6.98968931821035],[-34.8308611616932,-6.98965724627185],[-34.830913748259697,-6.98962964867713],[-34.830968542026199,-6.98960673545944],[-34.831025125979799,-6.98958868100118],[-34.831083069484002,-6.98957562270671],[-34.831141931555102,-6.98956765995666],[-34.831201264219096,-6.9895648533516],[-34.831260615920399,-6.98956722425096],[-34.831319534958801,-6.98957475461023],[-34.831377572926698,-6.98958738711868],[-34.831387455837202,-6.98959007376311]]]}},
{"type":"Feature","properties":{"id":null,"Name":null,"description":null,"timestamp":null,"begin":null,"end":null,"altitudeMode":null,"tessellate":-1,"extrude":0,"visibility":-1,"drawOrder":null,"icon":null,"FID":1294.0},"geometry":{"type":"MultiLineString","coordinates":[[[-34.832510670643501,-6.98990463400485],[-34.831387446114903,-6.98959010842946]]]}},
{"type":"Feature","properties":{"id":null,"Name":null,"description":null,"timestamp":null,"begin":null,"end":null,"altitudeMode":null,"tessellate":-1,"extrude":0,"visibility":-1,"drawOrder":null,"icon":null,"FID":1295.0},"geometry":{"type":"MultiLineString","coordinates":[[[-34.832510670645298,-6.98990463400534],[-34.832543909039998,-6.98991552973033],[-34.832576070528702,-6.98992927846878],[-34.8326069103435,-6.98994577558461],[-34.8326361937754,-6.98996489552497],[-34.832663697960101,-6.9899864927758],[-34.832689213574596,-6.99001040296929],[-34.832712546429903,-6.99003644413471],[-34.832733518948899,-6.99006441808346],[-34.832751971518,-6.99009411191722],[-34.832767763702002,-6.99012529964841],[-34.8327807753126,-6.99015774391993],[-34.832790907323101,-6.99019119781161],[-34.832798082622297,-6.99022540671946],[-34.832802246601403,-6.99026011029338],[-34.832803367569397,-6.99029504441842],[-34.832801436994203,-6.99032994322502],[-34.832797547885498,-6.99035857099491]]]}},
{"type":"Feature","properties":{"id":null,"Name":null,"description":null,"timestamp":null,"begin":null,"end":null,"altitudeMode":null,"tessellate":-1,"extrude":0,"visibility":-1,"drawOrder":null,"icon":null,"FID":1296.0},"geometry":{"type":"MultiLineString","coordinates":[[[-34.832459706046301,-6.99231484199667],[-34.832797577304298,-6.99035857607173]]]}},
{"type":"Feature","properties":{"id":null,"Name":null,"description":null,"timestamp":null,"begin":null,"end":null,"altitudeMode":null,"tessellate":-1,"extrude":0,"visibility":-1,"drawOrder":null,"icon":null,"FID":1297.0},"geometry":{"type":"MultiLineString","coordinates":[[[-34.832700724713497,-6.99401931002071],[-34.832603361376201,-6.99379427222369],[-34.832525998678001,-6.99356161217068],[-34.832469225374197,-6.9933231005619],[-34.832433473518002,-6.99308055262985],[-34.832419015173201,-6.99283581432379],[-34.832425960344402,-6.99259074826054],[-34.8324542561407,-6.99234721954859],[-34.832459655128098,-6.99231483331848]]]}},
{"type":"Feature","properties":{"id":null,"Name":null,"description":null,"timestamp":null,"begin":null,"end":null,"altitudeMode":null,"tessellate":-1,"extrude":0,"visibility":-1,"drawOrder":null,"icon":null,"FID":1298.0},"geometry":{"type":"MultiLineString","coordinates":[[[-34.8330991027171,-6.99483972069801],[-34.832700724687598,-6.99401930996722]]]}},
{"type":"Feature","properties":{"id":null,"Name":null,"description":null,"timestamp":null,"begin":null,"end":null,"altitudeMode":null,"tessellate":-1,"extrude":0,"visibility":-1,"drawOrder":null,"icon":null,"FID":1299.0},"geometry":{"type":"MultiLineString","coordinates":[[[-34.833702391200497,-6.99469496773228],[-34.833701732521803,-6.99472264109297],[-34.833698662399598,-6.99475015178951],[-34.833693204199001,-6.99477729044894],[-34.833685399459803,-6.9948038505297],[-34.8336753075804,-6.9948296298935],[-34.833663005365501,-6.99485443234379],[-34.833648586442301,-6.99487806911881],[-34.833632160547097,-6.99490036032833],[-34.833613852690597,-6.9949211363226],[-34.8335938022066,-6.99494023898357],[-34.833572161691102,-6.99495752292825],[-34.833549095841697,-6.99497285661513],[-34.833524780203398,-6.99498612334539],[-34.833499399833002,-6.99499722215095],[-34.8334731478907,-6.99500606856298],[-34.833446224169897,-6.9950125952547],[-34.833418833576602,-6.99501675255389],[-34.833391184570303,-6.99501850882079],[-34.833363487577003,-6.99501785068906],[-34.833335953387902,-6.99501478316733],[-34.833308791555197,-6.99500932960123],[-34.833282208797399,-6.99500153149571],[-34.833256407425701,-6.99499144819907],[-34.833231583804597,-6.99497915645131],[-34.833207926857,-6.9949647498002],[-34.833185616626999,-6.99494833788915],[-34.833164822909197,-6.9949300456229],[-34.833145703956298,-6.99491001221683],[-34.833128405275403,-6.99488839013747],[-34.8331130585197,-6.99486534394213],[-34.833099780487402,-6.9948410490265],[-34.833099126377597,-6.9948397092249]]]}},
{"type":"Feature","properties":{"id":null,"Name":null,"description":null,"timestamp":null,"begin":null,"end":null,"altitudeMode":null,"tessellate":-1,"extrude":0,"visibility":-1,"drawOrder":null,"icon":null,"FID":1300.0},"geometry":{"type":"MultiLineString","coordinates":[[[-34.833669030734903,-6.99300967440362],[-34.833702391200397,-6.99469496772778]]]}},
{"type":"Feature","properties":{"id":null,"Name":null,"description":null,"timestamp":null,"begin":null,"end":null,"altitudeMode":null,"tessellate":-1,"extrude":0,"visibility":-1,"drawOrder":null,"icon":null,"FID":1301.0},"geometry":{"type":"MultiLineString","coordinates":[[[-34.833590313315902,-6.99266432494483],[-34.833618914722699,-6.9927349743551],[-34.833641244574203,-6.99280784558248],[-34.8336571329245,-6.99288238403451],[-34.833666458850999,-6.99295802242998],[-34.833669011455399,-6.99300967480855]]]}},
{"type":"Feature","properties":{"id":null,"Name":null,"description":null,"timestamp":null,"begin":null,"end":null,"altitudeMode":null,"tessellate":-1,"extrude":0,"visibility":-1,"drawOrder":null,"icon":null,"FID":1302.0},"geometry":{"type":"MultiLineString","coordinates":[[[-34.833393441843,-6.9922332700502],[-34.833590313308498,-6.99266432492861]]]}},
{"type":"Feature","properties":{"id":null,"Name":null,"description":null,"timestamp":null,"begin":null,"end":null,"altitudeMode":null,"tessellate":-1,"extrude":0,"visibility":-1,"drawOrder":null,"icon":null,"FID":1303.0},"geometry":{"type":"MultiLineString","coordinates":[[[-34.833393441846297,-6.9922332700575],[-34.833375940521201,-6.99219002696011],[-34.833362277877001,-6.99214542436554],[-34.833352557893697,-6.992099801727],[-34.833346854545397,-6.99205350626089],[-34.833345211236903,-6.99200689030412],[-34.833347640473498,-6.9919603086326],[-34.833354123766199,-6.99191411576122],[-34.833364611771799,-6.99186866324577],[-34.8333790246691,-6.99182429700739],[-34.833397252765998,-6.99178135469981],[-34.833413544797899,-6.99174992341595]]]}},
{"type":"Feature","properties":{"id":null,"Name":null,"description":null,"timestamp":null,"begin":null,"end":null,"altitudeMode":null,"tessellate":-1,"extrude":0,"visibility":-1,"drawOrder":null,"icon":null,"FID":1304.0},"geometry":{"type":"MultiLineString","coordinates":[[[-34.833529474639803,-6.99154332707309],[-34.833413546377599,-6.99174992428983]]]}},
{"type":"Feature","properties":{"id":null,"Name":null,"description":null,"timestamp":null,"begin":null,"end":null,"altitudeMode":null,"tessellate":-1,"extrude":0,"visibility":-1,"drawOrder":null,"icon":null,"FID":1305.0},"geometry":{"type":"MultiLineString","coordinates":[[[-34.833655147444702,-6.99112060038125],[-34.833645515773703,-6.99120738959457],[-34.833628350178799,-6.99129300980309],[-34.833603781296397,-6.99137680938555],[-34.833571996106201,-6.99145815057632],[-34.833533236508998,-6.99153641431923],[-34.8335294125215,-6.99154329226368]]]}},
{"type":"Feature","properties":{"id":null,"Name":null,"description":null,"timestamp":null,"begin":null,"end":null,"altitudeMode":null,"tessellate":-1,"extrude":0,"visibility":-1,"drawOrder":null,"icon":null,"FID":1306.0},"geometry":{"type":"MultiLineString","coordinates":[[[-34.833848747629602,-6.9882298261135],[-34.833655147443899,-6.99112060039326]]]}},
{"type":"Feature","properties":{"id":null,"Name":null,"description":null,"timestamp":null,"begin":null,"end":null,"altitudeMode":null,"tessellate":-1,"extrude":0,"visibility":-1,"drawOrder":null,"icon":null,"FID":1313.0},"geometry":{"type":"MultiLineString","coordinates":[[[-34.832408986575302,-7.00167668892873],[-34.831781616704298,-7.00189079422389]]]}},
{"type":"Feature","properties":{"id":null,"Name":null,"description":null,"timestamp":null,"begin":null,"end":null,"altitudeMode":null,"tessellate":-1,"extrude":0,"visibility":-1,"drawOrder":null,"icon":null,"FID":1314.0},"geometry":{"type":"MultiLineString","coordinates":[[[-34.833050918742302,-7.00097419551776],[-34.8330269061615,-7.00105705867598],[-34.832995756688199,-7.00113751549371],[-34.832957707385098,-7.00121495364545],[-34.832913047826899,-7.00128878377913],[-34.832862117896802,-7.00135844400153],[-34.832805305200203,-7.00142340415476],[-34.832743042114302,-7.00148316985092],[-34.832675802497903,-7.00153728623488],[-34.8326040980849,-7.00158534144614],[-34.8325284745898,-7.00162696975316],[-34.832449507554301,-7.00166185433718],[-34.832408981622997,-7.00167667435292]]]}},
{"type":"Feature","properties":{"id":null,"Name":null,"description":null,"timestamp":null,"begin":null,"end":null,"altitudeMode":null,"tessellate":-1,"extrude":0,"visibility":-1,"drawOrder":null,"icon":null,"FID":1315.0},"geometry":{"type":"MultiLineString","coordinates":[[[-34.833071225083302,-7.00089066348443],[-34.833050918737598,-7.00097419553708]]]}},
{"type":"Feature","properties":{"id":null,"Name":null,"description":null,"timestamp":null,"begin":null,"end":null,"altitudeMode":null,"tessellate":-1,"extrude":0,"visibility":-1,"drawOrder":null,"icon":null,"FID":1316.0},"geometry":{"type":"MultiLineString","coordinates":[[[-34.830317069385899,-7.01186447592392],[-34.828911370968399,-7.00976834539175]]]}},
{"type":"Feature","properties":{"id":null,"Name":null,"description":null,"timestamp":null,"begin":null,"end":null,"altitudeMode":null,"tessellate":-1,"extrude":0,"visibility":-1,"drawOrder":null,"icon":null,"FID":1317.0},"geometry":{"type":"MultiLineString","coordinates":[[[-34.8303170693925,-7.01186447593365],[-34.830477033831599,-7.01212711140299],[-34.830613479174502,-7.01240267678806],[-34.830725366968601,-7.01268907489868],[-34.8308118456508,-7.01298412609982],[-34.830853512413803,-7.01317629090329]]]}},
{"type":"Feature","properties":{"id":null,"Name":null,"description":null,"timestamp":null,"begin":null,"end":null,"altitudeMode":null,"tessellate":-1,"extrude":0,"visibility":-1,"drawOrder":null,"icon":null,"FID":1318.0},"geometry":{"type":"MultiLineString","coordinates":[[[-34.830925115820499,-7.01355765681053],[-34.830853491893897,-7.01317629471263]]]}},
{"type":"Feature","properties":{"id":null,"Name":null,"description":null,"timestamp":null,"begin":null,"end":null,"altitudeMode":null,"tessellate":-1,"extrude":0,"visibility":-1,"drawOrder":null,"icon":null,"FID":1331.0},"geometry":{"type":"MultiLineString","coordinates":[[[-34.832008189613099,-7.0193253356582],[-34.830924930593298,-7.0135565725538]]]}},
{"type":"Feature","properties":{"id":null,"Name":null,"description":null,"timestamp":null,"begin":null,"end":null,"altitudeMode":null,"tessellate":-1,"extrude":0,"visibility":-1,"drawOrder":null,"icon":null,"FID":1332.0},"geometry":{"type":"MultiLineString","coordinates":[[[-34.832008189613497,-7.01932533566029],[-34.832013289577198,-7.01936098944816],[-34.832015259885097,-7.01939695165092],[-34.832014085541303,-7.01943294857462],[-34.832009775482497,-7.01946870626118],[-34.832002362510103,-7.01950395257307],[-34.831991903040603,-7.01953841926464],[-34.831978476676099,-7.01957184402347],[-34.831962185598698,-7.01960397246687],[-34.831943153792899,-7.01963456007783],[-34.831921526101503,-7.01966337406591],[-34.831897467124101,-7.01969019513898],[-34.831871159963796,-7.01971481917213],[-34.831842804833599,-7.01973705876124],[-34.831833286999597,-7.01974367503605]]]}},
{"type":"Feature","properties":{"id":null,"Name":null,"description":null,"timestamp":null,"begin":null,"end":null,"altitudeMode":null,"tessellate":-1,"extrude":0,"visibility":-1,"drawOrder":null,"icon":null,"FID":1333.0},"geometry":{"type":"MultiLineString","coordinates":[[[-34.831153887596997,-7.02020171709494],[-34.831833266656602,-7.01974364491554]]]}},
{"type":"Feature","properties":{"id":null,"Name":null,"description":null,"timestamp":null,"begin":null,"end":null,"altitudeMode":null,"tessellate":-1,"extrude":0,"visibility":-1,"drawOrder":null,"icon":null,"FID":1334.0},"geometry":{"type":"MultiLineString","coordinates":[[[-34.831153887594901,-7.02020171709631],[-34.831144963316099,-7.02020718047398],[-34.831135596399299,-7.02021184596564],[-34.831125858132403,-7.02021567806408],[-34.8311158226294,-7.02021864760467],[-34.8311055662668,-7.0202207319874],[-34.831095167101601,-7.02022191534879],[-34.8310847042777,-7.02022218868278],[-34.831074257423801,-7.02022154990906],[-34.831063906046701,-7.02022000388911],[-34.831053728926697,-7.02021756238906],[-34.831043803518,-7.02021424399021],[-34.831034205358797,-7.02021007394755],[-34.831025007496997,-7.02020508399767],[-34.831016279934097,-7.02019931211709],[-34.831008089092002,-7.02019280223335],[-34.831000497307997,-7.02018560389061],[-34.830993562360298,-7.02017777187263],[-34.830987337027899,-7.02016936578584],[-34.8309818686893,-7.02016044960565],[-34.830977198962003,-7.02015109118965],[-34.830973363385397,-7.02014136176103],[-34.830970391150501,-7.02013133536665],[-34.830969070106399,-7.02012540418932]]]}},
{"type":"Feature","properties":{"id":null,"Name":null,"description":null,"timestamp":null,"begin":null,"end":null,"altitudeMode":null,"tessellate":-1,"extrude":0,"visibility":-1,"drawOrder":null,"icon":null,"FID":1335.0},"geometry":{"type":"MultiLineString","coordinates":[[[-34.830681898254198,-7.01866180427738],[-34.830969065719501,-7.02012540505212]]]}},
{"type":"Feature","properties":{"id":null,"Name":null,"description":null,"timestamp":null,"begin":null,"end":null,"altitudeMode":null,"tessellate":-1,"extrude":0,"visibility":-1,"drawOrder":null,"icon":null,"FID":1336.0},"geometry":{"type":"MultiLineString","coordinates":[[[-34.830406260070902,-7.01854986102877],[-34.830419395758803,-7.01854161261871],[-34.8304332010078,-7.01853453941153],[-34.830447570751801,-7.0185286952385],[-34.830462395628302,-7.01852412457728],[-34.830477562811197,-7.01852086221329],[-34.8304929568692,-7.01851893297499],[-34.830508460644303,-7.01851835154504],[-34.830523956143601,-7.01851912234843],[-34.830539325437101,-7.01852123951881],[-34.830554451555301,-7.01852468694328],[-34.830569219379498,-7.01852943838482],[-34.830583516517798,-7.01853545768211],[-34.830597234160301,-7.01854269902468],[-34.830610267907801,-7.01855110730158],[-34.830622518565498,-7.0185606185208],[-34.830633892898597,-7.01857116029626],[-34.830644304341703,-7.01858265239874],[-34.830653673657302,-7.01859500736649],[-34.830661929539403,-7.01860813117081],[-34.830669009155699,-7.01862192393169],[-34.830674858625898,-7.01863628067797],[-34.830679433432003,-7.01865109214623],[-34.830681885173199,-7.01866180684396]]]}},
{"type":"Feature","properties":{"id":null,"Name":null,"description":null,"timestamp":null,"begin":null,"end":null,"altitudeMode":null,"tessellate":-1,"extrude":0,"visibility":-1,"drawOrder":null,"icon":null,"FID":1337.0},"geometry":{"type":"MultiLineString","coordinates":[[[-34.829753548419603,-7.01900059387367],[-34.830406260070802,-7.01854986102884]]]}},
{"type":"Feature","properties":{"id":null,"Name":null,"description":null,"timestamp":null,"begin":null,"end":null,"altitudeMode":null,"tessellate":-1,"extrude":0,"visibility":-1,"drawOrder":null,"icon":null,"FID":1338.0},"geometry":{"type":"MultiLineString","coordinates":[[[-34.829605789296998,-7.01928425937833],[-34.829606904871099,-7.01925443331711],[-34.829610618069403,-7.01922481789369],[-34.829616900631699,-7.01919563849944],[-34.8296257047434,-7.01916711720717],[-34.829636963399501,-7.01913947108111],[-34.829650590914198,-7.01911291052488],[-34.829666483573703,-7.01908763768026],[-34.829684520424699,-7.01906384488866],[-34.8297045641959,-7.01904171322742],[-34.829726462341597,-7.01902141113158],[-34.829750048203898,-7.01900309311211],[-34.829753571991802,-7.019000627958]]]}},
{"type":"Feature","properties":{"id":null,"Name":null,"description":null,"timestamp":null,"begin":null,"end":null,"altitudeMode":null,"tessellate":-1,"extrude":0,"visibility":-1,"drawOrder":null,"icon":null,"FID":1339.0},"geometry":{"type":"MultiLineString","coordinates":[[[-34.829633792543603,-7.02367081258751],[-34.829605789296998,-7.01928425937272]]]}},
{"type":"Feature","properties":{"id":null,"Name":null,"description":null,"timestamp":null,"begin":null,"end":null,"altitudeMode":null,"tessellate":-1,"extrude":0,"visibility":-1,"drawOrder":null,"icon":null,"FID":1340.0},"geometry":{"type":"MultiLineString","coordinates":[[[-34.829680229871997,-7.02439141922827],[-34.8296374830012,-7.0238487003865],[-34.829633807479198,-7.02367081230371]]]}},
{"type":"Feature","properties":{"id":null,"Name":null,"description":null,"timestamp":null,"begin":null,"end":null,"altitudeMode":null,"tessellate":-1,"extrude":0,"visibility":-1,"drawOrder":null,"icon":null,"FID":1341.0},"geometry":{"type":"MultiLineString","coordinates":[[[-34.829838385676403,-7.02567849152032],[-34.829680229882399,-7.02439141931318]]]}},
{"type":"Feature","properties":{"id":null,"Name":null,"description":null,"timestamp":null,"begin":null,"end":null,"altitudeMode":null,"tessellate":-1,"extrude":0,"visibility":-1,"drawOrder":null,"icon":null,"FID":1342.0},"geometry":{"type":"MultiLineString","coordinates":[[[-34.829838385677697,-7.02567849153074],[-34.829843021387099,-7.02573733485637],[-34.8298425062032,-7.02579635792226],[-34.829836844044799,-7.02585511152774],[-34.829826078002398,-7.0259131485227],[-34.829810290010002,-7.02597002721072],[-34.829789942309397,-7.02602450807906]]]}},
{"type":"Feature","properties":{"id":null,"Name":null,"description":null,"timestamp":null,"begin":null,"end":null,"altitudeMode":null,"tessellate":-1,"extrude":0,"visibility":-1,"drawOrder":null,"icon":null,"FID":1343.0},"geometry":{"type":"MultiLineString","coordinates":[[[-34.8297071994945,-7.02621995620079],[-34.829789965004402,-7.02602451766442]]]}},
{"type":"Feature","properties":{"id":null,"Name":null,"description":null,"timestamp":null,"begin":null,"end":null,"altitudeMode":null,"tessellate":-1,"extrude":0,"visibility":-1,"drawOrder":null,"icon":null,"FID":1378.0},"geometry":{"type":"MultiLineString","coordinates":[[[-34.837981095332303,-7.06999329458956],[-34.838197572229603,-7.07008122734502]]]}},
{"type":"Feature","properties":{"id":null,"Name":null,"description":null,"timestamp":null,"begin":null,"end":null,"altitudeMode":null,"tessellate":-1,"extrude":0,"visibility":-1,"drawOrder":null,"icon":null,"FID":1379.0},"geometry":{"type":"MultiLineString","coordinates":[[[-34.837981095331898,-7.06999329458943],[-34.8379771763462,-7.06999149723684],[-34.837973429082503,-7.06998936550877],[-34.837969882059603,-7.06998691562896],[-34.837966562272598,-7.06998416624247],[-34.8379634949872,-7.0699811382738],[-34.837960703546997,-7.06997785476763],[-34.837958209196799,-7.06997434071344],[-34.837956030920097,-7.06997062285527],[-34.837954185294699,-7.06996672948833],[-34.837952686367103,-7.06996269024346],[-34.837951545545003,-7.06995853586175],[-34.837950771510698,-7.06995429796061],[-34.837950370155099,-7.06995000879297],[-34.8379503445327,-7.06994570100203],[-34.837950694838597,-7.06994140737265],[-34.837951418406597,-7.06993716058198],[-34.837952509730002,-7.06993299295064],[-34.8379539605031,-7.06992893619681],[-34.837955759684696,-7.06992502119486],[-34.837957893581901,-7.0699212777403],[-34.8379603459544,-7.0699177343231],[-34.837963098138196,-7.06991441791078],[-34.8379661291875,-7.06991135374323],[-34.837969416034298,-7.06990856514061],[-34.837972933663501,-7.0699060733259],[-34.837976655303997,-7.06990389726325],[-34.837980552631699,-7.06990205351386],[-34.8379845478213,-7.06990057162263]]]}},
{"type":"Feature","properties":{"id":null,"Name":null,"description":null,"timestamp":null,"begin":null,"end":null,"altitudeMode":null,"tessellate":-1,"extrude":0,"visibility":-1,"drawOrder":null,"icon":null,"FID":1380.0},"geometry":{"type":"MultiLineString","coordinates":[[[-34.838196586995302,-7.06983204924205],[-34.837984529801901,-7.06990051588944]]]}},
{"type":"Feature","properties":{"id":null,"Name":null,"description":null,"timestamp":null,"begin":null,"end":null,"altitudeMode":null,"tessellate":-1,"extrude":0,"visibility":-1,"drawOrder":null,"icon":null,"FID":1381.0},"geometry":{"type":"MultiLineString","coordinates":[[[-34.838188496109602,-7.06915912703162],[-34.838193984660798,-7.0691738429188]]]}},
{"type":"Feature","properties":{"id":null,"Name":null,"description":null,"timestamp":null,"begin":null,"end":null,"altitudeMode":null,"tessellate":-1,"extrude":0,"visibility":-1,"drawOrder":null,"icon":null,"FID":1383.0},"geometry":{"type":"MultiLineString","coordinates":[[[-34.837916602353999,-7.06911001971251],[-34.837926212287599,-7.06909984688849],[-34.8379366731725,-7.06909054948618],[-34.837947905395197,-7.06908219826433],[-34.8379598234715,-7.06907485678076],[-34.837972336697803,-7.06906858090851],[-34.837985349840899,-7.06906341841071],[-34.837998763862899,-7.06905940857702],[-34.838012476675203,-7.06905658192465],[-34.838026383915,-7.06905495996606],[-34.838040379740001,-7.06905455504533],[-34.838054357633602,-7.06905537024409],[-34.838068211215699,-7.06905739935816],[-34.8380818350523,-7.06906062694479],[-34.838095125457798,-7.06906502844004],[-34.838107981284402,-7.06907057034593],[-34.8381203046915,-7.06907721048519],[-34.838132001890699,-7.06908489832241],[-34.838142983859299,-7.06909357534854],[-34.8381531670179,-7.06910317552619],[-34.838162473866703,-7.06911362579229],[-34.838170833574701,-7.06912484661406],[-34.838178182519698,-7.06913675259433],[-34.8381844647717,-7.06914925312144],[-34.838188507330301,-7.06915912287166]]]}},
{"type":"Feature","properties":{"id":null,"Name":null,"description":null,"timestamp":null,"begin":null,"end":null,"altitudeMode":null,"tessellate":-1,"extrude":0,"visibility":-1,"drawOrder":null,"icon":null,"FID":1384.0},"geometry":{"type":"MultiLineString","coordinates":[[[-34.8364049871698,-7.0708564585713],[-34.837916602353502,-7.06911001971305]]]}},
{"type":"Feature","properties":{"id":null,"Name":null,"description":null,"timestamp":null,"begin":null,"end":null,"altitudeMode":null,"tessellate":-1,"extrude":0,"visibility":-1,"drawOrder":null,"icon":null,"FID":1385.0},"geometry":{"type":"MultiLineString","coordinates":[[[-34.836404987170503,-7.07085645857057],[-34.836043010772499,-7.07123955279935],[-34.836032089262297,-7.07125011853318]]]}},
{"type":"Feature","properties":{"id":null,"Name":null,"description":null,"timestamp":null,"begin":null,"end":null,"altitudeMode":null,"tessellate":-1,"extrude":0,"visibility":-1,"drawOrder":null,"icon":null,"FID":1386.0},"geometry":{"type":"MultiLineString","coordinates":[[[-34.8350619599194,-7.07218632421984],[-34.836032116260903,-7.07125014644609]]]}},
{"type":"Feature","properties":{"id":null,"Name":null,"description":null,"timestamp":null,"begin":null,"end":null,"altitudeMode":null,"tessellate":-1,"extrude":0,"visibility":-1,"drawOrder":null,"icon":null,"FID":1387.0},"geometry":{"type":"MultiLineString","coordinates":[[[-34.834885047294499,-7.07278954363986],[-34.834874630500202,-7.07273512888108],[-34.834869000761501,-7.0726800142312],[-34.8348682009225,-7.07262461914657],[-34.834872237068801,-7.0725693652177],[-34.834881078480997,-7.07251467296065],[-34.834894657868901,-7.07246095861671],[-34.834912871883503,-7.07240863098444],[-34.834935581903501,-7.07235808830856],[-34.834962615090397,-7.07230971524898],[-34.834993765703999,-7.07226387995344],[-34.835028796668396,-7.07222093125559],[-34.835062009338202,-7.0721863753106]]]}},
{"type":"Feature","properties":{"id":null,"Name":null,"description":null,"timestamp":null,"begin":null,"end":null,"altitudeMode":null,"tessellate":-1,"extrude":0,"visibility":-1,"drawOrder":null,"icon":null,"FID":1388.0},"geometry":{"type":"MultiLineString","coordinates":[[[-34.835246304426597,-7.07431296055473],[-34.834885047297298,-7.07278954365147]]]}},
{"type":"Feature","properties":{"id":null,"Name":null,"description":null,"timestamp":null,"begin":null,"end":null,"altitudeMode":null,"tessellate":-1,"extrude":0,"visibility":-1,"drawOrder":null,"icon":null,"FID":1389.0},"geometry":{"type":"MultiLineString","coordinates":[[[-34.835246304426597,-7.0743129605547],[-34.835254052240501,-7.07435341577842],[-34.835258241047001,-7.07439439163111],[-34.835258838965899,-7.07443557626209],[-34.835255841445601,-7.07447665623172],[-34.835249271298302,-7.07451731889679],[-34.835239178525597,-7.07455725478999],[-34.835225639938798,-7.07459615997499],[-34.8352087585737,-7.07463373835981],[-34.835201440999299,-7.0746477059587]]]}},
{"type":"Feature","properties":{"id":null,"Name":null,"description":null,"timestamp":null,"begin":null,"end":null,"altitudeMode":null,"tessellate":-1,"extrude":0,"visibility":-1,"drawOrder":null,"icon":null,"FID":1390.0},"geometry":{"type":"MultiLineString","coordinates":[[[-34.8346510932003,-7.07565633466526],[-34.835201377288698,-7.07464767129332]]]}},
{"type":"Feature","properties":{"id":null,"Name":null,"description":null,"timestamp":null,"begin":null,"end":null,"altitudeMode":null,"tessellate":-1,"extrude":0,"visibility":-1,"drawOrder":null,"icon":null,"FID":1391.0},"geometry":{"type":"MultiLineString","coordinates":[[[-34.834693784918699,-7.07576385009001],[-34.834687634293999,-7.07576153793208],[-34.834681708799899,-7.07575869906198],[-34.834676053532803,-7.07575535508515],[-34.834670711532802,-7.07575153145136],[-34.834665723455799,-7.07574725726074],[-34.834661127263999,-7.07574256504245],[-34.834656957937298,-7.07573749050717],[-34.834653247206802,-7.07573207227515],[-34.834650023313301,-7.07572635158243],[-34.834647310792597,-7.07572037196695],[-34.8346451302886,-7.07571417893724],[-34.834643498396296,-7.07570781962594],[-34.8346424275353,-7.07570134243132],[-34.8346419258555,-7.07569479664872],[-34.834641997174998,-7.07568823209553],[-34.834642640951003,-7.07568169873194],[-34.834643852283897,-7.07567524628083],[-34.8346456219546,-7.07566892384921],[-34.834647936495003,-7.07566277955464],[-34.834650778289998,-7.07565686015888],[-34.8346510692297,-7.07565632161554]]]}},
{"type":"Feature","properties":{"id":null,"Name":null,"description":null,"timestamp":null,"begin":null,"end":null,"altitudeMode":null,"tessellate":-1,"extrude":0,"visibility":-1,"drawOrder":null,"icon":null,"FID":1392.0},"geometry":{"type":"MultiLineString","coordinates":[[[-34.836415386918198,-7.07632757620056],[-34.834693784917398,-7.07576385008959]]]}},
{"type":"Feature","properties":{"id":null,"Name":null,"description":null,"timestamp":null,"begin":null,"end":null,"altitudeMode":null,"tessellate":-1,"extrude":0,"visibility":-1,"drawOrder":null,"icon":null,"FID":1393.0},"geometry":{"type":"MultiLineString","coordinates":[[[-34.836415386917103,-7.07632757620019],[-34.836423187886503,-7.07633051424876],[-34.836430702839003,-7.07633412031575],[-34.836437874581399,-7.0763383669568],[-34.8364446485323,-7.07634322185241],[-34.8364509731379,-7.07634864805395],[-34.836456800264202,-7.07635460426474],[-34.836462085563198,-7.07636104515443],[-34.836466788810696,-7.076367921704],[-34.836470874211997,-7.07637518157876],[-34.836474310674802,-7.07638276952669],[-34.836477072045398,-7.076390627799],[-34.836479137308302,-7.07639869658945],[-34.836480490745402,-7.07640691448973],[-34.836481122056298,-7.07641521895667],[-34.836481026436203,-7.07642354678823],[-34.836480204612798,-7.07643183460466],[-34.836478662840797,-7.07644001933065],[-34.836477900678197,-7.07644305153776]]]}},
{"type":"Feature","properties":{"id":null,"Name":null,"description":null,"timestamp":null,"begin":null,"end":null,"altitudeMode":null,"tessellate":-1,"extrude":0,"visibility":-1,"drawOrder":null,"icon":null,"FID":1394.0},"geometry":{"type":"MultiLineString","coordinates":[[[-34.836374822204199,-7.07682682391494],[-34.836477931798797,-7.0764430598897]]]}},
{"type":"Feature","properties":{"id":null,"Name":null,"description":null,"timestamp":null,"begin":null,"end":null,"altitudeMode":null,"tessellate":-1,"extrude":0,"visibility":-1,"drawOrder":null,"icon":null,"FID":1395.0},"geometry":{"type":"MultiLineString","coordinates":[[[-34.834088562981897,-7.07683568172234],[-34.833955424178299,-7.07671370827888]]]}},
{"type":"Feature","properties":{"id":null,"Name":null,"description":null,"timestamp":null,"begin":null,"end":null,"altitudeMode":null,"tessellate":-1,"extrude":0,"visibility":-1,"drawOrder":null,"icon":null,"FID":1396.0},"geometry":{"type":"MultiLineString","coordinates":[[[-34.833949285360703,-7.07670790905665],[-34.8339553725001,-7.07671376201632]]]}},
{"type":"Feature","properties":{"id":null,"Name":null,"description":null,"timestamp":null,"begin":null,"end":null,"altitudeMode":null,"tessellate":-1,"extrude":0,"visibility":-1,"drawOrder":null,"icon":null,"FID":1397.0},"geometry":{"type":"MultiLineString","coordinates":[[[-34.833949285364099,-7.07670790905997],[-34.8339339370375,-7.07669187570875],[-34.833920045958102,-7.07667456705317],[-34.833907717845399,-7.07665611482272],[-34.833897046523902,-7.07663665945016],[-34.833888113208502,-7.07661634900276],[-34.833880985887099,-7.07659533805549],[-34.833875718802702,-7.07657378651442],[-34.833872787941203,-7.07655559677028]]]}},
{"type":"Feature","properties":{"id":null,"Name":null,"description":null,"timestamp":null,"begin":null,"end":null,"altitudeMode":null,"tessellate":-1,"extrude":0,"visibility":-1,"drawOrder":null,"icon":null,"FID":1398.0},"geometry":{"type":"MultiLineString","coordinates":[[[-34.833856761109203,-7.07642645146285],[-34.833872838338003,-7.07655559051711]]]}},
{"type":"Feature","properties":{"id":null,"Name":null,"description":null,"timestamp":null,"begin":null,"end":null,"altitudeMode":null,"tessellate":-1,"extrude":0,"visibility":-1,"drawOrder":null,"icon":null,"FID":1399.0},"geometry":{"type":"MultiLineString","coordinates":[[[-34.833805493004597,-7.07625567952432],[-34.833824294438202,-7.07629815204436],[-34.833839318788797,-7.07634209990689],[-34.8338504517112,-7.07638718864275],[-34.833856826831301,-7.07642644330678]]]}},
{"type":"Feature","properties":{"id":null,"Name":null,"description":null,"timestamp":null,"begin":null,"end":null,"altitudeMode":null,"tessellate":-1,"extrude":0,"visibility":-1,"drawOrder":null,"icon":null,"FID":1400.0},"geometry":{"type":"MultiLineString","coordinates":[[[-34.833777666891599,-7.07619964171784],[-34.833805493006999,-7.07625567952919]]]}},
{"type":"Feature","properties":{"id":null,"Name":null,"description":null,"timestamp":null,"begin":null,"end":null,"altitudeMode":null,"tessellate":-1,"extrude":0,"visibility":-1,"drawOrder":null,"icon":null,"FID":1401.0},"geometry":{"type":"MultiLineString","coordinates":[[[-34.833215341996699,-7.07631433258718],[-34.833217945654603,-7.07628859152991],[-34.833222785199503,-7.07626317511512],[-34.8332298237993,-7.07623827677706],[-34.833239007885503,-7.07621408600719],[-34.833250267561297,-7.07619078691176],[-34.833263517133602,-7.07616855681088],[-34.833278655764701,-7.07614756488891],[-34.833295568240402,-7.07612797090694],[-34.833314125846499,-7.07610992398682],[-34.833334187348001,-7.07609356147634],[-34.833355600064998,-7.07607900790385],[-34.833378201033803,-7.07606637403065],[-34.833401818247502,-7.07605575600792],[-34.833426271964903,-7.07604723464501],[-34.833451376078898,-7.07604087479445],[-34.833476939532098,-7.07603672485842],[-34.833502767771499,-7.07603481642024],[-34.833528664229199,-7.07603516400412],[-34.833554431817703,-7.07603776496473],[-34.833579874430598,-7.07604259950708],[-34.8336047984345,-7.07604963083736],[-34.833629014143199,-7.07605880544293],[-34.833652337260801,-7.07607005349955],[-34.833674590284602,-7.07608328940281],[-34.833695603855901,-7.07609841241957],[-34.833715218049001,-7.07611530745475],[-34.833733283588202,-7.07613384592704],[-34.833749662983898,-7.07615388674768],[-34.833764231579003,-7.07617527739413],[-34.833776878497702,-7.07619785507086],[-34.833777751016797,-7.07619960007843]]]}},
{"type":"Feature","properties":{"id":null,"Name":null,"description":null,"timestamp":null,"begin":null,"end":null,"altitudeMode":null,"tessellate":-1,"extrude":0,"visibility":-1,"drawOrder":null,"icon":null,"FID":1402.0},"geometry":{"type":"MultiLineString","coordinates":[[[-34.833205685853201,-7.07648199926321],[-34.833215341996997,-7.07631433258256]]]}},
{"type":"Feature","properties":{"id":null,"Name":null,"description":null,"timestamp":null,"begin":null,"end":null,"altitudeMode":null,"tessellate":-1,"extrude":0,"visibility":-1,"drawOrder":null,"icon":null,"FID":1403.0},"geometry":{"type":"MultiLineString","coordinates":[[[-34.833276468722602,-7.07666688953081],[-34.833262197320899,-7.07665139618176],[-34.833249331955301,-7.07663471923689],[-34.833237970539003,-7.07661698561795],[-34.833228199539199,-7.07659833028858],[-34.833220093318999,-7.0765788952273],[-34.833213713571602,-7.07655882834677],[-34.833209108850397,-7.07653828236816],[-34.833206314199998,-7.07651741365894],[-34.833205350889202,-7.07649638104265],[-34.833205749889203,-7.07648200294925]]]}},
{"type":"Feature","properties":{"id":null,"Name":null,"description":null,"timestamp":null,"begin":null,"end":null,"altitudeMode":null,"tessellate":-1,"extrude":0,"visibility":-1,"drawOrder":null,"icon":null,"FID":1404.0},"geometry":{"type":"MultiLineString","coordinates":[[[-34.833433028871397,-7.07682269003556],[-34.833276468724797,-7.07666688953299]]]}},
{"type":"Feature","properties":{"id":null,"Name":null,"description":null,"timestamp":null,"begin":null,"end":null,"altitudeMode":null,"tessellate":-1,"extrude":0,"visibility":-1,"drawOrder":null,"icon":null,"FID":1405.0},"geometry":{"type":"MultiLineString","coordinates":[[[-34.833433028875199,-7.07682269003939],[-34.833446603275199,-7.07683742949943],[-34.833447225329998,-7.0768381702386]]]}},
{"type":"Feature","properties":{"id":null,"Name":null,"description":null,"timestamp":null,"begin":null,"end":null,"altitudeMode":null,"tessellate":-1,"extrude":0,"visibility":-1,"drawOrder":null,"icon":null,"FID":1408.0},"geometry":{"type":"MultiLineString","coordinates":[[[-34.832225366789103,-7.07606190521346],[-34.8325847712916,-7.07684131096969]]]}},
{"type":"Feature","properties":{"id":null,"Name":null,"description":null,"timestamp":null,"begin":null,"end":null,"altitudeMode":null,"tessellate":-1,"extrude":0,"visibility":-1,"drawOrder":null,"icon":null,"FID":1409.0},"geometry":{"type":"MultiLineString","coordinates":[[[-34.831687119340003,-7.07626917453544],[-34.831680627290901,-7.07624484081626],[-34.831676282957503,-7.07622003445758],[-34.831674119402301,-7.07619494425089],[-34.8316741530911,-7.07616976114798],[-34.831676383767103,-7.07614467680755],[-34.831680794453099,-7.07611988213663],[-34.831687351580797,-7.07609556583766],[-34.831696005246101,-7.07607191297232],[-34.831706689589097,-7.07604910355322],[-34.831719323295196,-7.0760273111737],[-34.831733810213898,-7.07600670168681],[-34.831750040091002,-7.07598743194308],[-34.831767889406898,-7.0759696485967],[-34.831787222317701,-7.07595348698957],[-34.8318078916882,-7.075939070121],[-34.831829740212001,-7.07592650771194],[-34.831852601608603,-7.07591589536969],[-34.831876301889402,-7.07590731386039],[-34.831900660681001,-7.0759008284943],[-34.831925492598501,-7.07589648862885],[-34.831950608656499,-7.07589432729286],[-34.831975817706798,-7.07589436093529],[-34.832000927893802,-7.0758965893],[-34.832025748114098,-7.07590099542777],[-34.832050089471203,-7.07590754578522],[-34.832073766713101,-7.07591619052022],[-34.832096599641901,-7.07592686384117],[-34.832118414485599,-7.0759394845177],[-34.832139045220401,-7.07595395649897],[-34.832158334833998,-7.07597016964457],[-34.832176136521099,-7.07598800056285],[-34.832192314799997,-7.07600731354993],[-34.8322067465445,-7.0760279616225],[-34.8322193219201,-7.07604978763646],[-34.832225278941998,-7.07606194564069]]]}},
{"type":"Feature","properties":{"id":null,"Name":null,"description":null,"timestamp":null,"begin":null,"end":null,"altitudeMode":null,"tessellate":-1,"extrude":0,"visibility":-1,"drawOrder":null,"icon":null,"FID":1410.0},"geometry":{"type":"MultiLineString","coordinates":[[[-34.831867778791597,-7.07684431447559],[-34.831687119339797,-7.07626917453486]]]}},
{"type":"Feature","properties":{"id":null,"Name":null,"description":null,"timestamp":null,"begin":null,"end":null,"altitudeMode":null,"tessellate":-1,"extrude":0,"visibility":-1,"drawOrder":null,"icon":null,"FID":1411.0},"geometry":{"type":"MultiLineString","coordinates":[[[-34.831500538491298,-7.07614323780155],[-34.831776186100399,-7.07684467498078]]]}},
{"type":"Feature","properties":{"id":null,"Name":null,"description":null,"timestamp":null,"begin":null,"end":null,"altitudeMode":null,"tessellate":-1,"extrude":0,"visibility":-1,"drawOrder":null,"icon":null,"FID":1412.0},"geometry":{"type":"MultiLineString","coordinates":[[[-34.831500538493998,-7.07614323780861],[-34.831483802827897,-7.07609452413649],[-34.8314713809037,-7.07604453872619],[-34.831463367258699,-7.0759936619976],[-34.831459822880198,-7.07594228115389],[-34.831460320725,-7.0758990065199]]]}},
{"type":"Feature","properties":{"id":null,"Name":null,"description":null,"timestamp":null,"begin":null,"end":null,"altitudeMode":null,"tessellate":-1,"extrude":0,"visibility":-1,"drawOrder":null,"icon":null,"FID":1413.0},"geometry":{"type":"MultiLineString","coordinates":[[[-34.8314691661962,-7.0757156998274],[-34.831460295091603,-7.07589900528231]]]}},
{"type":"Feature","properties":{"id":null,"Name":null,"description":null,"timestamp":null,"begin":null,"end":null,"altitudeMode":null,"tessellate":-1,"extrude":0,"visibility":-1,"drawOrder":null,"icon":null,"FID":1414.0},"geometry":{"type":"MultiLineString","coordinates":[[[-34.831305159607197,-7.07536969518799],[-34.831332710738401,-7.07539203056193],[-34.831358208371903,-7.07541667971094],[-34.831381458455503,-7.07544345504044],[-34.831402284042298,-7.0754721527744],[-34.831420526636698,-7.07550255450611],[-34.831436047401603,-7.0755344288604],[-34.831448728214099,-7.07556753325458],[-34.831458472565302,-7.07560161574464],[-34.831465206294297,-7.0756364169425],[-34.831468878152599,-7.0756716719904],[-34.831469460194803,-7.07570711257636],[-34.831469135147302,-7.07571569831961]]]}},
{"type":"Feature","properties":{"id":null,"Name":null,"description":null,"timestamp":null,"begin":null,"end":null,"altitudeMode":null,"tessellate":-1,"extrude":0,"visibility":-1,"drawOrder":null,"icon":null,"FID":1415.0},"geometry":{"type":"MultiLineString","coordinates":[[[-34.831006426542402,-7.07514845015903],[-34.831305159611397,-7.07536969519109]]]}},
{"type":"Feature","properties":{"id":null,"Name":null,"description":null,"timestamp":null,"begin":null,"end":null,"altitudeMode":null,"tessellate":-1,"extrude":0,"visibility":-1,"drawOrder":null,"icon":null,"FID":1416.0},"geometry":{"type":"MultiLineString","coordinates":[[[-34.831006426541698,-7.07514845015855],[-34.8309960536861,-7.07514004216028],[-34.830986453862003,-7.0751307630319],[-34.8309777001299,-7.07512068339325],[-34.830969859111001,-7.07510987995654],[-34.830962990480103,-7.07509843494245],[-34.8309571465117,-7.07508643545454],[-34.830952371681903,-7.07507397281623],[-34.830948702329898,-7.07506114187571],[-34.8309461663817,-7.07504804028429],[-34.830944783137298,-7.07503476775301],[-34.830944563123801,-7.07502142529389],[-34.830945508015702,-7.07500811445112],[-34.8309476106216,-7.07499493652827],[-34.830950854939402,-7.07498199181731],[-34.830955216277701,-7.07496937883529],[-34.830960661443903,-7.07495719357463],[-34.830967148997097,-7.07494552877249],[-34.830969723878603,-7.07494148401391]]]}},
{"type":"Feature","properties":{"id":null,"Name":null,"description":null,"timestamp":null,"begin":null,"end":null,"altitudeMode":null,"tessellate":-1,"extrude":0,"visibility":-1,"drawOrder":null,"icon":null,"FID":1417.0},"geometry":{"type":"MultiLineString","coordinates":[[[-34.831113719461797,-7.07472262698192],[-34.830969679154698,-7.07494145460832]]]}},
{"type":"Feature","properties":{"id":null,"Name":null,"description":null,"timestamp":null,"begin":null,"end":null,"altitudeMode":null,"tessellate":-1,"extrude":0,"visibility":-1,"drawOrder":null,"icon":null,"FID":1418.0},"geometry":{"type":"MultiLineString","coordinates":[[[-34.831175022746798,-7.07452347352765],[-34.831173125214299,-7.07455589711757],[-34.831168406096801,-7.07458803211489],[-34.831160901308898,-7.07461963395297],[-34.831150667966099,-7.07465046212275],[-34.8311377839496,-7.07468028200319],[-34.831122347314199,-7.07470886664684],[-34.831113711456503,-7.07472262171935]]]}},
{"type":"Feature","properties":{"id":null,"Name":null,"description":null,"timestamp":null,"begin":null,"end":null,"altitudeMode":null,"tessellate":-1,"extrude":0,"visibility":-1,"drawOrder":null,"icon":null,"FID":1419.0},"geometry":{"type":"MultiLineString","coordinates":[[[-34.831184331940797,-7.07390011799137],[-34.831175022746898,-7.07452347352471]]]}},
{"type":"Feature","properties":{"id":null,"Name":null,"description":null,"timestamp":null,"begin":null,"end":null,"altitudeMode":null,"tessellate":-1,"extrude":0,"visibility":-1,"drawOrder":null,"icon":null,"FID":1420.0},"geometry":{"type":"MultiLineString","coordinates":[[[-34.831184331940698,-7.07390011799703],[-34.831186784392997,-7.07385810963894],[-34.831192892539399,-7.07381647466167],[-34.831202609892102,-7.07377552993263],[-34.831215862495199,-7.07373558706591],[-34.831232549487602,-7.07369695005079],[-34.8312525438701,-7.07365991293813],[-34.831275693472797,-7.07362475760239],[-34.831301822112501,-7.07359175159662],[-34.831330730933999,-7.07356114611598],[-34.831362199923497,-7.07353317408622],[-34.831395989582802,-7.07350804839086],[-34.831398712697798,-7.07350621575341]]]}},
{"type":"Feature","properties":{"id":null,"Name":null,"description":null,"timestamp":null,"begin":null,"end":null,"altitudeMode":null,"tessellate":-1,"extrude":0,"visibility":-1,"drawOrder":null,"icon":null,"FID":1421.0},"geometry":{"type":"MultiLineString","coordinates":[[[-34.832551562233597,-7.07273598476055],[-34.831398730332197,-7.07350624206885]]]}},
{"type":"Feature","properties":{"id":null,"Name":null,"description":null,"timestamp":null,"begin":null,"end":null,"altitudeMode":null,"tessellate":-1,"extrude":0,"visibility":-1,"drawOrder":null,"icon":null,"FID":1422.0},"geometry":{"type":"MultiLineString","coordinates":[[[-34.832712391218998,-7.0725518101377],[-34.832692916311998,-7.07258770427524],[-34.8326703839289,-7.07262176620947],[-34.832644965554202,-7.07265373670819],[-34.832616854636598,-7.07268337245621],[-34.832586265116802,-7.07271044790712],[-34.832553429799397,-7.07273475699994],[-34.832551574297597,-7.07273600281071]]]}},
{"type":"Feature","properties":{"id":null,"Name":null,"description":null,"timestamp":null,"begin":null,"end":null,"altitudeMode":null,"tessellate":-1,"extrude":0,"visibility":-1,"drawOrder":null,"icon":null,"FID":1423.0},"geometry":{"type":"MultiLineString","coordinates":[[[-34.8328090846531,-7.07235333114358],[-34.832712391221797,-7.072551810132]]]}},
{"type":"Feature","properties":{"id":null,"Name":null,"description":null,"timestamp":null,"begin":null,"end":null,"altitudeMode":null,"tessellate":-1,"extrude":0,"visibility":-1,"drawOrder":null,"icon":null,"FID":1424.0},"geometry":{"type":"MultiLineString","coordinates":[[[-34.832294880807801,-7.07186286598609],[-34.832324117835398,-7.07184855408503],[-34.832354492243901,-7.07183684221777],[-34.832385772866203,-7.07182781951833],[-34.832417721638201,-7.07182155465469],[-34.832450095410898,-7.07181809530598],[-34.832482647801001,-7.07181746779967],[-34.832515131065698,-7.07181967691135],[-34.832547297988398,-7.07182470582821],[-34.832578903759902,-7.0718325162771],[-34.832609707841897,-7.07184304881581],[-34.832639475797201,-7.07185622328541],[-34.832667981074302,-7.07187193942033],[-34.8326950067312,-7.07189007761145],[-34.832720347086699,-7.07191049981644],[-34.832743809285802,-7.0719330506102],[-34.832765214766901,-7.07195755836784],[-34.832784400621698,-7.07198383657092],[-34.832801220834199,-7.07201168522668],[-34.832815547392102,-7.07204089239042],[-34.8328272712616,-7.07207123577828],[-34.832836303216403,-7.0721024844591],[-34.832842574517699,-7.07213440061181],[-34.832846037436603,-7.07216674133547],[-34.832846665617403,-7.07219926049784],[-34.832844454278899,-7.07223171060867],[-34.832839420250103,-7.07226384470307],[-34.832831601842301,-7.07229541822131],[-34.832821058557798,-7.07232619086979],[-34.8328091361983,-7.07235335619784]]]}},
{"type":"Feature","properties":{"id":null,"Name":null,"description":null,"timestamp":null,"begin":null,"end":null,"altitudeMode":null,"tessellate":-1,"extrude":0,"visibility":-1,"drawOrder":null,"icon":null,"FID":1425.0},"geometry":{"type":"MultiLineString","coordinates":[[[-34.832058169867501,-7.07199173395356],[-34.832294880810103,-7.07186286598482]]]}},
{"type":"Feature","properties":{"id":null,"Name":null,"description":null,"timestamp":null,"begin":null,"end":null,"altitudeMode":null,"tessellate":-1,"extrude":0,"visibility":-1,"drawOrder":null,"icon":null,"FID":1426.0},"geometry":{"type":"MultiLineString","coordinates":[[[-34.8301827120208,-7.07533134348335],[-34.8301809741059,-7.07501711590403],[-34.830206657749798,-7.0747039327438],[-34.830259567427497,-7.07439417752523],[-34.830339300407203,-7.07409020767706],[-34.830445249817402,-7.07379433659239],[-34.830576609267098,-7.0735088160226],[-34.830732378984699,-7.0732358189403],[-34.830911373428002,-7.07297742300197],[-34.8311122303083,-7.07273559473632],[-34.831333420959098,-7.07251217457835],[-34.8315732619713,-7.07230886286336],[-34.831829928004801,-7.07212720688708],[-34.832058192292202,-7.07199177508137]]]}},
{"type":"Feature","properties":{"id":null,"Name":null,"description":null,"timestamp":null,"begin":null,"end":null,"altitudeMode":null,"tessellate":-1,"extrude":0,"visibility":-1,"drawOrder":null,"icon":null,"FID":1427.0},"geometry":{"type":"MultiLineString","coordinates":[[[-34.830240068147397,-7.07649629263597],[-34.830182712017901,-7.07533134342571]]]}},
{"type":"Feature","properties":{"id":null,"Name":null,"description":null,"timestamp":null,"begin":null,"end":null,"altitudeMode":null,"tessellate":-1,"extrude":0,"visibility":-1,"drawOrder":null,"icon":null,"FID":1428.0},"geometry":{"type":"MultiLineString","coordinates":[[[-34.830240068148797,-7.07649629266384],[-34.830240971620199,-7.07666059118638],[-34.830240275801899,-7.07667694247077]]]}},
{"type":"Feature","properties":{"id":null,"Name":null,"description":null,"timestamp":null,"begin":null,"end":null,"altitudeMode":null,"tessellate":-1,"extrude":0,"visibility":-1,"drawOrder":null,"icon":null,"FID":1429.0},"geometry":{"type":"MultiLineString","coordinates":[[[-34.8302321422265,-7.07685065914903],[-34.830240236949599,-7.07667694061203]]]}},
{"type":"Feature","properties":{"id":null,"Name":null,"description":null,"timestamp":null,"begin":null,"end":null,"altitudeMode":null,"tessellate":-1,"extrude":0,"visibility":-1,"drawOrder":null,"icon":null,"FID":1468.0},"geometry":{"type":"MultiLineString","coordinates":[[[-34.836092608268999,-7.07787719698844],[-34.836375001072099,-7.07682628072257]]]}},
{"type":"Feature","properties":{"id":null,"Name":null,"description":null,"timestamp":null,"begin":null,"end":null,"altitudeMode":null,"tessellate":-1,"extrude":0,"visibility":-1,"drawOrder":null,"icon":null,"FID":1469.0},"geometry":{"type":"MultiLineString","coordinates":[[[-34.836093642842897,-7.07813885230357],[-34.8360838887779,-7.07809658093412],[-34.836077859839499,-7.07805362117598],[-34.836075601910601,-7.07801029997926],[-34.836077132174303,-7.07796694704479],[-34.836082438983503,-7.07792389231477],[-34.836091481948998,-7.07788146346185],[-34.836092608270199,-7.07787719698377]]]}},
{"type":"Feature","properties":{"id":null,"Name":null,"description":null,"timestamp":null,"begin":null,"end":null,"altitudeMode":null,"tessellate":-1,"extrude":0,"visibility":-1,"drawOrder":null,"icon":null,"FID":1470.0},"geometry":{"type":"MultiLineString","coordinates":[[[-34.836192255620702,-7.0784946960516],[-34.836093642841597,-7.07813885229889]]]}},
{"type":"Feature","properties":{"id":null,"Name":null,"description":null,"timestamp":null,"begin":null,"end":null,"altitudeMode":null,"tessellate":-1,"extrude":0,"visibility":-1,"drawOrder":null,"icon":null,"FID":1471.0},"geometry":{"type":"MultiLineString","coordinates":[[[-34.836247600531998,-7.07855170997805],[-34.8362407836389,-7.07854926091495],[-34.836234206357297,-7.07854622765484],[-34.836227918744299,-7.07854263328267],[-34.836221968652502,-7.07853850515384],[-34.836216401365697,-7.07853387468587],[-34.836211259254299,-7.07852877711942],[-34.836206581452899,-7.07852325125009],[-34.836202403562403,-7.07851733913312],[-34.836198757379101,-7.07851108576323],[-34.836195670652501,-7.07850453873242],[-34.836193166874601,-7.07849774786756],[-34.836192255050399,-7.07849469620986]]]}},
{"type":"Feature","properties":{"id":null,"Name":null,"description":null,"timestamp":null,"begin":null,"end":null,"altitudeMode":null,"tessellate":-1,"extrude":0,"visibility":-1,"drawOrder":null,"icon":null,"FID":1472.0},"geometry":{"type":"MultiLineString","coordinates":[[[-34.8377952969064,-7.07903392749095],[-34.836247600532801,-7.07855170997828]]]}},
{"type":"Feature","properties":{"id":null,"Name":null,"description":null,"timestamp":null,"begin":null,"end":null,"altitudeMode":null,"tessellate":-1,"extrude":0,"visibility":-1,"drawOrder":null,"icon":null,"FID":1473.0},"geometry":{"type":"MultiLineString","coordinates":[[[-34.837795296901803,-7.07903392748952],[-34.837818606115,-7.07904231942946],[-34.837841094465901,-7.07905270886058],[-34.837862590804697,-7.07906501671318],[-34.837882931531702,-7.07907914931714],[-34.837901961841702,-7.07909499911492],[-34.837919536902902,-7.07911244548018],[-34.837935522958396,-7.07913135563569],[-34.837949798344802,-7.07915158566392],[-34.837962254417697,-7.07917298160235],[-34.8379727963788,-7.07919538061513],[-34.8379813439972,-7.07921861223248],[-34.8379878322203,-7.07924249964791],[-34.8379922116684,-7.07926686106394],[-34.837992224193002,-7.07926695395159]]]}},
{"type":"Feature","properties":{"id":null,"Name":null,"description":null,"timestamp":null,"begin":null,"end":null,"altitudeMode":null,"tessellate":-1,"extrude":0,"visibility":-1,"drawOrder":null,"icon":null,"FID":1474.0},"geometry":{"type":"MultiLineString","coordinates":[[[-34.8380567950177,-7.07974771026637],[-34.837992169547299,-7.07926696129418]]]}},
{"type":"Feature","properties":{"id":null,"Name":null,"description":null,"timestamp":null,"begin":null,"end":null,"altitudeMode":null,"tessellate":-1,"extrude":0,"visibility":-1,"drawOrder":null,"icon":null,"FID":1475.0},"geometry":{"type":"MultiLineString","coordinates":[[[-34.8380567950177,-7.07974771026691],[-34.838057053385199,-7.07975055438287],[-34.838057062630902,-7.07975341017096],[-34.838056822684599,-7.07975625589691],[-34.838056335372201,-7.07975906990299],[-34.838055604402598,-7.07976183077297],[-34.838054635338899,-7.0797645174949],[-34.838053435556198,-7.07976710962125],[-34.8380520141856,-7.07976958742434],[-34.8380503820445,-7.07977193204665],[-34.838048551554699,-7.07977412564412],[-34.838046536647099,-7.07977615152217],[-34.838044352656503,-7.07977799426264],[-34.838042016204199,-7.07977963984118],[-34.838039545072299,-7.07978107573391],[-34.838036958067399,-7.07978229101283],[-34.838034274878197,-7.07978327642897],[-34.838031515925501,-7.07978402448263],[-34.8380287022065,-7.07978452948076],[-34.838025855135299,-7.07978478757996],[-34.838022996379799,-7.07978479681595],[-34.838020147697002,-7.07978455711843],[-34.838018386404599,-7.07978428243342]]]}},
{"type":"Feature","properties":{"id":null,"Name":null,"description":null,"timestamp":null,"begin":null,"end":null,"altitudeMode":null,"tessellate":-1,"extrude":0,"visibility":-1,"drawOrder":null,"icon":null,"FID":1476.0},"geometry":{"type":"MultiLineString","coordinates":[[[-34.837105030288498,-7.07961566726403],[-34.838018383350096,-7.07978429900645]]]}},
{"type":"Feature","properties":{"id":null,"Name":null,"description":null,"timestamp":null,"begin":null,"end":null,"altitudeMode":null,"tessellate":-1,"extrude":0,"visibility":-1,"drawOrder":null,"icon":null,"FID":1477.0},"geometry":{"type":"MultiLineString","coordinates":[[[-34.837105030281002,-7.07961566726263],[-34.836999500207,-7.07959138433464],[-34.836896490310203,-7.07955800577493],[-34.836796784564299,-7.07951578561506],[-34.836765891285502,-7.07950055544995]]]}},
{"type":"Feature","properties":{"id":null,"Name":null,"description":null,"timestamp":null,"begin":null,"end":null,"altitudeMode":null,"tessellate":-1,"extrude":0,"visibility":-1,"drawOrder":null,"icon":null,"FID":1478.0},"geometry":{"type":"MultiLineString","coordinates":[[[-34.836236708739399,-7.07923049409491],[-34.8367658927843,-7.07950055258758]]]}},
{"type":"Feature","properties":{"id":null,"Name":null,"description":null,"timestamp":null,"begin":null,"end":null,"altitudeMode":null,"tessellate":-1,"extrude":0,"visibility":-1,"drawOrder":null,"icon":null,"FID":1479.0},"geometry":{"type":"MultiLineString","coordinates":[[[-34.836072043875198,-7.07922282582885],[-34.836088478449199,-7.07921709947553],[-34.836105350086797,-7.0792128257947],[-34.836122530384699,-7.07921003731161],[-34.836139888590601,-7.07920875524821],[-34.836157292598301,-7.07920898936172],[-34.836174609952799,-7.07921073787038],[-34.836191708858998,-7.07921398746692],[-34.836208459183901,-7.07921871341996],[-34.836224733447601,-7.07922487976215],[-34.836236705596498,-7.07923050025138]]]}},
{"type":"Feature","properties":{"id":null,"Name":null,"description":null,"timestamp":null,"begin":null,"end":null,"altitudeMode":null,"tessellate":-1,"extrude":0,"visibility":-1,"drawOrder":null,"icon":null,"FID":1480.0},"geometry":{"type":"MultiLineString","coordinates":[[[-34.833293641816603,-7.08032879310845],[-34.836072043873699,-7.07922282582945]]]}},
{"type":"Feature","properties":{"id":null,"Name":null,"description":null,"timestamp":null,"begin":null,"end":null,"altitudeMode":null,"tessellate":-1,"extrude":0,"visibility":-1,"drawOrder":null,"icon":null,"FID":1481.0},"geometry":{"type":"MultiLineString","coordinates":[[[-34.833293641816397,-7.08032879310857],[-34.833287584245703,-7.08033089728045],[-34.833281366144497,-7.08033246604179],[-34.833275034836198,-7.0803334874534],[-34.833268638505899,-7.08033395374171],[-34.833262225833501,-7.08033386135794],[-34.833255845623398,-7.0803332110052],[-34.833249546433002,-7.08033200763308],[-34.833243376202702,-7.08033026039995],[-34.833237381891898,-7.08032798260332],[-34.833231609120901,-7.08032519157856],[-34.833226101823897,-7.08032190856712],[-34.833220901914899,-7.08031815855467],[-34.833216048968403,-7.08031397008108],[-34.833211579918,-7.0803093750232],[-34.8332075287762,-7.08030440835216],[-34.833203926374402,-7.08029910786737],[-34.833200800129198,-7.08029351390874],[-34.833198603914298,-7.08028872611222]]]}},
{"type":"Feature","properties":{"id":null,"Name":null,"description":null,"timestamp":null,"begin":null,"end":null,"altitudeMode":null,"tessellate":-1,"extrude":0,"visibility":-1,"drawOrder":null,"icon":null,"FID":1482.0},"geometry":{"type":"MultiLineString","coordinates":[[[-34.833041468472999,-7.07991207148173],[-34.833198540146498,-7.08028875258127]]]}},
{"type":"Feature","properties":{"id":null,"Name":null,"description":null,"timestamp":null,"begin":null,"end":null,"altitudeMode":null,"tessellate":-1,"extrude":0,"visibility":-1,"drawOrder":null,"icon":null,"FID":1483.0},"geometry":{"type":"MultiLineString","coordinates":[[[-34.833041468472302,-7.0799120714802],[-34.833038231540698,-7.07990325198807],[-34.8330357763951,-7.07989418423249],[-34.833034121720402,-7.0798849372245],[-34.833033280109802,-7.07987558133949],[-34.833033257968403,-7.0798661877814],[-34.833034055464601,-7.07985682804089],[-34.833035666529,-7.07984757335124],[-34.833038078900302,-7.07983849414624],[-34.833041274218999,-7.07982965952411],[-34.833045228166498,-7.07982113672166],[-34.833049910650999,-7.07981299060256],[-34.833055286035901,-7.07980528316364],[-34.833061313411299,-7.07979807306321],[-34.833067946905103,-7.07979141517442],[-34.833075136032399,-7.07978536016783],[-34.833082826079703,-7.07977995412564],[-34.833082932101803,-7.07977988638821]]]}},
{"type":"Feature","properties":{"id":null,"Name":null,"description":null,"timestamp":null,"begin":null,"end":null,"altitudeMode":null,"tessellate":-1,"extrude":0,"visibility":-1,"drawOrder":null,"icon":null,"FID":1484.0},"geometry":{"type":"MultiLineString","coordinates":[[[-34.834986962001402,-7.07856427808287],[-34.833082942573903,-7.07977990276984]]]}},
{"type":"Feature","properties":{"id":null,"Name":null,"description":null,"timestamp":null,"begin":null,"end":null,"altitudeMode":null,"tessellate":-1,"extrude":0,"visibility":-1,"drawOrder":null,"icon":null,"FID":1485.0},"geometry":{"type":"MultiLineString","coordinates":[[[-34.8351193889334,-7.07822415898859],[-34.835125192888803,-7.07825050190326],[-34.835128676445201,-7.07827724989969],[-34.835129813090198,-7.07830419940968],[-34.8351285941729,-7.07833114533127],[-34.8351250289695,-7.07835788258978],[-34.835119144613103,-7.07838420769866],[-34.835110985886601,-7.07840992030787],[-34.835100614882499,-7.07843482472893],[-34.835088110530201,-7.07845873142412],[-34.835073567994797,-7.0784814584489],[-34.835057097953602,-7.07850283283676],[-34.835038825753401,-7.07852269191556],[-34.835018890456602,-7.0785408845455],[-34.834997443782598,-7.07855727226951],[-34.8349869572505,-7.07856427063617]]]}},
{"type":"Feature","properties":{"id":null,"Name":null,"description":null,"timestamp":null,"begin":null,"end":null,"altitudeMode":null,"tessellate":-1,"extrude":0,"visibility":-1,"drawOrder":null,"icon":null,"FID":1486.0},"geometry":{"type":"MultiLineString","coordinates":[[[-34.834942082258102,-7.07755958834491],[-34.835119388935098,-7.07822415899502]]]}},
{"type":"Feature","properties":{"id":null,"Name":null,"description":null,"timestamp":null,"begin":null,"end":null,"altitudeMode":null,"tessellate":-1,"extrude":0,"visibility":-1,"drawOrder":null,"icon":null,"FID":1487.0},"geometry":{"type":"MultiLineString","coordinates":[[[-34.834895095427598,-7.07748753242679],[-34.834904144091901,-7.07749546151025],[-34.834912466543798,-7.07750414824933],[-34.834919999444502,-7.07751352653275],[-34.834926685464097,-7.07752352498617],[-34.834932473717998,-7.07753406751534],[-34.834937320153998,-7.07754507388532],[-34.834941187887701,-7.07755646033102],[-34.834942061747,-7.0775595937919]]]}},
{"type":"Feature","properties":{"id":null,"Name":null,"description":null,"timestamp":null,"begin":null,"end":null,"altitudeMode":null,"tessellate":-1,"extrude":0,"visibility":-1,"drawOrder":null,"icon":null,"FID":1488.0},"geometry":{"type":"MultiLineString","coordinates":[[[-34.834227294026398,-7.07695201771694],[-34.834895095428301,-7.07748753242731]]]}},
{"type":"Feature","properties":{"id":null,"Name":null,"description":null,"timestamp":null,"begin":null,"end":null,"altitudeMode":null,"tessellate":-1,"extrude":0,"visibility":-1,"drawOrder":null,"icon":null,"FID":1489.0},"geometry":{"type":"MultiLineString","coordinates":[[[-34.834227294097403,-7.07695201777392],[-34.834088125771203,-7.07683529838256]]]}},
{"type":"Feature","properties":{"id":null,"Name":null,"description":null,"timestamp":null,"begin":null,"end":null,"altitudeMode":null,"tessellate":-1,"extrude":0,"visibility":-1,"drawOrder":null,"icon":null,"FID":1490.0},"geometry":{"type":"MultiLineString","coordinates":[[[-34.833446935909002,-7.07683782480946],[-34.833459136945301,-7.07685371750419],[-34.833469904984,-7.07687061201539],[-34.8334791580737,-7.07688837976576],[-34.833486825792797,-7.07690688553214],[-34.833492849785102,-7.07692598847457],[-34.833497184204397,-7.07694554320826],[-34.833499796062803,-7.07696540090995],[-34.833500504701597,-7.07697676551647]]]}},
{"type":"Feature","properties":{"id":null,"Name":null,"description":null,"timestamp":null,"begin":null,"end":null,"altitudeMode":null,"tessellate":-1,"extrude":0,"visibility":-1,"drawOrder":null,"icon":null,"FID":1491.0},"geometry":{"type":"MultiLineString","coordinates":[[[-34.833506896493503,-7.07714698734933],[-34.833500612974603,-7.076976761465]]]}},
{"type":"Feature","properties":{"id":null,"Name":null,"description":null,"timestamp":null,"begin":null,"end":null,"altitudeMode":null,"tessellate":-1,"extrude":0,"visibility":-1,"drawOrder":null,"icon":null,"FID":1492.0},"geometry":{"type":"MultiLineString","coordinates":[[[-34.833564288067301,-7.07730986911364],[-34.833550016912099,-7.07728880276146],[-34.833537638015599,-7.07726657404354],[-34.833527245588698,-7.07724335213407],[-34.833518918723698,-7.07721931376598],[-34.833512720792903,-7.07719464188595],[-34.833508698966,-7.07716952426207],[-34.833506976229202,-7.07714698436331]]]}},
{"type":"Feature","properties":{"id":null,"Name":null,"description":null,"timestamp":null,"begin":null,"end":null,"altitudeMode":null,"tessellate":-1,"extrude":0,"visibility":-1,"drawOrder":null,"icon":null,"FID":1493.0},"geometry":{"type":"MultiLineString","coordinates":[[[-34.833902139639903,-7.07776449845515],[-34.8335642880715,-7.07730986911927]]]}},
{"type":"Feature","properties":{"id":null,"Name":null,"description":null,"timestamp":null,"begin":null,"end":null,"altitudeMode":null,"tessellate":-1,"extrude":0,"visibility":-1,"drawOrder":null,"icon":null,"FID":1494.0},"geometry":{"type":"MultiLineString","coordinates":[[[-34.833902139639903,-7.07776449845517],[-34.833902610051403,-7.07776518808928],[-34.833903018504998,-7.07776591605578],[-34.833903361892197,-7.07776667681445],[-34.833903637599697,-7.07776746457545],[-34.833903843529001,-7.07776827334342],[-34.833903978113099,-7.07776909696316],[-34.833904040327504,-7.07776992916645],[-34.8339040296989,-7.07777076361967],[-34.833903946308098,-7.07777159397218],[-34.833903790789698,-7.07777241390446],[-34.8339035643274,-7.07777321717632],[-34.833903268644697,-7.07777399767444],[-34.833902905991899,-7.07777474945868],[-34.833902479128902,-7.07777546680755],[-34.833901991304501,-7.07777614426161],[-34.833901446231401,-7.07777677666497],[-34.833900848057802,-7.07777735920471],[-34.833900201336199,-7.07777788744731],[-34.833899510988601,-7.07777835737258],[-34.833898782268903,-7.07777876540403],[-34.833898020723097,-7.07777910843636],[-34.833897232147102,-7.07777938385885],[-34.833896422542303,-7.07777958957538],[-34.833895598070399,-7.0777797240203],[-34.8338947650061,-7.07777978617046],[-34.833893929689502,-7.07777977555281],[-34.833893098477901,-7.07777969224816],[-34.833892277697302,-7.07777953689054],[-34.833891473594299,-7.07777931066228],[-34.833890692288598,-7.07777901528514],[-34.833889939726603,-7.07777865300708],[-34.833889221635502,-7.07777822658529],[-34.833888543480498,-7.07777773926511],[-34.833888146819803,-7.07777740943557]]]}},
{"type":"Feature","properties":{"id":null,"Name":null,"description":null,"timestamp":null,"begin":null,"end":null,"altitudeMode":null,"tessellate":-1,"extrude":0,"visibility":-1,"drawOrder":null,"icon":null,"FID":1495.0},"geometry":{"type":"MultiLineString","coordinates":[[[-34.833470557043,-7.0774105081676],[-34.833888161804403,-7.07777739240688]]]}},
{"type":"Feature","properties":{"id":null,"Name":null,"description":null,"timestamp":null,"begin":null,"end":null,"altitudeMode":null,"tessellate":-1,"extrude":0,"visibility":-1,"drawOrder":null,"icon":null,"FID":1496.0},"geometry":{"type":"MultiLineString","coordinates":[[[-34.833470557035298,-7.07741050816089],[-34.833435938654297,-7.07737730702559],[-34.8334043486729,-7.0773412181523],[-34.8333760275098,-7.07730251619979],[-34.833351190706402,-7.077261495714],[-34.833340817105999,-7.07724158658242]]]}},
{"type":"Feature","properties":{"id":null,"Name":null,"description":null,"timestamp":null,"begin":null,"end":null,"altitudeMode":null,"tessellate":-1,"extrude":0,"visibility":-1,"drawOrder":null,"icon":null,"FID":1497.0},"geometry":{"type":"MultiLineString","coordinates":[[[-34.833208626679202,-7.07697483759885],[-34.833340825706898,-7.07724158234515]]]}},
{"type":"Feature","properties":{"id":null,"Name":null,"description":null,"timestamp":null,"begin":null,"end":null,"altitudeMode":null,"tessellate":-1,"extrude":0,"visibility":-1,"drawOrder":null,"icon":null,"FID":1498.0},"geometry":{"type":"MultiLineString","coordinates":[[[-34.832960991265097,-7.07688169137506],[-34.832976889655903,-7.07687593597807],[-34.832993229682003,-7.07687158668824],[-34.833009886985998,-7.07686867660627],[-34.833026734795901,-7.07686722787951],[-34.833043644889898,-7.07686725153365],[-34.833060488572002,-7.07686874738862],[-34.833077137651998,-7.07687170405999],[-34.833093465420198,-7.07687609904573],[-34.833109347612897,-7.07688189889735],[-34.833124663356998,-7.07688905947448],[-34.8331392960906,-7.07689752628082],[-34.833153134449901,-7.07690723487897],[-34.833166073116601,-7.07691811138064],[-34.8331780136199,-7.07693007300918],[-34.833188865085397,-7.07694302872944],[-34.833198544926702,-7.07695687994069],[-34.833206979474497,-7.07697152122687],[-34.833208654653902,-7.076974823772]]]}},
{"type":"Feature","properties":{"id":null,"Name":null,"description":null,"timestamp":null,"begin":null,"end":null,"altitudeMode":null,"tessellate":-1,"extrude":0,"visibility":-1,"drawOrder":null,"icon":null,"FID":1499.0},"geometry":{"type":"MultiLineString","coordinates":[[[-34.8328278895331,-7.07693655474509],[-34.832960991267498,-7.07688169137405]]]}},
{"type":"Feature","properties":{"id":null,"Name":null,"description":null,"timestamp":null,"begin":null,"end":null,"altitudeMode":null,"tessellate":-1,"extrude":0,"visibility":-1,"drawOrder":null,"icon":null,"FID":1500.0},"geometry":{"type":"MultiLineString","coordinates":[[[-34.832827889535402,-7.07693655474413],[-34.832812431956199,-7.07694215396069],[-34.832796544689501,-7.07694638604326],[-34.832780348646999,-7.07694921878304],[-34.8327639670905,-7.07695063062116],[-34.832747524693801,-7.07695061081254],[-34.832731146593403,-7.07694915950801],[-34.832714957436899,-7.07694628775276],[-34.832699080433599,-7.07694201740262],[-34.8326836364173,-7.0769363809575],[-34.832668742926401,-7.0769294213142],[-34.8326545133095,-7.07692119143982],[-34.832641055862602,-7.07691175396873],[-34.832628473005101,-7.07690118072582],[-34.832616860500401,-7.07688955217996],[-34.832606306726397,-7.07687695683144],[-34.832596892003998,-7.07686349053857],[-34.832588687984803,-7.07684925578804],[-34.832584790397803,-7.07684130218095]]]}},
{"type":"Feature","properties":{"id":null,"Name":null,"description":null,"timestamp":null,"begin":null,"end":null,"altitudeMode":null,"tessellate":-1,"extrude":0,"visibility":-1,"drawOrder":null,"icon":null,"FID":1503.0},"geometry":{"type":"MultiLineString","coordinates":[[[-34.831872911351198,-7.07686056891112],[-34.831867687215102,-7.07684404359209]]]}},
{"type":"Feature","properties":{"id":null,"Name":null,"description":null,"timestamp":null,"begin":null,"end":null,"altitudeMode":null,"tessellate":-1,"extrude":0,"visibility":-1,"drawOrder":null,"icon":null,"FID":1504.0},"geometry":{"type":"MultiLineString","coordinates":[[[-34.831872911351503,-7.07686056891179],[-34.8318738606769,-7.07686411932431],[-34.831874496631499,-7.07686773888026],[-34.831874814375297,-7.07687140003262],[-34.831874811490003,-7.07687507491781],[-34.831874487997602,-7.07687873556775],[-34.831873846359997,-7.07688235412268],[-34.831872891460598,-7.07688590304318],[-34.831871630566603,-7.07688935531988],[-34.831870073274203,-7.07689268467886],[-34.831868231435301,-7.07689586578163],[-34.831866119067499,-7.07689887441813],[-34.831863752247102,-7.07690168769078],[-34.831861148987102,-7.07690428418891],[-34.831858329099802,-7.07690664415158],[-34.831855314046301,-7.07690874961804],[-34.831852126772901,-7.07691058456442],[-34.8318487915368,-7.07691213502566],[-34.831845333720999,-7.07691338920182],[-34.831841779641799,-7.07691433754785],[-34.8318381563477,-7.07691497284626],[-34.831834491414199,-7.07691529026208],[-34.831830812733699,-7.07691528737951],[-34.831827148303198,-7.07691496422053],[-34.831823526011199,-7.07691432324457],[-34.831819973425603,-7.07691336932984],[-34.831816517583597,-7.0769121097362],[-34.831813184786398,-7.07691055404996],[-34.831810000398498,-7.07690871411075],[-34.831806988655103,-7.07690660392171],[-34.831804172477298,-7.0769042395426],[-34.831801573298002,-7.0769016389678],[-34.831799210898403,-7.07689882198923],[-34.831797103257998,-7.07689581004586],[-34.831795266416997,-7.07689262606035],[-34.831793714355001,-7.07688929426476],[-34.831793420903701,-7.07688856580717]]]}},
{"type":"Feature","properties":{"id":null,"Name":null,"description":null,"timestamp":null,"begin":null,"end":null,"altitudeMode":null,"tessellate":-1,"extrude":0,"visibility":-1,"drawOrder":null,"icon":null,"FID":1505.0},"geometry":{"type":"MultiLineString","coordinates":[[[-34.831776094524002,-7.07684440409724],[-34.831793465155002,-7.0768885484959]]]}},
{"type":"Feature","properties":{"id":null,"Name":null,"description":null,"timestamp":null,"begin":null,"end":null,"altitudeMode":null,"tessellate":-1,"extrude":0,"visibility":-1,"drawOrder":null,"icon":null,"FID":1506.0},"geometry":{"type":"MultiLineString","coordinates":[[[-34.830133375837299,-7.07895789170411],[-34.830232141514003,-7.07685047832236]]]}},
{"type":"Feature","properties":{"id":null,"Name":null,"description":null,"timestamp":null,"begin":null,"end":null,"altitudeMode":null,"tessellate":-1,"extrude":0,"visibility":-1,"drawOrder":null,"icon":null,"FID":1507.0},"geometry":{"type":"MultiLineString","coordinates":[[[-34.830206013081998,-7.07933779989411],[-34.830179127506597,-7.07927069344753],[-34.830158199030997,-7.07920150155572],[-34.830143386931503,-7.07913075081217],[-34.830134803934797,-7.07905897967402],[-34.830132515359999,-7.07898673436406],[-34.830133364852699,-7.07895789116962]]]}},
{"type":"Feature","properties":{"id":null,"Name":null,"description":null,"timestamp":null,"begin":null,"end":null,"altitudeMode":null,"tessellate":-1,"extrude":0,"visibility":-1,"drawOrder":null,"icon":null,"FID":1508.0},"geometry":{"type":"MultiLineString","coordinates":[[[-34.831426851400998,-7.08203675577296],[-34.830206013089203,-7.07933779991001]]]}},
{"type":"Feature","properties":{"id":null,"Name":null,"description":null,"timestamp":null,"begin":null,"end":null,"altitudeMode":null,"tessellate":-1,"extrude":0,"visibility":-1,"drawOrder":null,"icon":null,"FID":1509.0},"geometry":{"type":"MultiLineString","coordinates":[[[-34.831426851387597,-7.08203675574344],[-34.831632963288399,-7.08253836550794]]]}},
{"type":"Feature","properties":{"id":null,"Name":null,"description":null,"timestamp":null,"begin":null,"end":null,"altitudeMode":null,"tessellate":-1,"extrude":0,"visibility":-1,"drawOrder":null,"icon":null,"FID":1510.0},"geometry":{"type":"MultiLineString","coordinates":[[[-34.832807310942897,-7.08570685117966],[-34.8316329290762,-7.08253837839494]]]}},
{"type":"Feature","properties":{"id":null,"Name":null,"description":null,"timestamp":null,"begin":null,"end":null,"altitudeMode":null,"tessellate":-1,"extrude":0,"visibility":-1,"drawOrder":null,"icon":null,"FID":1511.0},"geometry":{"type":"MultiLineString","coordinates":[[[-34.832807310981899,-7.08570685128498],[-34.832921522234102,-7.08604979822965]]]}},
{"type":"Feature","properties":{"id":null,"Name":null,"description":null,"timestamp":null,"begin":null,"end":null,"altitudeMode":null,"tessellate":-1,"extrude":0,"visibility":-1,"drawOrder":null,"icon":null,"FID":1512.0},"geometry":{"type":"MultiLineString","coordinates":[[[-34.833407995968599,-7.08769179400695],[-34.832921531695902,-7.08604979534099]]]}},
{"type":"Feature","properties":{"id":null,"Name":null,"description":null,"timestamp":null,"begin":null,"end":null,"altitudeMode":null,"tessellate":-1,"extrude":0,"visibility":-1,"drawOrder":null,"icon":null,"FID":1515.0},"geometry":{"type":"MultiLineString","coordinates":[[[-34.833407995976103,-7.08769179403202],[-34.8334998443313,-7.0880601545175],[-34.833554762355497,-7.08839753640559]]]}},
{"type":"Feature","properties":{"id":null,"Name":null,"description":null,"timestamp":null,"begin":null,"end":null,"altitudeMode":null,"tessellate":-1,"extrude":0,"visibility":-1,"drawOrder":null,"icon":null,"FID":1516.0},"geometry":{"type":"MultiLineString","coordinates":[[[-34.833689279949397,-7.08949445390666],[-34.833554788054101,-7.08839753316624]]]}},
{"type":"Feature","properties":{"id":null,"Name":null,"description":null,"timestamp":null,"begin":null,"end":null,"altitudeMode":null,"tessellate":-1,"extrude":0,"visibility":-1,"drawOrder":null,"icon":null,"FID":1526.0},"geometry":{"type":"MultiLineString","coordinates":[[[-34.833927306575099,-7.09143507545518],[-34.833689559701298,-7.08949653233646]]]}},
{"type":"Feature","properties":{"id":null,"Name":null,"description":null,"timestamp":null,"begin":null,"end":null,"altitudeMode":null,"tessellate":-1,"extrude":0,"visibility":-1,"drawOrder":null,"icon":null,"FID":1527.0},"geometry":{"type":"MultiLineString","coordinates":[[[-34.833927306560298,-7.09143507533381],[-34.833979010556497,-7.09209360602229],[-34.833983530677102,-7.09233583397389]]]}},
{"type":"Feature","properties":{"id":null,"Name":null,"description":null,"timestamp":null,"begin":null,"end":null,"altitudeMode":null,"tessellate":-1,"extrude":0,"visibility":-1,"drawOrder":null,"icon":null,"FID":1528.0},"geometry":{"type":"MultiLineString","coordinates":[[[-34.833984943291199,-7.09287126297083],[-34.833983457835203,-7.09233583420225]]]}},
{"type":"Feature","properties":{"id":null,"Name":null,"description":null,"timestamp":null,"begin":null,"end":null,"altitudeMode":null,"tessellate":-1,"extrude":0,"visibility":-1,"drawOrder":null,"icon":null,"FID":1529.0},"geometry":{"type":"MultiLineString","coordinates":[[[-34.8339849432911,-7.09287126292288],[-34.8339694400903,-7.0932488243335],[-34.8339210540979,-7.09362359926547],[-34.833893857057298,-7.09376592243085]]]}},
{"type":"Feature","properties":{"id":null,"Name":null,"description":null,"timestamp":null,"begin":null,"end":null,"altitudeMode":null,"tessellate":-1,"extrude":0,"visibility":-1,"drawOrder":null,"icon":null,"FID":1530.0},"geometry":{"type":"MultiLineString","coordinates":[[[-34.832935472741902,-7.09836221259402],[-34.833893809620399,-7.09376591266269]]]}},
{"type":"Feature","properties":{"id":null,"Name":null,"description":null,"timestamp":null,"begin":null,"end":null,"altitudeMode":null,"tessellate":-1,"extrude":0,"visibility":-1,"drawOrder":null,"icon":null,"FID":1531.0},"geometry":{"type":"MultiLineString","coordinates":[[[-34.832935472753398,-7.09836221253926],[-34.832847586771898,-7.09870749920434],[-34.8327299088918,-7.09904382045812],[-34.832656256800199,-7.09921645863462]]]}},
{"type":"Feature","properties":{"id":null,"Name":null,"description":null,"timestamp":null,"begin":null,"end":null,"altitudeMode":null,"tessellate":-1,"extrude":0,"visibility":-1,"drawOrder":null,"icon":null,"FID":1532.0},"geometry":{"type":"MultiLineString","coordinates":[[[-34.8317602271349,-7.10118977740049],[-34.832656275083103,-7.0992164669449]]]}},
{"type":"Feature","properties":{"id":null,"Name":null,"description":null,"timestamp":null,"begin":null,"end":null,"altitudeMode":null,"tessellate":-1,"extrude":0,"visibility":-1,"drawOrder":null,"icon":null,"FID":1533.0},"geometry":{"type":"MultiLineString","coordinates":[[[-34.831760227150198,-7.10118977736673],[-34.831522000289397,-7.10165886042577],[-34.831422780320999,-7.10182825685397]]]}},
{"type":"Feature","properties":{"id":null,"Name":null,"description":null,"timestamp":null,"begin":null,"end":null,"altitudeMode":null,"tessellate":-1,"extrude":0,"visibility":-1,"drawOrder":null,"icon":null,"FID":1534.0},"geometry":{"type":"MultiLineString","coordinates":[[[-34.831219551416602,-7.1021626033931],[-34.831422787656699,-7.10182826146664]]]}},
{"type":"Feature","properties":{"id":null,"Name":null,"description":null,"timestamp":null,"begin":null,"end":null,"altitudeMode":null,"tessellate":-1,"extrude":0,"visibility":-1,"drawOrder":null,"icon":null,"FID":1539.0},"geometry":{"type":"MultiLineString","coordinates":[[[-34.830678186579902,-7.10305324512108],[-34.831219191516901,-7.10216314730172]]]}},
{"type":"Feature","properties":{"id":null,"Name":null,"description":null,"timestamp":null,"begin":null,"end":null,"altitudeMode":null,"tessellate":-1,"extrude":0,"visibility":-1,"drawOrder":null,"icon":null,"FID":1540.0},"geometry":{"type":"MultiLineString","coordinates":[[[-34.830678186516501,-7.10305324522539],[-34.830330824540397,-7.10357225426548],[-34.830047752760102,-7.10393288136682]]]}},
{"type":"Feature","properties":{"id":null,"Name":null,"description":null,"timestamp":null,"begin":null,"end":null,"altitudeMode":null,"tessellate":-1,"extrude":0,"visibility":-1,"drawOrder":null,"icon":null,"FID":1541.0},"geometry":{"type":"MultiLineString","coordinates":[[[-34.829284122775903,-7.10484416527027],[-34.830047711076404,-7.10393284618324]]]}},
{"type":"Feature","properties":{"id":null,"Name":null,"description":null,"timestamp":null,"begin":null,"end":null,"altitudeMode":null,"tessellate":-1,"extrude":0,"visibility":-1,"drawOrder":null,"icon":null,"FID":1542.0},"geometry":{"type":"MultiLineString","coordinates":[[[-34.829284182125598,-7.10485917387345],[-34.829287179039298,-7.10486169365949]]]}},
{"type":"Feature","properties":{"id":null,"Name":null,"description":null,"timestamp":null,"begin":null,"end":null,"altitudeMode":null,"tessellate":-1,"extrude":0,"visibility":-1,"drawOrder":null,"icon":null,"FID":1557.0},"geometry":{"type":"MultiLineString","coordinates":[[[-34.838043456823797,-6.97464992363289],[-34.837823137734198,-6.97474761554186]]]}},
{"type":"Feature","properties":{"id":null,"Name":null,"description":null,"timestamp":null,"begin":null,"end":null,"altitudeMode":null,"tessellate":-1,"extrude":0,"visibility":-1,"drawOrder":null,"icon":null,"FID":1558.0},"geometry":{"type":"MultiLineString","coordinates":[[[-34.838040992795797,-6.97443574079591],[-34.838050206654202,-6.97444005374135],[-34.838059009249001,-6.97444515266587],[-34.838067333587297,-6.97445099876363],[-34.838075116315899,-6.97445754754227],[-34.838082298203503,-6.97446474916166],[-34.838088824591701,-6.97447254881321],[-34.8380946458106,-6.97448088713683],[-34.838099717557398,-6.97448970067289],[-34.8381040012329,-6.97449892234512],[-34.838107464235698,-6.97450848197101],[-34.838110080210299,-6.97451830679611],[-34.838111829247502,-6.97452832204757],[-34.838112698035999,-6.97453845150329],[-34.8381126799637,-6.97454861807207],[-34.838111775168201,-6.97455874438013],[-34.838109990535301,-6.9745687533602],[-34.838107339647301,-6.97457856883789],[-34.838103842678798,-6.97458811611149],[-34.838099526243901,-6.97459732252047],[-34.838094423193198,-6.97460611799852],[-34.838088572363901,-6.97461443560669],[-34.838082018284503,-6.97462221204294],[-34.838074810835202,-6.97462938812387],[-34.838067004869302,-6.97463590923515],[-34.838058659794697,-6.97464172574715],[-34.838049839122498,-6.9746467933927],[-34.838043432062499,-6.97464986782475]]]}},
{"type":"Feature","properties":{"id":null,"Name":null,"description":null,"timestamp":null,"begin":null,"end":null,"altitudeMode":null,"tessellate":-1,"extrude":0,"visibility":-1,"drawOrder":null,"icon":null,"FID":1559.0},"geometry":{"type":"MultiLineString","coordinates":[[[-34.8378213847731,-6.97434446315669],[-34.838040992793204,-6.97443574079486]]]}},
{"type":"Feature","properties":{"id":null,"Name":null,"description":null,"timestamp":null,"begin":null,"end":null,"altitudeMode":null,"tessellate":-1,"extrude":0,"visibility":-1,"drawOrder":null,"icon":null,"FID":1560.0},"geometry":{"type":"MultiLineString","coordinates":[[[-34.837862763945502,-6.97291222340152],[-34.837815874241301,-6.97302388724892]]]}},
{"type":"Feature","properties":{"id":null,"Name":null,"description":null,"timestamp":null,"begin":null,"end":null,"altitudeMode":null,"tessellate":-1,"extrude":0,"visibility":-1,"drawOrder":null,"icon":null,"FID":1561.0},"geometry":{"type":"MultiLineString","coordinates":[[[-34.8378142750582,-6.97263175998643],[-34.837829070918403,-6.97264947126343],[-34.837842265594396,-6.97266840364952],[-34.837853758666803,-6.97268841305796],[-34.837863462666199,-6.97270934720525],[-34.837871303739298,-6.97273104677005],[-34.837877222210501,-6.9727533466057],[-34.837881173036401,-6.97277607699715],[-34.837883126148803,-6.9727990649525],[-34.837883066682799,-6.97282213551963],[-34.837880995090899,-6.97284511311767],[-34.837876927138701,-6.97286782287329],[-34.8378708937855,-6.97289009195154],[-34.837862940948597,-6.97291175087132],[-34.837862746214199,-6.97291221597415]]]}},
{"type":"Feature","properties":{"id":null,"Name":null,"description":null,"timestamp":null,"begin":null,"end":null,"altitudeMode":null,"tessellate":-1,"extrude":0,"visibility":-1,"drawOrder":null,"icon":null,"FID":1562.0},"geometry":{"type":"MultiLineString","coordinates":[[[-34.838139606852799,-6.97106596247392],[-34.837808213144299,-6.97117448390725]]]}},
{"type":"Feature","properties":{"id":null,"Name":null,"description":null,"timestamp":null,"begin":null,"end":null,"altitudeMode":null,"tessellate":-1,"extrude":0,"visibility":-1,"drawOrder":null,"icon":null,"FID":1563.0},"geometry":{"type":"MultiLineString","coordinates":[[[-34.838481580540702,-6.97072358725822],[-34.838465228664603,-6.97076722997869],[-34.838445132248303,-6.97080928260651],[-34.838421444236801,-6.97084942509554],[-34.838394344909197,-6.97088735193685],[-34.838364040507102,-6.97092277448381],[-34.8383307616648,-6.97095542314892],[-34.838294761654097,-6.97098504945553],[-34.8382563144567,-6.97101142792893],[-34.838215712679101,-6.97103435781231],[-34.8381732653258,-6.97105366459477],[-34.838139600776799,-6.97106594391493]]]}},
{"type":"Feature","properties":{"id":null,"Name":null,"description":null,"timestamp":null,"begin":null,"end":null,"altitudeMode":null,"tessellate":-1,"extrude":0,"visibility":-1,"drawOrder":null,"icon":null,"FID":1564.0},"geometry":{"type":"MultiLineString","coordinates":[[[-34.839014771792598,-6.96908645275297],[-34.838481580537902,-6.97072358726685]]]}},
{"type":"Feature","properties":{"id":null,"Name":null,"description":null,"timestamp":null,"begin":null,"end":null,"altitudeMode":null,"tessellate":-1,"extrude":0,"visibility":-1,"drawOrder":null,"icon":null,"FID":1565.0},"geometry":{"type":"MultiLineString","coordinates":[[[-34.839014771793401,-6.96908645275057],[-34.839020852681998,-6.96907022778127],[-34.8390283256578,-6.96905459411485],[-34.839037133846801,-6.96903967073294],[-34.839047210213202,-6.96902557121143],[-34.839058478069703,-6.96901240285613],[-34.839070851660999,-6.96900026588608],[-34.839084236816603,-6.96898925267093],[-34.839098531667297,-6.96897944702775],[-34.839113627420801,-6.96897092358332],[-34.839129409189198,-6.96896374720612],[-34.8391457568639,-6.96895797251264],[-34.8391625460293,-6.96895364345168],[-34.839179648909898,-6.96895079296992],[-34.8391969353425,-6.9689494427612],[-34.839214273766999,-6.96894960310135],[-34.839231532227899,-6.96895127277005],[-34.839248579377902,-6.9689544390601],[-34.839265285478099,-6.9689590778741],[-34.839281523385097,-6.96896515390786],[-34.8392971695189,-6.96897262091914],[-34.839312104803099,-6.96898142207951],[-34.839326215571198,-6.96899149040688],[-34.839339394431903,-6.96900274927522],[-34.839351541086103,-6.96901511299787],[-34.839362563090603,-6.96902848747948],[-34.839372376561201,-6.96904277093228],[-34.839376921943497,-6.96905042442686]]]}},
{"type":"Feature","properties":{"id":null,"Name":null,"description":null,"timestamp":null,"begin":null,"end":null,"altitudeMode":null,"tessellate":-1,"extrude":0,"visibility":-1,"drawOrder":null,"icon":null,"FID":1566.0},"geometry":{"type":"MultiLineString","coordinates":[[[-34.839968015230198,-6.97009818797206],[-34.839376940336003,-6.9690504140715]]]}},
{"type":"Feature","properties":{"id":null,"Name":null,"description":null,"timestamp":null,"begin":null,"end":null,"altitudeMode":null,"tessellate":-1,"extrude":0,"visibility":-1,"drawOrder":null,"icon":null,"FID":1567.0},"geometry":{"type":"MultiLineString","coordinates":[[[-34.840266250862001,-6.97011899698641],[-34.840256231170898,-6.97013096860041],[-34.840245205377698,-6.970142022083],[-34.840233257395298,-6.97015207331045],[-34.840220478155203,-6.97016104578681],[-34.840206964914998,-6.97016887122599],[-34.840192820518702,-6.97017549007163],[-34.840178152613802,-6.97018085195021],[-34.840163072831899,-6.97018491605459],[-34.8401476959394,-6.97018765145436],[-34.840132138963902,-6.97018903733144],[-34.840116520303397,-6.97018906313841],[-34.840100958825502,-6.97018772867886],[-34.8400855729627,-6.97018504410878],[-34.840070479810699,-6.97018102985936],[-34.8400557942376,-6.97017571648149],[-34.8400416280098,-6.97016914441316],[-34.840028088940798,-6.97016136367184],[-34.840015280071299,-6.9701524334737],[-34.840003298884497,-6.97014242178297],[-34.839992236564598,-6.97013140479475],[-34.839982177302602,-6.970119466355],[-34.839973197655397,-6.97010669732257],[-34.839968064150703,-6.97009816043026]]]}},
{"type":"Feature","properties":{"id":null,"Name":null,"description":null,"timestamp":null,"begin":null,"end":null,"altitudeMode":null,"tessellate":-1,"extrude":0,"visibility":-1,"drawOrder":null,"icon":null,"FID":1568.0},"geometry":{"type":"MultiLineString","coordinates":[[[-34.840712158994997,-6.96953643635267],[-34.840266250861099,-6.97011899698763]]]}},
{"type":"Feature","properties":{"id":null,"Name":null,"description":null,"timestamp":null,"begin":null,"end":null,"altitudeMode":null,"tessellate":-1,"extrude":0,"visibility":-1,"drawOrder":null,"icon":null,"FID":1569.0},"geometry":{"type":"MultiLineString","coordinates":[[[-34.841309375345602,-6.96863330871247],[-34.840946452381097,-6.96921370021992],[-34.840712173921901,-6.96953644778859]]]}},
{"type":"Feature","properties":{"id":null,"Name":null,"description":null,"timestamp":null,"begin":null,"end":null,"altitudeMode":null,"tessellate":-1,"extrude":0,"visibility":-1,"drawOrder":null,"icon":null,"FID":1570.0},"geometry":{"type":"MultiLineString","coordinates":[[[-34.8415299988472,-6.96824366636468],[-34.841309375310601,-6.96863330877422]]]}},
{"type":"Feature","properties":{"id":null,"Name":null,"description":null,"timestamp":null,"begin":null,"end":null,"altitudeMode":null,"tessellate":-1,"extrude":0,"visibility":-1,"drawOrder":null,"icon":null,"FID":1571.0},"geometry":{"type":"MultiLineString","coordinates":[[[-34.8414017001014,-6.96773648861842],[-34.841428903845298,-6.96775525928746],[-34.841454366801102,-6.96777632760613],[-34.841477895180503,-6.96779953323207],[-34.841499309918703,-6.96782469955677],[-34.841518448036503,-6.9678516350496],[-34.841535163881403,-6.96788013471554],[-34.841549330235402,-6.96790998165526],[-34.841560839283702,-6.96794094871584],[-34.841569603435303,-6.96797280021956],[-34.841575555989301,-6.96800529375758],[-34.841578651642401,-6.96803818203465],[-34.841578866834503,-6.96807121475138],[-34.841576199927196,-6.96810414050896],[-34.841570671216601,-6.96813670872266],[-34.841562322778898,-6.96816867152874],[-34.841551218150101,-6.96819978567092],[-34.841537441842803,-6.96822981435174],[-34.841529978423502,-6.96824365480224]]]}},
{"type":"Feature","properties":{"id":null,"Name":null,"description":null,"timestamp":null,"begin":null,"end":null,"altitudeMode":null,"tessellate":-1,"extrude":0,"visibility":-1,"drawOrder":null,"icon":null,"FID":1572.0},"geometry":{"type":"MultiLineString","coordinates":[[[-34.841097463879997,-6.96754563350723],[-34.841401700104797,-6.96773648862053]]]}},
{"type":"Feature","properties":{"id":null,"Name":null,"description":null,"timestamp":null,"begin":null,"end":null,"altitudeMode":null,"tessellate":-1,"extrude":0,"visibility":-1,"drawOrder":null,"icon":null,"FID":1573.0},"geometry":{"type":"MultiLineString","coordinates":[[[-34.840307988699401,-6.96750404384902],[-34.840372933944501,-6.96747568788325],[-34.840440105392403,-6.96745309567221],[-34.840508991829601,-6.96743643915486],[-34.840579068990699,-6.9674258450961],[-34.8406498035488,-6.96742139412198],[-34.840720657173797,-6.96742312010624],[-34.840791090629601,-6.96743100991244],[-34.840860567878003,-6.96744500349395],[-34.840928560157899,-6.96746499435106],[-34.840994550010002,-6.96749083034134],[-34.841058035213898,-6.96752231483776],[-34.841097509920701,-6.96754556028881]]]}},
{"type":"Feature","properties":{"id":null,"Name":null,"description":null,"timestamp":null,"begin":null,"end":null,"altitudeMode":null,"tessellate":-1,"extrude":0,"visibility":-1,"drawOrder":null,"icon":null,"FID":1574.0},"geometry":{"type":"MultiLineString","coordinates":[[[-34.839160638438997,-6.96806573624809],[-34.840307988694903,-6.96750404385123]]]}},
{"type":"Feature","properties":{"id":null,"Name":null,"description":null,"timestamp":null,"begin":null,"end":null,"altitudeMode":null,"tessellate":-1,"extrude":0,"visibility":-1,"drawOrder":null,"icon":null,"FID":1575.0},"geometry":{"type":"MultiLineString","coordinates":[[[-34.8391606384263,-6.96806573625432],[-34.839086664562203,-6.96809802766384],[-34.839010155559002,-6.96812375406225],[-34.838931693698598,-6.96814271965428],[-34.838851876125901,-6.96815478009868],[-34.838771310303997,-6.96815984360673],[-34.838690609390902,-6.96815787164098],[-34.838610387572899,-6.96814887920837],[-34.838531255390301,-6.96813293474625],[-34.838453815090404,-6.9681101596014],[-34.8383786560441,-6.96808072710658],[-34.838347722031997,-6.96806634181816]]]}},
{"type":"Feature","properties":{"id":null,"Name":null,"description":null,"timestamp":null,"begin":null,"end":null,"altitudeMode":null,"tessellate":-1,"extrude":0,"visibility":-1,"drawOrder":null,"icon":null,"FID":1576.0},"geometry":{"type":"MultiLineString","coordinates":[[[-34.837794146389598,-6.9677964633989],[-34.8383477092192,-6.96806636803517]]]}},
{"type":"Feature","properties":{"id":null,"Name":null,"description":null,"timestamp":null,"begin":null,"end":null,"altitudeMode":null,"tessellate":-1,"extrude":0,"visibility":-1,"drawOrder":null,"icon":null,"FID":1580.0},"geometry":{"type":"MultiLineString","coordinates":[[[-34.838142469168702,-7.03791985897264],[-34.838070366354202,-7.03783442927655]]]}},
{"type":"Feature","properties":{"id":null,"Name":null,"description":null,"timestamp":null,"begin":null,"end":null,"altitudeMode":null,"tessellate":-1,"extrude":0,"visibility":-1,"drawOrder":null,"icon":null,"FID":1581.0},"geometry":{"type":"MultiLineString","coordinates":[[[-34.838142469166897,-7.03791985897043],[-34.838713697525698,-7.03862092014692]]]}},
{"type":"Feature","properties":{"id":null,"Name":null,"description":null,"timestamp":null,"begin":null,"end":null,"altitudeMode":null,"tessellate":-1,"extrude":0,"visibility":-1,"drawOrder":null,"icon":null,"FID":1582.0},"geometry":{"type":"MultiLineString","coordinates":[[[-34.838887658974699,-7.03884223246011],[-34.838713660668098,-7.0386209488348]]]}},
{"type":"Feature","properties":{"id":null,"Name":null,"description":null,"timestamp":null,"begin":null,"end":null,"altitudeMode":null,"tessellate":-1,"extrude":0,"visibility":-1,"drawOrder":null,"icon":null,"FID":1597.0},"geometry":{"type":"MultiLineString","coordinates":[[[-34.840053624637399,-7.04032496486719],[-34.838887749829603,-7.03884232251745]]]}},
{"type":"Feature","properties":{"id":null,"Name":null,"description":null,"timestamp":null,"begin":null,"end":null,"altitudeMode":null,"tessellate":-1,"extrude":0,"visibility":-1,"drawOrder":null,"icon":null,"FID":1598.0},"geometry":{"type":"MultiLineString","coordinates":[[[-34.840053624630599,-7.04032496485849],[-34.840088602778998,-7.04037368395555],[-34.840119197638799,-7.04042526330291],[-34.840145176364103,-7.04047931035172],[-34.840166341240398,-7.04053541377243],[-34.840182531188901,-7.04059314658511],[-34.840193622992999,-7.0406520694092],[-34.840199532235602,-7.04071173380727],[-34.840200213941998,-7.04077168569792],[-34.8401980357282,-7.04080847231254]]]}},
{"type":"Feature","properties":{"id":null,"Name":null,"description":null,"timestamp":null,"begin":null,"end":null,"altitudeMode":null,"tessellate":-1,"extrude":0,"visibility":-1,"drawOrder":null,"icon":null,"FID":1599.0},"geometry":{"type":"MultiLineString","coordinates":[[[-34.840093957521901,-7.04201627827017],[-34.840198068731098,-7.04080847517733]]]}},
{"type":"Feature","properties":{"id":null,"Name":null,"description":null,"timestamp":null,"begin":null,"end":null,"altitudeMode":null,"tessellate":-1,"extrude":0,"visibility":-1,"drawOrder":null,"icon":null,"FID":1600.0},"geometry":{"type":"MultiLineString","coordinates":[[[-34.8403148163301,-7.04340272703511],[-34.840225837294902,-7.04316505092907],[-34.840157931661402,-7.04292053161502],[-34.840111616206201,-7.0426710300496],[-34.8400872433876,-7.04241844510549],[-34.840084998663897,-7.04216469911919],[-34.8400939763632,-7.04201627980461]]]}},
{"type":"Feature","properties":{"id":null,"Name":null,"description":null,"timestamp":null,"begin":null,"end":null,"altitudeMode":null,"tessellate":-1,"extrude":0,"visibility":-1,"drawOrder":null,"icon":null,"FID":1601.0},"geometry":{"type":"MultiLineString","coordinates":[[[-34.841965595220103,-7.04728675262385],[-34.840314816346599,-7.04340272707391]]]}},
{"type":"Feature","properties":{"id":null,"Name":null,"description":null,"timestamp":null,"begin":null,"end":null,"altitudeMode":null,"tessellate":-1,"extrude":0,"visibility":-1,"drawOrder":null,"icon":null,"FID":1602.0},"geometry":{"type":"MultiLineString","coordinates":[[[-34.841965595242797,-7.04728675267726],[-34.842175244657099,-7.04784673437359],[-34.842335243998299,-7.04842283945718],[-34.842444375430297,-7.0490106835155],[-34.842444896194401,-7.04901438936011]]]}},
{"type":"Feature","properties":{"id":null,"Name":null,"description":null,"timestamp":null,"begin":null,"end":null,"altitudeMode":null,"tessellate":-1,"extrude":0,"visibility":-1,"drawOrder":null,"icon":null,"FID":1603.0},"geometry":{"type":"MultiLineString","coordinates":[[[-34.842791362126697,-7.05148468372029],[-34.842444839776398,-7.04901439721902]]]}},
{"type":"Feature","properties":{"id":null,"Name":null,"description":null,"timestamp":null,"begin":null,"end":null,"altitudeMode":null,"tessellate":-1,"extrude":0,"visibility":-1,"drawOrder":null,"icon":null,"FID":1604.0},"geometry":{"type":"MultiLineString","coordinates":[[[-34.845475951906998,-7.04979672170138],[-34.845620785094098,-7.05147305917589]]]}},
{"type":"Feature","properties":{"id":null,"Name":null,"description":null,"timestamp":null,"begin":null,"end":null,"altitudeMode":null,"tessellate":-1,"extrude":0,"visibility":-1,"drawOrder":null,"icon":null,"FID":1605.0},"geometry":{"type":"MultiLineString","coordinates":[[[-34.845475951907098,-7.04979672170228],[-34.8454757205281,-7.04979121057155],[-34.845475970823699,-7.04978570026594],[-34.845476700889101,-7.04978023272222],[-34.845477905168003,-7.04977484955165],[-34.845479574495002,-7.04976959172347],[-34.845481696165599,-7.04976449925289],[-34.845484254032598,-7.04975961089667],[-34.845487228628997,-7.0497549638582],[-34.845490597316399,-7.04975059350419],[-34.845494334456902,-7.0497465330957],[-34.845498411608801,-7.04974281353485],[-34.845502797742299,-7.04973946312978],[-34.845507459476401,-7.04973650737904],[-34.845512361332503,-7.04973396877771],[-34.845517466004502,-7.04973186664605],[-34.845522734642699,-7.04973021698254],[-34.845528127149699,-7.04972903234209],[-34.845533602485297,-7.04972832174057],[-34.845539118978799,-7.04972809058602],[-34.845544634646402,-7.04972834063772],[-34.845550107510498,-7.04972906999257],[-34.845555495919498,-7.04973027309979],[-34.845560758864202,-7.04973194080294],[-34.845565856290499,-7.04973406040986],[-34.845570749403898,-7.04973661578904],[-34.845575400964897,-7.04973958749249],[-34.845579775572197,-7.04974295290375],[-34.845583839932601,-7.04974668641004],[-34.845584929035297,-7.0497478054824]]]}},
{"type":"Feature","properties":{"id":null,"Name":null,"description":null,"timestamp":null,"begin":null,"end":null,"altitudeMode":null,"tessellate":-1,"extrude":0,"visibility":-1,"drawOrder":null,"icon":null,"FID":1606.0},"geometry":{"type":"MultiLineString","coordinates":[[[-34.846030584415601,-7.05021721597855],[-34.8455849038669,-7.04974782933569]]]}},
{"type":"Feature","properties":{"id":null,"Name":null,"description":null,"timestamp":null,"begin":null,"end":null,"altitudeMode":null,"tessellate":-1,"extrude":0,"visibility":-1,"drawOrder":null,"icon":null,"FID":1607.0},"geometry":{"type":"MultiLineString","coordinates":[[[-34.846030584408098,-7.05021721597064],[-34.846071659872997,-7.05026444726882],[-34.846108458552699,-7.05031507531068],[-34.846140700386997,-7.05036871478748],[-34.846168139995399,-7.05042495747162],[-34.846190568545097,-7.05048337532349],[-34.846207815340101,-7.05054352374914],[-34.846219749120202,-7.05060494498376],[-34.846226279060403,-7.05066717157561],[-34.846227148338698,-7.0506851470598]]]}},
{"type":"Feature","properties":{"id":null,"Name":null,"description":null,"timestamp":null,"begin":null,"end":null,"altitudeMode":null,"tessellate":-1,"extrude":0,"visibility":-1,"drawOrder":null,"icon":null,"FID":1608.0},"geometry":{"type":"MultiLineString","coordinates":[[[-34.8462412497854,-7.05107965659865],[-34.846227198049,-7.05068514529952]]]}},
{"type":"Feature","properties":{"id":null,"Name":null,"description":null,"timestamp":null,"begin":null,"end":null,"altitudeMode":null,"tessellate":-1,"extrude":0,"visibility":-1,"drawOrder":null,"icon":null,"FID":1609.0},"geometry":{"type":"MultiLineString","coordinates":[[[-34.846334853195998,-7.05147017339698],[-34.846301119054303,-7.0513882574395],[-34.8462746597151,-7.05130371593737],[-34.846255676546903,-7.05121719230464],[-34.8462443140196,-7.05112934504036],[-34.846241308329297,-7.05107965448135]]]}},
{"type":"Feature","properties":{"id":null,"Name":null,"description":null,"timestamp":null,"begin":null,"end":null,"altitudeMode":null,"tessellate":-1,"extrude":0,"visibility":-1,"drawOrder":null,"icon":null,"FID":1635.0},"geometry":{"type":"MultiLineString","coordinates":[[[-34.847036105818503,-7.06031790739424],[-34.847071430197197,-7.06031442180869],[-34.847106924246503,-7.06031402514237],[-34.847142317836003,-7.06031672041394],[-34.847177341599902,-7.06032248711063],[-34.847210323409598,-7.06033085858208]]]}},
{"type":"Feature","properties":{"id":null,"Name":null,"description":null,"timestamp":null,"begin":null,"end":null,"altitudeMode":null,"tessellate":-1,"extrude":0,"visibility":-1,"drawOrder":null,"icon":null,"FID":1636.0},"geometry":{"type":"MultiLineString","coordinates":[[[-34.846713189328099,-7.06036403123339],[-34.847036105819299,-7.0603179073941]]]}},
{"type":"Feature","properties":{"id":null,"Name":null,"description":null,"timestamp":null,"begin":null,"end":null,"altitudeMode":null,"tessellate":-1,"extrude":0,"visibility":-1,"drawOrder":null,"icon":null,"FID":1637.0},"geometry":{"type":"MultiLineString","coordinates":[[[-34.846502020390901,-7.06049515374167],[-34.846518212909103,-7.06047362225304],[-34.846536222271503,-7.0604535825637],[-34.846555911416097,-7.06043518718763],[-34.8465771304963,-7.0604185761245],[-34.846599718022297,-7.06040387579436],[-34.846623502089301,-7.06039119807536],[-34.8466483016864,-7.06038063945233],[-34.846673928073798,-7.0603722802826],[-34.8467001862196,-7.06036618418428],[-34.846713190940001,-7.06036404253197]]]}},
{"type":"Feature","properties":{"id":null,"Name":null,"description":null,"timestamp":null,"begin":null,"end":null,"altitudeMode":null,"tessellate":-1,"extrude":0,"visibility":-1,"drawOrder":null,"icon":null,"FID":1638.0},"geometry":{"type":"MultiLineString","coordinates":[[[-34.845548189859201,-7.06188569896723],[-34.846502020389799,-7.06049515374326]]]}},
{"type":"Feature","properties":{"id":null,"Name":null,"description":null,"timestamp":null,"begin":null,"end":null,"altitudeMode":null,"tessellate":-1,"extrude":0,"visibility":-1,"drawOrder":null,"icon":null,"FID":1639.0},"geometry":{"type":"MultiLineString","coordinates":[[[-34.845548189855997,-7.06188569897181],[-34.845530495460999,-7.06190923116979],[-34.845510815380003,-7.06193113319245],[-34.845489299390202,-7.06195123835196],[-34.845466111241102,-7.06196939363568],[-34.845460018294403,-7.06197364881721]]]}},
{"type":"Feature","properties":{"id":null,"Name":null,"description":null,"timestamp":null,"begin":null,"end":null,"altitudeMode":null,"tessellate":-1,"extrude":0,"visibility":-1,"drawOrder":null,"icon":null,"FID":1640.0},"geometry":{"type":"MultiLineString","coordinates":[[[-34.845351441952999,-7.06204768574001],[-34.845460025296902,-7.0619736590477]]]}},
{"type":"Feature","properties":{"id":null,"Name":null,"description":null,"timestamp":null,"begin":null,"end":null,"altitudeMode":null,"tessellate":-1,"extrude":0,"visibility":-1,"drawOrder":null,"icon":null,"FID":1641.0},"geometry":{"type":"MultiLineString","coordinates":[[[-34.845231256350203,-7.06239119216627],[-34.8452244934264,-7.06236531663551],[-34.845220013696697,-7.06233895073043],[-34.845217851254198,-7.06231229511162],[-34.845218022555997,-7.06228555264459],[-34.845220526297901,-7.06225892685572],[-34.845225343424701,-7.06223262038347],[-34.845232437274497,-7.06220683343593],[-34.845241753858602,-7.06218176226741],[-34.845253222271801,-7.06215759768454],[-34.845266755232103,-7.06213452359431],[-34.845282249745303,-7.06211271560437],[-34.845299587888498,-7.06209233968652],[-34.845318637707898,-7.06207355091363],[-34.845339254222601,-7.06205649227942],[-34.845351464031197,-7.06204771802983]]]}},
{"type":"Feature","properties":{"id":null,"Name":null,"description":null,"timestamp":null,"begin":null,"end":null,"altitudeMode":null,"tessellate":-1,"extrude":0,"visibility":-1,"drawOrder":null,"icon":null,"FID":1642.0},"geometry":{"type":"MultiLineString","coordinates":[[[-34.845258118616698,-7.06247806418951],[-34.845231256352101,-7.06239119217249]]]}},
{"type":"Feature","properties":{"id":null,"Name":null,"description":null,"timestamp":null,"begin":null,"end":null,"altitudeMode":null,"tessellate":-1,"extrude":0,"visibility":-1,"drawOrder":null,"icon":null,"FID":1643.0},"geometry":{"type":"MultiLineString","coordinates":[[[-34.845258118617203,-7.06247806419118],[-34.845259935571697,-7.06248503538551],[-34.845261137424401,-7.062492138252],[-34.8452617150284,-7.06249931873352],[-34.845261663987799,-7.06250652218231],[-34.845260984691002,-7.06251369377576],[-34.845259682307798,-7.06252077893373],[-34.845257766750102,-7.06252772373389],[-34.845255252596402,-7.06253447532214],[-34.845252158980998,-7.06254098231475],[-34.845248509448098,-7.06254719518965],[-34.845244331772797,-7.06255306666303],[-34.845242166474101,-7.06255572880522]]]}},
{"type":"Feature","properties":{"id":null,"Name":null,"description":null,"timestamp":null,"begin":null,"end":null,"altitudeMode":null,"tessellate":-1,"extrude":0,"visibility":-1,"drawOrder":null,"icon":null,"FID":1644.0},"geometry":{"type":"MultiLineString","coordinates":[[[-34.8443509401054,-7.0636069466785],[-34.845242135624801,-7.06255570268157]]]}},
{"type":"Feature","properties":{"id":null,"Name":null,"description":null,"timestamp":null,"begin":null,"end":null,"altitudeMode":null,"tessellate":-1,"extrude":0,"visibility":-1,"drawOrder":null,"icon":null,"FID":1645.0},"geometry":{"type":"MultiLineString","coordinates":[[[-34.844350940109699,-7.06360694667349],[-34.8443344855974,-7.06362472611319],[-34.8443165425629,-7.06364100522891],[-34.844297247563397,-7.0636556601266],[-34.844282948676401,-7.06366493202205]]]}},
{"type":"Feature","properties":{"id":null,"Name":null,"description":null,"timestamp":null,"begin":null,"end":null,"altitudeMode":null,"tessellate":-1,"extrude":0,"visibility":-1,"drawOrder":null,"icon":null,"FID":1646.0},"geometry":{"type":"MultiLineString","coordinates":[[[-34.8437229621114,-7.06400408791335],[-34.844282929168202,-7.06366489988703]]]}},
{"type":"Feature","properties":{"id":null,"Name":null,"description":null,"timestamp":null,"begin":null,"end":null,"altitudeMode":null,"tessellate":-1,"extrude":0,"visibility":-1,"drawOrder":null,"icon":null,"FID":1647.0},"geometry":{"type":"MultiLineString","coordinates":[[[-34.843722962117397,-7.06400408790971],[-34.843700062727997,-7.06401662290125],[-34.843676156882402,-7.06402711638177],[-34.843651426518903,-7.06403548848933],[-34.843626059850699,-7.06404167550695],[-34.843600249933701,-7.06404563034748],[-34.843574193197199,-7.06404732291206],[-34.843555156988302,-7.06404712304589]]]}},
{"type":"Feature","properties":{"id":null,"Name":null,"description":null,"timestamp":null,"begin":null,"end":null,"altitudeMode":null,"tessellate":-1,"extrude":0,"visibility":-1,"drawOrder":null,"icon":null,"FID":1648.0},"geometry":{"type":"MultiLineString","coordinates":[[[-34.843136047601298,-7.0640294641088],[-34.8435551556043,-7.06404715569806]]]}},
{"type":"Feature","properties":{"id":null,"Name":null,"description":null,"timestamp":null,"begin":null,"end":null,"altitudeMode":null,"tessellate":-1,"extrude":0,"visibility":-1,"drawOrder":null,"icon":null,"FID":1649.0},"geometry":{"type":"MultiLineString","coordinates":[[[-34.843136047600801,-7.06402946410877],[-34.843129173111798,-7.0640288678424],[-34.843122376802498,-7.06402767529493],[-34.8431157103971,-7.06402589554231],[-34.843109224630801,-7.06402354212959],[-34.843102968864301,-7.06402063296765],[-34.843096990707899,-7.06401719019697],[-34.843091335658798,-7.06401324001913],[-34.843086046755502,-7.06400881249736],[-34.843081164249703,-7.06400394132779],[-34.8430767253002,-7.063998663583],[-34.843072763690103,-7.06399301942978],[-34.843069309569699,-7.0639870518236],[-34.843066389226898,-7.06398080618156],[-34.843064024887298,-7.06397433003676],[-34.843062234544902,-7.06396767267661],[-34.843061031825201,-7.06396088476762],[-34.843060425881703,-7.06395401796991],[-34.843060421325902,-7.06394712454398],[-34.8430610181925,-7.06394025695294],[-34.8430622119389,-7.06393346746332],[-34.843063993480001,-7.06392680774725],[-34.843066349257199,-7.06392032848919],[-34.843069261341398,-7.06391407900017],[-34.843072347630603,-7.06390867745369]]]}},
{"type":"Feature","properties":{"id":null,"Name":null,"description":null,"timestamp":null,"begin":null,"end":null,"altitudeMode":null,"tessellate":-1,"extrude":0,"visibility":-1,"drawOrder":null,"icon":null,"FID":1650.0},"geometry":{"type":"MultiLineString","coordinates":[[[-34.843121949235403,-7.06382898127527],[-34.8430723060915,-7.0639086515516]]]}},
{"type":"Feature","properties":{"id":null,"Name":null,"description":null,"timestamp":null,"begin":null,"end":null,"altitudeMode":null,"tessellate":-1,"extrude":0,"visibility":-1,"drawOrder":null,"icon":null,"FID":1651.0},"geometry":{"type":"MultiLineString","coordinates":[[[-34.843146060349902,-7.06358693771245],[-34.843153506732598,-7.06360973025889],[-34.843158936285697,-7.06363308441697],[-34.843162307686697,-7.06365682244755],[-34.843163595276998,-7.06368076369005],[-34.843162789256802,-7.06370472593726],[-34.843159895760202,-7.06372852682205],[-34.843154936808098,-7.0637519852054],[-34.843147950140803,-7.06377492255481],[-34.843138988930797,-7.06379716430322],[-34.843128121377802,-7.06381854117744],[-34.843121927250699,-7.06382896756409]]]}},
{"type":"Feature","properties":{"id":null,"Name":null,"description":null,"timestamp":null,"begin":null,"end":null,"altitudeMode":null,"tessellate":-1,"extrude":0,"visibility":-1,"drawOrder":null,"icon":null,"FID":1652.0},"geometry":{"type":"MultiLineString","coordinates":[[[-34.843048005386599,-7.06332593802056],[-34.843146060351501,-7.06358693771651]]]}},
{"type":"Feature","properties":{"id":null,"Name":null,"description":null,"timestamp":null,"begin":null,"end":null,"altitudeMode":null,"tessellate":-1,"extrude":0,"visibility":-1,"drawOrder":null,"icon":null,"FID":1653.0},"geometry":{"type":"MultiLineString","coordinates":[[[-34.843048005387502,-7.06332593802304],[-34.843039128497402,-7.06329877874236],[-34.843032654848898,-7.06327094991375],[-34.843028633710098,-7.0632426633316],[-34.843027095683901,-7.06321413427409],[-34.843028052475198,-7.06318557986468],[-34.843031496801601,-7.06315721741979],[-34.843037402449397,-7.0631292627948],[-34.843045724472503,-7.0631019287413],[-34.843056341542699,-7.06307555097359]]]}},
{"type":"Feature","properties":{"id":null,"Name":null,"description":null,"timestamp":null,"begin":null,"end":null,"altitudeMode":null,"tessellate":-1,"extrude":0,"visibility":-1,"drawOrder":null,"icon":null,"FID":1654.0},"geometry":{"type":"MultiLineString","coordinates":[[[-34.844221105608902,-7.06051068709146],[-34.843056335697902,-7.06307554831701]]]}},
{"type":"Feature","properties":{"id":null,"Name":null,"description":null,"timestamp":null,"begin":null,"end":null,"altitudeMode":null,"tessellate":-1,"extrude":0,"visibility":-1,"drawOrder":null,"icon":null,"FID":1655.0},"geometry":{"type":"MultiLineString","coordinates":[[[-34.844119007201499,-7.06009699414227],[-34.8441418914868,-7.06011645202502],[-34.844162991137203,-7.06013782837577],[-34.844182145571999,-7.06016096050783],[-34.844199209014299,-7.060185672372],[-34.844214051601,-7.0602117758963],[-34.844226560370799,-7.06023907241748],[-34.844236640124301,-7.06026735419277],[-34.844244214148098,-7.06029640598108],[-34.844249224799,-7.06032600668095],[-34.844251633942399,-7.06035593101341],[-34.844251423242902,-7.06038595123637],[-34.844248594303401,-7.06041583887797],[-34.844243168653399,-7.06044536647526],[-34.8442351875849,-7.06047430930546],[-34.844224711838002,-7.06050244709612],[-34.844221100624203,-7.06051068484375]]]}},
{"type":"Feature","properties":{"id":null,"Name":null,"description":null,"timestamp":null,"begin":null,"end":null,"altitudeMode":null,"tessellate":-1,"extrude":0,"visibility":-1,"drawOrder":null,"icon":null,"FID":1656.0},"geometry":{"type":"MultiLineString","coordinates":[[[-34.843651197986702,-7.05973302768534],[-34.844119007197797,-7.0600969941394]]]}},
{"type":"Feature","properties":{"id":null,"Name":null,"description":null,"timestamp":null,"begin":null,"end":null,"altitudeMode":null,"tessellate":-1,"extrude":0,"visibility":-1,"drawOrder":null,"icon":null,"FID":1657.0},"geometry":{"type":"MultiLineString","coordinates":[[[-34.842998303632598,-7.05989365142475],[-34.843015215761703,-7.05986037893921],[-34.8430349663073,-7.0598287055889],[-34.843057404955502,-7.05979887242687],[-34.843082360933998,-7.05977110650119],[-34.843109644312499,-7.05974561912694],[-34.843139047447998,-7.05972260427808],[-34.843170346564698,-7.05970223711104],[-34.843203303457699,-7.05968467263186],[-34.843237667305303,-7.05967004451639],[-34.8432731765783,-7.059658464093],[-34.843309561030203,-7.05965001949531],[-34.843346543754002,-7.05964477499148],[-34.843383843289502,-7.05964277049502],[-34.843421175765499,-7.05964402126113],[-34.843458257060099,-7.05964851777057],[-34.843494804963001,-7.05965622580205],[-34.843530541323503,-7.05966708669277],[-34.843565194166999,-7.05968101778486],[-34.8435984997651,-7.05969791305439],[-34.843630204642899,-7.05971764391838],[-34.8436512253054,-7.0597329926559]]]}},
{"type":"Feature","properties":{"id":null,"Name":null,"description":null,"timestamp":null,"begin":null,"end":null,"altitudeMode":null,"tessellate":-1,"extrude":0,"visibility":-1,"drawOrder":null,"icon":null,"FID":1658.0},"geometry":{"type":"MultiLineString","coordinates":[[[-34.841672734568498,-7.06281031487644],[-34.842998303629201,-7.05989365143226]]]}},
{"type":"Feature","properties":{"id":null,"Name":null,"description":null,"timestamp":null,"begin":null,"end":null,"altitudeMode":null,"tessellate":-1,"extrude":0,"visibility":-1,"drawOrder":null,"icon":null,"FID":1659.0},"geometry":{"type":"MultiLineString","coordinates":[[[-34.841672734562998,-7.06281031488862],[-34.841641241903403,-7.06287226344205],[-34.841630787950102,-7.06289022761903]]]}},
{"type":"Feature","properties":{"id":null,"Name":null,"description":null,"timestamp":null,"begin":null,"end":null,"altitudeMode":null,"tessellate":-1,"extrude":0,"visibility":-1,"drawOrder":null,"icon":null,"FID":1660.0},"geometry":{"type":"MultiLineString","coordinates":[[[-34.8408755284525,-7.06415005666005],[-34.841630785061902,-7.06289022589431]]]}},
{"type":"Feature","properties":{"id":null,"Name":null,"description":null,"timestamp":null,"begin":null,"end":null,"altitudeMode":null,"tessellate":-1,"extrude":0,"visibility":-1,"drawOrder":null,"icon":null,"FID":1670.0},"geometry":{"type":"MultiLineString","coordinates":[[[-34.843178870592602,-7.05424765849525],[-34.8427915499202,-7.05148640084915]]]}},
{"type":"Feature","properties":{"id":null,"Name":null,"description":null,"timestamp":null,"begin":null,"end":null,"altitudeMode":null,"tessellate":-1,"extrude":0,"visibility":-1,"drawOrder":null,"icon":null,"FID":1671.0},"geometry":{"type":"MultiLineString","coordinates":[[[-34.843537557170002,-7.05432209974281],[-34.8435280772064,-7.05433616934771],[-34.843517405863899,-7.05434935999173],[-34.843505624357697,-7.05436157128604],[-34.843492822352196,-7.05437271029519],[-34.843479097278397,-7.05438269224452],[-34.843464553592298,-7.05439144116532],[-34.843449301980201,-7.05439889047288],[-34.843433458516301,-7.05440498347343],[-34.843417143778801,-7.05440967379545],[-34.843400481933003,-7.05441292574267],[-34.843383599785597,-7.05441471456578],[-34.843366625820103,-7.05441502665062],[-34.843349689218897,-7.05441385962207],[-34.843332918879803,-7.05441122236187],[-34.843316442435501,-7.05440713494114],[-34.843300385281701,-7.0544016284676],[-34.843284869623297,-7.05439474484887],[-34.843270013543901,-7.0543865364735],[-34.843255930107397,-7.0543770658122],[-34.843242726497401,-7.05436640494248],[-34.843230503201298,-7.05435463500008],[-34.8432193532459,-7.05434184556144],[-34.843209361489102,-7.05432813396198],[-34.843200603974203,-7.05431360455533],[-34.843193147351101,-7.05429836791917],[-34.843187048369202,-7.05428254001358],[-34.843182353445201,-7.05426624129855],[-34.843179098310401,-7.05424959581724],[-34.8431788176282,-7.05424766590977]]]}},
{"type":"Feature","properties":{"id":null,"Name":null,"description":null,"timestamp":null,"begin":null,"end":null,"altitudeMode":null,"tessellate":-1,"extrude":0,"visibility":-1,"drawOrder":null,"icon":null,"FID":1672.0},"geometry":{"type":"MultiLineString","coordinates":[[[-34.843967563057099,-7.05361969198869],[-34.843537557170599,-7.05432209974183]]]}},
{"type":"Feature","properties":{"id":null,"Name":null,"description":null,"timestamp":null,"begin":null,"end":null,"altitudeMode":null,"tessellate":-1,"extrude":0,"visibility":-1,"drawOrder":null,"icon":null,"FID":1673.0},"geometry":{"type":"MultiLineString","coordinates":[[[-34.843967563057703,-7.05361969198769],[-34.843981745272799,-7.05359864133849],[-34.8439977100048,-7.05357890564253],[-34.844015335752502,-7.05356063510022],[-34.844034488373197,-7.05354396876122],[-34.844055022103703,-7.05352903346627],[-34.8440767806701,-7.05351594288181],[-34.844099598476603,-7.05350479663482],[-34.844123301865999,-7.05349567955484],[-34.844147710441497,-7.05348866102813],[-34.844172638439197,-7.05348379446975],[-34.844197896142497,-7.05348111691699],[-34.8442232913252,-7.05348064874754],[-34.8442486307151,-7.05348239352431],[-34.844273721464297,-7.05348633796846],[-34.8442983726177,-7.05349245206035],[-34.844322396565303,-7.05350068926805],[-34.844345610470803,-7.05351098690143],[-34.844367837662602,-7.05352326658941],[-34.844388908978701,-7.05353743487623],[-34.844408664053802,-7.05355338393278],[-34.844426952540097,-7.05357099237729],[-34.844443635251302,-7.053590126199],[-34.844458585221801,-7.05361063977819],[-34.844471688673302,-7.05363237699435],[-34.844479953217899,-7.05364875730757]]]}},
{"type":"Feature","properties":{"id":null,"Name":null,"description":null,"timestamp":null,"begin":null,"end":null,"altitudeMode":null,"tessellate":-1,"extrude":0,"visibility":-1,"drawOrder":null,"icon":null,"FID":1674.0},"geometry":{"type":"MultiLineString","coordinates":[[[-34.8451181493487,-7.05501972919927],[-34.844479924441103,-7.05364877067308]]]}},
{"type":"Feature","properties":{"id":null,"Name":null,"description":null,"timestamp":null,"begin":null,"end":null,"altitudeMode":null,"tessellate":-1,"extrude":0,"visibility":-1,"drawOrder":null,"icon":null,"FID":1675.0},"geometry":{"type":"MultiLineString","coordinates":[[[-34.845359213499101,-7.05498776428945],[-34.845356846295601,-7.05499861905958],[-34.8453535411129,-7.05500922641159],[-34.845349323105303,-7.05501950561717],[-34.845344224374401,-7.05502937844533],[-34.845338283724502,-7.05503876975784],[-34.845331546367497,-7.05504760808115],[-34.845324063578701,-7.05505582615025],[-34.845315892306701,-7.05506336142063],[-34.845307094739702,-7.0550701565443],[-34.845297737832603,-7.05507615980625],[-34.845287892797003,-7.05508132551795],[-34.8452776345597,-7.05508561436523],[-34.845267041192002,-7.05508899370729],[-34.845256193315997,-7.05509143782527],[-34.845245173490603,-7.05509292811795],[-34.845234065583398,-7.05509345324325],[-34.845222954132197,-7.05509300920466],[-34.845211923702202,-7.05509159938152],[-34.8452010582414,-7.05508923450348],[-34.845190440442799,-7.05508593256865],[-34.845180151114299,-7.05508171870677],[-34.845170268563898,-7.05507662498787],[-34.845160868003802,-7.05507069017824],[-34.845152020978098,-7.05506395944541],[-34.845143794818,-7.05505648401433],[-34.8451362521295,-7.05504832077759],[-34.845129450317103,-7.05503953186238],[-34.845123441146697,-7.0550301841577],[-34.845118270351698,-7.05502034880524],[-34.845118010414303,-7.05501979372358]]]}},
{"type":"Feature","properties":{"id":null,"Name":null,"description":null,"timestamp":null,"begin":null,"end":null,"altitudeMode":null,"tessellate":-1,"extrude":0,"visibility":-1,"drawOrder":null,"icon":null,"FID":1676.0},"geometry":{"type":"MultiLineString","coordinates":[[[-34.845674456092503,-7.05316503655515],[-34.845359213499002,-7.05498776428992]]]}},
{"type":"Feature","properties":{"id":null,"Name":null,"description":null,"timestamp":null,"begin":null,"end":null,"altitudeMode":null,"tessellate":-1,"extrude":0,"visibility":-1,"drawOrder":null,"icon":null,"FID":1677.0},"geometry":{"type":"MultiLineString","coordinates":[[[-34.845705013030397,-7.0524482939967],[-34.845715380509702,-7.05269206195098],[-34.845704441981098,-7.05293580499501],[-34.845674494357702,-7.05316504312362]]]}},
{"type":"Feature","properties":{"id":null,"Name":null,"description":null,"timestamp":null,"begin":null,"end":null,"altitudeMode":null,"tessellate":-1,"extrude":0,"visibility":-1,"drawOrder":null,"icon":null,"FID":1678.0},"geometry":{"type":"MultiLineString","coordinates":[[[-34.845620880606901,-7.05147432459532],[-34.845705013029502,-7.05244829398697]]]}},
{"type":"Feature","properties":{"id":null,"Name":null,"description":null,"timestamp":null,"begin":null,"end":null,"altitudeMode":null,"tessellate":-1,"extrude":0,"visibility":-1,"drawOrder":null,"icon":null,"FID":1679.0},"geometry":{"type":"MultiLineString","coordinates":[[[-34.846394735456002,-7.05158075727802],[-34.846351125985002,-7.05150363451325],[-34.8463353501336,-7.0514712431012]]]}},
{"type":"Feature","properties":{"id":null,"Name":null,"description":null,"timestamp":null,"begin":null,"end":null,"altitudeMode":null,"tessellate":-1,"extrude":0,"visibility":-1,"drawOrder":null,"icon":null,"FID":1680.0},"geometry":{"type":"MultiLineString","coordinates":[[[-34.846839115741197,-7.0522922762997],[-34.846394735463903,-7.05158075729057]]]}},
{"type":"Feature","properties":{"id":null,"Name":null,"description":null,"timestamp":null,"begin":null,"end":null,"altitudeMode":null,"tessellate":-1,"extrude":0,"visibility":-1,"drawOrder":null,"icon":null,"FID":1681.0},"geometry":{"type":"MultiLineString","coordinates":[[[-34.846839115715603,-7.05229227625866],[-34.846980679485,-7.0525426202859],[-34.847099864448701,-7.05280433763474],[-34.847180733403903,-7.05302752130606]]]}},
{"type":"Feature","properties":{"id":null,"Name":null,"description":null,"timestamp":null,"begin":null,"end":null,"altitudeMode":null,"tessellate":-1,"extrude":0,"visibility":-1,"drawOrder":null,"icon":null,"FID":1698.0},"geometry":{"type":"MultiLineString","coordinates":[[[-34.8472432926322,-7.06896300995792],[-34.847042194896503,-7.06978467528531]]]}},
{"type":"Feature","properties":{"id":null,"Name":null,"description":null,"timestamp":null,"begin":null,"end":null,"altitudeMode":null,"tessellate":-1,"extrude":0,"visibility":-1,"drawOrder":null,"icon":null,"FID":1699.0},"geometry":{"type":"MultiLineString","coordinates":[[[-34.840020556355199,-7.06557637185391],[-34.840875528810301,-7.06415014707289]]]}},
{"type":"Feature","properties":{"id":null,"Name":null,"description":null,"timestamp":null,"begin":null,"end":null,"altitudeMode":null,"tessellate":-1,"extrude":0,"visibility":-1,"drawOrder":null,"icon":null,"FID":1700.0},"geometry":{"type":"MultiLineString","coordinates":[[[-34.840020556348101,-7.06557637186583],[-34.839991592299803,-7.06562021764372],[-34.839958913200199,-7.06566137473302],[-34.839944840008201,-7.06567703116672]]]}},
{"type":"Feature","properties":{"id":null,"Name":null,"description":null,"timestamp":null,"begin":null,"end":null,"altitudeMode":null,"tessellate":-1,"extrude":0,"visibility":-1,"drawOrder":null,"icon":null,"FID":1701.0},"geometry":{"type":"MultiLineString","coordinates":[[[-34.838477280814502,-7.06725386118837],[-34.839944839430999,-7.06567703060065]]]}},
{"type":"Feature","properties":{"id":null,"Name":null,"description":null,"timestamp":null,"begin":null,"end":null,"altitudeMode":null,"tessellate":-1,"extrude":0,"visibility":-1,"drawOrder":null,"icon":null,"FID":1702.0},"geometry":{"type":"MultiLineString","coordinates":[[[-34.838483855746802,-7.06790970101767],[-34.838456250575597,-7.06787859387703],[-34.838431464366501,-7.06784520159147],[-34.838409685757298,-7.06780977829697],[-34.8383910804964,-7.06777259358677],[-34.8383757901804,-7.06773393045944],[-34.838363931177497,-7.06769408316528],[-34.838355593741099,-7.06765335496671],[-34.838350841323397,-7.06761205583033],[-34.838349710092203,-7.06757050006787],[-34.838352208655898,-7.06752900394402],[-34.8383583179981,-7.06748788326956],[-34.838367991621801,-7.06744745099775],[-34.838381155904003,-7.06740801484258],[-34.838397710655599,-7.06736987493694],[-34.838417529884097,-7.06733332154837],[-34.838440462752601,-7.06729863286993],[-34.8384663347273,-7.0672660729031],[-34.838477298597901,-7.06725387770374]]]}},
{"type":"Feature","properties":{"id":null,"Name":null,"description":null,"timestamp":null,"begin":null,"end":null,"altitudeMode":null,"tessellate":-1,"extrude":0,"visibility":-1,"drawOrder":null,"icon":null,"FID":1703.0},"geometry":{"type":"MultiLineString","coordinates":[[[-34.839087277627101,-7.06853235412617],[-34.838483855741899,-7.06790970101269]]]}},
{"type":"Feature","properties":{"id":null,"Name":null,"description":null,"timestamp":null,"begin":null,"end":null,"altitudeMode":null,"tessellate":-1,"extrude":0,"visibility":-1,"drawOrder":null,"icon":null,"FID":1704.0},"geometry":{"type":"MultiLineString","coordinates":[[[-34.839087277623499,-7.06853235412244],[-34.8391005208696,-7.0685472697614],[-34.839112412419802,-7.06856328169662],[-34.839122861772204,-7.06858026806778],[-34.839131789400902,-7.06859809959847],[-34.8391391273612,-7.06861664058004],[-34.839144819806499,-7.06863574990457],[-34.839148823414,-7.06865528213871],[-34.839151107713299,-7.06867508863039],[-34.839151655319597,-7.06869501864036],[-34.8391504620649,-7.0687149204893],[-34.839147537030399,-7.06873464271212],[-34.8391429024771,-7.06875403521086],[-34.839136593676599,-7.06877295039687],[-34.839128658642402,-7.06879124431415],[-34.839119157764799,-7.06880877773492],[-34.839115516527698,-7.06881464604942]]]}},
{"type":"Feature","properties":{"id":null,"Name":null,"description":null,"timestamp":null,"begin":null,"end":null,"altitudeMode":null,"tessellate":-1,"extrude":0,"visibility":-1,"drawOrder":null,"icon":null,"FID":1705.0},"geometry":{"type":"MultiLineString","coordinates":[[[-34.8388136674577,-7.06928495797583],[-34.8391154552938,-7.06881460684185]]]}},
{"type":"Feature","properties":{"id":null,"Name":null,"description":null,"timestamp":null,"begin":null,"end":null,"altitudeMode":null,"tessellate":-1,"extrude":0,"visibility":-1,"drawOrder":null,"icon":null,"FID":1706.0},"geometry":{"type":"MultiLineString","coordinates":[[[-34.838753244028901,-7.06961412381362],[-34.838746955095999,-7.06957612627777],[-34.838744005166198,-7.06953772577383],[-34.838744416689501,-7.0694992145531],[-34.838748186533003,-7.06946088570944],[-34.838755286005103,-7.06942303094861],[-34.838765661073701,-7.06938593836828],[-34.838779232777398,-7.06934989026531],[-34.8387958978265,-7.06931516098744],[-34.838813637097402,-7.06928493851675]]]}},
{"type":"Feature","properties":{"id":null,"Name":null,"description":null,"timestamp":null,"begin":null,"end":null,"altitudeMode":null,"tessellate":-1,"extrude":0,"visibility":-1,"drawOrder":null,"icon":null,"FID":1707.0},"geometry":{"type":"MultiLineString","coordinates":[[[-34.838875733582299,-7.07019491409009],[-34.838753244030599,-7.06961412382183]]]}},
{"type":"Feature","properties":{"id":null,"Name":null,"description":null,"timestamp":null,"begin":null,"end":null,"altitudeMode":null,"tessellate":-1,"extrude":0,"visibility":-1,"drawOrder":null,"icon":null,"FID":1708.0},"geometry":{"type":"MultiLineString","coordinates":[[[-34.838875733582498,-7.07019491409098],[-34.838877103729402,-7.07020318586734],[-34.838877746995799,-7.0702115454618],[-34.838877658485998,-7.07021992925282],[-34.838876838873702,-7.07022827343469],[-34.838875294396402,-7.07023651450316],[-34.8388730368087,-7.07024458973875],[-34.838870083292001,-7.07025243768399],[-34.838866456324403,-7.07025999861129],[-34.8388621835092,-7.07026721497745],[-34.838857297365202,-7.07027403186152],[-34.838851835078799,-7.07028039738291],[-34.838845838221197,-7.07028626309609],[-34.838839352432302,-7.07029158435948],[-34.838832427072603,-7.07029632067501],[-34.838825114848603,-7.07030043599643],[-34.838817471410501,-7.07030389900362],[-34.838809554929497,-7.07030668334102],[-34.838801425654999,-7.07030876781811],[-34.838793145455597,-7.07031013657075],[-34.8387847773486,-7.07031077918187],[-34.838776385020502,-7.07031069076078],[-34.838768032342003,-7.07030987198047],[-34.8387597828821,-7.0703083290723],[-34.838751699424101,-7.07030607377873],[-34.838745298375102,-7.07030372929689]]]}},
{"type":"Feature","properties":{"id":null,"Name":null,"description":null,"timestamp":null,"begin":null,"end":null,"altitudeMode":null,"tessellate":-1,"extrude":0,"visibility":-1,"drawOrder":null,"icon":null,"FID":1709.0},"geometry":{"type":"MultiLineString","coordinates":[[[-34.838197300357201,-7.07008113800344],[-34.838745291823699,-7.07030374536532]]]}},
{"type":"Feature","properties":{"id":null,"Name":null,"description":null,"timestamp":null,"begin":null,"end":null,"altitudeMode":null,"tessellate":-1,"extrude":0,"visibility":-1,"drawOrder":null,"icon":null,"FID":1710.0},"geometry":{"type":"MultiLineString","coordinates":[[[-34.838283091166701,-7.06980413152272],[-34.838196315837997,-7.06983214072635]]]}},
{"type":"Feature","properties":{"id":null,"Name":null,"description":null,"timestamp":null,"begin":null,"end":null,"altitudeMode":null,"tessellate":-1,"extrude":0,"visibility":-1,"drawOrder":null,"icon":null,"FID":1711.0},"geometry":{"type":"MultiLineString","coordinates":[[[-34.8383650553981,-7.06963518530848],[-34.838368537767302,-7.06964598004967],[-34.838371065105001,-7.06965703691373],[-34.8383726181764,-7.06966827175131],[-34.838373185161899,-7.06967959905853],[-34.838372761746101,-7.06969093262776],[-34.838371351151402,-7.06970218620372],[-34.8383689641133,-7.06971327413988],[-34.838365618798498,-7.06972411205039],[-34.8383613406668,-7.06973461745221],[-34.8383561622773,-7.06974471039283],[-34.838350123040499,-7.0697543140589],[-34.838343268918699,-7.06976335536069],[-34.838335652075898,-7.0697717654884],[-34.838327330480801,-7.06977948043584],[-34.838318367465703,-7.06978644148757],[-34.838308831244703,-7.06979259566574],[-34.838298794393999,-7.06979789613332],[-34.838288333300298,-7.0698023025505],[-34.838283087836899,-7.06980412123221]]]}},
{"type":"Feature","properties":{"id":null,"Name":null,"description":null,"timestamp":null,"begin":null,"end":null,"altitudeMode":null,"tessellate":-1,"extrude":0,"visibility":-1,"drawOrder":null,"icon":null,"FID":1712.0},"geometry":{"type":"MultiLineString","coordinates":[[[-34.838193710286802,-7.06917312068639],[-34.838365055397603,-7.06963518530708]]]}},
{"type":"Feature","properties":{"id":null,"Name":null,"description":null,"timestamp":null,"begin":null,"end":null,"altitudeMode":null,"tessellate":-1,"extrude":0,"visibility":-1,"drawOrder":null,"icon":null,"FID":1724.0},"geometry":{"type":"MultiLineString","coordinates":[[[-34.8485945634174,-7.06361663239557],[-34.8484281357333,-7.06412044544806]]]}},
{"type":"Feature","properties":{"id":null,"Name":null,"description":null,"timestamp":null,"begin":null,"end":null,"altitudeMode":null,"tessellate":-1,"extrude":0,"visibility":-1,"drawOrder":null,"icon":null,"FID":1725.0},"geometry":{"type":"MultiLineString","coordinates":[[[-34.8486460067965,-7.06335251035933],[-34.848635891032501,-7.06344484499301],[-34.848617758194401,-7.06353594750282],[-34.848594588630903,-7.06361664072643]]]}},
{"type":"Feature","properties":{"id":null,"Name":null,"description":null,"timestamp":null,"begin":null,"end":null,"altitudeMode":null,"tessellate":-1,"extrude":0,"visibility":-1,"drawOrder":null,"icon":null,"FID":1726.0},"geometry":{"type":"MultiLineString","coordinates":[[[-34.848723227185303,-7.0621728456846],[-34.848646006797303,-7.06335251034687]]]}},
{"type":"Feature","properties":{"id":null,"Name":null,"description":null,"timestamp":null,"begin":null,"end":null,"altitudeMode":null,"tessellate":-1,"extrude":0,"visibility":-1,"drawOrder":null,"icon":null,"FID":1727.0},"geometry":{"type":"MultiLineString","coordinates":[[[-34.848611029215199,-7.06186072968219],[-34.848634740822199,-7.06188820853032],[-34.848655964868598,-7.0619176473501],[-34.848674539826497,-7.06194882209479],[-34.848690324329098,-7.06198149550613],[-34.848703198246596,-7.06201541892013],[-34.848713063600201,-7.06205033415955],[-34.848719845307997,-7.06208597549866],[-34.848723491756601,-7.06212207168567],[-34.8487239751936,-7.06215834800703],[-34.848723281153397,-7.06217284922069]]]}},
{"type":"Feature","properties":{"id":null,"Name":null,"description":null,"timestamp":null,"begin":null,"end":null,"altitudeMode":null,"tessellate":-1,"extrude":0,"visibility":-1,"drawOrder":null,"icon":null,"FID":1728.0},"geometry":{"type":"MultiLineString","coordinates":[[[-34.848241571269199,-7.06146835106681],[-34.848611029212201,-7.06186072967902]]]}},
{"type":"Feature","properties":{"id":null,"Name":null,"description":null,"timestamp":null,"begin":null,"end":null,"altitudeMode":null,"tessellate":-1,"extrude":0,"visibility":-1,"drawOrder":null,"icon":null,"FID":1729.0},"geometry":{"type":"MultiLineString","coordinates":[[[-34.848018027868797,-7.06133207897675],[-34.848058973137697,-7.06134582717773],[-34.848098563168399,-7.06136308811395],[-34.848136496657801,-7.06138373041944],[-34.848172484909803,-7.06140759699406],[-34.848206254033002,-7.06143450619914],[-34.848237547024198,-7.06146425323982],[-34.848241508270704,-7.06146841028227]]]}},
{"type":"Feature","properties":{"id":null,"Name":null,"description":null,"timestamp":null,"begin":null,"end":null,"altitudeMode":null,"tessellate":-1,"extrude":0,"visibility":-1,"drawOrder":null,"icon":null,"FID":1730.0},"geometry":{"type":"MultiLineString","coordinates":[[[-34.847660670768697,-7.06122915710903],[-34.848018027864299,-7.06133207897545]]]}},
{"type":"Feature","properties":{"id":null,"Name":null,"description":null,"timestamp":null,"begin":null,"end":null,"altitudeMode":null,"tessellate":-1,"extrude":0,"visibility":-1,"drawOrder":null,"icon":null,"FID":1731.0},"geometry":{"type":"MultiLineString","coordinates":[[[-34.847660670768299,-7.0612291571089],[-34.8476491069734,-7.06122527272805],[-34.847637926066596,-7.06122039628213],[-34.847627213141202,-7.06121456488385],[-34.847617049729202,-7.06120782291366],[-34.8476075131803,-7.06120022168212],[-34.847598676073503,-7.06119181903917],[-34.8475906056646,-7.06118267893405],[-34.847583363374099,-7.06117287092851],[-34.847577004320399,-7.06116246966751],[-34.847571576899597,-7.06115155431087],[-34.847567122417601,-7.06114020793116],[-34.847563674775699,-7.06112851688119],[-34.847561260212601,-7.06111657013698],[-34.847560957034197,-7.06111454224212]]]}},
{"type":"Feature","properties":{"id":null,"Name":null,"description":null,"timestamp":null,"begin":null,"end":null,"altitudeMode":null,"tessellate":-1,"extrude":0,"visibility":-1,"drawOrder":null,"icon":null,"FID":1732.0},"geometry":{"type":"MultiLineString","coordinates":[[[-34.847496602655298,-7.06066309247689],[-34.847560932767799,-7.061114545683]]]}},
{"type":"Feature","properties":{"id":null,"Name":null,"description":null,"timestamp":null,"begin":null,"end":null,"altitudeMode":null,"tessellate":-1,"extrude":0,"visibility":-1,"drawOrder":null,"icon":null,"FID":1733.0},"geometry":{"type":"MultiLineString","coordinates":[[[-34.847209688850398,-7.06033066953094],[-34.847243239291799,-7.06034224906791],[-34.847275651836398,-7.06035670574155],[-34.847306679805797,-7.06037392952796],[-34.847336087058899,-7.06039378934392],[-34.847363649789202,-7.06041613404451],[-34.847389158227998,-7.06044079357337],[-34.8474124182409,-7.06046758025694],[-34.847433252805203,-7.0604962902327],[-34.847451503357298,-7.06052670500084],[-34.847467030999198,-7.06055859308699],[-34.847479717555998,-7.06059171180393],[-34.847489466474798,-7.06062580909859],[-34.847496203560098,-7.06066062547032],[-34.847496563086104,-7.06066309809862]]]}},
{"type":"Feature","properties":{"id":null,"Name":null,"description":null,"timestamp":null,"begin":null,"end":null,"altitudeMode":null,"tessellate":-1,"extrude":0,"visibility":-1,"drawOrder":null,"icon":null,"FID":1762.0},"geometry":{"type":"MultiLineString","coordinates":[[[-34.847180620460797,-7.05302717070042],[-34.8472059966712,-7.05310961353872]]]}},
{"type":"Feature","properties":{"id":null,"Name":null,"description":null,"timestamp":null,"begin":null,"end":null,"altitudeMode":null,"tessellate":-1,"extrude":0,"visibility":-1,"drawOrder":null,"icon":null,"FID":1763.0},"geometry":{"type":"MultiLineString","coordinates":[[[-34.847450485867398,-7.0539425349435],[-34.847205994245201,-7.05310961422894]]]}},
{"type":"Feature","properties":{"id":null,"Name":null,"description":null,"timestamp":null,"begin":null,"end":null,"altitudeMode":null,"tessellate":-1,"extrude":0,"visibility":-1,"drawOrder":null,"icon":null,"FID":1764.0},"geometry":{"type":"MultiLineString","coordinates":[[[-34.847450485855198,-7.05394253490195],[-34.8474981510305,-7.05413575379352],[-34.847528778193201,-7.05433238763308],[-34.847540070667002,-7.05447372574864]]]}},
{"type":"Feature","properties":{"id":null,"Name":null,"description":null,"timestamp":null,"begin":null,"end":null,"altitudeMode":null,"tessellate":-1,"extrude":0,"visibility":-1,"drawOrder":null,"icon":null,"FID":1765.0},"geometry":{"type":"MultiLineString","coordinates":[[[-34.847638154597703,-7.05648983820113],[-34.847540108270699,-7.05447372395327]]]}},
{"type":"Feature","properties":{"id":null,"Name":null,"description":null,"timestamp":null,"begin":null,"end":null,"altitudeMode":null,"tessellate":-1,"extrude":0,"visibility":-1,"drawOrder":null,"icon":null,"FID":1766.0},"geometry":{"type":"MultiLineString","coordinates":[[[-34.848145922300802,-7.0565694715547],[-34.848136932170497,-7.05659050714277],[-34.848126141065798,-7.05661067991602],[-34.8481136311132,-7.05662983634743],[-34.848099497520799,-7.0566478306449],[-34.848083847853701,-7.05666452586079],[-34.848066801215197,-7.05667979493433],[-34.848048487340499,-7.0566935216585],[-34.848029045609103,-7.05670560156446],[-34.848008623984498,-7.05671594271667],[-34.847987377887797,-7.05672446641258],[-34.847965469014603,-7.05673110778151],[-34.847943064104903,-7.05673581627856],[-34.847920333673898,-7.05673855606906],[-34.8478974507141,-7.05673930630143],[-34.847874589379003,-7.05673806126588],[-34.847851923657402,-7.05673483043782],[-34.847829626049503,-7.05672963840576],[-34.847807866253703,-7.05672252468422],[-34.8477868098757,-7.05671354341293],[-34.847766617167302,-7.0567027629448],[-34.847747441807599,-7.05669026532582],[-34.847729429732702,-7.05667614567052],[-34.847712718025598,-7.05666051143811],[-34.847697433872597,-7.05664348161466],[-34.8476836935953,-7.0566251858076],[-34.847671601765498,-7.0566057632592],[-34.847661250409303,-7.05658536178696],[-34.847652718306698,-7.05656413665854],[-34.847646070391903,-7.05654224941015],[-34.847641357259398,-7.05651986661713],[-34.847638614778802,-7.05649715862617],[-34.847638156561203,-7.05648983809873]]]}},
{"type":"Feature","properties":{"id":null,"Name":null,"description":null,"timestamp":null,"begin":null,"end":null,"altitudeMode":null,"tessellate":-1,"extrude":0,"visibility":-1,"drawOrder":null,"icon":null,"FID":1767.0},"geometry":{"type":"MultiLineString","coordinates":[[[-34.848449260708797,-7.05576403857428],[-34.848145922302002,-7.05656947155134]]]}},
{"type":"Feature","properties":{"id":null,"Name":null,"description":null,"timestamp":null,"begin":null,"end":null,"altitudeMode":null,"tessellate":-1,"extrude":0,"visibility":-1,"drawOrder":null,"icon":null,"FID":1768.0},"geometry":{"type":"MultiLineString","coordinates":[[[-34.848449260707298,-7.05576403857821],[-34.848462772354203,-7.0557324152039],[-34.848478991460603,-7.05570208862334],[-34.848497794588901,-7.05567328963994],[-34.848519038635303,-7.05564623743114],[-34.8485425619197,-7.0556211378803],[-34.848568185415303,-7.05559818200985],[-34.848595714111703,-7.05557754452746],[-34.8486249384991,-7.05555938249651],[-34.848655636162299,-7.05554383414063],[-34.848687573473804,-7.05553101779183],[-34.848720507371802,-7.05552103098991],[-34.848754187209799,-7.05551394974017],[-34.8487883566645,-7.05550982793488],[-34.848816413748303,-7.05550867985924]]]}},
{"type":"Feature","properties":{"id":null,"Name":null,"description":null,"timestamp":null,"begin":null,"end":null,"altitudeMode":null,"tessellate":-1,"extrude":0,"visibility":-1,"drawOrder":null,"icon":null,"FID":1769.0},"geometry":{"type":"MultiLineString","coordinates":[[[-34.849460238147103,-7.05550515722312],[-34.848816413876499,-7.05550870225928]]]}},
{"type":"Feature","properties":{"id":null,"Name":null,"description":null,"timestamp":null,"begin":null,"end":null,"altitudeMode":null,"tessellate":-1,"extrude":0,"visibility":-1,"drawOrder":null,"icon":null,"FID":1770.0},"geometry":{"type":"MultiLineString","coordinates":[[[-34.849460238153497,-7.05550515722311],[-34.849491133733899,-7.05550633483693],[-34.849521809010298,-7.05551019804294],[-34.8495520305257,-7.0555167174397],[-34.849581568276797,-7.05552584341067],[-34.849610197463903,-7.05553750650174],[-34.849637700202202,-7.0555516179498],[-34.849663867179601,-7.05556807035837],[-34.849688499249901,-7.05558673851484],[-34.849711408948501,-7.0556074803435],[-34.849732421919001,-7.05563013798675],[-34.8497513782401,-7.05565453900653],[-34.849768133642698,-7.05568049769659],[-34.849782560607999,-7.05570781649597],[-34.849794549337901,-7.05573628749238],[-34.849803887998803,-7.05576525519159]]]}},
{"type":"Feature","properties":{"id":null,"Name":null,"description":null,"timestamp":null,"begin":null,"end":null,"altitudeMode":null,"tessellate":-1,"extrude":0,"visibility":-1,"drawOrder":null,"icon":null,"FID":1771.0},"geometry":{"type":"MultiLineString","coordinates":[[[-34.850027604169597,-7.05657693473887],[-34.8498038247672,-7.05576527257901]]]}},
{"type":"Feature","properties":{"id":null,"Name":null,"description":null,"timestamp":null,"begin":null,"end":null,"altitudeMode":null,"tessellate":-1,"extrude":0,"visibility":-1,"drawOrder":null,"icon":null,"FID":1772.0},"geometry":{"type":"MultiLineString","coordinates":[[[-34.8500276041879,-7.05657693480499],[-34.850096892983402,-7.05687926503081],[-34.850139542369497,-7.05718647772629],[-34.850154871678299,-7.0574648362136]]]}},
{"type":"Feature","properties":{"id":null,"Name":null,"description":null,"timestamp":null,"begin":null,"end":null,"altitudeMode":null,"tessellate":-1,"extrude":0,"visibility":-1,"drawOrder":null,"icon":null,"FID":1773.0},"geometry":{"type":"MultiLineString","coordinates":[[[-34.850174085919399,-7.05868480421155],[-34.850154849015098,-7.05746483649541]]]}},
{"type":"Feature","properties":{"id":null,"Name":null,"description":null,"timestamp":null,"begin":null,"end":null,"altitudeMode":null,"tessellate":-1,"extrude":0,"visibility":-1,"drawOrder":null,"icon":null,"FID":1774.0},"geometry":{"type":"MultiLineString","coordinates":[[[-34.8501740859206,-7.05868480429073],[-34.850165761422602,-7.05898327586551],[-34.850131429270597,-7.05927988686192],[-34.850071350701299,-7.05957237989821],[-34.850070651074098,-7.05957515836306]]]}},
{"type":"Feature","properties":{"id":null,"Name":null,"description":null,"timestamp":null,"begin":null,"end":null,"altitudeMode":null,"tessellate":-1,"extrude":0,"visibility":-1,"drawOrder":null,"icon":null,"FID":1775.0},"geometry":{"type":"MultiLineString","coordinates":[[[-34.8500394633054,-7.05969878648402],[-34.85007064837,-7.05957515754498]]]}},
{"type":"Feature","properties":{"id":null,"Name":null,"description":null,"timestamp":null,"begin":null,"end":null,"altitudeMode":null,"tessellate":-1,"extrude":0,"visibility":-1,"drawOrder":null,"icon":null,"FID":1776.0},"geometry":{"type":"MultiLineString","coordinates":[[[-34.849909062567697,-7.0604086903591],[-34.849985783035002,-7.05993299258283],[-34.850039472571297,-7.05969878864819]]]}},
{"type":"Feature","properties":{"id":null,"Name":null,"description":null,"timestamp":null,"begin":null,"end":null,"altitudeMode":null,"tessellate":-1,"extrude":0,"visibility":-1,"drawOrder":null,"icon":null,"FID":1777.0},"geometry":{"type":"MultiLineString","coordinates":[[[-34.849880265544201,-7.06065500144834],[-34.849909062560897,-7.06040869041786]]]}},
{"type":"Feature","properties":{"id":null,"Name":null,"description":null,"timestamp":null,"begin":null,"end":null,"altitudeMode":null,"tessellate":-1,"extrude":0,"visibility":-1,"drawOrder":null,"icon":null,"FID":1778.0},"geometry":{"type":"MultiLineString","coordinates":[[[-34.8498802655484,-7.06065500141264],[-34.849846433932598,-7.06086477816428],[-34.849794429554699,-7.06107081097458],[-34.849758823019798,-7.06118024777495]]]}},
{"type":"Feature","properties":{"id":null,"Name":null,"description":null,"timestamp":null,"begin":null,"end":null,"altitudeMode":null,"tessellate":-1,"extrude":0,"visibility":-1,"drawOrder":null,"icon":null,"FID":1779.0},"geometry":{"type":"MultiLineString","coordinates":[[[-34.849640683808403,-7.06151605829076],[-34.849758814777203,-7.06118024492215]]]}},
{"type":"Feature","properties":{"id":null,"Name":null,"description":null,"timestamp":null,"begin":null,"end":null,"altitudeMode":null,"tessellate":-1,"extrude":0,"visibility":-1,"drawOrder":null,"icon":null,"FID":1780.0},"geometry":{"type":"MultiLineString","coordinates":[[[-34.849584066992698,-7.06186745015106],[-34.849586264406,-7.061779908883],[-34.849596090809598,-7.06169289206214],[-34.849613471414401,-7.06160706193968],[-34.849638273939,-7.06152307173488],[-34.849640708565403,-7.0615160669922]]]}},
{"type":"Feature","properties":{"id":null,"Name":null,"description":null,"timestamp":null,"begin":null,"end":null,"altitudeMode":null,"tessellate":-1,"extrude":0,"visibility":-1,"drawOrder":null,"icon":null,"FID":1781.0},"geometry":{"type":"MultiLineString","coordinates":[[[-34.849587413746903,-7.06204916865521],[-34.849584066992399,-7.06186745013351]]]}},
{"type":"Feature","properties":{"id":null,"Name":null,"description":null,"timestamp":null,"begin":null,"end":null,"altitudeMode":null,"tessellate":-1,"extrude":0,"visibility":-1,"drawOrder":null,"icon":null,"FID":1782.0},"geometry":{"type":"MultiLineString","coordinates":[[[-34.849587413747102,-7.06204916866694],[-34.849586349765303,-7.06209146849502],[-34.849581599472501,-7.0621335147201],[-34.84957319902,-7.06217498734517],[-34.849561212339601,-7.06221557073853],[-34.8495580469218,-7.06222450115967]]]}},
{"type":"Feature","properties":{"id":null,"Name":null,"description":null,"timestamp":null,"begin":null,"end":null,"altitudeMode":null,"tessellate":-1,"extrude":0,"visibility":-1,"drawOrder":null,"icon":null,"FID":1783.0},"geometry":{"type":"MultiLineString","coordinates":[[[-34.849532905599098,-7.06229350217385],[-34.849558063120099,-7.06222450706008]]]}},
{"type":"Feature","properties":{"id":null,"Name":null,"description":null,"timestamp":null,"begin":null,"end":null,"altitudeMode":null,"tessellate":-1,"extrude":0,"visibility":-1,"drawOrder":null,"icon":null,"FID":1784.0},"geometry":{"type":"MultiLineString","coordinates":[[[-34.849663047807702,-7.06270265103264],[-34.849638616605802,-7.06268413470712],[-34.849615893794201,-7.062663561651],[-34.8495950523075,-7.06264108843789],[-34.849576250762098,-7.06261688610279],[-34.849559632248997,-7.06259113884037],[-34.849545323245302,-7.0625640426031],[-34.849533432650702,-7.06253580361003],[-34.849524050959602,-7.06250663677725],[-34.849517249572003,-7.06247676408218],[-34.849513080250297,-7.06244641287434],[-34.849511574724801,-7.06241581414492],[-34.8495127444532,-7.06238520076891],[-34.849516580532502,-7.06235480573272],[-34.8495230537673,-7.06232486036096],[-34.8495321148919,-7.06229559255601],[-34.849532875074701,-7.06229349104082]]]}},
{"type":"Feature","properties":{"id":null,"Name":null,"description":null,"timestamp":null,"begin":null,"end":null,"altitudeMode":null,"tessellate":-1,"extrude":0,"visibility":-1,"drawOrder":null,"icon":null,"FID":1785.0},"geometry":{"type":"MultiLineString","coordinates":[[[-34.8496934503886,-7.06272368727641],[-34.849663047813401,-7.06270265103656]]]}},
{"type":"Feature","properties":{"id":null,"Name":null,"description":null,"timestamp":null,"begin":null,"end":null,"altitudeMode":null,"tessellate":-1,"extrude":0,"visibility":-1,"drawOrder":null,"icon":null,"FID":1786.0},"geometry":{"type":"MultiLineString","coordinates":[[[-34.849693450389402,-7.06272368727698],[-34.849703935969004,-7.06273164148337],[-34.849713687699001,-7.06274047838538],[-34.849722631362802,-7.06275013072885],[-34.849730698894,-7.06276052505368],[-34.849737828893602,-7.06277158225284],[-34.849743967098,-7.0627832181744],[-34.849749066791802,-7.06279534426205],[-34.849753089163201,-7.06280786822897],[-34.849756003599403,-7.06282069476027],[-34.8497577879197,-7.06283372623834],[-34.849758428544398,-7.06284686348579],[-34.849757920597703,-7.06286000652031],[-34.849757433099199,-7.06286492844023]]]}},
{"type":"Feature","properties":{"id":null,"Name":null,"description":null,"timestamp":null,"begin":null,"end":null,"altitudeMode":null,"tessellate":-1,"extrude":0,"visibility":-1,"drawOrder":null,"icon":null,"FID":1787.0},"geometry":{"type":"MultiLineString","coordinates":[[[-34.8496672532087,-7.06364682587764],[-34.849757455364198,-7.06286493101194]]]}},
{"type":"Feature","properties":{"id":null,"Name":null,"description":null,"timestamp":null,"begin":null,"end":null,"altitudeMode":null,"tessellate":-1,"extrude":0,"visibility":-1,"drawOrder":null,"icon":null,"FID":1788.0},"geometry":{"type":"MultiLineString","coordinates":[[[-34.849667253208402,-7.06364682588062],[-34.849665223101503,-7.0636595411475],[-34.849662091398997,-7.06367203127088],[-34.849657881934903,-7.06368420119339],[-34.849652626745602,-7.06369595829458],[-34.849646365826302,-7.06370721309575],[-34.849639146826199,-7.06371787994109],[-34.849632613286701,-7.06372605802077]]]}},
{"type":"Feature","properties":{"id":null,"Name":null,"description":null,"timestamp":null,"begin":null,"end":null,"altitudeMode":null,"tessellate":-1,"extrude":0,"visibility":-1,"drawOrder":null,"icon":null,"FID":1789.0},"geometry":{"type":"MultiLineString","coordinates":[[[-34.849588130115599,-7.06377787814452],[-34.849632633464097,-7.06372607530777]]]}},
{"type":"Feature","properties":{"id":null,"Name":null,"description":null,"timestamp":null,"begin":null,"end":null,"altitudeMode":null,"tessellate":-1,"extrude":0,"visibility":-1,"drawOrder":null,"icon":null,"FID":1790.0},"geometry":{"type":"MultiLineString","coordinates":[[[-34.849528305068098,-7.06393688213766],[-34.849529463297301,-7.06391528342667],[-34.849532501461098,-7.06389386775042],[-34.849537396437199,-7.06387279809509],[-34.849544110971401,-7.06385223481353],[-34.849552593961903,-7.06383233440472],[-34.849562780847698,-7.06381324832268],[-34.849574594100403,-7.063795121824],[-34.849587943813702,-7.06377809286219],[-34.849588128912799,-7.06377787711454]]]}},
{"type":"Feature","properties":{"id":null,"Name":null,"description":null,"timestamp":null,"begin":null,"end":null,"altitudeMode":null,"tessellate":-1,"extrude":0,"visibility":-1,"drawOrder":null,"icon":null,"FID":1791.0},"geometry":{"type":"MultiLineString","coordinates":[[[-34.8495264825604,-7.06411590874219],[-34.849528305068098,-7.0639368821409]]]}},
{"type":"Feature","properties":{"id":null,"Name":null,"description":null,"timestamp":null,"begin":null,"end":null,"altitudeMode":null,"tessellate":-1,"extrude":0,"visibility":-1,"drawOrder":null,"icon":null,"FID":17.0},"geometry":{"type":"MultiLineString","coordinates":[[[-34.829685409246203,-7.02627130653572],[-34.829707199140898,-7.02621986578723]]]}},
{"type":"Feature","properties":{"id":null,"Name":null,"description":null,"timestamp":null,"begin":null,"end":null,"altitudeMode":null,"tessellate":-1,"extrude":0,"visibility":-1,"drawOrder":null,"icon":null,"FID":18.0},"geometry":{"type":"MultiLineString","coordinates":[[[-34.829647807983498,-7.02644505000336],[-34.829650719074799,-7.02640345446694],[-34.8296572477214,-7.02636227069877],[-34.829667344235602,-7.0263218121323],[-34.829680931775599,-7.02628238668163],[-34.829685453584403,-7.02627132528085]]]}},
{"type":"Feature","properties":{"id":null,"Name":null,"description":null,"timestamp":null,"begin":null,"end":null,"altitudeMode":null,"tessellate":-1,"extrude":0,"visibility":-1,"drawOrder":null,"icon":null,"FID":19.0},"geometry":{"type":"MultiLineString","coordinates":[[[-34.829569972691303,-7.02940463474151],[-34.829647807983498,-7.02644505000555]]]}},
{"type":"Feature","properties":{"id":null,"Name":null,"description":null,"timestamp":null,"begin":null,"end":null,"altitudeMode":null,"tessellate":-1,"extrude":0,"visibility":-1,"drawOrder":null,"icon":null,"FID":20.0},"geometry":{"type":"MultiLineString","coordinates":[[[-34.830633253806397,-7.03155669505852],[-34.8304571699992,-7.0314169922705],[-34.830293943612098,-7.03126248859966],[-34.830144816905197,-7.03109435992561],[-34.830010924826702,-7.03091388582371],[-34.829893286374798,-7.03072243982615],[-34.829792796843101,-7.03052147896827],[-34.829710221006401,-7.03031253269888],[-34.829646187301101,-7.03009719124007],[-34.829601183042598,-7.02987709348398],[-34.8295755507175,-7.02965391451959],[-34.829569485377498,-7.02942935288377],[-34.829570016270601,-7.02940463593449]]]}},
{"type":"Feature","properties":{"id":null,"Name":null,"description":null,"timestamp":null,"begin":null,"end":null,"altitudeMode":null,"tessellate":-1,"extrude":0,"visibility":-1,"drawOrder":null,"icon":null,"FID":21.0},"geometry":{"type":"MultiLineString","coordinates":[[[-34.8320236509797,-7.03256426572201],[-34.8306332538031,-7.03155669505609]]]}},
{"type":"Feature","properties":{"id":null,"Name":null,"description":null,"timestamp":null,"begin":null,"end":null,"altitudeMode":null,"tessellate":-1,"extrude":0,"visibility":-1,"drawOrder":null,"icon":null,"FID":22.0},"geometry":{"type":"MultiLineString","coordinates":[[[-34.832023651036202,-7.03256426576289],[-34.832467565766201,-7.03291646980878],[-34.832843747932301,-7.03326978820354]]]}},
{"type":"Feature","properties":{"id":null,"Name":null,"description":null,"timestamp":null,"begin":null,"end":null,"altitudeMode":null,"tessellate":-1,"extrude":0,"visibility":-1,"drawOrder":null,"icon":null,"FID":23.0},"geometry":{"type":"MultiLineString","coordinates":[[[-34.835049036620703,-7.03551250492199],[-34.832843717649901,-7.03326981797569]]]}},
{"type":"Feature","properties":{"id":null,"Name":null,"description":null,"timestamp":null,"begin":null,"end":null,"altitudeMode":null,"tessellate":-1,"extrude":0,"visibility":-1,"drawOrder":null,"icon":null,"FID":24.0},"geometry":{"type":"MultiLineString","coordinates":[[[-34.835360690843601,-7.03541345440632],[-34.835357445550201,-7.03542909745205],[-34.835352847940698,-7.03544439839145],[-34.835346933005503,-7.03545924077518],[-34.835339745760599,-7.03547351164369],[-34.835331340905199,-7.03548710238702],[-34.835321782405302,-7.03549990957135],[-34.835311143006699,-7.03551183572625],[-34.835299503681703,-7.03552279008639],[-34.8352869530124,-7.03553268928241],[-34.835273586517097,-7.03554145797537],[-34.835259505922899,-7.03554902943014],[-34.835244818391601,-7.03555534602332],[-34.835229635704401,-7.03556035968172],[-34.835214073410597,-7.03556403224831],[-34.835198249949002,-7.0355663357726],[-34.835182285745603,-7.03556725272329],[-34.8351663022979,-7.03556677612179],[-34.8351504212498,-7.03556490959529],[-34.835134763465597,-7.03556166734918],[-34.835119448110802,-7.03555707405891],[-34.835104591744503,-7.0355511646822],[-34.8350903074329,-7.03554398419296],[-34.835076703888298,-7.03553558723915],[-34.835063884641997,-7.03552603772662],[-34.835051947256197,-7.03551540833305],[-34.835049031329099,-7.03551251011488]]]}},
{"type":"Feature","properties":{"id":null,"Name":null,"description":null,"timestamp":null,"begin":null,"end":null,"altitudeMode":null,"tessellate":-1,"extrude":0,"visibility":-1,"drawOrder":null,"icon":null,"FID":25.0},"geometry":{"type":"MultiLineString","coordinates":[[[-34.8355799197751,-7.03406406075373],[-34.835360690844098,-7.0354134544031]]]}},
{"type":"Feature","properties":{"id":null,"Name":null,"description":null,"timestamp":null,"begin":null,"end":null,"altitudeMode":null,"tessellate":-1,"extrude":0,"visibility":-1,"drawOrder":null,"icon":null,"FID":26.0},"geometry":{"type":"MultiLineString","coordinates":[[[-34.8354642474483,-7.03357663692539],[-34.8354956279112,-7.033624203465],[-34.835522739383698,-7.03367432142117],[-34.8355453755306,-7.03372660936698],[-34.835563364076101,-7.03378066936058],[-34.835576568115499,-7.03383608997365],[-34.8355848871566,-7.03389244942272],[-34.835588257884901,-7.03394931877907],[-34.835586654645397,-7.03400626523308],[-34.835580089637801,-7.03406285538829],[-34.835579895625898,-7.03406405684358]]]}},
{"type":"Feature","properties":{"id":null,"Name":null,"description":null,"timestamp":null,"begin":null,"end":null,"altitudeMode":null,"tessellate":-1,"extrude":0,"visibility":-1,"drawOrder":null,"icon":null,"FID":27.0},"geometry":{"type":"MultiLineString","coordinates":[[[-34.835216838757297,-7.03323520651234],[-34.835464247453899,-7.03357663693305]]]}},
{"type":"Feature","properties":{"id":null,"Name":null,"description":null,"timestamp":null,"begin":null,"end":null,"altitudeMode":null,"tessellate":-1,"extrude":0,"visibility":-1,"drawOrder":null,"icon":null,"FID":28.0},"geometry":{"type":"MultiLineString","coordinates":[[[-34.8352168387419,-7.03323520649096],[-34.835059562425002,-7.0329968535175],[-34.834923678056398,-7.03274571276008],[-34.834861513233399,-7.03260997944856]]]}},
{"type":"Feature","properties":{"id":null,"Name":null,"description":null,"timestamp":null,"begin":null,"end":null,"altitudeMode":null,"tessellate":-1,"extrude":0,"visibility":-1,"drawOrder":null,"icon":null,"FID":29.0},"geometry":{"type":"MultiLineString","coordinates":[[[-34.8346503681718,-7.03211962986117],[-34.834861617468299,-7.03260993465227]]]}},
{"type":"Feature","properties":{"id":null,"Name":null,"description":null,"timestamp":null,"begin":null,"end":null,"altitudeMode":null,"tessellate":-1,"extrude":0,"visibility":-1,"drawOrder":null,"icon":null,"FID":30.0},"geometry":{"type":"MultiLineString","coordinates":[[[-34.8342175804286,-7.03133019656144],[-34.834435432294399,-7.03168342606008],[-34.8346216408153,-7.0320542805866],[-34.834650367833703,-7.03211962993718]]]}},
{"type":"Feature","properties":{"id":null,"Name":null,"description":null,"timestamp":null,"begin":null,"end":null,"altitudeMode":null,"tessellate":-1,"extrude":0,"visibility":-1,"drawOrder":null,"icon":null,"FID":31.0},"geometry":{"type":"MultiLineString","coordinates":[[[-34.8323090661153,-7.02851808159599],[-34.834217580446598,-7.03133019658799]]]}},
{"type":"Feature","properties":{"id":null,"Name":null,"description":null,"timestamp":null,"begin":null,"end":null,"altitudeMode":null,"tessellate":-1,"extrude":0,"visibility":-1,"drawOrder":null,"icon":null,"FID":32.0},"geometry":{"type":"MultiLineString","coordinates":[[[-34.832309066115698,-7.02851808159661],[-34.832302668272199,-7.02850769978362],[-34.832297200447897,-7.02849680038389],[-34.832292704256297,-7.02848546634847],[-34.832289213915899,-7.02847378393631],[-34.832286755990403,-7.0284618420576],[-34.832285349186002,-7.02844973159732],[-34.832285004209297,-7.02843754472344],[-34.832285723685501,-7.02842537418538],[-34.832287502139103,-7.02841331260834],[-34.832290326034702,-7.02840145178824],[-34.832294173880904,-7.02838988199304],[-34.832299016393002,-7.02837869127588],[-34.832304816716501,-7.02836796480485],[-34.8323115307075,-7.02835778421489],[-34.832319107268297,-7.02834822698634],[-34.832327488736702,-7.02833936585549],[-34.8323366113246,-7.02833126826083],[-34.832346405603701,-7.02832399582996],[-34.832356797033498,-7.02831760391034],[-34.832367706529098,-7.02831214114836],[-34.832379051062503,-7.02830764911886],[-34.832390744295097,-7.02830416200886],[-34.8324026972344,-7.02830170635734],[-34.832414818911403,-7.02830030085324],[-34.832427017072902,-7.02829995619327],[-34.832439198883499,-7.02830067500049],[-34.8324512716325,-7.02830245180431],[-34.832457730183002,-7.02830385086338]]]}},
{"type":"Feature","properties":{"id":null,"Name":null,"description":null,"timestamp":null,"begin":null,"end":null,"altitudeMode":null,"tessellate":-1,"extrude":0,"visibility":-1,"drawOrder":null,"icon":null,"FID":33.0},"geometry":{"type":"MultiLineString","coordinates":[[[-34.833839594504603,-7.02863777017201],[-34.832457730385897,-7.02830385003979]]]}},
{"type":"Feature","properties":{"id":null,"Name":null,"description":null,"timestamp":null,"begin":null,"end":null,"altitudeMode":null,"tessellate":-1,"extrude":0,"visibility":-1,"drawOrder":null,"icon":null,"FID":44.0},"geometry":{"type":"MultiLineString","coordinates":[[[-34.835631486582002,-7.03309181101101],[-34.8355795826972,-7.03130515023593]]]}},
{"type":"Feature","properties":{"id":null,"Name":null,"description":null,"timestamp":null,"begin":null,"end":null,"altitudeMode":null,"tessellate":-1,"extrude":0,"visibility":-1,"drawOrder":null,"icon":null,"FID":45.0},"geometry":{"type":"MultiLineString","coordinates":[[[-34.835854652200602,-7.03352809072815],[-34.835816474922197,-7.0334960657644],[-34.835781236701898,-7.0334608384091],[-34.8357492057239,-7.03342267676435],[-34.835720625763699,-7.03338187126402],[-34.835695714331699,-7.03333873246342],[-34.8356746610187,-7.03329358867559],[-34.835657626052402,-7.0332467834728],[-34.835644739078397,-7.03319867307161],[-34.835636098173303,-7.03314962362185],[-34.835631769098399,-7.03310000842006],[-34.835631472498903,-7.0330918114245]]]}},
{"type":"Feature","properties":{"id":null,"Name":null,"description":null,"timestamp":null,"begin":null,"end":null,"altitudeMode":null,"tessellate":-1,"extrude":0,"visibility":-1,"drawOrder":null,"icon":null,"FID":46.0},"geometry":{"type":"MultiLineString","coordinates":[[[-34.836092204756298,-7.03371024877822],[-34.835854652191401,-7.03352809072111]]]}},
{"type":"Feature","properties":{"id":null,"Name":null,"description":null,"timestamp":null,"begin":null,"end":null,"altitudeMode":null,"tessellate":-1,"extrude":0,"visibility":-1,"drawOrder":null,"icon":null,"FID":47.0},"geometry":{"type":"MultiLineString","coordinates":[[[-34.836092204760597,-7.03371024878152],[-34.8361163666804,-7.03373051609103],[-34.8361386685893,-7.03375281015203],[-34.836158940756597,-7.03377696129351],[-34.836177028898902,-7.03380278571103],[-34.8361927953544,-7.03383008686541],[-34.836206120130598,-7.03385865697876],[-34.836216901817899,-7.03388827861553],[-34.836225058360696,-7.03391872633749],[-34.836230527682297,-7.03394976841933],[-34.8362332681575,-7.03398116861229],[-34.836233258928999,-7.03401268794214],[-34.836230500066598,-7.03404408652789],[-34.836225012566302,-7.03407512540744],[-34.836216838190602,-7.03410556835622],[-34.836208875089902,-7.03412814094982]]]}},
{"type":"Feature","properties":{"id":null,"Name":null,"description":null,"timestamp":null,"begin":null,"end":null,"altitudeMode":null,"tessellate":-1,"extrude":0,"visibility":-1,"drawOrder":null,"icon":null,"FID":48.0},"geometry":{"type":"MultiLineString","coordinates":[[[-34.835929416810202,-7.03484414374941],[-34.836208871529401,-7.03412813954692]]]}},
{"type":"Feature","properties":{"id":null,"Name":null,"description":null,"timestamp":null,"begin":null,"end":null,"altitudeMode":null,"tessellate":-1,"extrude":0,"visibility":-1,"drawOrder":null,"icon":null,"FID":49.0},"geometry":{"type":"MultiLineString","coordinates":[[[-34.836041105736399,-7.03613690562701],[-34.835979620393303,-7.0360245832915],[-34.835928167824001,-7.03590733461197],[-34.835887139609099,-7.03578605192656],[-34.835856847992197,-7.03566165827438],[-34.835837523503798,-7.03553510037038],[-34.835829313206901,-7.03540734140023],[-34.8358322795779,-7.0352793536898],[-34.835846400031798,-7.03515211130496],[-34.835871567094003,-7.03502658263846],[-34.8359075892185,-7.03490372303969],[-34.835929377149803,-7.03484412829946]]]}},
{"type":"Feature","properties":{"id":null,"Name":null,"description":null,"timestamp":null,"begin":null,"end":null,"altitudeMode":null,"tessellate":-1,"extrude":0,"visibility":-1,"drawOrder":null,"icon":null,"FID":50.0},"geometry":{"type":"MultiLineString","coordinates":[[[-34.836585103468401,-7.03703539074064],[-34.8360411057268,-7.0361369056112]]]}},
{"type":"Feature","properties":{"id":null,"Name":null,"description":null,"timestamp":null,"begin":null,"end":null,"altitudeMode":null,"tessellate":-1,"extrude":0,"visibility":-1,"drawOrder":null,"icon":null,"FID":51.0},"geometry":{"type":"MultiLineString","coordinates":[[[-34.836824572060202,-7.03708282267958],[-34.8368126064086,-7.03709084942623],[-34.836799986051098,-7.03709780373826],[-34.836786807036098,-7.03710363268913],[-34.836773169663999,-7.0371082919169],[-34.836759177723501,-7.03711174596201],[-34.836744937701702,-7.03711396853702],[-34.836730557974001,-7.03711494272677],[-34.836716147978898,-7.03711466111701],[-34.836701817385297,-7.03711312585095],[-34.8366876752577,-7.0371103486129],[-34.836673829226399,-7.03710635053928],[-34.8366603846682,-7.03710116205784],[-34.836647443904297,-7.03709482265613],[-34.836635105421998,-7.03708738058078],[-34.836623463124504,-7.03707889247056],[-34.836612605616899,-7.03706942292515],[-34.836602615531397,-7.03705904401356],[-34.8365935688986,-7.03704783472561],[-34.836585534568897,-7.03703588037086],[-34.836585201114303,-7.03703533176127]]]}},
{"type":"Feature","properties":{"id":null,"Name":null,"description":null,"timestamp":null,"begin":null,"end":null,"altitudeMode":null,"tessellate":-1,"extrude":0,"visibility":-1,"drawOrder":null,"icon":null,"FID":52.0},"geometry":{"type":"MultiLineString","coordinates":[[[-34.836983121957601,-7.03696619848951],[-34.836824572062,-7.03708282267822]]]}},
{"type":"Feature","properties":{"id":null,"Name":null,"description":null,"timestamp":null,"begin":null,"end":null,"altitudeMode":null,"tessellate":-1,"extrude":0,"visibility":-1,"drawOrder":null,"icon":null,"FID":53.0},"geometry":{"type":"MultiLineString","coordinates":[[[-34.836983121954802,-7.03696619849152],[-34.837004122644103,-7.03695211265026],[-34.837026272240301,-7.03693990901142],[-34.8370494021719,-7.03692968045191],[-34.837073336406199,-7.03692150481704],[-34.837097892789501,-7.03691544432816],[-34.8371228844331,-7.03691154510905],[-34.837148121136003,-7.03690983683502],[-34.837173410831802,-7.03691033250693],[-34.837198561050997,-7.03691302835235],[-34.837223380385801,-7.03691790385417],[-34.837247679946302,-7.03692492190692],[-34.837271274798503,-7.03693402909896],[-34.837293985371701,-7.03694515611912],[-34.837315638825103,-7.03695821828414],[-34.837336070363001,-7.03697311618316],[-34.8373551244892,-7.0369897364343],[-34.837372656190603,-7.0370079525476],[-34.837376715568297,-7.0370126572747]]]}},
{"type":"Feature","properties":{"id":null,"Name":null,"description":null,"timestamp":null,"begin":null,"end":null,"altitudeMode":null,"tessellate":-1,"extrude":0,"visibility":-1,"drawOrder":null,"icon":null,"FID":54.0},"geometry":{"type":"MultiLineString","coordinates":[[[-34.838070639273703,-7.03783478986242],[-34.837376708187797,-7.03701266350232]]]}},
{"type":"Feature","properties":{"id":null,"Name":null,"description":null,"timestamp":null,"begin":null,"end":null,"altitudeMode":null,"tessellate":-1,"extrude":0,"visibility":-1,"drawOrder":null,"icon":null,"FID":324.0},"geometry":{"type":"MultiLineString","coordinates":[[[-34.7998784717348,-7.27947270936943],[-34.7998796686337,-7.2795003717528]]]}},
{"type":"Feature","properties":{"id":null,"Name":null,"description":null,"timestamp":null,"begin":null,"end":null,"altitudeMode":null,"tessellate":-1,"extrude":0,"visibility":-1,"drawOrder":null,"icon":null,"FID":325.0},"geometry":{"type":"MultiLineString","coordinates":[[[-34.799878471730899,-7.27947270928237],[-34.799878334559502,-7.27873418405159],[-34.7998870914275,-7.27856987602155]]]}},
{"type":"Feature","properties":{"id":null,"Name":null,"description":null,"timestamp":null,"begin":null,"end":null,"altitudeMode":null,"tessellate":-1,"extrude":0,"visibility":-1,"drawOrder":null,"icon":null,"FID":326.0},"geometry":{"type":"MultiLineString","coordinates":[[[-34.799970302506701,-7.27725038346755],[-34.799887096155501,-7.27856987634065]]]}},
{"type":"Feature","properties":{"id":null,"Name":null,"description":null,"timestamp":null,"begin":null,"end":null,"altitudeMode":null,"tessellate":-1,"extrude":0,"visibility":-1,"drawOrder":null,"icon":null,"FID":327.0},"geometry":{"type":"MultiLineString","coordinates":[[[-34.799970302506999,-7.27725038346382],[-34.7999733553889,-7.27722189698227],[-34.799978883087,-7.2771937845836],[-34.7999868435314,-7.27716626022015],[-34.799997176138,-7.27713953336894],[-34.800009802269102,-7.27711380743736],[-34.800024625831597,-7.27708927821518],[-34.800041534008997,-7.27706613238445],[-34.800060398119697,-7.2770445460987],[-34.8000810745961,-7.2770246836424],[-34.800103406077803,-7.27700669618062],[-34.800127222608502,-7.2769907206085],[-34.800152342930403,-7.27697687850959],[-34.800178575862503,-7.27696527523034],[-34.800200589867003,-7.27695755196643]]]}},
{"type":"Feature","properties":{"id":null,"Name":null,"description":null,"timestamp":null,"begin":null,"end":null,"altitudeMode":null,"tessellate":-1,"extrude":0,"visibility":-1,"drawOrder":null,"icon":null,"FID":328.0},"geometry":{"type":"MultiLineString","coordinates":[[[-34.800819890327602,-7.27676463938278],[-34.800200578785997,-7.2769575165278]]]}},
{"type":"Feature","properties":{"id":null,"Name":null,"description":null,"timestamp":null,"begin":null,"end":null,"altitudeMode":null,"tessellate":-1,"extrude":0,"visibility":-1,"drawOrder":null,"icon":null,"FID":329.0},"geometry":{"type":"MultiLineString","coordinates":[[[-34.800819890323801,-7.27676463938397],[-34.800837451086899,-7.27675999876366],[-34.800855350080298,-7.27675690406383],[-34.800873451081799,-7.27675537883692],[-34.800891616332102,-7.27675543469077],[-34.800909707582903,-7.27675707120023],[-34.800927587148998,-7.27676027591048],[-34.800945118956399,-7.2767650244317],[-34.800962169577602,-7.2767712806248],[-34.800978609247203,-7.27677899687642],[-34.800994312849497,-7.27678811446122],[-34.801009160870898,-7.27679856398896],[-34.801023040309097,-7.2768102659325],[-34.8010358455331,-7.27682313123307],[-34.801047479087501,-7.27683706197803],[-34.801057852434099,-7.27685195214613],[-34.8010668866253,-7.27686768841427],[-34.801074512905402,-7.27688415102008],[-34.801080673233699,-7.2769012146733],[-34.801085320726401,-7.27691874950929],[-34.801088420013002,-7.27693662207745],[-34.801089947506,-7.27695469635685],[-34.801089891579998,-7.27697283479135],[-34.801088252660399,-7.27699089933658],[-34.801085043220198,-7.27700875251042],[-34.801080287685103,-7.27702625843949],[-34.801074022247199,-7.27704328389309],[-34.801066294590299,-7.2770596992972],[-34.801060902090597,-7.27706933480325]]]}},
{"type":"Feature","properties":{"id":null,"Name":null,"description":null,"timestamp":null,"begin":null,"end":null,"altitudeMode":null,"tessellate":-1,"extrude":0,"visibility":-1,"drawOrder":null,"icon":null,"FID":330.0},"geometry":{"type":"MultiLineString","coordinates":[[[-34.800655850918297,-7.27774991604798],[-34.801060970419101,-7.27706937535083]]]}},
{"type":"Feature","properties":{"id":null,"Name":null,"description":null,"timestamp":null,"begin":null,"end":null,"altitudeMode":null,"tessellate":-1,"extrude":0,"visibility":-1,"drawOrder":null,"icon":null,"FID":331.0},"geometry":{"type":"MultiLineString","coordinates":[[[-34.800654468010698,-7.27806158365401],[-34.800641978794197,-7.27803786513596],[-34.8006316073714,-7.27801314997645],[-34.800623432674897,-7.27798762627294],[-34.800617516918699,-7.27796148827645],[-34.800613905125097,-7.27793493491313],[-34.8006126247815,-7.2779081682702],[-34.800613685631802,-7.27788139205814],[-34.8006170796018,-7.27785481006015],[-34.800622780860898,-7.27782862458137],[-34.800630746018697,-7.27780303490905],[-34.800640914455201,-7.2777782357961],[-34.800653208781902,-7.27775441597861],[-34.800655840696301,-7.27774990998903]]]}},
{"type":"Feature","properties":{"id":null,"Name":null,"description":null,"timestamp":null,"begin":null,"end":null,"altitudeMode":null,"tessellate":-1,"extrude":0,"visibility":-1,"drawOrder":null,"icon":null,"FID":332.0},"geometry":{"type":"MultiLineString","coordinates":[[[-34.800789311301898,-7.27829242056953],[-34.800654468009697,-7.27806158365243]]]}},
{"type":"Feature","properties":{"id":null,"Name":null,"description":null,"timestamp":null,"begin":null,"end":null,"altitudeMode":null,"tessellate":-1,"extrude":0,"visibility":-1,"drawOrder":null,"icon":null,"FID":333.0},"geometry":{"type":"MultiLineString","coordinates":[[[-34.801034764853497,-7.27835401181763],[-34.801021265156798,-7.27836149724569],[-34.801007163465201,-7.27836777935401],[-34.800992567101197,-7.27837281033188],[-34.800977587151898,-7.27837655189042],[-34.800962337624,-7.27837897555406],[-34.800946934575599,-7.27838006287725],[-34.800931495233499,-7.27837980558472],[-34.800916137100501,-7.27837820563457],[-34.800900977061303,-7.27837527520341],[-34.800886130493303,-7.27837103659358],[-34.800871710387703,-7.27836552206344],[-34.800857826490599,-7.27835877358193],[-34.800844584466702,-7.27835084250914],[-34.800832085096197,-7.27834178920529],[-34.8008204235067,-7.27833168257159],[-34.800809688450002,-7.27832059952567],[-34.800799961626502,-7.27830862441629],[-34.800791317063101,-7.27829584838131],[-34.800789275128302,-7.27829244164256]]]}},
{"type":"Feature","properties":{"id":null,"Name":null,"description":null,"timestamp":null,"begin":null,"end":null,"altitudeMode":null,"tessellate":-1,"extrude":0,"visibility":-1,"drawOrder":null,"icon":null,"FID":334.0},"geometry":{"type":"MultiLineString","coordinates":[[[-34.8018425716511,-7.27785875733468],[-34.801034764852098,-7.2783540118185]]]}},
{"type":"Feature","properties":{"id":null,"Name":null,"description":null,"timestamp":null,"begin":null,"end":null,"altitudeMode":null,"tessellate":-1,"extrude":0,"visibility":-1,"drawOrder":null,"icon":null,"FID":402.0},"geometry":{"type":"MultiLineString","coordinates":[[[-34.800948056858203,-7.28235750036157],[-34.801946245434699,-7.28268833510381]]]}},
{"type":"Feature","properties":{"id":null,"Name":null,"description":null,"timestamp":null,"begin":null,"end":null,"altitudeMode":null,"tessellate":-1,"extrude":0,"visibility":-1,"drawOrder":null,"icon":null,"FID":403.0},"geometry":{"type":"MultiLineString","coordinates":[[[-34.800948056827103,-7.28235750035122],[-34.800817991531197,-7.28230799283257],[-34.800692742496302,-7.28224735459961],[-34.800573262952099,-7.28217604714848],[-34.800475256636503,-7.28210616703892]]]}},
{"type":"Feature","properties":{"id":null,"Name":null,"description":null,"timestamp":null,"begin":null,"end":null,"altitudeMode":null,"tessellate":-1,"extrude":0,"visibility":-1,"drawOrder":null,"icon":null,"FID":404.0},"geometry":{"type":"MultiLineString","coordinates":[[[-34.800120596771997,-7.28183249489312],[-34.800475287002399,-7.28210612782386]]]}},
{"type":"Feature","properties":{"id":null,"Name":null,"description":null,"timestamp":null,"begin":null,"end":null,"altitudeMode":null,"tessellate":-1,"extrude":0,"visibility":-1,"drawOrder":null,"icon":null,"FID":405.0},"geometry":{"type":"MultiLineString","coordinates":[[[-34.800120596767002,-7.28183249488925],[-34.800094596897402,-7.28181056200295],[-34.800070610392297,-7.28178644990875],[-34.800048819803898,-7.28176034211458],[-34.800029390971602,-7.28173243731688],[-34.800012471760603,-7.28170294788838],[-34.799998190936002,-7.28167209826177],[-34.799986657183197,-7.28164012322173],[-34.799977958280699,-7.28160726611792],[-34.7999721604318,-7.28157377701308],[-34.799969367328799,-7.28154132302996]]]}},
{"type":"Feature","properties":{"id":null,"Name":null,"description":null,"timestamp":null,"begin":null,"end":null,"altitudeMode":null,"tessellate":-1,"extrude":0,"visibility":-1,"drawOrder":null,"icon":null,"FID":406.0},"geometry":{"type":"MultiLineString","coordinates":[[[-34.7998796686337,-7.2795003717528],[-34.799969303142198,-7.28154132586104]]]}}
]
}
