{
"type": "FeatureCollection",
"name": "LTN",
"crs": { "type": "name", "properties": { "name": "urn:ogc:def:crs:OGC:1.3:CRS84" } },
"features": [
{"type":"Feature","properties":{"id":null,"Name":null,"description":null,"timestamp":null,"begin":null,"end":null,"altitudeMode":null,"tessellate":-1,"extrude":0,"visibility":-1,"drawOrder":null,"icon":null,"FID":3.0},"geometry":{"type":"MultiLineString","coordinates":[[[-34.7946623590462,-7.15265924324987],[-34.794491003587602,-7.15293938740705]]]}},
{"type":"Feature","properties":{"id":null,"Name":null,"description":null,"timestamp":null,"begin":null,"end":null,"altitudeMode":null,"tessellate":-1,"extrude":0,"visibility":-1,"drawOrder":null,"icon":null,"FID":4.0},"geometry":{"type":"MultiLineString","coordinates":[[[-34.795112621252898,-7.15184627470196],[-34.794662355396703,-7.15265924141115]]]}},
{"type":"Feature","properties":{"id":null,"Name":null,"description":null,"timestamp":null,"begin":null,"end":null,"altitudeMode":null,"tessellate":-1,"extrude":0,"visibility":-1,"drawOrder":null,"icon":null,"FID":5.0},"geometry":{"type":"MultiLineString","coordinates":[[[-34.795739031998401,-7.15059039388118],[-34.795112621300497,-7.1518462746065]]]}},
{"type":"Feature","properties":{"id":null,"Name":null,"description":null,"timestamp":null,"begin":null,"end":null,"altitudeMode":null,"tessellate":-1,"extrude":0,"visibility":-1,"drawOrder":null,"icon":null,"FID":6.0},"geometry":{"type":"MultiLineString","coordinates":[[[-34.796135047211003,-7.14951750934478],[-34.796004729371298,-7.14995714421968],[-34.7958365447803,-7.15038376175587],[-34.795739029168303,-7.15059039262053]]]}},
{"type":"Feature","properties":{"id":null,"Name":null,"description":null,"timestamp":null,"begin":null,"end":null,"altitudeMode":null,"tessellate":-1,"extrude":0,"visibility":-1,"drawOrder":null,"icon":null,"FID":7.0},"geometry":{"type":"MultiLineString","coordinates":[[[-34.796431576349001,-7.14832900873588],[-34.796135047218797,-7.14951750931354]]]}},
{"type":"Feature","properties":{"id":null,"Name":null,"description":null,"timestamp":null,"begin":null,"end":null,"altitudeMode":null,"tessellate":-1,"extrude":0,"visibility":-1,"drawOrder":null,"icon":null,"FID":8.0},"geometry":{"type":"MultiLineString","coordinates":[[[-34.796431576337902,-7.14832900878037],[-34.796483630055398,-7.14815340613165],[-34.796550808655802,-7.1479830030926],[-34.796632600852099,-7.14781909653041],[-34.796728384141197,-7.14766293386832],[-34.796837429541398,-7.14751570359238],[-34.796958907141402,-7.14737852620634],[-34.797091892416098,-7.14725244570424],[-34.797235373263597,-7.14713842162526],[-34.797274912011503,-7.14711041165679]]]}},
{"type":"Feature","properties":{"id":null,"Name":null,"description":null,"timestamp":null,"begin":null,"end":null,"altitudeMode":null,"tessellate":-1,"extrude":0,"visibility":-1,"drawOrder":null,"icon":null,"FID":9.0},"geometry":{"type":"MultiLineString","coordinates":[[[-34.797958526281903,-7.14663787956514],[-34.797274930175497,-7.14711043784023]]]}},
{"type":"Feature","properties":{"id":null,"Name":null,"description":null,"timestamp":null,"begin":null,"end":null,"altitudeMode":null,"tessellate":-1,"extrude":0,"visibility":-1,"drawOrder":null,"icon":null,"FID":10.0},"geometry":{"type":"MultiLineString","coordinates":[[[-34.7979585262688,-7.14663787957421],[-34.7980110456256,-7.14660486816805],[-34.798066245670199,-7.14657655431354],[-34.798123706297801,-7.146553153495],[-34.7981829901994,-7.14653484380567],[-34.798243646190201,-7.14652176459229],[-34.798305212643299,-7.14651401539465],[-34.798367221002898,-7.14651165518797],[-34.7984223365956,-7.14651409739192]]]}},
{"type":"Feature","properties":{"id":null,"Name":null,"description":null,"timestamp":null,"begin":null,"end":null,"altitudeMode":null,"tessellate":-1,"extrude":0,"visibility":-1,"drawOrder":null,"icon":null,"FID":11.0},"geometry":{"type":"MultiLineString","coordinates":[[[-34.7988457613029,-7.1465493366173],[-34.798422336487597,-7.14651409902254]]]}},
{"type":"Feature","properties":{"id":null,"Name":null,"description":null,"timestamp":null,"begin":null,"end":null,"altitudeMode":null,"tessellate":-1,"extrude":0,"visibility":-1,"drawOrder":null,"icon":null,"FID":12.0},"geometry":{"type":"MultiLineString","coordinates":[[[-34.799269100115403,-7.14653945655463],[-34.799095786914201,-7.14655438711485],[-34.798921830375001,-7.14655417345583],[-34.798845763885197,-7.14654930607327]]]}},
{"type":"Feature","properties":{"id":null,"Name":null,"description":null,"timestamp":null,"begin":null,"end":null,"altitudeMode":null,"tessellate":-1,"extrude":0,"visibility":-1,"drawOrder":null,"icon":null,"FID":13.0},"geometry":{"type":"MultiLineString","coordinates":[[[-34.802291213266997,-7.14614573403379],[-34.799269100087301,-7.14653945655827]]]}},
{"type":"Feature","properties":{"id":null,"Name":null,"description":null,"timestamp":null,"begin":null,"end":null,"altitudeMode":null,"tessellate":-1,"extrude":0,"visibility":-1,"drawOrder":null,"icon":null,"FID":25.0},"geometry":{"type":"MultiLineString","coordinates":[[[-34.795970685622102,-7.16512469581994],[-34.796018049431602,-7.1655916907535]]]}},
{"type":"Feature","properties":{"id":null,"Name":null,"description":null,"timestamp":null,"begin":null,"end":null,"altitudeMode":null,"tessellate":-1,"extrude":0,"visibility":-1,"drawOrder":null,"icon":null,"FID":26.0},"geometry":{"type":"MultiLineString","coordinates":[[[-34.795970685620397,-7.16512469580297],[-34.795953048306004,-7.16481793123113],[-34.795955646676902,-7.16462601711086]]]}},
{"type":"Feature","properties":{"id":null,"Name":null,"description":null,"timestamp":null,"begin":null,"end":null,"altitudeMode":null,"tessellate":-1,"extrude":0,"visibility":-1,"drawOrder":null,"icon":null,"FID":27.0},"geometry":{"type":"MultiLineString","coordinates":[[[-34.795999807424401,-7.1635452841388],[-34.795955697182897,-7.16462601918374]]]}},
{"type":"Feature","properties":{"id":null,"Name":null,"description":null,"timestamp":null,"begin":null,"end":null,"altitudeMode":null,"tessellate":-1,"extrude":0,"visibility":-1,"drawOrder":null,"icon":null,"FID":28.0},"geometry":{"type":"MultiLineString","coordinates":[[[-34.7966417416024,-7.16449521962292],[-34.795999807424401,-7.1635452841388]]]}},
{"type":"Feature","properties":{"id":null,"Name":null,"description":null,"timestamp":null,"begin":null,"end":null,"altitudeMode":null,"tessellate":-1,"extrude":0,"visibility":-1,"drawOrder":null,"icon":null,"FID":29.0},"geometry":{"type":"MultiLineString","coordinates":[[[-34.796641741600297,-7.16449521961993],[-34.796654857675698,-7.16451657238469],[-34.796666060543302,-7.16453898563613],[-34.796675264942301,-7.16456228879607],[-34.796682400821503,-7.16458630451355],[-34.796687413872299,-7.16461085001469],[-34.796690265941997,-7.16463573849353],[-34.79669097267,-7.16465741435917]]]}},
{"type":"Feature","properties":{"id":null,"Name":null,"description":null,"timestamp":null,"begin":null,"end":null,"altitudeMode":null,"tessellate":-1,"extrude":0,"visibility":-1,"drawOrder":null,"icon":null,"FID":30.0},"geometry":{"type":"MultiLineString","coordinates":[[[-34.7966859487669,-7.16558908121534],[-34.796690989871301,-7.16465741444599]]]}},
{"type":"Feature","properties":{"id":null,"Name":null,"description":null,"timestamp":null,"begin":null,"end":null,"altitudeMode":null,"tessellate":-1,"extrude":0,"visibility":-1,"drawOrder":null,"icon":null,"FID":38.0},"geometry":{"type":"MultiLineString","coordinates":[[[-34.7975489604693,-7.16305207020267],[-34.797493710126098,-7.16558592392876]]]}},
{"type":"Feature","properties":{"id":null,"Name":null,"description":null,"timestamp":null,"begin":null,"end":null,"altitudeMode":null,"tessellate":-1,"extrude":0,"visibility":-1,"drawOrder":null,"icon":null,"FID":39.0},"geometry":{"type":"MultiLineString","coordinates":[[[-34.797372831753897,-7.16222933975003],[-34.797434875606697,-7.16237611177898],[-34.797483875757699,-7.16252772616125],[-34.797519459276501,-7.16268302902691],[-34.797541355339703,-7.16284083843374],[-34.797549397292002,-7.1629999533622],[-34.797549007689703,-7.16305207129862]]]}},
{"type":"Feature","properties":{"id":null,"Name":null,"description":null,"timestamp":null,"begin":null,"end":null,"altitudeMode":null,"tessellate":-1,"extrude":0,"visibility":-1,"drawOrder":null,"icon":null,"FID":40.0},"geometry":{"type":"MultiLineString","coordinates":[[[-34.796184570935402,-7.1597287320764],[-34.797372831735402,-7.16222933971101]]]}},
{"type":"Feature","properties":{"id":null,"Name":null,"description":null,"timestamp":null,"begin":null,"end":null,"altitudeMode":null,"tessellate":-1,"extrude":0,"visibility":-1,"drawOrder":null,"icon":null,"FID":41.0},"geometry":{"type":"MultiLineString","coordinates":[[[-34.795229632518698,-7.15984981893162],[-34.7952398926436,-7.15980688840172],[-34.795253859916301,-7.1597650143783],[-34.795271428036401,-7.15972451554787],[-34.795292463298999,-7.15968570013076],[-34.795316805612202,-7.15964886353542],[-34.7953442697155,-7.15961428611023],[-34.795374646589998,-7.15958223100976],[-34.7954077050492,-7.15955294219218],[-34.795443193497803,-7.15952664256251],[-34.795480841847599,-7.15950353227621],[-34.795520363572102,-7.15948378721587],[-34.795561457887501,-7.15946755765277],[-34.795603812041897,-7.15945496710308],[-34.795647103695401,-7.15944611138796],[-34.7956910033732,-7.1594410579043],[-34.795735176973501,-7.15943984511177],[-34.795779288309298,-7.15944248224011],[-34.795823001668097,-7.15944894921902],[-34.795865984365904,-7.15945919683076],[-34.795907909279499,-7.15947314708481],[-34.795948457336003,-7.1594906938114],[-34.795987319941297,-7.15951170346961],[-34.796024201328201,-7.15953601616352],[-34.7960588208079,-7.15956344685922],[-34.796090914905697,-7.15959378679308],[-34.796120239366402,-7.15962680506034],[-34.796146571013502,-7.15966225037269],[-34.796169709447,-7.15969985297044],[-34.7961845879463,-7.1597287240082]]]}},
{"type":"Feature","properties":{"id":null,"Name":null,"description":null,"timestamp":null,"begin":null,"end":null,"altitudeMode":null,"tessellate":-1,"extrude":0,"visibility":-1,"drawOrder":null,"icon":null,"FID":42.0},"geometry":{"type":"MultiLineString","coordinates":[[[-34.795101153163401,-7.16051524057804],[-34.795229632518101,-7.15984981893437]]]}},
{"type":"Feature","properties":{"id":null,"Name":null,"description":null,"timestamp":null,"begin":null,"end":null,"altitudeMode":null,"tessellate":-1,"extrude":0,"visibility":-1,"drawOrder":null,"icon":null,"FID":43.0},"geometry":{"type":"MultiLineString","coordinates":[[[-34.794208372787601,-7.1579416805147],[-34.795101153163401,-7.16051524057804]]]}},
{"type":"Feature","properties":{"id":null,"Name":null,"description":null,"timestamp":null,"begin":null,"end":null,"altitudeMode":null,"tessellate":-1,"extrude":0,"visibility":-1,"drawOrder":null,"icon":null,"FID":44.0},"geometry":{"type":"MultiLineString","coordinates":[[[-34.794208372839499,-7.15794168066438],[-34.793903362338703,-7.15692730424619]]]}},
{"type":"Feature","properties":{"id":null,"Name":null,"description":null,"timestamp":null,"begin":null,"end":null,"altitudeMode":null,"tessellate":-1,"extrude":0,"visibility":-1,"drawOrder":null,"icon":null,"FID":45.0},"geometry":{"type":"MultiLineString","coordinates":[[[-34.793393660899298,-7.15493336182436],[-34.793903321056099,-7.15692731461989]]]}},
{"type":"Feature","properties":{"id":null,"Name":null,"description":null,"timestamp":null,"begin":null,"end":null,"altitudeMode":null,"tessellate":-1,"extrude":0,"visibility":-1,"drawOrder":null,"icon":null,"FID":46.0},"geometry":{"type":"MultiLineString","coordinates":[[[-34.793393660898303,-7.15493336182041],[-34.793387490220901,-7.15490392488819],[-34.793383911715303,-7.15487406280956],[-34.793382952615801,-7.15484400285314],[-34.793384620221097,-7.15481397379349],[-34.793388901839201,-7.15478420417],[-34.793395764883897,-7.15475492054751],[-34.793405157122699,-7.15472634579212],[-34.793417007074602,-7.15469869737486],[-34.793431224553899,-7.15467218571681],[-34.793433526181502,-7.15466836659426]]]}},
{"type":"Feature","properties":{"id":null,"Name":null,"description":null,"timestamp":null,"begin":null,"end":null,"altitudeMode":null,"tessellate":-1,"extrude":0,"visibility":-1,"drawOrder":null,"icon":null,"FID":47.0},"geometry":{"type":"MultiLineString","coordinates":[[[-34.794491003587602,-7.15293938740705],[-34.793433543699798,-7.15466837727688]]]}},
{"type":"Feature","properties":{"id":null,"Name":null,"description":null,"timestamp":null,"begin":null,"end":null,"altitudeMode":null,"tessellate":-1,"extrude":0,"visibility":-1,"drawOrder":null,"icon":null,"FID":58.0},"geometry":{"type":"MultiLineString","coordinates":[[[-34.796074060159199,-7.17644185214986],[-34.796139451803803,-7.17824946507557]]]}},
{"type":"Feature","properties":{"id":null,"Name":null,"description":null,"timestamp":null,"begin":null,"end":null,"altitudeMode":null,"tessellate":-1,"extrude":0,"visibility":-1,"drawOrder":null,"icon":null,"FID":59.0},"geometry":{"type":"MultiLineString","coordinates":[[[-34.7962699208666,-7.17659199021687],[-34.796074060159199,-7.17644185214986]]]}},
{"type":"Feature","properties":{"id":null,"Name":null,"description":null,"timestamp":null,"begin":null,"end":null,"altitudeMode":null,"tessellate":-1,"extrude":0,"visibility":-1,"drawOrder":null,"icon":null,"FID":60.0},"geometry":{"type":"MultiLineString","coordinates":[[[-34.796274702002599,-7.17672614890963],[-34.7962699208666,-7.17659199021687]]]}},
{"type":"Feature","properties":{"id":null,"Name":null,"description":null,"timestamp":null,"begin":null,"end":null,"altitudeMode":null,"tessellate":-1,"extrude":0,"visibility":-1,"drawOrder":null,"icon":null,"FID":61.0},"geometry":{"type":"MultiLineString","coordinates":[[[-34.796491380066897,-7.1771058620877],[-34.796457750528702,-7.17708218759644],[-34.796426314920801,-7.17705567585554],[-34.7963973124875,-7.17702652863582],[-34.796370963955297,-7.17699496776567],[-34.796347469852201,-7.17696123344288],[-34.796327008982601,-7.17692558240656],[-34.796309737065698,-7.17688828598314],[-34.796295785550903,-7.17684962802143],[-34.796285260616898,-7.17680990273236],[-34.796278242364103,-7.17676941244979],[-34.796274784204897,-7.17672846532959],[-34.7962746959074,-7.17672614913576]]]}},
{"type":"Feature","properties":{"id":null,"Name":null,"description":null,"timestamp":null,"begin":null,"end":null,"altitudeMode":null,"tessellate":-1,"extrude":0,"visibility":-1,"drawOrder":null,"icon":null,"FID":62.0},"geometry":{"type":"MultiLineString","coordinates":[[[-34.796777538797798,-7.17728919076694],[-34.7964913800608,-7.1771058620838]]]}},
{"type":"Feature","properties":{"id":null,"Name":null,"description":null,"timestamp":null,"begin":null,"end":null,"altitudeMode":null,"tessellate":-1,"extrude":0,"visibility":-1,"drawOrder":null,"icon":null,"FID":63.0},"geometry":{"type":"MultiLineString","coordinates":[[[-34.796777538798104,-7.17728919076714],[-34.7967791918621,-7.17729035362776],[-34.7967807371585,-7.17729165595679],[-34.796782162926696,-7.1772930878427],[-34.796783458315801,-7.177294638388],[-34.796784613466997,-7.17729629579209],[-34.796785619588903,-7.17729804744111],[-34.796786469024397,-7.17729988000398],[-34.796787155308699,-7.17730177953378],[-34.796787673218802,-7.17730373157396],[-34.796787744282902,-7.17730406790908]]]}},
{"type":"Feature","properties":{"id":null,"Name":null,"description":null,"timestamp":null,"begin":null,"end":null,"altitudeMode":null,"tessellate":-1,"extrude":0,"visibility":-1,"drawOrder":null,"icon":null,"FID":64.0},"geometry":{"type":"MultiLineString","coordinates":[[[-34.7968368387467,-7.17754375095884],[-34.796787736485001,-7.1773040694923]]]}},
{"type":"Feature","properties":{"id":null,"Name":null,"description":null,"timestamp":null,"begin":null,"end":null,"altitudeMode":null,"tessellate":-1,"extrude":0,"visibility":-1,"drawOrder":null,"icon":null,"FID":65.0},"geometry":{"type":"MultiLineString","coordinates":[[[-34.7968368387466,-7.17754375095839],[-34.7968373506435,-7.17754697621479],[-34.796837579139897,-7.17755023375694],[-34.796837522496901,-7.17755349879295],[-34.796837181145499,-7.17755674647392],[-34.796836557683598,-7.17755995208309],[-34.796835656856203,-7.17756309122379],[-34.796835651846401,-7.1775631061735]]]}},
{"type":"Feature","properties":{"id":null,"Name":null,"description":null,"timestamp":null,"begin":null,"end":null,"altitudeMode":null,"tessellate":-1,"extrude":0,"visibility":-1,"drawOrder":null,"icon":null,"FID":66.0},"geometry":{"type":"MultiLineString","coordinates":[[[-34.796605310418002,-7.1782476417593],[-34.796835647284198,-7.17756310464848]]]}},
{"type":"Feature","properties":{"id":null,"Name":null,"description":null,"timestamp":null,"begin":null,"end":null,"altitudeMode":null,"tessellate":-1,"extrude":0,"visibility":-1,"drawOrder":null,"icon":null,"FID":78.0},"geometry":{"type":"MultiLineString","coordinates":[[[-34.798749130923497,-7.17801429021082],[-34.798704931693102,-7.17823941822019]]]}},
{"type":"Feature","properties":{"id":null,"Name":null,"description":null,"timestamp":null,"begin":null,"end":null,"altitudeMode":null,"tessellate":-1,"extrude":0,"visibility":-1,"drawOrder":null,"icon":null,"FID":79.0},"geometry":{"type":"MultiLineString","coordinates":[[[-34.798714282186999,-7.17766994214622],[-34.798732215885302,-7.177718822565],[-34.798745815785701,-7.17776907804201],[-34.7987549783834,-7.17782032610346],[-34.7987596339443,-7.17787217672127],[-34.798759747035298,-7.17792423528146],[-34.7987553167941,-7.17797610558733],[-34.7987491027883,-7.17801428472254]]]}},
{"type":"Feature","properties":{"id":null,"Name":null,"description":null,"timestamp":null,"begin":null,"end":null,"altitudeMode":null,"tessellate":-1,"extrude":0,"visibility":-1,"drawOrder":null,"icon":null,"FID":80.0},"geometry":{"type":"MultiLineString","coordinates":[[[-34.798223521617501,-7.17649419736292],[-34.798714282184399,-7.17766994214007]]]}},
{"type":"Feature","properties":{"id":null,"Name":null,"description":null,"timestamp":null,"begin":null,"end":null,"altitudeMode":null,"tessellate":-1,"extrude":0,"visibility":-1,"drawOrder":null,"icon":null,"FID":81.0},"geometry":{"type":"MultiLineString","coordinates":[[[-34.797878841416399,-7.17609319630667],[-34.797940832214401,-7.17613469185199],[-34.797998966025503,-7.17618142558009],[-34.7980528004177,-7.17623304182037],[-34.798101925679802,-7.17628914774368],[-34.798145967939199,-7.17634931635165],[-34.798184592007502,-7.17641308972658],[-34.798217503931397,-7.17647998251632],[-34.798223579532802,-7.17649417322759]]]}},
{"type":"Feature","properties":{"id":null,"Name":null,"description":null,"timestamp":null,"begin":null,"end":null,"altitudeMode":null,"tessellate":-1,"extrude":0,"visibility":-1,"drawOrder":null,"icon":null,"FID":82.0},"geometry":{"type":"MultiLineString","coordinates":[[[-34.796963216942402,-7.17553638258208],[-34.797878841421699,-7.17609319630987]]]}},
{"type":"Feature","properties":{"id":null,"Name":null,"description":null,"timestamp":null,"begin":null,"end":null,"altitudeMode":null,"tessellate":-1,"extrude":0,"visibility":-1,"drawOrder":null,"icon":null,"FID":83.0},"geometry":{"type":"MultiLineString","coordinates":[[[-34.796963216931999,-7.17553638257576],[-34.796903720999602,-7.17549654886049],[-34.796847927557401,-7.17545168778135],[-34.796796261228501,-7.17540214075945],[-34.796749115225701,-7.17534828487891],[-34.796706848358902,-7.17529053001707],[-34.796669782304299,-7.17522931572485],[-34.796638199156199,-7.17516510788161],[-34.796612339280301,-7.17509839514937],[-34.796592399484098,-7.17502968525376],[-34.796578531519401,-7.17495950112003],[-34.796575138710601,-7.17493473283895]]]}},
{"type":"Feature","properties":{"id":null,"Name":null,"description":null,"timestamp":null,"begin":null,"end":null,"altitudeMode":null,"tessellate":-1,"extrude":0,"visibility":-1,"drawOrder":null,"icon":null,"FID":84.0},"geometry":{"type":"MultiLineString","coordinates":[[[-34.796465469450702,-7.17403136629687],[-34.7965751123524,-7.17493473602622]]]}},
{"type":"Feature","properties":{"id":null,"Name":null,"description":null,"timestamp":null,"begin":null,"end":null,"altitudeMode":null,"tessellate":-1,"extrude":0,"visibility":-1,"drawOrder":null,"icon":null,"FID":85.0},"geometry":{"type":"MultiLineString","coordinates":[[[-34.796465469454503,-7.17403136632786],[-34.796441868938103,-7.17372583374774],[-34.796440722123201,-7.1735332712878]]]}},
{"type":"Feature","properties":{"id":null,"Name":null,"description":null,"timestamp":null,"begin":null,"end":null,"altitudeMode":null,"tessellate":-1,"extrude":0,"visibility":-1,"drawOrder":null,"icon":null,"FID":86.0},"geometry":{"type":"MultiLineString","coordinates":[[[-34.796455935920797,-7.17282371653536],[-34.796440702942697,-7.1735332707976]]]}},
{"type":"Feature","properties":{"id":null,"Name":null,"description":null,"timestamp":null,"begin":null,"end":null,"altitudeMode":null,"tessellate":-1,"extrude":0,"visibility":-1,"drawOrder":null,"icon":null,"FID":87.0},"geometry":{"type":"MultiLineString","coordinates":[[[-34.796411557216601,-7.17205670997862],[-34.796451085028103,-7.17247821326429],[-34.796455979072803,-7.17282371741916]]]}},
{"type":"Feature","properties":{"id":null,"Name":null,"description":null,"timestamp":null,"begin":null,"end":null,"altitudeMode":null,"tessellate":-1,"extrude":0,"visibility":-1,"drawOrder":null,"icon":null,"FID":88.0},"geometry":{"type":"MultiLineString","coordinates":[[[-34.796206761836103,-7.1705734215815],[-34.796411557213098,-7.17205670995302]]]}},
{"type":"Feature","properties":{"id":null,"Name":null,"description":null,"timestamp":null,"begin":null,"end":null,"altitudeMode":null,"tessellate":-1,"extrude":0,"visibility":-1,"drawOrder":null,"icon":null,"FID":89.0},"geometry":{"type":"MultiLineString","coordinates":[[[-34.796206761817899,-7.17057342144985],[-34.796158829210498,-7.1700622327361],[-34.796151775691001,-7.16971694394748]]]}},
{"type":"Feature","properties":{"id":null,"Name":null,"description":null,"timestamp":null,"begin":null,"end":null,"altitudeMode":null,"tessellate":-1,"extrude":0,"visibility":-1,"drawOrder":null,"icon":null,"FID":90.0},"geometry":{"type":"MultiLineString","coordinates":[[[-34.796170691156703,-7.16760574551988],[-34.796151804433599,-7.16971694419541]]]}},
{"type":"Feature","properties":{"id":null,"Name":null,"description":null,"timestamp":null,"begin":null,"end":null,"altitudeMode":null,"tessellate":-1,"extrude":0,"visibility":-1,"drawOrder":null,"icon":null,"FID":91.0},"geometry":{"type":"MultiLineString","coordinates":[[[-34.796127650961097,-7.16667119237211],[-34.796170284553902,-7.16741265074677],[-34.796170746954502,-7.16760574595508]]]}},
{"type":"Feature","properties":{"id":null,"Name":null,"description":null,"timestamp":null,"begin":null,"end":null,"altitudeMode":null,"tessellate":-1,"extrude":0,"visibility":-1,"drawOrder":null,"icon":null,"FID":92.0},"geometry":{"type":"MultiLineString","coordinates":[[[-34.796018049431602,-7.1655916907535],[-34.7961276509524,-7.16667119228593]]]}},
{"type":"Feature","properties":{"id":null,"Name":null,"description":null,"timestamp":null,"begin":null,"end":null,"altitudeMode":null,"tessellate":-1,"extrude":0,"visibility":-1,"drawOrder":null,"icon":null,"FID":93.0},"geometry":{"type":"MultiLineString","coordinates":[[[-34.796681559621703,-7.1663866583987],[-34.7966859487669,-7.16558908121534]]]}},
{"type":"Feature","properties":{"id":null,"Name":null,"description":null,"timestamp":null,"begin":null,"end":null,"altitudeMode":null,"tessellate":-1,"extrude":0,"visibility":-1,"drawOrder":null,"icon":null,"FID":94.0},"geometry":{"type":"MultiLineString","coordinates":[[[-34.796731438456298,-7.16714867069218],[-34.796687927091703,-7.16667854025224],[-34.796681623471102,-7.16638665858693]]]}},
{"type":"Feature","properties":{"id":null,"Name":null,"description":null,"timestamp":null,"begin":null,"end":null,"altitudeMode":null,"tessellate":-1,"extrude":0,"visibility":-1,"drawOrder":null,"icon":null,"FID":95.0},"geometry":{"type":"MultiLineString","coordinates":[[[-34.796899192775797,-7.16837468943548],[-34.796731438466701,-7.16714867076811]]]}},
{"type":"Feature","properties":{"id":null,"Name":null,"description":null,"timestamp":null,"begin":null,"end":null,"altitudeMode":null,"tessellate":-1,"extrude":0,"visibility":-1,"drawOrder":null,"icon":null,"FID":114.0},"geometry":{"type":"MultiLineString","coordinates":[[[-34.798582842357597,-7.16766340171598],[-34.798651589420302,-7.16836503174982]]]}},
{"type":"Feature","properties":{"id":null,"Name":null,"description":null,"timestamp":null,"begin":null,"end":null,"altitudeMode":null,"tessellate":-1,"extrude":0,"visibility":-1,"drawOrder":null,"icon":null,"FID":115.0},"geometry":{"type":"MultiLineString","coordinates":[[[-34.798219962063797,-7.16716690075176],[-34.798267512786403,-7.16718988847259],[-34.798312876587602,-7.16721692792966],[-34.798355708222601,-7.16724781333686],[-34.798395681717501,-7.16728230963822],[-34.798432492850701,-7.16732015429675],[-34.798465861467498,-7.16736105929254],[-34.798495533612602,-7.16740471331471],[-34.798521283462897,-7.16745078413067],[-34.798542915045999,-7.16749892111455],[-34.798560263731702,-7.1675487579157],[-34.798573197485098,-7.16759991524673],[-34.7985816178712,-7.1676520037702],[-34.798582843219002,-7.16766340162601]]]}},
{"type":"Feature","properties":{"id":null,"Name":null,"description":null,"timestamp":null,"begin":null,"end":null,"altitudeMode":null,"tessellate":-1,"extrude":0,"visibility":-1,"drawOrder":null,"icon":null,"FID":116.0},"geometry":{"type":"MultiLineString","coordinates":[[[-34.797876463855999,-7.16701887716652],[-34.798219962073397,-7.1671669007559]]]}},
{"type":"Feature","properties":{"id":null,"Name":null,"description":null,"timestamp":null,"begin":null,"end":null,"altitudeMode":null,"tessellate":-1,"extrude":0,"visibility":-1,"drawOrder":null,"icon":null,"FID":117.0},"geometry":{"type":"MultiLineString","coordinates":[[[-34.797876463857499,-7.16701887716716],[-34.797861427778301,-7.16701161001207],[-34.797847083070998,-7.16700306164202],[-34.797833538907703,-7.16699329711535],[-34.797820898367597,-7.16698239074606],[-34.797809257652901,-7.16697042553826],[-34.797798705356598,-7.16695749255446],[-34.797789321788002,-7.16694369022263],[-34.797781178361703,-7.16692912358688],[-34.797780372612003,-7.16692750284577]]]}},
{"type":"Feature","properties":{"id":null,"Name":null,"description":null,"timestamp":null,"begin":null,"end":null,"altitudeMode":null,"tessellate":-1,"extrude":0,"visibility":-1,"drawOrder":null,"icon":null,"FID":118.0},"geometry":{"type":"MultiLineString","coordinates":[[[-34.797525632331698,-7.16640876569757],[-34.797780418073501,-7.16692748056771]]]}},
{"type":"Feature","properties":{"id":null,"Name":null,"description":null,"timestamp":null,"begin":null,"end":null,"altitudeMode":null,"tessellate":-1,"extrude":0,"visibility":-1,"drawOrder":null,"icon":null,"FID":119.0},"geometry":{"type":"MultiLineString","coordinates":[[[-34.797525632331102,-7.16640876569638],[-34.797510083572398,-7.16637326520474],[-34.797497691863597,-7.16633654630431],[-34.7974885515126,-7.16629888844853],[-34.797482732082202,-7.16626057823677],[-34.797480277860998,-7.16622190723322],[-34.797480296900702,-7.16620351799073]]]}},
{"type":"Feature","properties":{"id":null,"Name":null,"description":null,"timestamp":null,"begin":null,"end":null,"altitudeMode":null,"tessellate":-1,"extrude":0,"visibility":-1,"drawOrder":null,"icon":null,"FID":120.0},"geometry":{"type":"MultiLineString","coordinates":[[[-34.797493710126098,-7.16558592392876],[-34.797480288426101,-7.16620351780399]]]}},
{"type":"Feature","properties":{"id":null,"Name":null,"description":null,"timestamp":null,"begin":null,"end":null,"altitudeMode":null,"tessellate":-1,"extrude":0,"visibility":-1,"drawOrder":null,"icon":null,"FID":128.0},"geometry":{"type":"MultiLineString","coordinates":[[[-34.795413530796203,-7.19011462017356],[-34.795298695795701,-7.19091100245942]]]}},
{"type":"Feature","properties":{"id":null,"Name":null,"description":null,"timestamp":null,"begin":null,"end":null,"altitudeMode":null,"tessellate":-1,"extrude":0,"visibility":-1,"drawOrder":null,"icon":null,"FID":129.0},"geometry":{"type":"MultiLineString","coordinates":[[[-34.795480894343498,-7.18956345136591],[-34.795413563583502,-7.19011462490983]]]}},
{"type":"Feature","properties":{"id":null,"Name":null,"description":null,"timestamp":null,"begin":null,"end":null,"altitudeMode":null,"tessellate":-1,"extrude":0,"visibility":-1,"drawOrder":null,"icon":null,"FID":130.0},"geometry":{"type":"MultiLineString","coordinates":[[[-34.795551892049097,-7.18885422111339],[-34.795480894343797,-7.18956345136309]]]}},
{"type":"Feature","properties":{"id":null,"Name":null,"description":null,"timestamp":null,"begin":null,"end":null,"altitudeMode":null,"tessellate":-1,"extrude":0,"visibility":-1,"drawOrder":null,"icon":null,"FID":131.0},"geometry":{"type":"MultiLineString","coordinates":[[[-34.795551892035803,-7.18885422124632],[-34.795645547484597,-7.18820630809017],[-34.7956531709819,-7.18816665444741]]]}},
{"type":"Feature","properties":{"id":null,"Name":null,"description":null,"timestamp":null,"begin":null,"end":null,"altitudeMode":null,"tessellate":-1,"extrude":0,"visibility":-1,"drawOrder":null,"icon":null,"FID":132.0},"geometry":{"type":"MultiLineString","coordinates":[[[-34.796062413605704,-7.18606876387167],[-34.795653212504597,-7.18816666235789]]]}},
{"type":"Feature","properties":{"id":null,"Name":null,"description":null,"timestamp":null,"begin":null,"end":null,"altitudeMode":null,"tessellate":-1,"extrude":0,"visibility":-1,"drawOrder":null,"icon":null,"FID":133.0},"geometry":{"type":"MultiLineString","coordinates":[[[-34.796124648693599,-7.18547964063857],[-34.796106334682499,-7.18577588412444],[-34.796062365310299,-7.186068754532]]]}},
{"type":"Feature","properties":{"id":null,"Name":null,"description":null,"timestamp":null,"begin":null,"end":null,"altitudeMode":null,"tessellate":-1,"extrude":0,"visibility":-1,"drawOrder":null,"icon":null,"FID":134.0},"geometry":{"type":"MultiLineString","coordinates":[[[-34.796206750846402,-7.18093464823447],[-34.7961246486947,-7.1854796405778]]]}},
{"type":"Feature","properties":{"id":null,"Name":null,"description":null,"timestamp":null,"begin":null,"end":null,"altitudeMode":null,"tessellate":-1,"extrude":0,"visibility":-1,"drawOrder":null,"icon":null,"FID":135.0},"geometry":{"type":"MultiLineString","coordinates":[[[-34.796196818280798,-7.1798339619393],[-34.796206784680699,-7.18093464813195]]]}},
{"type":"Feature","properties":{"id":null,"Name":null,"description":null,"timestamp":null,"begin":null,"end":null,"altitudeMode":null,"tessellate":-1,"extrude":0,"visibility":-1,"drawOrder":null,"icon":null,"FID":136.0},"geometry":{"type":"MultiLineString","coordinates":[[[-34.796139451803803,-7.17824946507557],[-34.796196818297098,-7.17983396238956]]]}},
{"type":"Feature","properties":{"id":null,"Name":null,"description":null,"timestamp":null,"begin":null,"end":null,"altitudeMode":null,"tessellate":-1,"extrude":0,"visibility":-1,"drawOrder":null,"icon":null,"FID":137.0},"geometry":{"type":"MultiLineString","coordinates":[[[-34.796323250444097,-7.179085998189],[-34.796605310418002,-7.1782476417593]]]}},
{"type":"Feature","properties":{"id":null,"Name":null,"description":null,"timestamp":null,"begin":null,"end":null,"altitudeMode":null,"tessellate":-1,"extrude":0,"visibility":-1,"drawOrder":null,"icon":null,"FID":138.0},"geometry":{"type":"MultiLineString","coordinates":[[[-34.796305634533901,-7.1796030659746],[-34.796288972819198,-7.17952599134981],[-34.796279100474798,-7.17944775967902],[-34.796276092631999,-7.17936896635379],[-34.796279972178702,-7.17929021103989],[-34.796290709585698,-7.17921209311354],[-34.796308223131199,-7.17913520709969],[-34.796323238582303,-7.17908599421643]]]}},
{"type":"Feature","properties":{"id":null,"Name":null,"description":null,"timestamp":null,"begin":null,"end":null,"altitudeMode":null,"tessellate":-1,"extrude":0,"visibility":-1,"drawOrder":null,"icon":null,"FID":139.0},"geometry":{"type":"MultiLineString","coordinates":[[[-34.796365740078798,-7.17983212573178],[-34.796305634536097,-7.17960306598301]]]}},
{"type":"Feature","properties":{"id":null,"Name":null,"description":null,"timestamp":null,"begin":null,"end":null,"altitudeMode":null,"tessellate":-1,"extrude":0,"visibility":-1,"drawOrder":null,"icon":null,"FID":140.0},"geometry":{"type":"MultiLineString","coordinates":[[[-34.796365740079999,-7.17983212573613],[-34.796370820769397,-7.17985560660921],[-34.796373833053202,-7.17987944038406],[-34.796374754005697,-7.1799034456714],[-34.796373576617597,-7.17992743977661],[-34.796370309849102,-7.17995124009013],[-34.796368824271497,-7.17995879772027]]]}},
{"type":"Feature","properties":{"id":null,"Name":null,"description":null,"timestamp":null,"begin":null,"end":null,"altitudeMode":null,"tessellate":-1,"extrude":0,"visibility":-1,"drawOrder":null,"icon":null,"FID":141.0},"geometry":{"type":"MultiLineString","coordinates":[[[-34.796229943102503,-7.18061593136351],[-34.7963687720165,-7.17995878670925]]]}},
{"type":"Feature","properties":{"id":null,"Name":null,"description":null,"timestamp":null,"begin":null,"end":null,"altitudeMode":null,"tessellate":-1,"extrude":0,"visibility":-1,"drawOrder":null,"icon":null,"FID":142.0},"geometry":{"type":"MultiLineString","coordinates":[[[-34.796734551556298,-7.18109849497453],[-34.796699448899801,-7.18110588006557],[-34.796663835351701,-7.18111018151397],[-34.796627981953399,-7.18111136658275],[-34.796592161571397,-7.18110942625272],[-34.7965566468215,-7.18110437529076],[-34.796521707992902,-7.18109625213767],[-34.796487610991903,-7.18108511861556],[-34.796454615318197,-7.18107105945732],[-34.796422972089204,-7.18105418166177],[-34.796392922129698,-7.1810346136793],[-34.796364694138397,-7.18101250443436],[-34.796338502947698,-7.18098802219193],[-34.796314547888699,-7.18096135327702],[-34.796293011273903,-7.18093270065656],[-34.796274057010002,-7.18090228239465],[-34.796257829350097,-7.18087032999308],[-34.796244451796198,-7.1808370866293],[-34.796234026159297,-7.18080280530575],[-34.796226631784201,-7.18076774692436],[-34.796222324945902,-7.18073217830088],[-34.796221138421501,-7.18069637013432],[-34.796223081240399,-7.18066059494658],[-34.796228138615803,-7.18062512500865],[-34.796229969876698,-7.18061593700697]]]}},
{"type":"Feature","properties":{"id":null,"Name":null,"description":null,"timestamp":null,"begin":null,"end":null,"altitudeMode":null,"tessellate":-1,"extrude":0,"visibility":-1,"drawOrder":null,"icon":null,"FID":143.0},"geometry":{"type":"MultiLineString","coordinates":[[[-34.797601139974098,-7.18087647464059],[-34.796734551554202,-7.18109849497504]]]}},
{"type":"Feature","properties":{"id":null,"Name":null,"description":null,"timestamp":null,"begin":null,"end":null,"altitudeMode":null,"tessellate":-1,"extrude":0,"visibility":-1,"drawOrder":null,"icon":null,"FID":144.0},"geometry":{"type":"MultiLineString","coordinates":[[[-34.797910195118597,-7.18066531784605],[-34.797880706359798,-7.1807028516958],[-34.797848054389299,-7.18073767584286],[-34.797812487707901,-7.1807695252539],[-34.797774276999199,-7.18079815753495],[-34.797733713070002,-7.18082335477638],[-34.797691104636399,-7.18084492521124],[-34.797646775974997,-7.18086270467482],[-34.797601155356197,-7.18087653456946]]]}},
{"type":"Feature","properties":{"id":null,"Name":null,"description":null,"timestamp":null,"begin":null,"end":null,"altitudeMode":null,"tessellate":-1,"extrude":0,"visibility":-1,"drawOrder":null,"icon":null,"FID":145.0},"geometry":{"type":"MultiLineString","coordinates":[[[-34.7982382894739,-7.18020788371716],[-34.797910195118398,-7.18066531784627]]]}},
{"type":"Feature","properties":{"id":null,"Name":null,"description":null,"timestamp":null,"begin":null,"end":null,"altitudeMode":null,"tessellate":-1,"extrude":0,"visibility":-1,"drawOrder":null,"icon":null,"FID":146.0},"geometry":{"type":"MultiLineString","coordinates":[[[-34.798238289476799,-7.18020788371318],[-34.798250435785498,-7.18019243571544],[-34.798263883953197,-7.18017810378872],[-34.798278531630899,-7.18016499700752],[-34.798294267341099,-7.18015321512219],[-34.798310971325499,-7.18014284779994],[-34.798325088646997,-7.1801355585861]]]}},
{"type":"Feature","properties":{"id":null,"Name":null,"description":null,"timestamp":null,"begin":null,"end":null,"altitudeMode":null,"tessellate":-1,"extrude":0,"visibility":-1,"drawOrder":null,"icon":null,"FID":147.0},"geometry":{"type":"MultiLineString","coordinates":[[[-34.799094347493799,-7.17977197841168],[-34.798325095201697,-7.18013557244001]]]}},
{"type":"Feature","properties":{"id":null,"Name":null,"description":null,"timestamp":null,"begin":null,"end":null,"altitudeMode":null,"tessellate":-1,"extrude":0,"visibility":-1,"drawOrder":null,"icon":null,"FID":169.0},"geometry":{"type":"MultiLineString","coordinates":[[[-34.798679815566402,-7.17836763600154],[-34.799131308513203,-7.17890302720858]]]}},
{"type":"Feature","properties":{"id":null,"Name":null,"description":null,"timestamp":null,"begin":null,"end":null,"altitudeMode":null,"tessellate":-1,"extrude":0,"visibility":-1,"drawOrder":null,"icon":null,"FID":170.0},"geometry":{"type":"MultiLineString","coordinates":[[[-34.798704931693102,-7.17823941822019],[-34.798679815566402,-7.17836763600154]]]}},
{"type":"Feature","properties":{"id":null,"Name":null,"description":null,"timestamp":null,"begin":null,"end":null,"altitudeMode":null,"tessellate":-1,"extrude":0,"visibility":-1,"drawOrder":null,"icon":null,"FID":174.0},"geometry":{"type":"MultiLineString","coordinates":[[[-34.797876268030997,-7.19540478284354],[-34.798414155864698,-7.19492988602719]]]}},
{"type":"Feature","properties":{"id":null,"Name":null,"description":null,"timestamp":null,"begin":null,"end":null,"altitudeMode":null,"tessellate":-1,"extrude":0,"visibility":-1,"drawOrder":null,"icon":null,"FID":176.0},"geometry":{"type":"MultiLineString","coordinates":[[[-34.796687512525303,-7.19525230581799],[-34.797875815728801,-7.19540487503534]]]}},
{"type":"Feature","properties":{"id":null,"Name":null,"description":null,"timestamp":null,"begin":null,"end":null,"altitudeMode":null,"tessellate":-1,"extrude":0,"visibility":-1,"drawOrder":null,"icon":null,"FID":177.0},"geometry":{"type":"MultiLineString","coordinates":[[[-34.796121132683297,-7.19550425668297],[-34.796152538560399,-7.19546285964944],[-34.796187437586497,-7.19542435380392],[-34.796225564158497,-7.19538903219845],[-34.796266628109898,-7.19535716365099],[-34.796310316919197,-7.19532899069958],[-34.796356298088398,-7.19530472775657],[-34.796404221673697,-7.19528455947675],[-34.796453722948399,-7.19526863935212],[-34.796504425179002,-7.19525708854367],[-34.796555942492098,-7.19524999495934],[-34.796607882811301,-7.19524741258507],[-34.796659850840697,-7.19524936107378],[-34.796687518550598,-7.19525225899977]]]}},
{"type":"Feature","properties":{"id":null,"Name":null,"description":null,"timestamp":null,"begin":null,"end":null,"altitudeMode":null,"tessellate":-1,"extrude":0,"visibility":-1,"drawOrder":null,"icon":null,"FID":178.0},"geometry":{"type":"MultiLineString","coordinates":[[[-34.795855748688503,-7.19588766680192],[-34.796121132688697,-7.19550425667518]]]}},
{"type":"Feature","properties":{"id":null,"Name":null,"description":null,"timestamp":null,"begin":null,"end":null,"altitudeMode":null,"tessellate":-1,"extrude":0,"visibility":-1,"drawOrder":null,"icon":null,"FID":179.0},"geometry":{"type":"MultiLineString","coordinates":[[[-34.795593290001598,-7.19549547693616],[-34.795855748688503,-7.19588766680192]]]}},
{"type":"Feature","properties":{"id":null,"Name":null,"description":null,"timestamp":null,"begin":null,"end":null,"altitudeMode":null,"tessellate":-1,"extrude":0,"visibility":-1,"drawOrder":null,"icon":null,"FID":180.0},"geometry":{"type":"MultiLineString","coordinates":[[[-34.795593289991203,-7.19549547692067],[-34.795557079609999,-7.19543590133646],[-34.795526206111397,-7.19537340059134],[-34.795500904460397,-7.19530845035521],[-34.795485832084402,-7.19525891009993]]]}},
{"type":"Feature","properties":{"id":null,"Name":null,"description":null,"timestamp":null,"begin":null,"end":null,"altitudeMode":null,"tessellate":-1,"extrude":0,"visibility":-1,"drawOrder":null,"icon":null,"FID":181.0},"geometry":{"type":"MultiLineString","coordinates":[[[-34.795319601211901,-7.19464148580629],[-34.795485802514698,-7.19525891806269]]]}},
{"type":"Feature","properties":{"id":null,"Name":null,"description":null,"timestamp":null,"begin":null,"end":null,"altitudeMode":null,"tessellate":-1,"extrude":0,"visibility":-1,"drawOrder":null,"icon":null,"FID":182.0},"geometry":{"type":"MultiLineString","coordinates":[[[-34.795319601216299,-7.19464148582251],[-34.795273721937697,-7.19443552803902],[-34.795245990917401,-7.19422636049844],[-34.795241507014097,-7.19416737921425]]]}},
{"type":"Feature","properties":{"id":null,"Name":null,"description":null,"timestamp":null,"begin":null,"end":null,"altitudeMode":null,"tessellate":-1,"extrude":0,"visibility":-1,"drawOrder":null,"icon":null,"FID":183.0},"geometry":{"type":"MultiLineString","coordinates":[[[-34.795102665572799,-7.1919870885079],[-34.795241509108898,-7.1941673790652]]]}},
{"type":"Feature","properties":{"id":null,"Name":null,"description":null,"timestamp":null,"begin":null,"end":null,"altitudeMode":null,"tessellate":-1,"extrude":0,"visibility":-1,"drawOrder":null,"icon":null,"FID":184.0},"geometry":{"type":"MultiLineString","coordinates":[[[-34.795102665574802,-7.19198708853915],[-34.795098061270103,-7.19175592106114],[-34.795107930608197,-7.19158200178208]]]}},
{"type":"Feature","properties":{"id":null,"Name":null,"description":null,"timestamp":null,"begin":null,"end":null,"altitudeMode":null,"tessellate":-1,"extrude":0,"visibility":-1,"drawOrder":null,"icon":null,"FID":185.0},"geometry":{"type":"MultiLineString","coordinates":[[[-34.795128336204201,-7.19135452771959],[-34.795107954689598,-7.19158200392166]]]}},
{"type":"Feature","properties":{"id":null,"Name":null,"description":null,"timestamp":null,"begin":null,"end":null,"altitudeMode":null,"tessellate":-1,"extrude":0,"visibility":-1,"drawOrder":null,"icon":null,"FID":186.0},"geometry":{"type":"MultiLineString","coordinates":[[[-34.795128336204002,-7.19135452772252],[-34.795129907898499,-7.19134283600002],[-34.795132493923703,-7.19133132557432],[-34.795136074598297,-7.19132008404665],[-34.795140622671099,-7.19130919697187],[-34.795144411138502,-7.19130174471992]]]}},
{"type":"Feature","properties":{"id":null,"Name":null,"description":null,"timestamp":null,"begin":null,"end":null,"altitudeMode":null,"tessellate":-1,"extrude":0,"visibility":-1,"drawOrder":null,"icon":null,"FID":187.0},"geometry":{"type":"MultiLineString","coordinates":[[[-34.795207885630802,-7.19118595177959],[-34.795144424709598,-7.19130175213047]]]}},
{"type":"Feature","properties":{"id":null,"Name":null,"description":null,"timestamp":null,"begin":null,"end":null,"altitudeMode":null,"tessellate":-1,"extrude":0,"visibility":-1,"drawOrder":null,"icon":null,"FID":188.0},"geometry":{"type":"MultiLineString","coordinates":[[[-34.795297902330297,-7.1909164305212],[-34.795284951146002,-7.19098488603101],[-34.795266075282001,-7.19105195372636],[-34.795241418392301,-7.19111712318147],[-34.795211168128297,-7.19117989841706],[-34.7952078847539,-7.19118595127936]]]}},
{"type":"Feature","properties":{"id":null,"Name":null,"description":null,"timestamp":null,"begin":null,"end":null,"altitudeMode":null,"tessellate":-1,"extrude":0,"visibility":-1,"drawOrder":null,"icon":null,"FID":189.0},"geometry":{"type":"MultiLineString","coordinates":[[[-34.795298695795701,-7.19091100245942],[-34.795297902328997,-7.19091643053051]]]}},
{"type":"Feature","properties":{"id":null,"Name":null,"description":null,"timestamp":null,"begin":null,"end":null,"altitudeMode":null,"tessellate":-1,"extrude":0,"visibility":-1,"drawOrder":null,"icon":null,"FID":206.0},"geometry":{"type":"MultiLineString","coordinates":[[[-34.802197250321001,-7.20346028878592],[-34.802307080520698,-7.20347737715151],[-34.802415001483503,-7.20350396023884],[-34.802517055726199,-7.20353861590295]]]}},
{"type":"Feature","properties":{"id":null,"Name":null,"description":null,"timestamp":null,"begin":null,"end":null,"altitudeMode":null,"tessellate":-1,"extrude":0,"visibility":-1,"drawOrder":null,"icon":null,"FID":207.0},"geometry":{"type":"MultiLineString","coordinates":[[[-34.801486152143497,-7.2033811734021],[-34.802197250326401,-7.20346028878649]]]}},
{"type":"Feature","properties":{"id":null,"Name":null,"description":null,"timestamp":null,"begin":null,"end":null,"altitudeMode":null,"tessellate":-1,"extrude":0,"visibility":-1,"drawOrder":null,"icon":null,"FID":208.0},"geometry":{"type":"MultiLineString","coordinates":[[[-34.8014861521321,-7.20338117340082],[-34.801443409487398,-7.20337452091886],[-34.801401410055597,-7.203364173366],[-34.801360473478901,-7.2033502094933],[-34.801320911310199,-7.20333273557439],[-34.801283024642501,-7.20331188459661],[-34.8012780921838,-7.20330884308242]]]}},
{"type":"Feature","properties":{"id":null,"Name":null,"description":null,"timestamp":null,"begin":null,"end":null,"altitudeMode":null,"tessellate":-1,"extrude":0,"visibility":-1,"drawOrder":null,"icon":null,"FID":209.0},"geometry":{"type":"MultiLineString","coordinates":[[[-34.8009752296811,-7.20311962356337],[-34.801278090051603,-7.20330884650142]]]}},
{"type":"Feature","properties":{"id":null,"Name":null,"description":null,"timestamp":null,"begin":null,"end":null,"altitudeMode":null,"tessellate":-1,"extrude":0,"visibility":-1,"drawOrder":null,"icon":null,"FID":210.0},"geometry":{"type":"MultiLineString","coordinates":[[[-34.800975229663699,-7.20311962355255],[-34.800905652430501,-7.20307181357803],[-34.800840512357098,-7.20301812941509],[-34.800780305200597,-7.20295897963436],[-34.800725489175001,-7.20289481440339],[-34.800683933076797,-7.20283742071545]]]}},
{"type":"Feature","properties":{"id":null,"Name":null,"description":null,"timestamp":null,"begin":null,"end":null,"altitudeMode":null,"tessellate":-1,"extrude":0,"visibility":-1,"drawOrder":null,"icon":null,"FID":211.0},"geometry":{"type":"MultiLineString","coordinates":[[[-34.7989382211844,-7.20023026422914],[-34.800683953044697,-7.20283740739061]]]}},
{"type":"Feature","properties":{"id":null,"Name":null,"description":null,"timestamp":null,"begin":null,"end":null,"altitudeMode":null,"tessellate":-1,"extrude":0,"visibility":-1,"drawOrder":null,"icon":null,"FID":212.0},"geometry":{"type":"MultiLineString","coordinates":[[[-34.798938221192998,-7.20023026424199],[-34.798881250808797,-7.20013656913319],[-34.798832673971603,-7.20003827173158],[-34.798792860377603,-7.19993612014346],[-34.798763201222798,-7.19983529267938]]]}},
{"type":"Feature","properties":{"id":null,"Name":null,"description":null,"timestamp":null,"begin":null,"end":null,"altitudeMode":null,"tessellate":-1,"extrude":0,"visibility":-1,"drawOrder":null,"icon":null,"FID":213.0},"geometry":{"type":"MultiLineString","coordinates":[[[-34.798619056030198,-7.19925692646066],[-34.798763201592003,-7.19983529254488]]]}},
{"type":"Feature","properties":{"id":null,"Name":null,"description":null,"timestamp":null,"begin":null,"end":null,"altitudeMode":null,"tessellate":-1,"extrude":0,"visibility":-1,"drawOrder":null,"icon":null,"FID":214.0},"geometry":{"type":"MultiLineString","coordinates":[[[-34.7986190560298,-7.19925692645902],[-34.798616172851702,-7.19924276879724],[-34.798614536175798,-7.19922841405128],[-34.798614158457902,-7.1992139714695],[-34.798615042572699,-7.19919955096872],[-34.7986171817913,-7.19918526229762],[-34.798620559832997,-7.19917121420166],[-34.798625150988599,-7.19915751359532],[-34.798630920316597,-7.19914426474853],[-34.798634355613899,-7.19913761708033]]]}},
{"type":"Feature","properties":{"id":null,"Name":null,"description":null,"timestamp":null,"begin":null,"end":null,"altitudeMode":null,"tessellate":-1,"extrude":0,"visibility":-1,"drawOrder":null,"icon":null,"FID":215.0},"geometry":{"type":"MultiLineString","coordinates":[[[-34.798869388378101,-7.19870720889273],[-34.798634338755299,-7.19913760790124]]]}},
{"type":"Feature","properties":{"id":null,"Name":null,"description":null,"timestamp":null,"begin":null,"end":null,"altitudeMode":null,"tessellate":-1,"extrude":0,"visibility":-1,"drawOrder":null,"icon":null,"FID":216.0},"geometry":{"type":"MultiLineString","coordinates":[[[-34.798955939156301,-7.19882223931627],[-34.798869388378101,-7.19870720889273]]]}},
{"type":"Feature","properties":{"id":null,"Name":null,"description":null,"timestamp":null,"begin":null,"end":null,"altitudeMode":null,"tessellate":-1,"extrude":0,"visibility":-1,"drawOrder":null,"icon":null,"FID":217.0},"geometry":{"type":"MultiLineString","coordinates":[[[-34.799415216864197,-7.19925876970682],[-34.799280222248399,-7.19915856168089],[-34.799154486478997,-7.19904698469017],[-34.799038966487203,-7.19892488791028],[-34.798955971372799,-7.19882221506671]]]}},
{"type":"Feature","properties":{"id":null,"Name":null,"description":null,"timestamp":null,"begin":null,"end":null,"altitudeMode":null,"tessellate":-1,"extrude":0,"visibility":-1,"drawOrder":null,"icon":null,"FID":218.0},"geometry":{"type":"MultiLineString","coordinates":[[[-34.8001208184223,-7.19973628350348],[-34.799415216884,-7.19925876972017]]]}},
{"type":"Feature","properties":{"id":null,"Name":null,"description":null,"timestamp":null,"begin":null,"end":null,"altitudeMode":null,"tessellate":-1,"extrude":0,"visibility":-1,"drawOrder":null,"icon":null,"FID":219.0},"geometry":{"type":"MultiLineString","coordinates":[[[-34.800597315226298,-7.19990140681597],[-34.800512822786096,-7.19989157471834],[-34.800429509909598,-7.19987442561733],[-34.800348010662098,-7.19985009002778],[-34.8002689453063,-7.19981875315848],[-34.800192915580901,-7.19978065350259],[-34.800120812366899,-7.19973629243129]]]}},
{"type":"Feature","properties":{"id":null,"Name":null,"description":null,"timestamp":null,"begin":null,"end":null,"altitudeMode":null,"tessellate":-1,"extrude":0,"visibility":-1,"drawOrder":null,"icon":null,"FID":220.0},"geometry":{"type":"MultiLineString","coordinates":[[[-34.8009565652238,-7.19992738910948],[-34.800597315242598,-7.19990140681715]]]}},
{"type":"Feature","properties":{"id":null,"Name":null,"description":null,"timestamp":null,"begin":null,"end":null,"altitudeMode":null,"tessellate":-1,"extrude":0,"visibility":-1,"drawOrder":null,"icon":null,"FID":221.0},"geometry":{"type":"MultiLineString","coordinates":[[[-34.800956565225597,-7.19992738910961],[-34.800965801959698,-7.19992846590666],[-34.800974909573704,-7.19993034259079],[-34.800979853348998,-7.19993171528177]]]}},
{"type":"Feature","properties":{"id":null,"Name":null,"description":null,"timestamp":null,"begin":null,"end":null,"altitudeMode":null,"tessellate":-1,"extrude":0,"visibility":-1,"drawOrder":null,"icon":null,"FID":222.0},"geometry":{"type":"MultiLineString","coordinates":[[[-34.801911652033198,-7.20021431580982],[-34.800979849521198,-7.19993172784474]]]}},
{"type":"Feature","properties":{"id":null,"Name":null,"description":null,"timestamp":null,"begin":null,"end":null,"altitudeMode":null,"tessellate":-1,"extrude":0,"visibility":-1,"drawOrder":null,"icon":null,"FID":302.0},"geometry":{"type":"MultiLineString","coordinates":[[[-34.799740243938601,-7.27698457204291],[-34.799767373536298,-7.27693707574663],[-34.799798545588601,-7.27689212119641],[-34.799833522856403,-7.27685005052286],[-34.799872039140702,-7.27681118390849],[-34.799913801308897,-7.27677581715083],[-34.7999584915257,-7.27674421941139],[-34.8000057696716,-7.27671663116707],[-34.800055275931797,-7.27669326238013],[-34.800106633534703,-7.27667429090026],[-34.800111615823702,-7.27667271627114]]]}},
{"type":"Feature","properties":{"id":null,"Name":null,"description":null,"timestamp":null,"begin":null,"end":null,"altitudeMode":null,"tessellate":-1,"extrude":0,"visibility":-1,"drawOrder":null,"icon":null,"FID":303.0},"geometry":{"type":"MultiLineString","coordinates":[[[-34.800730921898896,-7.27647982275874],[-34.800111610650298,-7.2766726996978]]]}},
{"type":"Feature","properties":{"id":null,"Name":null,"description":null,"timestamp":null,"begin":null,"end":null,"altitudeMode":null,"tessellate":-1,"extrude":0,"visibility":-1,"drawOrder":null,"icon":null,"FID":304.0},"geometry":{"type":"MultiLineString","coordinates":[[[-34.800730921901803,-7.27647982275787],[-34.800773681293599,-7.27646852329404],[-34.800817264238802,-7.27646098805225],[-34.800861339045802,-7.27645727437977],[-34.800905570279703,-7.27645741053954],[-34.800949621315397,-7.276461395495],[-34.800993156898897,-7.27646919891809],[-34.801035845699403,-7.27648076141996],[-34.801077362830398,-7.27649599500304],[-34.801117392322503,-7.27651478373072],[-34.801155629528097,-7.27653698460967],[-34.801191783439798,-7.27656242867816],[-34.801225578904997,-7.27659092229186],[-34.801256758720299,-7.27662224859769],[-34.801285085588802,-7.27665616918411],[-34.801310343926097,-7.27669242589554],[-34.801332341500597,-7.27673074279714],[-34.801350910897398,-7.27677082827477],[-34.801365910791503,-7.27681237725436],[-34.801377227024098,-7.27685507352363],[-34.8013847734709,-7.27689859213871],[-34.801388492697797,-7.2769426018971],[-34.801388356398398,-7.27698676785835],[-34.801384365608797,-7.27703075389311],[-34.801376550700098,-7.27707422524123],[-34.801364971147301,-7.27711685105959],[-34.801349715076803,-7.27715830693994],[-34.801330898595403,-7.27719827737785],[-34.801317723491501,-7.27722181418822]]]}},
{"type":"Feature","properties":{"id":null,"Name":null,"description":null,"timestamp":null,"begin":null,"end":null,"altitudeMode":null,"tessellate":-1,"extrude":0,"visibility":-1,"drawOrder":null,"icon":null,"FID":305.0},"geometry":{"type":"MultiLineString","coordinates":[[[-34.800912713447801,-7.27790232960186],[-34.8013178329456,-7.27722187915457]]]}},
{"type":"Feature","properties":{"id":null,"Name":null,"description":null,"timestamp":null,"begin":null,"end":null,"altitudeMode":null,"tessellate":-1,"extrude":0,"visibility":-1,"drawOrder":null,"icon":null,"FID":306.0},"geometry":{"type":"MultiLineString","coordinates":[[[-34.800912658604098,-7.27791128094962],[-34.800912306036103,-7.27791060389804],[-34.8009120139061,-7.27790989873998],[-34.800911784437297,-7.27790917084207],[-34.800911619376201,-7.2779084257441],[-34.800911519978797,-7.27790766911668],[-34.800911487001798,-7.27790690671823],[-34.800911520696097,-7.27790614435106],[-34.800911620805302,-7.27790538781723],[-34.800911786567397,-7.27790464287444],[-34.800912016720901,-7.27790391519211],[-34.800912309514203,-7.27790321030839],[-34.800912662719,-7.27790253358783],[-34.800912765227601,-7.27790236108818]]]}},
{"type":"Feature","properties":{"id":null,"Name":null,"description":null,"timestamp":null,"begin":null,"end":null,"altitudeMode":null,"tessellate":-1,"extrude":0,"visibility":-1,"drawOrder":null,"icon":null,"FID":307.0},"geometry":{"type":"MultiLineString","coordinates":[[[-34.800984684845098,-7.27803468282268],[-34.800912658604197,-7.27791128094971]]]}},
{"type":"Feature","properties":{"id":null,"Name":null,"description":null,"timestamp":null,"begin":null,"end":null,"altitudeMode":null,"tessellate":-1,"extrude":0,"visibility":-1,"drawOrder":null,"icon":null,"FID":308.0},"geometry":{"type":"MultiLineString","coordinates":[[[-34.801686174444001,-7.27760449857429],[-34.800984684845098,-7.27803468282268]]]}},
{"type":"Feature","properties":{"id":null,"Name":null,"description":null,"timestamp":null,"begin":null,"end":null,"altitudeMode":null,"tessellate":-1,"extrude":0,"visibility":-1,"drawOrder":null,"icon":null,"FID":309.0},"geometry":{"type":"MultiLineString","coordinates":[[[-34.801716135283101,-7.27755636878472],[-34.801715380307797,-7.27756184090774],[-34.8017141505726,-7.27756722650448],[-34.801712455436501,-7.27757248458731],[-34.801710307800398,-7.27757757513906],[-34.801707724009098,-7.27758245941754],[-34.8017047237269,-7.27758710025044],[-34.801701329787697,-7.27759146231823],[-34.801697568021503,-7.27759551242289],[-34.801693467057397,-7.27759921974073],[-34.801689058106398,-7.27760255605674],[-34.801686145260497,-7.27760445104682]]]}},
{"type":"Feature","properties":{"id":null,"Name":null,"description":null,"timestamp":null,"begin":null,"end":null,"altitudeMode":null,"tessellate":-1,"extrude":0,"visibility":-1,"drawOrder":null,"icon":null,"FID":310.0},"geometry":{"type":"MultiLineString","coordinates":[[[-34.801802971661502,-7.27662591994387],[-34.801716135283002,-7.27755636878536]]]}},
{"type":"Feature","properties":{"id":null,"Name":null,"description":null,"timestamp":null,"begin":null,"end":null,"altitudeMode":null,"tessellate":-1,"extrude":0,"visibility":-1,"drawOrder":null,"icon":null,"FID":311.0},"geometry":{"type":"MultiLineString","coordinates":[[[-34.801771133527097,-7.27652125514128],[-34.801778668068202,-7.27653138935867],[-34.801785289377897,-7.2765421407217],[-34.801790947064099,-7.276553427406],[-34.801795598068402,-7.27656516351313],[-34.801799206993699,-7.2765772597243],[-34.801801746373798,-7.2765896239801],[-34.801803196882602,-7.27660216218109],[-34.801803547480503,-7.27661477890403],[-34.801802939493598,-7.27662591694816]]]}},
{"type":"Feature","properties":{"id":null,"Name":null,"description":null,"timestamp":null,"begin":null,"end":null,"altitudeMode":null,"tessellate":-1,"extrude":0,"visibility":-1,"drawOrder":null,"icon":null,"FID":312.0},"geometry":{"type":"MultiLineString","coordinates":[[[-34.801521442038002,-7.27621420304028],[-34.801771133526302,-7.2765212551403]]]}},
{"type":"Feature","properties":{"id":null,"Name":null,"description":null,"timestamp":null,"begin":null,"end":null,"altitudeMode":null,"tessellate":-1,"extrude":0,"visibility":-1,"drawOrder":null,"icon":null,"FID":313.0},"geometry":{"type":"MultiLineString","coordinates":[[[-34.801521442034101,-7.27621420303544],[-34.801491019324203,-7.27617326806269],[-34.801464285375197,-7.27612984125346],[-34.801441443648201,-7.27608425311283],[-34.801422667982102,-7.27603685059489],[-34.8014112020564,-7.27599981486791]]]}},
{"type":"Feature","properties":{"id":null,"Name":null,"description":null,"timestamp":null,"begin":null,"end":null,"altitudeMode":null,"tessellate":-1,"extrude":0,"visibility":-1,"drawOrder":null,"icon":null,"FID":314.0},"geometry":{"type":"MultiLineString","coordinates":[[[-34.8014112036931,-7.27599981441429],[-34.801359267978498,-7.27605722955267],[-34.801302518433502,-7.27610990638374],[-34.801241386955702,-7.27615744400334],[-34.801176338792601,-7.27619948061956],[-34.801107869000603,-7.27623569630649],[-34.801036498677497,-7.27626581543902],[-34.8009627709963,-7.27628960879054],[-34.8008872470715,-7.27630689527759],[-34.800824981667297,-7.27631605425113]]]}},
{"type":"Feature","properties":{"id":null,"Name":null,"description":null,"timestamp":null,"begin":null,"end":null,"altitudeMode":null,"tessellate":-1,"extrude":0,"visibility":-1,"drawOrder":null,"icon":null,"FID":315.0},"geometry":{"type":"MultiLineString","coordinates":[[[-34.800294691115397,-7.27637495710631],[-34.800824983195,-7.27631606803033]]]}},
{"type":"Feature","properties":{"id":null,"Name":null,"description":null,"timestamp":null,"begin":null,"end":null,"altitudeMode":null,"tessellate":-1,"extrude":0,"visibility":-1,"drawOrder":null,"icon":null,"FID":316.0},"geometry":{"type":"MultiLineString","coordinates":[[[-34.800294691119497,-7.27637495710585],[-34.800260749054203,-7.27637723578892],[-34.800226737254398,-7.27637655191655],[-34.800192914571099,-7.27637291069333],[-34.800159538415897,-7.27636633983102],[-34.800126862802301,-7.27635688933787],[-34.800095136411997,-7.27634463113787],[-34.800064600702697,-7.27632965852338],[-34.800035488070002,-7.27631208544525],[-34.800008020079197,-7.2762920456454],[-34.7999824057786,-7.27626969163906],[-34.799958840108701,-7.27624519355406],[-34.799937502418601,-7.27621873783591],[-34.7999185551012,-7.27619052582897],[-34.799904659716702,-7.276165757681]]]}},
{"type":"Feature","properties":{"id":null,"Name":null,"description":null,"timestamp":null,"begin":null,"end":null,"altitudeMode":null,"tessellate":-1,"extrude":0,"visibility":-1,"drawOrder":null,"icon":null,"FID":317.0},"geometry":{"type":"MultiLineString","coordinates":[[[-34.799740243933698,-7.27698457205231],[-34.799904677329799,-7.27616574865709]]]}},
{"type":"Feature","properties":{"id":null,"Name":null,"description":null,"timestamp":null,"begin":null,"end":null,"altitudeMode":null,"tessellate":-1,"extrude":0,"visibility":-1,"drawOrder":null,"icon":null,"FID":318.0},"geometry":{"type":"MultiLineString","coordinates":[[[-34.799503557080399,-7.27839536179723],[-34.7994937518177,-7.27950190585797]]]}},
{"type":"Feature","properties":{"id":null,"Name":null,"description":null,"timestamp":null,"begin":null,"end":null,"altitudeMode":null,"tessellate":-1,"extrude":0,"visibility":-1,"drawOrder":null,"icon":null,"FID":319.0},"geometry":{"type":"MultiLineString","coordinates":[[[-34.799503557080698,-7.27839536175626],[-34.799515305883702,-7.27817209089619],[-34.799546498150697,-7.27795069211256],[-34.799553541827102,-7.27791424658392]]]}},
{"type":"Feature","properties":{"id":null,"Name":null,"description":null,"timestamp":null,"begin":null,"end":null,"altitudeMode":null,"tessellate":-1,"extrude":0,"visibility":-1,"drawOrder":null,"icon":null,"FID":320.0},"geometry":{"type":"MultiLineString","coordinates":[[[-34.7996636212048,-7.27736624918573],[-34.7995535242137,-7.27791424308095]]]}},
{"type":"Feature","properties":{"id":null,"Name":null,"description":null,"timestamp":null,"begin":null,"end":null,"altitudeMode":null,"tessellate":-1,"extrude":0,"visibility":-1,"drawOrder":null,"icon":null,"FID":321.0},"geometry":{"type":"MultiLineString","coordinates":[[[-34.799588841964599,-7.27855117043997],[-34.7996636212048,-7.27736624918573]]]}},
{"type":"Feature","properties":{"id":null,"Name":null,"description":null,"timestamp":null,"begin":null,"end":null,"altitudeMode":null,"tessellate":-1,"extrude":0,"visibility":-1,"drawOrder":null,"icon":null,"FID":322.0},"geometry":{"type":"MultiLineString","coordinates":[[[-34.799579981259598,-7.27948574025965],[-34.799579843026699,-7.27872118872165],[-34.799588904040398,-7.27855117433156]]]}},
{"type":"Feature","properties":{"id":null,"Name":null,"description":null,"timestamp":null,"begin":null,"end":null,"altitudeMode":null,"tessellate":-1,"extrude":0,"visibility":-1,"drawOrder":null,"icon":null,"FID":323.0},"geometry":{"type":"MultiLineString","coordinates":[[[-34.799580678184299,-7.27950156033503],[-34.799579981265403,-7.27948574039094]]]}},
{"type":"Feature","properties":{"id":null,"Name":null,"description":null,"timestamp":null,"begin":null,"end":null,"altitudeMode":null,"tessellate":-1,"extrude":0,"visibility":-1,"drawOrder":null,"icon":null,"FID":387.0},"geometry":{"type":"MultiLineString","coordinates":[[[-34.802865432814798,-7.29116166687555],[-34.802765706717103,-7.29115473386196],[-34.802666965272799,-7.29113914861762],[-34.802644011628502,-7.29113424789295]]]}},
{"type":"Feature","properties":{"id":null,"Name":null,"description":null,"timestamp":null,"begin":null,"end":null,"altitudeMode":null,"tessellate":-1,"extrude":0,"visibility":-1,"drawOrder":null,"icon":null,"FID":388.0},"geometry":{"type":"MultiLineString","coordinates":[[[-34.8017953246787,-7.2909438599566],[-34.8026440142159,-7.29113423631384]]]}},
{"type":"Feature","properties":{"id":null,"Name":null,"description":null,"timestamp":null,"begin":null,"end":null,"altitudeMode":null,"tessellate":-1,"extrude":0,"visibility":-1,"drawOrder":null,"icon":null,"FID":389.0},"geometry":{"type":"MultiLineString","coordinates":[[[-34.801795324673002,-7.29094385995534],[-34.801770506296798,-7.29093714614665],[-34.801746368393303,-7.29092829808263],[-34.801723094666997,-7.29091738310241],[-34.801700862245298,-7.2909044842757],[-34.801679840330699,-7.29088969977045],[-34.801660188912798,-7.29087314210581],[-34.8016420575509,-7.29085493729582],[-34.801625584235701,-7.2908352238902],[-34.801610894339198,-7.29081415192012],[-34.801598099660197,-7.29079188175619],[-34.801587297573903,-7.290768582888],[-34.801578570290502,-7.29074443263425],[-34.801571984229703,-7.29071961479309],[-34.801567589515102,-7.29069431824348],[-34.801565495075899,-7.29067045585024]]]}},
{"type":"Feature","properties":{"id":null,"Name":null,"description":null,"timestamp":null,"begin":null,"end":null,"altitudeMode":null,"tessellate":-1,"extrude":0,"visibility":-1,"drawOrder":null,"icon":null,"FID":390.0},"geometry":{"type":"MultiLineString","coordinates":[[[-34.8015241084045,-7.28978518289859],[-34.801565497577499,-7.29067045574561]]]}},
{"type":"Feature","properties":{"id":null,"Name":null,"description":null,"timestamp":null,"begin":null,"end":null,"altitudeMode":null,"tessellate":-1,"extrude":0,"visibility":-1,"drawOrder":null,"icon":null,"FID":391.0},"geometry":{"type":"MultiLineString","coordinates":[[[-34.801393410291404,-7.28900677511908],[-34.801462725473201,-7.28928745544368],[-34.801507277245399,-7.28957309980002],[-34.801524039885102,-7.28978518610391]]]}},
{"type":"Feature","properties":{"id":null,"Name":null,"description":null,"timestamp":null,"begin":null,"end":null,"altitudeMode":null,"tessellate":-1,"extrude":0,"visibility":-1,"drawOrder":null,"icon":null,"FID":392.0},"geometry":{"type":"MultiLineString","coordinates":[[[-34.800393717943301,-7.2856043550532],[-34.801393410292498,-7.28900677512275]]]}},
{"type":"Feature","properties":{"id":null,"Name":null,"description":null,"timestamp":null,"begin":null,"end":null,"altitudeMode":null,"tessellate":-1,"extrude":0,"visibility":-1,"drawOrder":null,"icon":null,"FID":393.0},"geometry":{"type":"MultiLineString","coordinates":[[[-34.800089757111401,-7.28472419457102],[-34.800376338925297,-7.28554583633724],[-34.800393727492398,-7.28560435228084]]]}},
{"type":"Feature","properties":{"id":null,"Name":null,"description":null,"timestamp":null,"begin":null,"end":null,"altitudeMode":null,"tessellate":-1,"extrude":0,"visibility":-1,"drawOrder":null,"icon":null,"FID":394.0},"geometry":{"type":"MultiLineString","coordinates":[[[-34.799975515921901,-7.28443767060104],[-34.8000897571915,-7.28472419477193]]]}},
{"type":"Feature","properties":{"id":null,"Name":null,"description":null,"timestamp":null,"begin":null,"end":null,"altitudeMode":null,"tessellate":-1,"extrude":0,"visibility":-1,"drawOrder":null,"icon":null,"FID":395.0},"geometry":{"type":"MultiLineString","coordinates":[[[-34.799975515959602,-7.28443767069586],[-34.799772293142901,-7.28385501768425],[-34.799620701736401,-7.28325689606713],[-34.799521895273998,-7.28264785801006],[-34.799476625540301,-7.28203253874572],[-34.799473779508602,-7.28176002229191]]]}},
{"type":"Feature","properties":{"id":null,"Name":null,"description":null,"timestamp":null,"begin":null,"end":null,"altitudeMode":null,"tessellate":-1,"extrude":0,"visibility":-1,"drawOrder":null,"icon":null,"FID":396.0},"geometry":{"type":"MultiLineString","coordinates":[[[-34.7994937518177,-7.27950190585797],[-34.799473779411997,-7.28176002222889]]]}},
{"type":"Feature","properties":{"id":null,"Name":null,"description":null,"timestamp":null,"begin":null,"end":null,"altitudeMode":null,"tessellate":-1,"extrude":0,"visibility":-1,"drawOrder":null,"icon":null,"FID":397.0},"geometry":{"type":"MultiLineString","coordinates":[[[-34.799670811335801,-7.28155435727609],[-34.799580678184299,-7.27950156033503]]]}},
{"type":"Feature","properties":{"id":null,"Name":null,"description":null,"timestamp":null,"begin":null,"end":null,"altitudeMode":null,"tessellate":-1,"extrude":0,"visibility":-1,"drawOrder":null,"icon":null,"FID":398.0},"geometry":{"type":"MultiLineString","coordinates":[[[-34.799937902712699,-7.28206857301347],[-34.799891991815102,-7.28202984261795],[-34.799849636237198,-7.28198726415298],[-34.799811158330897,-7.28194116166736],[-34.799776850936396,-7.28189188603003],[-34.799746975153496,-7.28183981225939],[-34.799721758354302,-7.28178533666947],[-34.799701392452903,-7.28172887385351],[-34.799686032444903,-7.28167085352866],[-34.7996757952276,-7.28161171726558],[-34.799670861496701,-7.28155435508158]]]}},
{"type":"Feature","properties":{"id":null,"Name":null,"description":null,"timestamp":null,"begin":null,"end":null,"altitudeMode":null,"tessellate":-1,"extrude":0,"visibility":-1,"drawOrder":null,"icon":null,"FID":399.0},"geometry":{"type":"MultiLineString","coordinates":[[[-34.800292593450202,-7.28234229648135],[-34.7999379027138,-7.28206857301435]]]}},
{"type":"Feature","properties":{"id":null,"Name":null,"description":null,"timestamp":null,"begin":null,"end":null,"altitudeMode":null,"tessellate":-1,"extrude":0,"visibility":-1,"drawOrder":null,"icon":null,"FID":400.0},"geometry":{"type":"MultiLineString","coordinates":[[[-34.800853927916798,-7.28264060400506],[-34.800699509815502,-7.28258182751346],[-34.800550809707197,-7.28250983624231],[-34.800408959302302,-7.2824251780923],[-34.8002926365902,-7.28234224063098]]]}},
{"type":"Feature","properties":{"id":null,"Name":null,"description":null,"timestamp":null,"begin":null,"end":null,"altitudeMode":null,"tessellate":-1,"extrude":0,"visibility":-1,"drawOrder":null,"icon":null,"FID":401.0},"geometry":{"type":"MultiLineString","coordinates":[[[-34.801852117548002,-7.28297152923956],[-34.800853927950598,-7.28264060401626]]]}},
{"type":"Feature","properties":{"id":null,"Name":null,"description":null,"timestamp":null,"begin":null,"end":null,"altitudeMode":null,"tessellate":-1,"extrude":0,"visibility":-1,"drawOrder":null,"icon":null,"FID":456.0},"geometry":{"type":"MultiLineString","coordinates":[[[-34.799271727573803,-7.30388223788271],[-34.799906903668102,-7.30481658920964]]]}},
{"type":"Feature","properties":{"id":null,"Name":null,"description":null,"timestamp":null,"begin":null,"end":null,"altitudeMode":null,"tessellate":-1,"extrude":0,"visibility":-1,"drawOrder":null,"icon":null,"FID":457.0},"geometry":{"type":"MultiLineString","coordinates":[[[-34.7992717275825,-7.30388223789558],[-34.799227157539796,-7.30381008329647],[-34.799189055485002,-7.30373432469691],[-34.799157711396198,-7.30365553866785],[-34.799151194485802,-7.30363616094276]]]}},
{"type":"Feature","properties":{"id":null,"Name":null,"description":null,"timestamp":null,"begin":null,"end":null,"altitudeMode":null,"tessellate":-1,"extrude":0,"visibility":-1,"drawOrder":null,"icon":null,"FID":458.0},"geometry":{"type":"MultiLineString","coordinates":[[[-34.798846179097097,-7.30269650824448],[-34.799151211275401,-7.30363615548931]]]}},
{"type":"Feature","properties":{"id":null,"Name":null,"description":null,"timestamp":null,"begin":null,"end":null,"altitudeMode":null,"tessellate":-1,"extrude":0,"visibility":-1,"drawOrder":null,"icon":null,"FID":459.0},"geometry":{"type":"MultiLineString","coordinates":[[[-34.798846179097801,-7.30269650824663],[-34.798843883086697,-7.30268823137554],[-34.798842318298497,-7.30267978619697],[-34.798841496641899,-7.30267123698384],[-34.798841424370302,-7.30266264880085],[-34.798842102033603,-7.30265408700928],[-34.7988435244744,-7.30264561676953],[-34.798845680866997,-7.30263730254525],[-34.798847165744398,-7.30263284217829]]]}},
{"type":"Feature","properties":{"id":null,"Name":null,"description":null,"timestamp":null,"begin":null,"end":null,"altitudeMode":null,"tessellate":-1,"extrude":0,"visibility":-1,"drawOrder":null,"icon":null,"FID":460.0},"geometry":{"type":"MultiLineString","coordinates":[[[-34.798971054189103,-7.30228896011928],[-34.798847192360697,-7.30263285172039]]]}},
{"type":"Feature","properties":{"id":null,"Name":null,"description":null,"timestamp":null,"begin":null,"end":null,"altitudeMode":null,"tessellate":-1,"extrude":0,"visibility":-1,"drawOrder":null,"icon":null,"FID":461.0},"geometry":{"type":"MultiLineString","coordinates":[[[-34.799028069848802,-7.30180491977539],[-34.799034427014099,-7.30189864287087],[-34.799032578947703,-7.30199256253549],[-34.799022539709199,-7.30208596398508],[-34.799004385698098,-7.30217813637887],[-34.7989782550721,-7.30226837822951],[-34.798971072169998,-7.30228896661897]]]}},
{"type":"Feature","properties":{"id":null,"Name":null,"description":null,"timestamp":null,"begin":null,"end":null,"altitudeMode":null,"tessellate":-1,"extrude":0,"visibility":-1,"drawOrder":null,"icon":null,"FID":462.0},"geometry":{"type":"MultiLineString","coordinates":[[[-34.798920920540901,-7.30084757580191],[-34.799028069846898,-7.30180491975815]]]}},
{"type":"Feature","properties":{"id":null,"Name":null,"description":null,"timestamp":null,"begin":null,"end":null,"altitudeMode":null,"tessellate":-1,"extrude":0,"visibility":-1,"drawOrder":null,"icon":null,"FID":463.0},"geometry":{"type":"MultiLineString","coordinates":[[[-34.7989209205412,-7.30084757580467],[-34.7989180110539,-7.30080458895569],[-34.798918864932702,-7.30076151249413],[-34.798923475677697,-7.3007186742581],[-34.798931808197402,-7.30067640027261],[-34.798943799075303,-7.30063501226825],[-34.798959357052297,-7.30059482523269],[-34.798978363722,-7.30055614501335],[-34.798990432912802,-7.30053529837587]]]}},
{"type":"Feature","properties":{"id":null,"Name":null,"description":null,"timestamp":null,"begin":null,"end":null,"altitudeMode":null,"tessellate":-1,"extrude":0,"visibility":-1,"drawOrder":null,"icon":null,"FID":464.0},"geometry":{"type":"MultiLineString","coordinates":[[[-34.799562219891001,-7.29960081299233],[-34.798990394924502,-7.30053527518504]]]}},
{"type":"Feature","properties":{"id":null,"Name":null,"description":null,"timestamp":null,"begin":null,"end":null,"altitudeMode":null,"tessellate":-1,"extrude":0,"visibility":-1,"drawOrder":null,"icon":null,"FID":465.0},"geometry":{"type":"MultiLineString","coordinates":[[[-34.799562219888998,-7.29960081299571],[-34.799607897709798,-7.29953301375936],[-34.799659319832699,-7.29946944752026],[-34.799716094902401,-7.29941059805419],[-34.799736067968198,-7.29939216912323]]]}},
{"type":"Feature","properties":{"id":null,"Name":null,"description":null,"timestamp":null,"begin":null,"end":null,"altitudeMode":null,"tessellate":-1,"extrude":0,"visibility":-1,"drawOrder":null,"icon":null,"FID":466.0},"geometry":{"type":"MultiLineString","coordinates":[[[-34.800528736845699,-7.29868177511204],[-34.799736063895899,-7.29939216458092]]]}},
{"type":"Feature","properties":{"id":null,"Name":null,"description":null,"timestamp":null,"begin":null,"end":null,"altitudeMode":null,"tessellate":-1,"extrude":0,"visibility":-1,"drawOrder":null,"icon":null,"FID":467.0},"geometry":{"type":"MultiLineString","coordinates":[[[-34.801464398301903,-7.29702262858793],[-34.8014052213748,-7.29727484652425],[-34.801324253828398,-7.2975209549419],[-34.801222111837497,-7.29775908080363],[-34.8010995727305,-7.29798741182057],[-34.800957569074598,-7.29820421024523],[-34.800797181578901,-7.29840782609705],[-34.800619630870699,-7.29859670972008],[-34.8005286911593,-7.29868172419349]]]}},
{"type":"Feature","properties":{"id":null,"Name":null,"description":null,"timestamp":null,"begin":null,"end":null,"altitudeMode":null,"tessellate":-1,"extrude":0,"visibility":-1,"drawOrder":null,"icon":null,"FID":468.0},"geometry":{"type":"MultiLineString","coordinates":[[[-34.801602732954599,-7.29629070710106],[-34.801464398290904,-7.29702262864599]]]}},
{"type":"Feature","properties":{"id":null,"Name":null,"description":null,"timestamp":null,"begin":null,"end":null,"altitudeMode":null,"tessellate":-1,"extrude":0,"visibility":-1,"drawOrder":null,"icon":null,"FID":469.0},"geometry":{"type":"MultiLineString","coordinates":[[[-34.801597913422903,-7.29528964746873],[-34.801632852984802,-7.29551666134441],[-34.801647843992697,-7.29574585191601],[-34.801642772326701,-7.29597547491431],[-34.8016176765544,-7.29620378277647],[-34.801602758755898,-7.2962907119162]]]}},
{"type":"Feature","properties":{"id":null,"Name":null,"description":null,"timestamp":null,"begin":null,"end":null,"altitudeMode":null,"tessellate":-1,"extrude":0,"visibility":-1,"drawOrder":null,"icon":null,"FID":470.0},"geometry":{"type":"MultiLineString","coordinates":[[[-34.801347390458801,-7.29403079873842],[-34.801597913433397,-7.29528964752137]]]}},
{"type":"Feature","properties":{"id":null,"Name":null,"description":null,"timestamp":null,"begin":null,"end":null,"altitudeMode":null,"tessellate":-1,"extrude":0,"visibility":-1,"drawOrder":null,"icon":null,"FID":471.0},"geometry":{"type":"MultiLineString","coordinates":[[[-34.801347390457899,-7.2940307987336],[-34.801332410383601,-7.29393343461475],[-34.801325986039402,-7.29383513737278],[-34.801327492780402,-7.29374769583049]]]}},
{"type":"Feature","properties":{"id":null,"Name":null,"description":null,"timestamp":null,"begin":null,"end":null,"altitudeMode":null,"tessellate":-1,"extrude":0,"visibility":-1,"drawOrder":null,"icon":null,"FID":472.0},"geometry":{"type":"MultiLineString","coordinates":[[[-34.801407556631403,-7.29231944794077],[-34.801327514053099,-7.2937476970266]]]}},
{"type":"Feature","properties":{"id":null,"Name":null,"description":null,"timestamp":null,"begin":null,"end":null,"altitudeMode":null,"tessellate":-1,"extrude":0,"visibility":-1,"drawOrder":null,"icon":null,"FID":473.0},"geometry":{"type":"MultiLineString","coordinates":[[[-34.802871068708598,-7.29257030123897],[-34.801407556631403,-7.29231944794077]]]}},
{"type":"Feature","properties":{"id":null,"Name":null,"description":null,"timestamp":null,"begin":null,"end":null,"altitudeMode":null,"tessellate":-1,"extrude":0,"visibility":-1,"drawOrder":null,"icon":null,"FID":493.0},"geometry":{"type":"MultiLineString","coordinates":[[[-34.802779219209597,-7.31358019286655],[-34.802696979008701,-7.31414064422957]]]}},
{"type":"Feature","properties":{"id":null,"Name":null,"description":null,"timestamp":null,"begin":null,"end":null,"altitudeMode":null,"tessellate":-1,"extrude":0,"visibility":-1,"drawOrder":null,"icon":null,"FID":494.0},"geometry":{"type":"MultiLineString","coordinates":[[[-34.802815411486499,-7.31318900221565],[-34.802788673511103,-7.3135107311024],[-34.802779161947598,-7.31358018445345]]]}},
{"type":"Feature","properties":{"id":null,"Name":null,"description":null,"timestamp":null,"begin":null,"end":null,"altitudeMode":null,"tessellate":-1,"extrude":0,"visibility":-1,"drawOrder":null,"icon":null,"FID":495.0},"geometry":{"type":"MultiLineString","coordinates":[[[-34.802830368384903,-7.31280910798614],[-34.802815411486797,-7.31318900220795]]]}},
{"type":"Feature","properties":{"id":null,"Name":null,"description":null,"timestamp":null,"begin":null,"end":null,"altitudeMode":null,"tessellate":-1,"extrude":0,"visibility":-1,"drawOrder":null,"icon":null,"FID":496.0},"geometry":{"type":"MultiLineString","coordinates":[[[-34.802830368384399,-7.31280910799807],[-34.8028348953058,-7.31275463809182],[-34.802844159771396,-7.3127007693929],[-34.802846995000799,-7.31268833620153]]]}},
{"type":"Feature","properties":{"id":null,"Name":null,"description":null,"timestamp":null,"begin":null,"end":null,"altitudeMode":null,"tessellate":-1,"extrude":0,"visibility":-1,"drawOrder":null,"icon":null,"FID":497.0},"geometry":{"type":"MultiLineString","coordinates":[[[-34.802873538038298,-7.31257702023705],[-34.802846998930697,-7.31268833712831]]]}},
{"type":"Feature","properties":{"id":null,"Name":null,"description":null,"timestamp":null,"begin":null,"end":null,"altitudeMode":null,"tessellate":-1,"extrude":0,"visibility":-1,"drawOrder":null,"icon":null,"FID":498.0},"geometry":{"type":"MultiLineString","coordinates":[[[-34.802873538037403,-7.3125770202408],[-34.8028808019615,-7.31255158174098],[-34.802890258812297,-7.31252687214932],[-34.802901836617202,-7.3125030795207],[-34.802907306952001,-7.31249341094343]]]}},
{"type":"Feature","properties":{"id":null,"Name":null,"description":null,"timestamp":null,"begin":null,"end":null,"altitudeMode":null,"tessellate":-1,"extrude":0,"visibility":-1,"drawOrder":null,"icon":null,"FID":499.0},"geometry":{"type":"MultiLineString","coordinates":[[[-34.802950605681403,-7.31242011278701],[-34.802907342338997,-7.31249343176215]]]}},
{"type":"Feature","properties":{"id":null,"Name":null,"description":null,"timestamp":null,"begin":null,"end":null,"altitudeMode":null,"tessellate":-1,"extrude":0,"visibility":-1,"drawOrder":null,"icon":null,"FID":511.0},"geometry":{"type":"MultiLineString","coordinates":[[[-34.802542921467897,-7.30885260117292],[-34.8029372748707,-7.30909704454932]]]}},
{"type":"Feature","properties":{"id":null,"Name":null,"description":null,"timestamp":null,"begin":null,"end":null,"altitudeMode":null,"tessellate":-1,"extrude":0,"visibility":-1,"drawOrder":null,"icon":null,"FID":512.0},"geometry":{"type":"MultiLineString","coordinates":[[[-34.802097997457302,-7.30868828654329],[-34.8021995313389,-7.30870849657656],[-34.802298914708501,-7.30873746523922],[-34.802395391204598,-7.30877497206262],[-34.802488226588501,-7.30882073159817],[-34.802542900409499,-7.30885263505871]]]}},
{"type":"Feature","properties":{"id":null,"Name":null,"description":null,"timestamp":null,"begin":null,"end":null,"altitudeMode":null,"tessellate":-1,"extrude":0,"visibility":-1,"drawOrder":null,"icon":null,"FID":513.0},"geometry":{"type":"MultiLineString","coordinates":[[[-34.801756392032402,-7.3086355831773],[-34.80209799747,-7.30868828654526]]]}},
{"type":"Feature","properties":{"id":null,"Name":null,"description":null,"timestamp":null,"begin":null,"end":null,"altitudeMode":null,"tessellate":-1,"extrude":0,"visibility":-1,"drawOrder":null,"icon":null,"FID":514.0},"geometry":{"type":"MultiLineString","coordinates":[[[-34.801756392031102,-7.3086355831771],[-34.801746029892897,-7.30863352311308],[-34.801735887010501,-7.30863056916627],[-34.801726040577599,-7.30862674381795],[-34.801716565531599,-7.30862207618139],[-34.801707533983198,-7.30861660178009],[-34.801699014668102,-7.30861036227761],[-34.801691072423402,-7.30860340516031],[-34.801683767694499,-7.30859578337615],[-34.801677156074703,-7.30858755493148],[-34.801671287882499,-7.3085787824498],[-34.801666207778403,-7.30856953269503],[-34.801664694819998,-7.30856635200059]]]}},
{"type":"Feature","properties":{"id":null,"Name":null,"description":null,"timestamp":null,"begin":null,"end":null,"altitudeMode":null,"tessellate":-1,"extrude":0,"visibility":-1,"drawOrder":null,"icon":null,"FID":515.0},"geometry":{"type":"MultiLineString","coordinates":[[[-34.801360166982498,-7.30790118536123],[-34.801664744001201,-7.3085663295517]]]}},
{"type":"Feature","properties":{"id":null,"Name":null,"description":null,"timestamp":null,"begin":null,"end":null,"altitudeMode":null,"tessellate":-1,"extrude":0,"visibility":-1,"drawOrder":null,"icon":null,"FID":516.0},"geometry":{"type":"MultiLineString","coordinates":[[[-34.801367343563001,-7.30790685286243],[-34.801360166982498,-7.30790118536123]]]}},
{"type":"Feature","properties":{"id":null,"Name":null,"description":null,"timestamp":null,"begin":null,"end":null,"altitudeMode":null,"tessellate":-1,"extrude":0,"visibility":-1,"drawOrder":null,"icon":null,"FID":517.0},"geometry":{"type":"MultiLineString","coordinates":[[[-34.802113558379403,-7.30827801020827],[-34.801947644322901,-7.30822776485711],[-34.801786747608503,-7.30816327264662],[-34.8016320927726,-7.3080850244043],[-34.801484856845804,-7.3079936156509],[-34.801367341360702,-7.30790685554561]]]}},
{"type":"Feature","properties":{"id":null,"Name":null,"description":null,"timestamp":null,"begin":null,"end":null,"altitudeMode":null,"tessellate":-1,"extrude":0,"visibility":-1,"drawOrder":null,"icon":null,"FID":518.0},"geometry":{"type":"MultiLineString","coordinates":[[[-34.802862676735401,-7.30846968016601],[-34.802113558424601,-7.30827801021985]]]}},
{"type":"Feature","properties":{"id":null,"Name":null,"description":null,"timestamp":null,"begin":null,"end":null,"altitudeMode":null,"tessellate":-1,"extrude":0,"visibility":-1,"drawOrder":null,"icon":null,"FID":519.0},"geometry":{"type":"MultiLineString","coordinates":[[[-34.802934824352398,-7.30848601679128],[-34.802862671233399,-7.30846970155057]]]}},
{"type":"Feature","properties":{"id":null,"Name":null,"description":null,"timestamp":null,"begin":null,"end":null,"altitudeMode":null,"tessellate":-1,"extrude":0,"visibility":-1,"drawOrder":null,"icon":null,"FID":543.0},"geometry":{"type":"MultiLineString","coordinates":[[[-34.8026979810803,-7.30592343109243],[-34.802916347545398,-7.30609118289186]]]}},
{"type":"Feature","properties":{"id":null,"Name":null,"description":null,"timestamp":null,"begin":null,"end":null,"altitudeMode":null,"tessellate":-1,"extrude":0,"visibility":-1,"drawOrder":null,"icon":null,"FID":544.0},"geometry":{"type":"MultiLineString","coordinates":[[[-34.802236365059301,-7.30572826057347],[-34.802321491291501,-7.30574453732228],[-34.802404872794902,-7.30576815991829],[-34.802485874990097,-7.30579894857953],[-34.802563881405497,-7.30583666898626],[-34.802638298368699,-7.30588103406446],[-34.8026979633594,-7.30592345413058]]]}},
{"type":"Feature","properties":{"id":null,"Name":null,"description":null,"timestamp":null,"begin":null,"end":null,"altitudeMode":null,"tessellate":-1,"extrude":0,"visibility":-1,"drawOrder":null,"icon":null,"FID":545.0},"geometry":{"type":"MultiLineString","coordinates":[[[-34.800386783195599,-7.30545743753307],[-34.802236365036997,-7.3057282605702]]]}},
{"type":"Feature","properties":{"id":null,"Name":null,"description":null,"timestamp":null,"begin":null,"end":null,"altitudeMode":null,"tessellate":-1,"extrude":0,"visibility":-1,"drawOrder":null,"icon":null,"FID":546.0},"geometry":{"type":"MultiLineString","coordinates":[[[-34.800386783197297,-7.3054574375333],[-34.800377116154699,-7.3054555943912],[-34.800367646786498,-7.30545291702259],[-34.800358447160399,-7.3054494258039],[-34.800349587291102,-7.3054451473054],[-34.800341134607699,-7.30544011408903],[-34.800333153440199,-7.30543436446067],[-34.800325704530103,-7.30542794217846],[-34.800318844568103,-7.30542089611988],[-34.8003126257628,-7.30541327990973],[-34.800309712923898,-7.30540918935428]]]}},
{"type":"Feature","properties":{"id":null,"Name":null,"description":null,"timestamp":null,"begin":null,"end":null,"altitudeMode":null,"tessellate":-1,"extrude":0,"visibility":-1,"drawOrder":null,"icon":null,"FID":547.0},"geometry":{"type":"MultiLineString","coordinates":[[[-34.799906903668102,-7.30481658920964],[-34.800309708953201,-7.30540919204201]]]}},
{"type":"Feature","properties":{"id":null,"Name":null,"description":null,"timestamp":null,"begin":null,"end":null,"altitudeMode":null,"tessellate":-1,"extrude":0,"visibility":-1,"drawOrder":null,"icon":null,"FID":554.0},"geometry":{"type":"MultiLineString","coordinates":[[[-34.803012675616301,-7.14605177369639],[-34.802291213266997,-7.14614573403379]]]}},
{"type":"Feature","properties":{"id":null,"Name":null,"description":null,"timestamp":null,"begin":null,"end":null,"altitudeMode":null,"tessellate":-1,"extrude":0,"visibility":-1,"drawOrder":null,"icon":null,"FID":555.0},"geometry":{"type":"MultiLineString","coordinates":[[[-34.803012675607903,-7.14605177369749],[-34.803092757607601,-7.14604487170377],[-34.803173137128503,-7.14604496730249],[-34.803253202437602,-7.14605205976516],[-34.803283082757901,-7.14605652419142]]]}},
{"type":"Feature","properties":{"id":null,"Name":null,"description":null,"timestamp":null,"begin":null,"end":null,"altitudeMode":null,"tessellate":-1,"extrude":0,"visibility":-1,"drawOrder":null,"icon":null,"FID":556.0},"geometry":{"type":"MultiLineString","coordinates":[[[-34.803515791627198,-7.14609519440878],[-34.8032830863486,-7.14605650262227]]]}},
{"type":"Feature","properties":{"id":null,"Name":null,"description":null,"timestamp":null,"begin":null,"end":null,"altitudeMode":null,"tessellate":-1,"extrude":0,"visibility":-1,"drawOrder":null,"icon":null,"FID":557.0},"geometry":{"type":"MultiLineString","coordinates":[[[-34.803515791636798,-7.14609519441036],[-34.803557870576299,-7.14610408747572],[-34.803599013393303,-7.14611660977455],[-34.803638906967201,-7.14613266600459],[-34.803677247684703,-7.14615213396848],[-34.803713743750698,-7.14617486550343],[-34.803719075458901,-7.14617857013276]]]}},
{"type":"Feature","properties":{"id":null,"Name":null,"description":null,"timestamp":null,"begin":null,"end":null,"altitudeMode":null,"tessellate":-1,"extrude":0,"visibility":-1,"drawOrder":null,"icon":null,"FID":558.0},"geometry":{"type":"MultiLineString","coordinates":[[[-34.803842796109699,-7.14626579537458],[-34.803719071174399,-7.14617857618503]]]}},
{"type":"Feature","properties":{"id":null,"Name":null,"description":null,"timestamp":null,"begin":null,"end":null,"altitudeMode":null,"tessellate":-1,"extrude":0,"visibility":-1,"drawOrder":null,"icon":null,"FID":559.0},"geometry":{"type":"MultiLineString","coordinates":[[[-34.804252250667403,-7.146339870975],[-34.804210176453402,-7.14634893684925],[-34.804167471262097,-7.14635430555632],[-34.804124460106898,-7.14635593623674],[-34.8040814703295,-7.14635381647975],[-34.804038829109302,-7.14634796241779],[-34.803996860972802,-7.14633841860368],[-34.803955885323802,-7.14632525767158],[-34.803916214012801,-7.14630857978422],[-34.803878148963499,-7.14628851187059],[-34.803842801839501,-7.1462657872618]]]}},
{"type":"Feature","properties":{"id":null,"Name":null,"description":null,"timestamp":null,"begin":null,"end":null,"altitudeMode":null,"tessellate":-1,"extrude":0,"visibility":-1,"drawOrder":null,"icon":null,"FID":560.0},"geometry":{"type":"MultiLineString","coordinates":[[[-34.804529238416997,-7.14626744875145],[-34.804252250662302,-7.14633987097637]]]}},
{"type":"Feature","properties":{"id":null,"Name":null,"description":null,"timestamp":null,"begin":null,"end":null,"altitudeMode":null,"tessellate":-1,"extrude":0,"visibility":-1,"drawOrder":null,"icon":null,"FID":561.0},"geometry":{"type":"MultiLineString","coordinates":[[[-34.804529238416102,-7.14626744875169],[-34.804553751029701,-7.1462621696188],[-34.804578631017101,-7.14625904445783],[-34.804603689026798,-7.14625809705298],[-34.804628734352697,-7.1462593346145],[-34.804653576385,-7.14626274772371],[-34.804678026061303,-7.14626831040476],[-34.804698698808899,-7.14627481798828]]]}},
{"type":"Feature","properties":{"id":null,"Name":null,"description":null,"timestamp":null,"begin":null,"end":null,"altitudeMode":null,"tessellate":-1,"extrude":0,"visibility":-1,"drawOrder":null,"icon":null,"FID":562.0},"geometry":{"type":"MultiLineString","coordinates":[[[-34.804974664383103,-7.14637320920426],[-34.8046987260321,-7.14627474184275]]]}},
{"type":"Feature","properties":{"id":null,"Name":null,"description":null,"timestamp":null,"begin":null,"end":null,"altitudeMode":null,"tessellate":-1,"extrude":0,"visibility":-1,"drawOrder":null,"icon":null,"FID":563.0},"geometry":{"type":"MultiLineString","coordinates":[[[-34.805351675720303,-7.14636892995945],[-34.805306694916403,-7.14638391152964],[-34.805260577995902,-7.14639492039572],[-34.805213675937402,-7.14640187277301],[-34.805166345695,-7.14640471574924],[-34.805118947481702,-7.14640342768725],[-34.805071842027701,-7.14639801838969],[-34.8050253878354,-7.14638852902441],[-34.804979938450501,-7.14637503181116],[-34.8049746731431,-7.1463731846829]]]}},
{"type":"Feature","properties":{"id":null,"Name":null,"description":null,"timestamp":null,"begin":null,"end":null,"altitudeMode":null,"tessellate":-1,"extrude":0,"visibility":-1,"drawOrder":null,"icon":null,"FID":564.0},"geometry":{"type":"MultiLineString","coordinates":[[[-34.805487166271703,-7.14631713360813],[-34.8053516757208,-7.14636892995926]]]}},
{"type":"Feature","properties":{"id":null,"Name":null,"description":null,"timestamp":null,"begin":null,"end":null,"altitudeMode":null,"tessellate":-1,"extrude":0,"visibility":-1,"drawOrder":null,"icon":null,"FID":565.0},"geometry":{"type":"MultiLineString","coordinates":[[[-34.805487166261301,-7.14631713361211],[-34.805538890508402,-7.14629991727348],[-34.805591920207,-7.14628726916787],[-34.805645851770201,-7.14627928555427],[-34.8056646152871,-7.14627762388356]]]}},
{"type":"Feature","properties":{"id":null,"Name":null,"description":null,"timestamp":null,"begin":null,"end":null,"altitudeMode":null,"tessellate":-1,"extrude":0,"visibility":-1,"drawOrder":null,"icon":null,"FID":566.0},"geometry":{"type":"MultiLineString","coordinates":[[[-34.8065999917658,-7.14620888616808],[-34.805664617238598,-7.14627765023361]]]}},
{"type":"Feature","properties":{"id":null,"Name":null,"description":null,"timestamp":null,"begin":null,"end":null,"altitudeMode":null,"tessellate":-1,"extrude":0,"visibility":-1,"drawOrder":null,"icon":null,"FID":567.0},"geometry":{"type":"MultiLineString","coordinates":[[[-34.806599991776203,-7.14620888616731],[-34.806657002492898,-7.14620718580273],[-34.806713944637501,-7.14621045482777],[-34.806770384848001,-7.14621866836279],[-34.806825893582001,-7.1462317638977],[-34.806842518000202,-7.1462366980629]]]}},
{"type":"Feature","properties":{"id":null,"Name":null,"description":null,"timestamp":null,"begin":null,"end":null,"altitudeMode":null,"tessellate":-1,"extrude":0,"visibility":-1,"drawOrder":null,"icon":null,"FID":568.0},"geometry":{"type":"MultiLineString","coordinates":[[[-34.806958169738401,-7.1462726720038],[-34.806842521196003,-7.14623668780732]]]}},
{"type":"Feature","properties":{"id":null,"Name":null,"description":null,"timestamp":null,"begin":null,"end":null,"altitudeMode":null,"tessellate":-1,"extrude":0,"visibility":-1,"drawOrder":null,"icon":null,"FID":569.0},"geometry":{"type":"MultiLineString","coordinates":[[[-34.8073399709154,-7.14631258561271],[-34.807255006570202,-7.1463168632667],[-34.807169992272101,-7.14631372826877],[-34.8070855750357,-7.14630320447724],[-34.807002397331097,-7.14628537198405],[-34.806958152308297,-7.14627272790697]]]}},
{"type":"Feature","properties":{"id":null,"Name":null,"description":null,"timestamp":null,"begin":null,"end":null,"altitudeMode":null,"tessellate":-1,"extrude":0,"visibility":-1,"drawOrder":null,"icon":null,"FID":570.0},"geometry":{"type":"MultiLineString","coordinates":[[[-34.8073901921953,-7.14630777751437],[-34.807339970913503,-7.14631258561287]]]}},
{"type":"Feature","properties":{"id":null,"Name":null,"description":null,"timestamp":null,"begin":null,"end":null,"altitudeMode":null,"tessellate":-1,"extrude":0,"visibility":-1,"drawOrder":null,"icon":null,"FID":571.0},"geometry":{"type":"MultiLineString","coordinates":[[[-34.807390192188301,-7.14630777751502],[-34.807462398650699,-7.14630414609536],[-34.807534647217601,-7.14630681423585],[-34.807588286124698,-7.14631290316249]]]}},
{"type":"Feature","properties":{"id":null,"Name":null,"description":null,"timestamp":null,"begin":null,"end":null,"altitudeMode":null,"tessellate":-1,"extrude":0,"visibility":-1,"drawOrder":null,"icon":null,"FID":572.0},"geometry":{"type":"MultiLineString","coordinates":[[[-34.807740170922898,-7.14633524777535],[-34.807588276562598,-7.14631296826176]]]}},
{"type":"Feature","properties":{"id":null,"Name":null,"description":null,"timestamp":null,"begin":null,"end":null,"altitudeMode":null,"tessellate":-1,"extrude":0,"visibility":-1,"drawOrder":null,"icon":null,"FID":573.0},"geometry":{"type":"MultiLineString","coordinates":[[[-34.808120387777997,-7.14631757220526],[-34.8080350749659,-7.14633438748025],[-34.8079486195006,-7.14634371205986],[-34.8078616793644,-7.14634547497696],[-34.807774916228396,-7.14633966281348],[-34.807740179196102,-7.1463351912956]]]}},
{"type":"Feature","properties":{"id":null,"Name":null,"description":null,"timestamp":null,"begin":null,"end":null,"altitudeMode":null,"tessellate":-1,"extrude":0,"visibility":-1,"drawOrder":null,"icon":null,"FID":574.0},"geometry":{"type":"MultiLineString","coordinates":[[[-34.808273858643503,-7.14628035190692],[-34.808120387795299,-7.14631757220106]]]}},
{"type":"Feature","properties":{"id":null,"Name":null,"description":null,"timestamp":null,"begin":null,"end":null,"altitudeMode":null,"tessellate":-1,"extrude":0,"visibility":-1,"drawOrder":null,"icon":null,"FID":575.0},"geometry":{"type":"MultiLineString","coordinates":[[[-34.808273858642302,-7.14628035190723],[-34.808328033454799,-7.14626967395419],[-34.808382933861203,-7.14626375268101],[-34.808438142037701,-7.14626263315153],[-34.808493237818503,-7.14626632388562],[-34.808515053287898,-7.14626912774745]]]}},
{"type":"Feature","properties":{"id":null,"Name":null,"description":null,"timestamp":null,"begin":null,"end":null,"altitudeMode":null,"tessellate":-1,"extrude":0,"visibility":-1,"drawOrder":null,"icon":null,"FID":576.0},"geometry":{"type":"MultiLineString","coordinates":[[[-34.808860872344198,-7.14631964002777],[-34.808515057615097,-7.14626909833058]]]}},
{"type":"Feature","properties":{"id":null,"Name":null,"description":null,"timestamp":null,"begin":null,"end":null,"altitudeMode":null,"tessellate":-1,"extrude":0,"visibility":-1,"drawOrder":null,"icon":null,"FID":577.0},"geometry":{"type":"MultiLineString","coordinates":[[[-34.808860872345697,-7.14631964002796],[-34.808926296512702,-7.14633213490543],[-34.808990381431698,-7.14635027756286],[-34.809052639380198,-7.14637392992376],[-34.809104934008097,-7.14639884270829]]]}},
{"type":"Feature","properties":{"id":null,"Name":null,"description":null,"timestamp":null,"begin":null,"end":null,"altitudeMode":null,"tessellate":-1,"extrude":0,"visibility":-1,"drawOrder":null,"icon":null,"FID":578.0},"geometry":{"type":"MultiLineString","coordinates":[[[-34.809250278749701,-7.1464749827732],[-34.809104961514898,-7.14639879032345]]]}},
{"type":"Feature","properties":{"id":null,"Name":null,"description":null,"timestamp":null,"begin":null,"end":null,"altitudeMode":null,"tessellate":-1,"extrude":0,"visibility":-1,"drawOrder":null,"icon":null,"FID":579.0},"geometry":{"type":"MultiLineString","coordinates":[[[-34.809691947034203,-7.1465459431242],[-34.809630981530802,-7.14655328897252],[-34.809569607024102,-7.14655529966325],[-34.809508290613202,-7.14655195989318],[-34.809447498955201,-7.14654329507961],[-34.8093876947136,-7.14652937116674],[-34.809329333036899,-7.14651029412394],[-34.809272858094701,-7.14648620913922],[-34.809250316461203,-7.14647491094199]]]}},
{"type":"Feature","properties":{"id":null,"Name":null,"description":null,"timestamp":null,"begin":null,"end":null,"altitudeMode":null,"tessellate":-1,"extrude":0,"visibility":-1,"drawOrder":null,"icon":null,"FID":580.0},"geometry":{"type":"MultiLineString","coordinates":[[[-34.809856139420198,-7.14651889717464],[-34.809691947030103,-7.14654594312487]]]}},
{"type":"Feature","properties":{"id":null,"Name":null,"description":null,"timestamp":null,"begin":null,"end":null,"altitudeMode":null,"tessellate":-1,"extrude":0,"visibility":-1,"drawOrder":null,"icon":null,"FID":581.0},"geometry":{"type":"MultiLineString","coordinates":[[[-34.810245351977898,-7.14632595932591],[-34.810196397709902,-7.14636832547031],[-34.8101439328859,-7.14640626880418],[-34.810088356794999,-7.14643950055454],[-34.810030092405498,-7.14646776780638],[-34.809969583145602,-7.14649085542757],[-34.809907289528603,-7.14650858770615],[-34.809856137171998,-7.14651888358575]]]}},
{"type":"Feature","properties":{"id":null,"Name":null,"description":null,"timestamp":null,"begin":null,"end":null,"altitudeMode":null,"tessellate":-1,"extrude":0,"visibility":-1,"drawOrder":null,"icon":null,"FID":582.0},"geometry":{"type":"MultiLineString","coordinates":[[[-34.8103770254667,-7.1462015730531],[-34.810245351972,-7.14632595933142]]]}},
{"type":"Feature","properties":{"id":null,"Name":null,"description":null,"timestamp":null,"begin":null,"end":null,"altitudeMode":null,"tessellate":-1,"extrude":0,"visibility":-1,"drawOrder":null,"icon":null,"FID":583.0},"geometry":{"type":"MultiLineString","coordinates":[[[-34.810377025465897,-7.14620157305381],[-34.810394844103598,-7.14618615278783],[-34.810413940493099,-7.14617234235743],[-34.810434169299299,-7.14616024686818],[-34.810455376569003,-7.14614995837387],[-34.810477400902101,-7.14614155517599],[-34.810485680471302,-7.14613894989937]]]}},
{"type":"Feature","properties":{"id":null,"Name":null,"description":null,"timestamp":null,"begin":null,"end":null,"altitudeMode":null,"tessellate":-1,"extrude":0,"visibility":-1,"drawOrder":null,"icon":null,"FID":584.0},"geometry":{"type":"MultiLineString","coordinates":[[[-34.811342467313501,-7.14588431033368],[-34.8104856776744,-7.14613894050921]]]}},
{"type":"Feature","properties":{"id":null,"Name":null,"description":null,"timestamp":null,"begin":null,"end":null,"altitudeMode":null,"tessellate":-1,"extrude":0,"visibility":-1,"drawOrder":null,"icon":null,"FID":616.0},"geometry":{"type":"MultiLineString","coordinates":[[[-34.804587416075201,-7.21575515136016],[-34.805263814919797,-7.21580057882585]]]}},
{"type":"Feature","properties":{"id":null,"Name":null,"description":null,"timestamp":null,"begin":null,"end":null,"altitudeMode":null,"tessellate":-1,"extrude":0,"visibility":-1,"drawOrder":null,"icon":null,"FID":617.0},"geometry":{"type":"MultiLineString","coordinates":[[[-34.804587416076103,-7.21575515136022],[-34.804573911562997,-7.21575365293655],[-34.804560589209999,-7.2157509847947],[-34.804547550408401,-7.21574716724084],[-34.804534894391502,-7.21574222932883],[-34.804522717479301,-7.2157362086392],[-34.804511112345502,-7.21572915099309],[-34.804500167312298,-7.21572111010343],[-34.804489965678002,-7.21571214716631],[-34.804480585083297,-7.21570233039515],[-34.804472096920101,-7.21569173450156],[-34.804464565788599,-7.21568044012672],[-34.804458049005198,-7.21566853322772],[-34.804452596166499,-7.21565610442329],[-34.804448248771799,-7.21564324830422],[-34.804445039907399,-7.21563006271337],[-34.804444035232002,-7.21562443402449]]]}},
{"type":"Feature","properties":{"id":null,"Name":null,"description":null,"timestamp":null,"begin":null,"end":null,"altitudeMode":null,"tessellate":-1,"extrude":0,"visibility":-1,"drawOrder":null,"icon":null,"FID":618.0},"geometry":{"type":"MultiLineString","coordinates":[[[-34.804198092490303,-7.21408273685243],[-34.8044440311782,-7.21562443466878]]]}},
{"type":"Feature","properties":{"id":null,"Name":null,"description":null,"timestamp":null,"begin":null,"end":null,"altitudeMode":null,"tessellate":-1,"extrude":0,"visibility":-1,"drawOrder":null,"icon":null,"FID":619.0},"geometry":{"type":"MultiLineString","coordinates":[[[-34.803961908796403,-7.21299181197236],[-34.804159435851702,-7.21385709349963],[-34.804198050219597,-7.21408274398212]]]}},
{"type":"Feature","properties":{"id":null,"Name":null,"description":null,"timestamp":null,"begin":null,"end":null,"altitudeMode":null,"tessellate":-1,"extrude":0,"visibility":-1,"drawOrder":null,"icon":null,"FID":620.0},"geometry":{"type":"MultiLineString","coordinates":[[[-34.803305021117097,-7.21060065306955],[-34.803961908736298,-7.21299181175354]]]}},
{"type":"Feature","properties":{"id":null,"Name":null,"description":null,"timestamp":null,"begin":null,"end":null,"altitudeMode":null,"tessellate":-1,"extrude":0,"visibility":-1,"drawOrder":null,"icon":null,"FID":621.0},"geometry":{"type":"MultiLineString","coordinates":[[[-34.8033050211138,-7.21060065305744],[-34.803278881116697,-7.21048613394818],[-34.8032628348721,-7.21036977538854],[-34.803257004494498,-7.21025246294036],[-34.803261434348897,-7.21013508942455],[-34.803275321675301,-7.21002310820864]]]}},
{"type":"Feature","properties":{"id":null,"Name":null,"description":null,"timestamp":null,"begin":null,"end":null,"altitudeMode":null,"tessellate":-1,"extrude":0,"visibility":-1,"drawOrder":null,"icon":null,"FID":622.0},"geometry":{"type":"MultiLineString","coordinates":[[[-34.803343313303998,-7.20961560507331],[-34.803275303648803,-7.21002310520512]]]}},
{"type":"Feature","properties":{"id":null,"Name":null,"description":null,"timestamp":null,"begin":null,"end":null,"altitudeMode":null,"tessellate":-1,"extrude":0,"visibility":-1,"drawOrder":null,"icon":null,"FID":623.0},"geometry":{"type":"MultiLineString","coordinates":[[[-34.803343313302697,-7.2096156050813],[-34.803352690204697,-7.20957140793585],[-34.803365888570497,-7.20952819514172],[-34.8033828079515,-7.20948629557435],[-34.8034033195799,-7.20944602811453],[-34.803427267349001,-7.20940769922164],[-34.803454469000897,-7.20937160060136],[-34.803484717514003,-7.20933800698546],[-34.803517782678497,-7.20930717404114],[-34.803553412848402,-7.2092793364251],[-34.803574342222603,-7.20926516365602]]]}},
{"type":"Feature","properties":{"id":null,"Name":null,"description":null,"timestamp":null,"begin":null,"end":null,"altitudeMode":null,"tessellate":-1,"extrude":0,"visibility":-1,"drawOrder":null,"icon":null,"FID":624.0},"geometry":{"type":"MultiLineString","coordinates":[[[-34.804075258258003,-7.20894337004046],[-34.803574331427903,-7.20926514685713]]]}},
{"type":"Feature","properties":{"id":null,"Name":null,"description":null,"timestamp":null,"begin":null,"end":null,"altitudeMode":null,"tessellate":-1,"extrude":0,"visibility":-1,"drawOrder":null,"icon":null,"FID":625.0},"geometry":{"type":"MultiLineString","coordinates":[[[-34.804075258255402,-7.20894337004211],[-34.804134181962198,-7.20890905496672],[-34.804195876157301,-7.20887999920501],[-34.804259871311899,-7.20885642388744],[-34.804325680385901,-7.20883850843509],[-34.804392802534203,-7.2088263891941],[-34.804436459358499,-7.20882169974696]]]}},
{"type":"Feature","properties":{"id":null,"Name":null,"description":null,"timestamp":null,"begin":null,"end":null,"altitudeMode":null,"tessellate":-1,"extrude":0,"visibility":-1,"drawOrder":null,"icon":null,"FID":626.0},"geometry":{"type":"MultiLineString","coordinates":[[[-34.805949832822201,-7.20870206223031],[-34.804436465883001,-7.208821781928]]]}},
{"type":"Feature","properties":{"id":null,"Name":null,"description":null,"timestamp":null,"begin":null,"end":null,"altitudeMode":null,"tessellate":-1,"extrude":0,"visibility":-1,"drawOrder":null,"icon":null,"FID":638.0},"geometry":{"type":"MultiLineString","coordinates":[[[-34.803316109828899,-7.20404186253244],[-34.804483367319399,-7.20454458034343]]]}},
{"type":"Feature","properties":{"id":null,"Name":null,"description":null,"timestamp":null,"begin":null,"end":null,"altitudeMode":null,"tessellate":-1,"extrude":0,"visibility":-1,"drawOrder":null,"icon":null,"FID":639.0},"geometry":{"type":"MultiLineString","coordinates":[[[-34.803316109803902,-7.20404186252167],[-34.803224985737401,-7.20399781652366],[-34.803138052350299,-7.2039460065536],[-34.803069640971898,-7.20389745425101]]]}},
{"type":"Feature","properties":{"id":null,"Name":null,"description":null,"timestamp":null,"begin":null,"end":null,"altitudeMode":null,"tessellate":-1,"extrude":0,"visibility":-1,"drawOrder":null,"icon":null,"FID":640.0},"geometry":{"type":"MultiLineString","coordinates":[[[-34.802831454901103,-7.20371511239896],[-34.803069647369597,-7.2038974459236]]]}},
{"type":"Feature","properties":{"id":null,"Name":null,"description":null,"timestamp":null,"begin":null,"end":null,"altitudeMode":null,"tessellate":-1,"extrude":0,"visibility":-1,"drawOrder":null,"icon":null,"FID":641.0},"geometry":{"type":"MultiLineString","coordinates":[[[-34.802522736215003,-7.20354083238911],[-34.802624298814997,-7.20358594492981],[-34.802721537975302,-7.20363972592811],[-34.802813713652199,-7.20370176608016],[-34.802831457764903,-7.2037151086984]]]}},
{"type":"Feature","properties":{"id":null,"Name":null,"description":null,"timestamp":null,"begin":null,"end":null,"altitudeMode":null,"tessellate":-1,"extrude":0,"visibility":-1,"drawOrder":null,"icon":null,"FID":646.0},"geometry":{"type":"MultiLineString","coordinates":[[[-34.804821364769197,-7.22680435288527],[-34.805082350150599,-7.22884707011286]]]}},
{"type":"Feature","properties":{"id":null,"Name":null,"description":null,"timestamp":null,"begin":null,"end":null,"altitudeMode":null,"tessellate":-1,"extrude":0,"visibility":-1,"drawOrder":null,"icon":null,"FID":647.0},"geometry":{"type":"MultiLineString","coordinates":[[[-34.804821364759199,-7.22680435280696],[-34.804698655429902,-7.22533612908798],[-34.804689386189501,-7.22503481182144]]]}},
{"type":"Feature","properties":{"id":null,"Name":null,"description":null,"timestamp":null,"begin":null,"end":null,"altitudeMode":null,"tessellate":-1,"extrude":0,"visibility":-1,"drawOrder":null,"icon":null,"FID":648.0},"geometry":{"type":"MultiLineString","coordinates":[[[-34.804606502384999,-7.22123235565585],[-34.804689398833297,-7.2250348118609]]]}},
{"type":"Feature","properties":{"id":null,"Name":null,"description":null,"timestamp":null,"begin":null,"end":null,"altitudeMode":null,"tessellate":-1,"extrude":0,"visibility":-1,"drawOrder":null,"icon":null,"FID":649.0},"geometry":{"type":"MultiLineString","coordinates":[[[-34.804606502339396,-7.22123235356535],[-34.804580088006198,-7.21942857852297]]]}},
{"type":"Feature","properties":{"id":null,"Name":null,"description":null,"timestamp":null,"begin":null,"end":null,"altitudeMode":null,"tessellate":-1,"extrude":0,"visibility":-1,"drawOrder":null,"icon":null,"FID":650.0},"geometry":{"type":"MultiLineString","coordinates":[[[-34.804565759827703,-7.21750974961501],[-34.804580065794902,-7.21942858095362]]]}},
{"type":"Feature","properties":{"id":null,"Name":null,"description":null,"timestamp":null,"begin":null,"end":null,"altitudeMode":null,"tessellate":-1,"extrude":0,"visibility":-1,"drawOrder":null,"icon":null,"FID":651.0},"geometry":{"type":"MultiLineString","coordinates":[[[-34.805268510536997,-7.21796691467417],[-34.804565759827703,-7.21750974961501]]]}},
{"type":"Feature","properties":{"id":null,"Name":null,"description":null,"timestamp":null,"begin":null,"end":null,"altitudeMode":null,"tessellate":-1,"extrude":0,"visibility":-1,"drawOrder":null,"icon":null,"FID":659.0},"geometry":{"type":"MultiLineString","coordinates":[[[-34.811338640808302,-7.23378459534456],[-34.811690019453899,-7.23357849823112]]]}},
{"type":"Feature","properties":{"id":null,"Name":null,"description":null,"timestamp":null,"begin":null,"end":null,"altitudeMode":null,"tessellate":-1,"extrude":0,"visibility":-1,"drawOrder":null,"icon":null,"FID":660.0},"geometry":{"type":"MultiLineString","coordinates":[[[-34.810573321232198,-7.23440173758176],[-34.810779030217297,-7.23419691145117],[-34.8110018326824,-7.23401076865115],[-34.8112400329628,-7.23384472581539],[-34.811338627870697,-7.23378457350986]]]}},
{"type":"Feature","properties":{"id":null,"Name":null,"description":null,"timestamp":null,"begin":null,"end":null,"altitudeMode":null,"tessellate":-1,"extrude":0,"visibility":-1,"drawOrder":null,"icon":null,"FID":661.0},"geometry":{"type":"MultiLineString","coordinates":[[[-34.810016736438499,-7.23500656673353],[-34.810573321263902,-7.23440173754732]]]}},
{"type":"Feature","properties":{"id":null,"Name":null,"description":null,"timestamp":null,"begin":null,"end":null,"altitudeMode":null,"tessellate":-1,"extrude":0,"visibility":-1,"drawOrder":null,"icon":null,"FID":662.0},"geometry":{"type":"MultiLineString","coordinates":[[[-34.810016736441099,-7.23500656673072],[-34.810005436188199,-7.23501781770707],[-34.809993196991101,-7.23502804234928],[-34.809980111997398,-7.23503716284158],[-34.809966280791997,-7.23504510977145],[-34.809951808638601,-7.23505182265785],[-34.8099368056792,-7.2350572504116],[-34.809921386095397,-7.23506135172414],[-34.809905667239697,-7.23506409538194],[-34.809901883335499,-7.23506454713552]]]}},
{"type":"Feature","properties":{"id":null,"Name":null,"description":null,"timestamp":null,"begin":null,"end":null,"altitudeMode":null,"tessellate":-1,"extrude":0,"visibility":-1,"drawOrder":null,"icon":null,"FID":663.0},"geometry":{"type":"MultiLineString","coordinates":[[[-34.808409707884003,-7.2352269633421],[-34.809901891025802,-7.23506461759459]]]}},
{"type":"Feature","properties":{"id":null,"Name":null,"description":null,"timestamp":null,"begin":null,"end":null,"altitudeMode":null,"tessellate":-1,"extrude":0,"visibility":-1,"drawOrder":null,"icon":null,"FID":664.0},"geometry":{"type":"MultiLineString","coordinates":[[[-34.808195680014101,-7.23511569822654],[-34.808409707884003,-7.2352269633421]]]}},
{"type":"Feature","properties":{"id":null,"Name":null,"description":null,"timestamp":null,"begin":null,"end":null,"altitudeMode":null,"tessellate":-1,"extrude":0,"visibility":-1,"drawOrder":null,"icon":null,"FID":665.0},"geometry":{"type":"MultiLineString","coordinates":[[[-34.807706488142102,-7.23518346247002],[-34.807734621338597,-7.23515919057307],[-34.807764765840702,-7.23513745961634],[-34.807796692230703,-7.23511843498507],[-34.807830157529601,-7.23510226146779],[-34.8078649070466,-7.23508906215425],[-34.807900676317502,-7.23507893749886],[-34.807937193116899,-7.23507196455594],[-34.807974179530703,-7.23506819639349],[-34.8080113540707,-7.23506766168924],[-34.808048433817,-7.23507036451237],[-34.808085136571101,-7.23507628429267],[-34.808121183003699,-7.23508537597694],[-34.808156298780503,-7.23509757037198],[-34.808190216649997,-7.23511277467121],[-34.808195734668097,-7.23511559343875]]]}},
{"type":"Feature","properties":{"id":null,"Name":null,"description":null,"timestamp":null,"begin":null,"end":null,"altitudeMode":null,"tessellate":-1,"extrude":0,"visibility":-1,"drawOrder":null,"icon":null,"FID":666.0},"geometry":{"type":"MultiLineString","coordinates":[[[-34.807271532232797,-7.2355931424967],[-34.807706488135899,-7.23518346247583]]]}},
{"type":"Feature","properties":{"id":null,"Name":null,"description":null,"timestamp":null,"begin":null,"end":null,"altitudeMode":null,"tessellate":-1,"extrude":0,"visibility":-1,"drawOrder":null,"icon":null,"FID":667.0},"geometry":{"type":"MultiLineString","coordinates":[[[-34.807271532233798,-7.23559314249576],[-34.807261562307197,-7.23560174644064],[-34.807250879396598,-7.23560944991064],[-34.8072395648054,-7.23561619427764],[-34.807227704644603,-7.23562192821284],[-34.807215389177202,-7.23562660807754],[-34.8072027121313,-7.23563019825506],[-34.807193361551498,-7.23563210189572]]]}},
{"type":"Feature","properties":{"id":null,"Name":null,"description":null,"timestamp":null,"begin":null,"end":null,"altitudeMode":null,"tessellate":-1,"extrude":0,"visibility":-1,"drawOrder":null,"icon":null,"FID":668.0},"geometry":{"type":"MultiLineString","coordinates":[[[-34.806250035631599,-7.23579357721659],[-34.8071933698672,-7.23563215041985]]]}},
{"type":"Feature","properties":{"id":null,"Name":null,"description":null,"timestamp":null,"begin":null,"end":null,"altitudeMode":null,"tessellate":-1,"extrude":0,"visibility":-1,"drawOrder":null,"icon":null,"FID":669.0},"geometry":{"type":"MultiLineString","coordinates":[[[-34.805645856476303,-7.23624868295534],[-34.805679843355698,-7.23618532372894],[-34.805719230674697,-7.23612516365206],[-34.8057637186701,-7.23606866057809],[-34.805812968760002,-7.23601624452836],[-34.805866606120503,-7.23596831441919],[-34.8059242225386,-7.23592523502616],[-34.805985379518702,-7.23588733420787],[-34.806049611619798,-7.23585490041076],[-34.806116429998099,-7.23582818047403],[-34.806185326127,-7.23580737775102],[-34.806250041488397,-7.23579361139628]]]}},
{"type":"Feature","properties":{"id":null,"Name":null,"description":null,"timestamp":null,"begin":null,"end":null,"altitudeMode":null,"tessellate":-1,"extrude":0,"visibility":-1,"drawOrder":null,"icon":null,"FID":670.0},"geometry":{"type":"MultiLineString","coordinates":[[[-34.805440664678699,-7.23667472005902],[-34.805645856484297,-7.23624868293879]]]}},
{"type":"Feature","properties":{"id":null,"Name":null,"description":null,"timestamp":null,"begin":null,"end":null,"altitudeMode":null,"tessellate":-1,"extrude":0,"visibility":-1,"drawOrder":null,"icon":null,"FID":671.0},"geometry":{"type":"MultiLineString","coordinates":[[[-34.804961995624801,-7.2355636944942],[-34.805440664678699,-7.23667472005902]]]}},
{"type":"Feature","properties":{"id":null,"Name":null,"description":null,"timestamp":null,"begin":null,"end":null,"altitudeMode":null,"tessellate":-1,"extrude":0,"visibility":-1,"drawOrder":null,"icon":null,"FID":672.0},"geometry":{"type":"MultiLineString","coordinates":[[[-34.804961995609801,-7.2355636944595],[-34.804796468973201,-7.23512807865681],[-34.8047818196804,-7.23508312459876]]]}},
{"type":"Feature","properties":{"id":null,"Name":null,"description":null,"timestamp":null,"begin":null,"end":null,"altitudeMode":null,"tessellate":-1,"extrude":0,"visibility":-1,"drawOrder":null,"icon":null,"FID":673.0},"geometry":{"type":"MultiLineString","coordinates":[[[-34.804232494548799,-7.23337175019375],[-34.804781811361103,-7.23508312732335]]]}},
{"type":"Feature","properties":{"id":null,"Name":null,"description":null,"timestamp":null,"begin":null,"end":null,"altitudeMode":null,"tessellate":-1,"extrude":0,"visibility":-1,"drawOrder":null,"icon":null,"FID":674.0},"geometry":{"type":"MultiLineString","coordinates":[[[-34.804236478617,-7.23337182483003],[-34.804232494548799,-7.23337175019375]]]}},
{"type":"Feature","properties":{"id":null,"Name":null,"description":null,"timestamp":null,"begin":null,"end":null,"altitudeMode":null,"tessellate":-1,"extrude":0,"visibility":-1,"drawOrder":null,"icon":null,"FID":675.0},"geometry":{"type":"MultiLineString","coordinates":[[[-34.804907732008502,-7.23298137404883],[-34.804875244025403,-7.23303665400929],[-34.804838055048201,-7.23308889599881],[-34.804796448106003,-7.23313770242335],[-34.804750739851897,-7.23318270183552],[-34.804701278152798,-7.23322355176145],[-34.804648439441799,-7.23325994130729],[-34.8045926258539,-7.23329159352536],[-34.8045342621648,-7.23331826752183],[-34.804473792558397,-7.23333976029026],[-34.804411677246598,-7.2333559082565],[-34.804348388966098,-7.23336658852369],[-34.804284409380998,-7.23337171980765],[-34.8042364762441,-7.23337190776945]]]}},
{"type":"Feature","properties":{"id":null,"Name":null,"description":null,"timestamp":null,"begin":null,"end":null,"altitudeMode":null,"tessellate":-1,"extrude":0,"visibility":-1,"drawOrder":null,"icon":null,"FID":676.0},"geometry":{"type":"MultiLineString","coordinates":[[[-34.8050409146554,-7.23273021486467],[-34.8049077320035,-7.23298137405825]]]}},
{"type":"Feature","properties":{"id":null,"Name":null,"description":null,"timestamp":null,"begin":null,"end":null,"altitudeMode":null,"tessellate":-1,"extrude":0,"visibility":-1,"drawOrder":null,"icon":null,"FID":677.0},"geometry":{"type":"MultiLineString","coordinates":[[[-34.805209480443096,-7.2320871454813],[-34.805200793433599,-7.23221344265928],[-34.805181116790202,-7.23233850315832],[-34.8051506002544,-7.23246137519334],[-34.805109476066399,-7.2325811236338],[-34.8050580571974,-7.23269683712082],[-34.805040904624001,-7.23273020955602]]]}},
{"type":"Feature","properties":{"id":null,"Name":null,"description":null,"timestamp":null,"begin":null,"end":null,"altitudeMode":null,"tessellate":-1,"extrude":0,"visibility":-1,"drawOrder":null,"icon":null,"FID":678.0},"geometry":{"type":"MultiLineString","coordinates":[[[-34.805242291641498,-7.23077427418852],[-34.8052094804424,-7.23208714551028]]]}},
{"type":"Feature","properties":{"id":null,"Name":null,"description":null,"timestamp":null,"begin":null,"end":null,"altitudeMode":null,"tessellate":-1,"extrude":0,"visibility":-1,"drawOrder":null,"icon":null,"FID":679.0},"geometry":{"type":"MultiLineString","coordinates":[[[-34.805184764577497,-7.22964864942495],[-34.805238750198598,-7.23029456634904],[-34.805242280968102,-7.2307742739375]]]}},
{"type":"Feature","properties":{"id":null,"Name":null,"description":null,"timestamp":null,"begin":null,"end":null,"altitudeMode":null,"tessellate":-1,"extrude":0,"visibility":-1,"drawOrder":null,"icon":null,"FID":680.0},"geometry":{"type":"MultiLineString","coordinates":[[[-34.805082350150599,-7.22884707011286],[-34.805184764562902,-7.22964864931108]]]}},
{"type":"Feature","properties":{"id":null,"Name":null,"description":null,"timestamp":null,"begin":null,"end":null,"altitudeMode":null,"tessellate":-1,"extrude":0,"visibility":-1,"drawOrder":null,"icon":null,"FID":706.0},"geometry":{"type":"MultiLineString","coordinates":[[[-34.805900522620099,-7.25338879198227],[-34.805868829026203,-7.25416025087365]]]}},
{"type":"Feature","properties":{"id":null,"Name":null,"description":null,"timestamp":null,"begin":null,"end":null,"altitudeMode":null,"tessellate":-1,"extrude":0,"visibility":-1,"drawOrder":null,"icon":null,"FID":707.0},"geometry":{"type":"MultiLineString","coordinates":[[[-34.805900522619297,-7.25338879200095],[-34.805964307397197,-7.2525059072312]]]}},
{"type":"Feature","properties":{"id":null,"Name":null,"description":null,"timestamp":null,"begin":null,"end":null,"altitudeMode":null,"tessellate":-1,"extrude":0,"visibility":-1,"drawOrder":null,"icon":null,"FID":708.0},"geometry":{"type":"MultiLineString","coordinates":[[[-34.8061457201133,-7.25075483357095],[-34.805964277585304,-7.25250590442641]]]}},
{"type":"Feature","properties":{"id":null,"Name":null,"description":null,"timestamp":null,"begin":null,"end":null,"altitudeMode":null,"tessellate":-1,"extrude":0,"visibility":-1,"drawOrder":null,"icon":null,"FID":709.0},"geometry":{"type":"MultiLineString","coordinates":[[[-34.806145720115403,-7.25075483355117],[-34.806161756887803,-7.2506464625504],[-34.806187191192599,-7.25053989965067],[-34.806221829452497,-7.25043595586004],[-34.806265408042897,-7.2503354222528],[-34.806317595298303,-7.25023906394914],[-34.806331388656503,-7.25021659335395]]]}},
{"type":"Feature","properties":{"id":null,"Name":null,"description":null,"timestamp":null,"begin":null,"end":null,"altitudeMode":null,"tessellate":-1,"extrude":0,"visibility":-1,"drawOrder":null,"icon":null,"FID":710.0},"geometry":{"type":"MultiLineString","coordinates":[[[-34.807210934346102,-7.24881670733641],[-34.8063313623339,-7.25021657688838]]]}},
{"type":"Feature","properties":{"id":null,"Name":null,"description":null,"timestamp":null,"begin":null,"end":null,"altitudeMode":null,"tessellate":-1,"extrude":0,"visibility":-1,"drawOrder":null,"icon":null,"FID":711.0},"geometry":{"type":"MultiLineString","coordinates":[[[-34.807210934352703,-7.24881670732589],[-34.807237169883898,-7.2487787352513],[-34.807266619744603,-7.24874319101703],[-34.807299059803,-7.24871034513567],[-34.807334243170303,-7.24868044758358],[-34.807371902079801,-7.24865372589856],[-34.807411749924597,-7.24863038344809],[-34.807453483438799,-7.24861059788165],[-34.807496785005803,-7.24859451977871],[-34.807541325075199,-7.24858227150267],[-34.807586764671001,-7.24857394626978],[-34.807632757971597,-7.24856960743957],[-34.807678954941302,-7.24856928803275],[-34.807725003994399,-7.24857299047989],[-34.807738924554798,-7.24857491037124]]]}},
{"type":"Feature","properties":{"id":null,"Name":null,"description":null,"timestamp":null,"begin":null,"end":null,"altitudeMode":null,"tessellate":-1,"extrude":0,"visibility":-1,"drawOrder":null,"icon":null,"FID":712.0},"geometry":{"type":"MultiLineString","coordinates":[[[-34.809498333787403,-7.24884133312284],[-34.807738923499898,-7.24857491730227]]]}},
{"type":"Feature","properties":{"id":null,"Name":null,"description":null,"timestamp":null,"begin":null,"end":null,"altitudeMode":null,"tessellate":-1,"extrude":0,"visibility":-1,"drawOrder":null,"icon":null,"FID":713.0},"geometry":{"type":"MultiLineString","coordinates":[[[-34.810108842532202,-7.24831395247468],[-34.810107101375301,-7.24836017300672],[-34.810101332762699,-7.24840606611823],[-34.810091580595703,-7.2484512825351],[-34.810077919092898,-7.24849547813311],[-34.810060452225599,-7.24853831655699],[-34.810039312925902,-7.24857947178028],[-34.810014662075801,-7.24861863058655],[-34.809986687282297,-7.2486554949532],[-34.809955601449801,-7.24868978431971],[-34.809921641159903,-7.24872123772266],[-34.809885064870599,-7.24874961578206],[-34.809846150949703,-7.24877470252312],[-34.809805195555697,-7.24879630701987],[-34.809762510384502,-7.24881426484837],[-34.809718420296498,-7.24882843933806],[-34.809673260844797,-7.24883872261197],[-34.809627375721099,-7.24884503640756],[-34.809581114139903,-7.24884733267262],[-34.8095348281811,-7.24884559393081],[-34.809498330776798,-7.24884135294057]]]}},
{"type":"Feature","properties":{"id":null,"Name":null,"description":null,"timestamp":null,"begin":null,"end":null,"altitudeMode":null,"tessellate":-1,"extrude":0,"visibility":-1,"drawOrder":null,"icon":null,"FID":714.0},"geometry":{"type":"MultiLineString","coordinates":[[[-34.810105588308403,-7.24777102268434],[-34.810108842532301,-7.24831395248356]]]}},
{"type":"Feature","properties":{"id":null,"Name":null,"description":null,"timestamp":null,"begin":null,"end":null,"altitudeMode":null,"tessellate":-1,"extrude":0,"visibility":-1,"drawOrder":null,"icon":null,"FID":715.0},"geometry":{"type":"MultiLineString","coordinates":[[[-34.810636252244997,-7.24749703152214],[-34.810105588308403,-7.24777102268434]]]}},
{"type":"Feature","properties":{"id":null,"Name":null,"description":null,"timestamp":null,"begin":null,"end":null,"altitudeMode":null,"tessellate":-1,"extrude":0,"visibility":-1,"drawOrder":null,"icon":null,"FID":716.0},"geometry":{"type":"MultiLineString","coordinates":[[[-34.810636252241402,-7.24749703152402],[-34.8106697120839,-7.24748155878043],[-34.810704395042102,-7.24746905701805],[-34.810740037157998,-7.24745962138243],[-34.810776367174199,-7.24745332368412],[-34.810813108598097,-7.24745021185209],[-34.810849981806001,-7.247450309569],[-34.810886706171203,-7.24745361609099],[-34.810923002199999,-7.2474601062533],[-34.810932090044801,-7.24746224898199]]]}},
{"type":"Feature","properties":{"id":null,"Name":null,"description":null,"timestamp":null,"begin":null,"end":null,"altitudeMode":null,"tessellate":-1,"extrude":0,"visibility":-1,"drawOrder":null,"icon":null,"FID":717.0},"geometry":{"type":"MultiLineString","coordinates":[[[-34.811746247938899,-7.24766367516539],[-34.810932097518297,-7.24746221889646]]]}},
{"type":"Feature","properties":{"id":null,"Name":null,"description":null,"timestamp":null,"begin":null,"end":null,"altitudeMode":null,"tessellate":-1,"extrude":0,"visibility":-1,"drawOrder":null,"icon":null,"FID":731.0},"geometry":{"type":"MultiLineString","coordinates":[[[-34.804987281895301,-7.26437661708066],[-34.804479120792301,-7.26682392110781]]]}},
{"type":"Feature","properties":{"id":null,"Name":null,"description":null,"timestamp":null,"begin":null,"end":null,"altitudeMode":null,"tessellate":-1,"extrude":0,"visibility":-1,"drawOrder":null,"icon":null,"FID":732.0},"geometry":{"type":"MultiLineString","coordinates":[[[-34.805189810021503,-7.26309987054372],[-34.805007854660197,-7.26427588165463],[-34.804987330609102,-7.26437662714038]]]}},
{"type":"Feature","properties":{"id":null,"Name":null,"description":null,"timestamp":null,"begin":null,"end":null,"altitudeMode":null,"tessellate":-1,"extrude":0,"visibility":-1,"drawOrder":null,"icon":null,"FID":733.0},"geometry":{"type":"MultiLineString","coordinates":[[[-34.805450912699101,-7.26073166896236],[-34.805189810020103,-7.26309987055659]]]}},
{"type":"Feature","properties":{"id":null,"Name":null,"description":null,"timestamp":null,"begin":null,"end":null,"altitudeMode":null,"tessellate":-1,"extrude":0,"visibility":-1,"drawOrder":null,"icon":null,"FID":734.0},"geometry":{"type":"MultiLineString","coordinates":[[[-34.805817906112203,-7.261347293173],[-34.805717570905401,-7.26122694739877],[-34.8056281215244,-7.26109832735843],[-34.8055502387313,-7.26096241193592],[-34.805484515257,-7.26082023553739],[-34.805450886505803,-7.26073167808644]]]}},
{"type":"Feature","properties":{"id":null,"Name":null,"description":null,"timestamp":null,"begin":null,"end":null,"altitudeMode":null,"tessellate":-1,"extrude":0,"visibility":-1,"drawOrder":null,"icon":null,"FID":735.0},"geometry":{"type":"MultiLineString","coordinates":[[[-34.8062474370617,-7.26181908855133],[-34.805817906137598,-7.26134729320094]]]}},
{"type":"Feature","properties":{"id":null,"Name":null,"description":null,"timestamp":null,"begin":null,"end":null,"altitudeMode":null,"tessellate":-1,"extrude":0,"visibility":-1,"drawOrder":null,"icon":null,"FID":736.0},"geometry":{"type":"MultiLineString","coordinates":[[[-34.806247437066098,-7.26181908855613],[-34.806296778422599,-7.26187827346323],[-34.8063407662777,-7.26194152732531],[-34.806379065856603,-7.26200836874417],[-34.806411385675602,-7.26207828901809],[-34.806437479759701,-7.26215075601342],[-34.806441354472803,-7.26216353621527]]]}},
{"type":"Feature","properties":{"id":null,"Name":null,"description":null,"timestamp":null,"begin":null,"end":null,"altitudeMode":null,"tessellate":-1,"extrude":0,"visibility":-1,"drawOrder":null,"icon":null,"FID":737.0},"geometry":{"type":"MultiLineString","coordinates":[[[-34.806711444890396,-7.26307898593675],[-34.806441403167099,-7.26216352186889]]]}},
{"type":"Feature","properties":{"id":null,"Name":null,"description":null,"timestamp":null,"begin":null,"end":null,"altitudeMode":null,"tessellate":-1,"extrude":0,"visibility":-1,"drawOrder":null,"icon":null,"FID":738.0},"geometry":{"type":"MultiLineString","coordinates":[[[-34.807355337793503,-7.26294794154381],[-34.807357409293303,-7.26297659143544],[-34.807356972294798,-7.26300531258778],[-34.807354030123399,-7.26303388641558],[-34.807348605170297,-7.26306209545485],[-34.807340738722203,-7.2630897250178],[-34.807330490647097,-7.26311656482674],[-34.807317938938397,-7.26314241061445],[-34.807303179122101,-7.26316706567874],[-34.8072863235287,-7.26319034237959],[-34.807267500439401,-7.26321206356704],[-34.8072468531089,-7.26323206392952],[-34.807224538675896,-7.26325019125194],[-34.807200726966599,-7.26326630757422],[-34.807175599202701,-7.26328029024113],[-34.8071493466216,-7.26329203283587],[-34.807122169021603,-7.26330144598995],[-34.807094273240999,-7.26330845806336],[-34.807065871583902,-7.26331301568976],[-34.807037180204397,-7.2633150841827],[-34.807008417461702,-7.2633146477995],[-34.806979802258098,-7.26331170986126],[-34.806951552373199,-7.26330629272734],[-34.806923882805997,-7.26329843762539],[-34.806897004139202,-7.26328820433753],[-34.806871120936101,-7.26327567074529],[-34.806846430183803,-7.26326093223701],[-34.806823119794203,-7.26324410098175],[-34.806801367173797,-7.26322530507577],[-34.806781337873304,-7.26320468756743],[-34.806763184327799,-7.26318240536866],[-34.806747044696898,-7.26315862806073],[-34.806733041812699,-7.26313353660354],[-34.806721282245597,-7.26310732195851],[-34.8067118554928,-7.26308018363516],[-34.806711495355202,-7.26307897109917]]]}},
{"type":"Feature","properties":{"id":null,"Name":null,"description":null,"timestamp":null,"begin":null,"end":null,"altitudeMode":null,"tessellate":-1,"extrude":0,"visibility":-1,"drawOrder":null,"icon":null,"FID":739.0},"geometry":{"type":"MultiLineString","coordinates":[[[-34.807172039761298,-7.26137544706771],[-34.807355337793801,-7.2629479415462]]]}},
{"type":"Feature","properties":{"id":null,"Name":null,"description":null,"timestamp":null,"begin":null,"end":null,"altitudeMode":null,"tessellate":-1,"extrude":0,"visibility":-1,"drawOrder":null,"icon":null,"FID":740.0},"geometry":{"type":"MultiLineString","coordinates":[[[-34.807172039767003,-7.26137544711622],[-34.807149523280998,-7.2610646584071],[-34.807149099677403,-7.26087653600397]]]}},
{"type":"Feature","properties":{"id":null,"Name":null,"description":null,"timestamp":null,"begin":null,"end":null,"altitudeMode":null,"tessellate":-1,"extrude":0,"visibility":-1,"drawOrder":null,"icon":null,"FID":741.0},"geometry":{"type":"MultiLineString","coordinates":[[[-34.8071684684327,-7.2600729397655],[-34.8071491313694,-7.26087653674503]]]}},
{"type":"Feature","properties":{"id":null,"Name":null,"description":null,"timestamp":null,"begin":null,"end":null,"altitudeMode":null,"tessellate":-1,"extrude":0,"visibility":-1,"drawOrder":null,"icon":null,"FID":742.0},"geometry":{"type":"MultiLineString","coordinates":[[[-34.8071684684327,-7.26007293976547],[-34.807169981500799,-7.26005077060862],[-34.807173423763899,-7.26002881749503],[-34.807178769023999,-7.26000724750113],[-34.807185976600302,-7.25998622478763],[-34.807194991638397,-7.25996590935003],[-34.807205745528201,-7.25994645580102],[-34.807218156425897,-7.25992801219377],[-34.807232129877001,-7.25991071889517],[-34.807247559534801,-7.25989470751756],[-34.807264327970302,-7.25988009991701],[-34.807272238048398,-7.25987404306251]]]}},
{"type":"Feature","properties":{"id":null,"Name":null,"description":null,"timestamp":null,"begin":null,"end":null,"altitudeMode":null,"tessellate":-1,"extrude":0,"visibility":-1,"drawOrder":null,"icon":null,"FID":743.0},"geometry":{"type":"MultiLineString","coordinates":[[[-34.8075099623046,-7.25969925025358],[-34.8072722543371,-7.25987406516491]]]}},
{"type":"Feature","properties":{"id":null,"Name":null,"description":null,"timestamp":null,"begin":null,"end":null,"altitudeMode":null,"tessellate":-1,"extrude":0,"visibility":-1,"drawOrder":null,"icon":null,"FID":744.0},"geometry":{"type":"MultiLineString","coordinates":[[[-34.8074480660215,-7.25905085805531],[-34.807477354310699,-7.25906639286549],[-34.807505175255599,-7.25908441753514],[-34.807531317122603,-7.2591047948858],[-34.807555580956503,-7.2591273698338],[-34.807577782095102,-7.25915197057048],[-34.807597751574399,-7.25917840986971],[-34.807615337414603,-7.25920648651277],[-34.807630405776699,-7.25923598681981],[-34.807642841981099,-7.25926668627602],[-34.8076525513805,-7.25929835124033],[-34.807659460079996,-7.25933074072355],[-34.807663515499698,-7.25936360822245],[-34.807664686774899,-7.25939670359568],[-34.807662964990897,-7.25942977496771],[-34.807658363250702,-7.25946257064552],[-34.807650916575803,-7.25949484103426],[-34.807640681639199,-7.2595263405368],[-34.807627736334403,-7.25955682942287],[-34.807612179182399,-7.25958607565349],[-34.807594128582103,-7.25961385664703],[-34.807573721908902,-7.25963996097313],[-34.807551114469803,-7.25966418996186],[-34.807526478320703,-7.25968635921566],[-34.807509947434497,-7.25969923007235]]]}},
{"type":"Feature","properties":{"id":null,"Name":null,"description":null,"timestamp":null,"begin":null,"end":null,"altitudeMode":null,"tessellate":-1,"extrude":0,"visibility":-1,"drawOrder":null,"icon":null,"FID":745.0},"geometry":{"type":"MultiLineString","coordinates":[[[-34.806717336107901,-7.25870313650229],[-34.807448066021998,-7.25905085805554]]]}},
{"type":"Feature","properties":{"id":null,"Name":null,"description":null,"timestamp":null,"begin":null,"end":null,"altitudeMode":null,"tessellate":-1,"extrude":0,"visibility":-1,"drawOrder":null,"icon":null,"FID":746.0},"geometry":{"type":"MultiLineString","coordinates":[[[-34.806717336092902,-7.25870313649516],[-34.806628495648198,-7.25865601959038],[-34.806544105697498,-7.25860135011772],[-34.806464808503002,-7.25853954414689],[-34.806391207566897,-7.2584710720611],[-34.806323863038699,-7.25839645497699],[-34.806286517620798,-7.25834875771068]]]}},
{"type":"Feature","properties":{"id":null,"Name":null,"description":null,"timestamp":null,"begin":null,"end":null,"altitudeMode":null,"tessellate":-1,"extrude":0,"visibility":-1,"drawOrder":null,"icon":null,"FID":747.0},"geometry":{"type":"MultiLineString","coordinates":[[[-34.805826739609799,-7.25772865771992],[-34.806286466293599,-7.25834879569205]]]}},
{"type":"Feature","properties":{"id":null,"Name":null,"description":null,"timestamp":null,"begin":null,"end":null,"altitudeMode":null,"tessellate":-1,"extrude":0,"visibility":-1,"drawOrder":null,"icon":null,"FID":748.0},"geometry":{"type":"MultiLineString","coordinates":[[[-34.805826739605401,-7.25772865771403],[-34.805803743712701,-7.25769462410592],[-34.8057838058117,-7.25765871865256],[-34.805767077641597,-7.25762121461665],[-34.805753686513398,-7.25758239742705],[-34.8057437343411,-7.2575425625065],[-34.8057372968659,-7.25750201302323],[-34.805734423079997,-7.25746105758365],[-34.805734655659002,-7.25742938841827]]]}},
{"type":"Feature","properties":{"id":null,"Name":null,"description":null,"timestamp":null,"begin":null,"end":null,"altitudeMode":null,"tessellate":-1,"extrude":0,"visibility":-1,"drawOrder":null,"icon":null,"FID":749.0},"geometry":{"type":"MultiLineString","coordinates":[[[-34.805868829026203,-7.25416025087365],[-34.805734638799798,-7.25742938773109]]]}},
{"type":"Feature","properties":{"id":null,"Name":null,"description":null,"timestamp":null,"begin":null,"end":null,"altitudeMode":null,"tessellate":-1,"extrude":0,"visibility":-1,"drawOrder":null,"icon":null,"FID":771.0},"geometry":{"type":"MultiLineString","coordinates":[[[-34.803225033719301,-7.27775705233543],[-34.803260197988202,-7.27810492094261]]]}},
{"type":"Feature","properties":{"id":null,"Name":null,"description":null,"timestamp":null,"begin":null,"end":null,"altitudeMode":null,"tessellate":-1,"extrude":0,"visibility":-1,"drawOrder":null,"icon":null,"FID":772.0},"geometry":{"type":"MultiLineString","coordinates":[[[-34.803061311053497,-7.27743718185857],[-34.803092302435999,-7.2774671903926],[-34.803120556604703,-7.2774997818179],[-34.803145858528303,-7.27753470809457],[-34.803168015643898,-7.27757170341314],[-34.803186859322103,-7.27761048621749],[-34.803202246150697,-7.27765076134763],[-34.803214059026097,-7.27769222228605],[-34.803222208044303,-7.27773455349052],[-34.803225001417204,-7.27775705558349]]]}},
{"type":"Feature","properties":{"id":null,"Name":null,"description":null,"timestamp":null,"begin":null,"end":null,"altitudeMode":null,"tessellate":-1,"extrude":0,"visibility":-1,"drawOrder":null,"icon":null,"FID":773.0},"geometry":{"type":"MultiLineString","coordinates":[[[-34.803266897049902,-7.27699359933118],[-34.803265079059798,-7.27704354284521],[-34.803258908686502,-7.27709313809489],[-34.8032484328888,-7.27714200763062],[-34.803233731392403,-7.27718977952575],[-34.8032149160831,-7.27723609020721],[-34.803192130155601,-7.27728058722253],[-34.803165547023298,-7.27732293192217],[-34.803135368999101,-7.27736280203689],[-34.803101825755,-7.27739989413049],[-34.803065172575103,-7.27743392590908],[-34.803061310340198,-7.27743718100622]]]}},
{"type":"Feature","properties":{"id":null,"Name":null,"description":null,"timestamp":null,"begin":null,"end":null,"altitudeMode":null,"tessellate":-1,"extrude":0,"visibility":-1,"drawOrder":null,"icon":null,"FID":774.0},"geometry":{"type":"MultiLineString","coordinates":[[[-34.803254732469703,-7.27533045749974],[-34.803266897049902,-7.27699359933029]]]}},
{"type":"Feature","properties":{"id":null,"Name":null,"description":null,"timestamp":null,"begin":null,"end":null,"altitudeMode":null,"tessellate":-1,"extrude":0,"visibility":-1,"drawOrder":null,"icon":null,"FID":775.0},"geometry":{"type":"MultiLineString","coordinates":[[[-34.803254732469703,-7.27533045751037],[-34.803257757511403,-7.27524734442013],[-34.80326802551,-7.27516481086209],[-34.8032854583155,-7.27508348496691],[-34.803291801233499,-7.27506033737522]]]}},
{"type":"Feature","properties":{"id":null,"Name":null,"description":null,"timestamp":null,"begin":null,"end":null,"altitudeMode":null,"tessellate":-1,"extrude":0,"visibility":-1,"drawOrder":null,"icon":null,"FID":776.0},"geometry":{"type":"MultiLineString","coordinates":[[[-34.803457441903603,-7.27448408623835],[-34.803291774956598,-7.27506032981213]]]}},
{"type":"Feature","properties":{"id":null,"Name":null,"description":null,"timestamp":null,"begin":null,"end":null,"altitudeMode":null,"tessellate":-1,"extrude":0,"visibility":-1,"drawOrder":null,"icon":null,"FID":777.0},"geometry":{"type":"MultiLineString","coordinates":[[[-34.803418282566099,-7.27401986891655],[-34.803440774752701,-7.27407237779533],[-34.803458598168,-7.27412664430153],[-34.803471617164,-7.27418225543518],[-34.803479732656598,-7.27423878796276],[-34.803482882880402,-7.27429581163838],[-34.803481043858497,-7.27435289247795],[-34.803474229585099,-7.27440959606224],[-34.8034624919188,-7.27446549084296],[-34.803457437529701,-7.27448408497892]]]}},
{"type":"Feature","properties":{"id":null,"Name":null,"description":null,"timestamp":null,"begin":null,"end":null,"altitudeMode":null,"tessellate":-1,"extrude":0,"visibility":-1,"drawOrder":null,"icon":null,"FID":778.0},"geometry":{"type":"MultiLineString","coordinates":[[[-34.8030290451849,-7.27321075396452],[-34.803418282567598,-7.27401986891953]]]}},
{"type":"Feature","properties":{"id":null,"Name":null,"description":null,"timestamp":null,"begin":null,"end":null,"altitudeMode":null,"tessellate":-1,"extrude":0,"visibility":-1,"drawOrder":null,"icon":null,"FID":779.0},"geometry":{"type":"MultiLineString","coordinates":[[[-34.803029045186499,-7.2732107539679],[-34.803004795411098,-7.2731541337607],[-34.802985579951603,-7.27309561860367],[-34.802971545047797,-7.27303565383356],[-34.802962797512102,-7.2729746958194],[-34.802959403916503,-7.27291320848932],[-34.802961390086303,-7.2728516597997],[-34.8029616125716,-7.27284881253432]]]}},
{"type":"Feature","properties":{"id":null,"Name":null,"description":null,"timestamp":null,"begin":null,"end":null,"altitudeMode":null,"tessellate":-1,"extrude":0,"visibility":-1,"drawOrder":null,"icon":null,"FID":780.0},"geometry":{"type":"MultiLineString","coordinates":[[[-34.803106330475899,-7.27104436548629],[-34.8029616816412,-7.2728488180423]]]}},
{"type":"Feature","properties":{"id":null,"Name":null,"description":null,"timestamp":null,"begin":null,"end":null,"altitudeMode":null,"tessellate":-1,"extrude":0,"visibility":-1,"drawOrder":null,"icon":null,"FID":781.0},"geometry":{"type":"MultiLineString","coordinates":[[[-34.803106330475899,-7.27104436548582],[-34.803130800776799,-7.27084749080077],[-34.803172361848098,-7.27065349489371],[-34.803230697361897,-7.27046385419114],[-34.803304288353502,-7.27028236273328]]]}},
{"type":"Feature","properties":{"id":null,"Name":null,"description":null,"timestamp":null,"begin":null,"end":null,"altitudeMode":null,"tessellate":-1,"extrude":0,"visibility":-1,"drawOrder":null,"icon":null,"FID":782.0},"geometry":{"type":"MultiLineString","coordinates":[[[-34.803659319228103,-7.26950474266937],[-34.803304306244499,-7.27028237091107]]]}},
{"type":"Feature","properties":{"id":null,"Name":null,"description":null,"timestamp":null,"begin":null,"end":null,"altitudeMode":null,"tessellate":-1,"extrude":0,"visibility":-1,"drawOrder":null,"icon":null,"FID":783.0},"geometry":{"type":"MultiLineString","coordinates":[[[-34.8039331253038,-7.26879895610251],[-34.803735825761599,-7.26933057590961],[-34.803659353243901,-7.2695047581219]]]}},
{"type":"Feature","properties":{"id":null,"Name":null,"description":null,"timestamp":null,"begin":null,"end":null,"altitudeMode":null,"tessellate":-1,"extrude":0,"visibility":-1,"drawOrder":null,"icon":null,"FID":784.0},"geometry":{"type":"MultiLineString","coordinates":[[[-34.804088570988803,-7.26831642382596],[-34.803933125314302,-7.26879895607011]]]}},
{"type":"Feature","properties":{"id":null,"Name":null,"description":null,"timestamp":null,"begin":null,"end":null,"altitudeMode":null,"tessellate":-1,"extrude":0,"visibility":-1,"drawOrder":null,"icon":null,"FID":785.0},"geometry":{"type":"MultiLineString","coordinates":[[[-34.804465616640499,-7.26688880229855],[-34.804168925078301,-7.26805835865054],[-34.804088557530903,-7.26831641932292]]]}},
{"type":"Feature","properties":{"id":null,"Name":null,"description":null,"timestamp":null,"begin":null,"end":null,"altitudeMode":null,"tessellate":-1,"extrude":0,"visibility":-1,"drawOrder":null,"icon":null,"FID":786.0},"geometry":{"type":"MultiLineString","coordinates":[[[-34.804479120792301,-7.26682392110781],[-34.8044656165726,-7.26688880262537]]]}},
{"type":"Feature","properties":{"id":null,"Name":null,"description":null,"timestamp":null,"begin":null,"end":null,"altitudeMode":null,"tessellate":-1,"extrude":0,"visibility":-1,"drawOrder":null,"icon":null,"FID":819.0},"geometry":{"type":"MultiLineString","coordinates":[[[-34.8052723160231,-7.29202428235933],[-34.805274397638897,-7.29213702178625]]]}},
{"type":"Feature","properties":{"id":null,"Name":null,"description":null,"timestamp":null,"begin":null,"end":null,"altitudeMode":null,"tessellate":-1,"extrude":0,"visibility":-1,"drawOrder":null,"icon":null,"FID":820.0},"geometry":{"type":"MultiLineString","coordinates":[[[-34.804716626469499,-7.29144341385698],[-34.8047681255943,-7.29144896574584],[-34.804818944139598,-7.29145897817211],[-34.804868695347103,-7.2914733749351],[-34.804917000581803,-7.29149204646687],[-34.804963492212899,-7.291514850666],[-34.805007816412399,-7.29154161397914],[-34.805049635847404,-7.29157213272179],[-34.805088632247497,-7.29160617462853],[-34.805124508827198,-7.29164348062058],[-34.805156992544397,-7.29168376677761],[-34.805185836178502,-7.29172672649841],[-34.805210820211599,-7.29177203283449],[-34.805231754499701,-7.29181934097805],[-34.805248479719602,-7.29186829088643],[-34.805260868581101,-7.29191851002198],[-34.8052688267964,-7.29196961618751],[-34.805272293797202,-7.29202122043476],[-34.805272357474102,-7.29202428160324]]]}},
{"type":"Feature","properties":{"id":null,"Name":null,"description":null,"timestamp":null,"begin":null,"end":null,"altitudeMode":null,"tessellate":-1,"extrude":0,"visibility":-1,"drawOrder":null,"icon":null,"FID":821.0},"geometry":{"type":"MultiLineString","coordinates":[[[-34.804453052989501,-7.29142656394334],[-34.804716626461399,-7.29144341385646]]]}},
{"type":"Feature","properties":{"id":null,"Name":null,"description":null,"timestamp":null,"begin":null,"end":null,"altitudeMode":null,"tessellate":-1,"extrude":0,"visibility":-1,"drawOrder":null,"icon":null,"FID":822.0},"geometry":{"type":"MultiLineString","coordinates":[[[-34.804453052982701,-7.29142656394291],[-34.804327548624599,-7.29141302962644],[-34.804203703228602,-7.29138862485762],[-34.804158545193197,-7.29137688983321]]]}},
{"type":"Feature","properties":{"id":null,"Name":null,"description":null,"timestamp":null,"begin":null,"end":null,"altitudeMode":null,"tessellate":-1,"extrude":0,"visibility":-1,"drawOrder":null,"icon":null,"FID":823.0},"geometry":{"type":"MultiLineString","coordinates":[[[-34.803557534334999,-7.29121024814634],[-34.8041585602232,-7.29137683572156]]]}},
{"type":"Feature","properties":{"id":null,"Name":null,"description":null,"timestamp":null,"begin":null,"end":null,"altitudeMode":null,"tessellate":-1,"extrude":0,"visibility":-1,"drawOrder":null,"icon":null,"FID":824.0},"geometry":{"type":"MultiLineString","coordinates":[[[-34.803113614223399,-7.29115632336747],[-34.803244486766999,-7.29115830877375],[-34.8033746879969,-7.29117167567205],[-34.803503227013501,-7.29119632233079],[-34.803557524400603,-7.2912102839248]]]}},
{"type":"Feature","properties":{"id":null,"Name":null,"description":null,"timestamp":null,"begin":null,"end":null,"altitudeMode":null,"tessellate":-1,"extrude":0,"visibility":-1,"drawOrder":null,"icon":null,"FID":825.0},"geometry":{"type":"MultiLineString","coordinates":[[[-34.8029277322306,-7.29116158558375],[-34.8031136142462,-7.29115632336682]]]}},
{"type":"Feature","properties":{"id":null,"Name":null,"description":null,"timestamp":null,"begin":null,"end":null,"altitudeMode":null,"tessellate":-1,"extrude":0,"visibility":-1,"drawOrder":null,"icon":null,"FID":826.0},"geometry":{"type":"MultiLineString","coordinates":[[[-34.802927732231304,-7.29116158558373],[-34.802865432814798,-7.29116166687555]]]}},
{"type":"Feature","properties":{"id":null,"Name":null,"description":null,"timestamp":null,"begin":null,"end":null,"altitudeMode":null,"tessellate":-1,"extrude":0,"visibility":-1,"drawOrder":null,"icon":null,"FID":853.0},"geometry":{"type":"MultiLineString","coordinates":[[[-34.802941476209199,-7.29258240725629],[-34.802871068708598,-7.29257030123897]]]}},
{"type":"Feature","properties":{"id":null,"Name":null,"description":null,"timestamp":null,"begin":null,"end":null,"altitudeMode":null,"tessellate":-1,"extrude":0,"visibility":-1,"drawOrder":null,"icon":null,"FID":854.0},"geometry":{"type":"MultiLineString","coordinates":[[[-34.802941476205604,-7.29258240725566],[-34.8029652970692,-7.29258756584769],[-34.802988577005998,-7.29259477779466],[-34.803011138842002,-7.29260398820931],[-34.803032810868203,-7.2926151269949],[-34.803053428147699,-7.29262810937861],[-34.803072833770798,-7.29264283655682],[-34.803090880049098,-7.29265919644693],[-34.803107429639702,-7.29267706454044],[-34.803122356590301,-7.29269630485056],[-34.803135547297799,-7.2927167709471],[-34.803146901372799,-7.29273830707086],[-34.803156332403802,-7.29276074931918],[-34.8031626302867,-7.29277988176963]]]}},
{"type":"Feature","properties":{"id":null,"Name":null,"description":null,"timestamp":null,"begin":null,"end":null,"altitudeMode":null,"tessellate":-1,"extrude":0,"visibility":-1,"drawOrder":null,"icon":null,"FID":855.0},"geometry":{"type":"MultiLineString","coordinates":[[[-34.803328317530699,-7.29335219657916],[-34.803162580058398,-7.29277989627255]]]}},
{"type":"Feature","properties":{"id":null,"Name":null,"description":null,"timestamp":null,"begin":null,"end":null,"altitudeMode":null,"tessellate":-1,"extrude":0,"visibility":-1,"drawOrder":null,"icon":null,"FID":856.0},"geometry":{"type":"MultiLineString","coordinates":[[[-34.804018622013899,-7.29376526097513],[-34.803967798057201,-7.29377375529108],[-34.803916426047003,-7.29377779438702],[-34.803864896956902,-7.29377734752249],[-34.803813602955898,-7.29377241809801],[-34.803762934423801,-7.29376304362929],[-34.803713276980403,-7.29374929546159],[-34.803665008550297,-7.29373127822685],[-34.803618496486799,-7.29370912904731],[-34.803574094776103,-7.29368301649193],[-34.803532141342998,-7.29365313929351],[-34.803492955479399,-7.29361972483617],[-34.803456835414003,-7.29358302742479],[-34.803424056042601,-7.29354332634959],[-34.803394866836101,-7.29350092376049],[-34.803369489941801,-7.29345614236769],[-34.803348118492799,-7.29340932298546],[-34.803330915137899,-7.29336082193836],[-34.803328343459498,-7.29335218911547]]]}},
{"type":"Feature","properties":{"id":null,"Name":null,"description":null,"timestamp":null,"begin":null,"end":null,"altitudeMode":null,"tessellate":-1,"extrude":0,"visibility":-1,"drawOrder":null,"icon":null,"FID":857.0},"geometry":{"type":"MultiLineString","coordinates":[[[-34.804707411708797,-7.29361911197859],[-34.804018622006801,-7.29376526097662]]]}},
{"type":"Feature","properties":{"id":null,"Name":null,"description":null,"timestamp":null,"begin":null,"end":null,"altitudeMode":null,"tessellate":-1,"extrude":0,"visibility":-1,"drawOrder":null,"icon":null,"FID":858.0},"geometry":{"type":"MultiLineString","coordinates":[[[-34.805046033731102,-7.29331441644565],[-34.805032145261201,-7.29335159124627],[-34.805015064730497,-7.29338741595769],[-34.804994922131399,-7.29342161793202],[-34.804971870760603,-7.29345393687129],[-34.804946086052503,-7.29348412680852],[-34.804917764243797,-7.29351195797966],[-34.804887120880501,-7.29353721857224],[-34.804854389176903,-7.2935597163374],[-34.804819818241199,-7.29357928005306],[-34.8047836711795,-7.29359576082708],[-34.804746223092998,-7.29360903323028],[-34.804707758985003,-7.29361899625121],[-34.804707403183002,-7.29361907189361]]]}},
{"type":"Feature","properties":{"id":null,"Name":null,"description":null,"timestamp":null,"begin":null,"end":null,"altitudeMode":null,"tessellate":-1,"extrude":0,"visibility":-1,"drawOrder":null,"icon":null,"FID":859.0},"geometry":{"type":"MultiLineString","coordinates":[[[-34.805225197822601,-7.29276234893297],[-34.805046033728502,-7.29331441645373]]]}},
{"type":"Feature","properties":{"id":null,"Name":null,"description":null,"timestamp":null,"begin":null,"end":null,"altitudeMode":null,"tessellate":-1,"extrude":0,"visibility":-1,"drawOrder":null,"icon":null,"FID":860.0},"geometry":{"type":"MultiLineString","coordinates":[[[-34.805279165430001,-7.29240038217295],[-34.8052766911036,-7.29249712590749],[-34.805265781657901,-7.29259328617751],[-34.8052465201148,-7.29268813114598],[-34.805225260424102,-7.29276236919732]]]}},
{"type":"Feature","properties":{"id":null,"Name":null,"description":null,"timestamp":null,"begin":null,"end":null,"altitudeMode":null,"tessellate":-1,"extrude":0,"visibility":-1,"drawOrder":null,"icon":null,"FID":861.0},"geometry":{"type":"MultiLineString","coordinates":[[[-34.805274397638897,-7.29213702178625],[-34.8052791654302,-7.29240038218678]]]}},
{"type":"Feature","properties":{"id":null,"Name":null,"description":null,"timestamp":null,"begin":null,"end":null,"altitudeMode":null,"tessellate":-1,"extrude":0,"visibility":-1,"drawOrder":null,"icon":null,"FID":871.0},"geometry":{"type":"MultiLineString","coordinates":[[[-34.802977408873197,-7.31237461712786],[-34.802950605681403,-7.31242011278701]]]}},
{"type":"Feature","properties":{"id":null,"Name":null,"description":null,"timestamp":null,"begin":null,"end":null,"altitudeMode":null,"tessellate":-1,"extrude":0,"visibility":-1,"drawOrder":null,"icon":null,"FID":872.0},"geometry":{"type":"MultiLineString","coordinates":[[[-34.803148582209303,-7.31197393541809],[-34.803102495195503,-7.31211395555882],[-34.803044360955901,-7.31224943238287],[-34.802977414364499,-7.31237462028985]]]}},
{"type":"Feature","properties":{"id":null,"Name":null,"description":null,"timestamp":null,"begin":null,"end":null,"altitudeMode":null,"tessellate":-1,"extrude":0,"visibility":-1,"drawOrder":null,"icon":null,"FID":873.0},"geometry":{"type":"MultiLineString","coordinates":[[[-34.803216883798001,-7.31173125902589],[-34.803148582199299,-7.31197393545383]]]}},
{"type":"Feature","properties":{"id":null,"Name":null,"description":null,"timestamp":null,"begin":null,"end":null,"altitudeMode":null,"tessellate":-1,"extrude":0,"visibility":-1,"drawOrder":null,"icon":null,"FID":874.0},"geometry":{"type":"MultiLineString","coordinates":[[[-34.803671638535,-7.31145611451322],[-34.803216883798001,-7.31173125902589]]]}},
{"type":"Feature","properties":{"id":null,"Name":null,"description":null,"timestamp":null,"begin":null,"end":null,"altitudeMode":null,"tessellate":-1,"extrude":0,"visibility":-1,"drawOrder":null,"icon":null,"FID":875.0},"geometry":{"type":"MultiLineString","coordinates":[[[-34.8036716385378,-7.31145611451148],[-34.8037022033431,-7.31143939749852],[-34.803734111089703,-7.3114254038544],[-34.803767118940698,-7.31141424007882],[-34.803800975686798,-7.31140599113453],[-34.803835423658498,-7.31140071980064],[-34.803870200686298,-7.31139846619492],[-34.803905042096901,-7.31139924746848],[-34.8039396827267,-7.31140305767518],[-34.803956862911299,-7.31140609398228]]]}},
{"type":"Feature","properties":{"id":null,"Name":null,"description":null,"timestamp":null,"begin":null,"end":null,"altitudeMode":null,"tessellate":-1,"extrude":0,"visibility":-1,"drawOrder":null,"icon":null,"FID":876.0},"geometry":{"type":"MultiLineString","coordinates":[[[-34.804378201548701,-7.31148999546132],[-34.803956869989399,-7.31140605855891]]]}},
{"type":"Feature","properties":{"id":null,"Name":null,"description":null,"timestamp":null,"begin":null,"end":null,"altitudeMode":null,"tessellate":-1,"extrude":0,"visibility":-1,"drawOrder":null,"icon":null,"FID":877.0},"geometry":{"type":"MultiLineString","coordinates":[[[-34.804378201546399,-7.31148999546086],[-34.804393665848501,-7.31149378091431],[-34.804408740866599,-7.31149889766978],[-34.804423311871197,-7.31150530678574],[-34.804437267967899,-7.31151295948494],[-34.8044505029428,-7.31152179752577],[-34.804462916069802,-7.31153175364547],[-34.804474412877397,-7.31154275207199],[-34.804484905868101,-7.31155470910077],[-34.804494315183902,-7.31156753373165],[-34.8045025692142,-7.31158112836154],[-34.8045096051409,-7.31159538952716],[-34.804514202882899,-7.3116068789065]]]}},
{"type":"Feature","properties":{"id":null,"Name":null,"description":null,"timestamp":null,"begin":null,"end":null,"altitudeMode":null,"tessellate":-1,"extrude":0,"visibility":-1,"drawOrder":null,"icon":null,"FID":878.0},"geometry":{"type":"MultiLineString","coordinates":[[[-34.804972381548303,-7.31287576024952],[-34.8045141426676,-7.31160690059417]]]}},
{"type":"Feature","properties":{"id":null,"Name":null,"description":null,"timestamp":null,"begin":null,"end":null,"altitudeMode":null,"tessellate":-1,"extrude":0,"visibility":-1,"drawOrder":null,"icon":null,"FID":886.0},"geometry":{"type":"MultiLineString","coordinates":[[[-34.804526301170398,-7.30962811616829],[-34.805652323130801,-7.31036302310434]]]}},
{"type":"Feature","properties":{"id":null,"Name":null,"description":null,"timestamp":null,"begin":null,"end":null,"altitudeMode":null,"tessellate":-1,"extrude":0,"visibility":-1,"drawOrder":null,"icon":null,"FID":887.0},"geometry":{"type":"MultiLineString","coordinates":[[[-34.803892070585299,-7.3094075996678],[-34.804012269018799,-7.3094238749259],[-34.804130589382197,-7.30945054796431],[-34.804246131194802,-7.30948741578502],[-34.804358015121601,-7.30953419780239],[-34.804465389665999,-7.30959053797853],[-34.804526310204999,-7.3096281024619]]]}},
{"type":"Feature","properties":{"id":null,"Name":null,"description":null,"timestamp":null,"begin":null,"end":null,"altitudeMode":null,"tessellate":-1,"extrude":0,"visibility":-1,"drawOrder":null,"icon":null,"FID":888.0},"geometry":{"type":"MultiLineString","coordinates":[[[-34.803469927021901,-7.3093690534941],[-34.803892070553303,-7.30940759966489]]]}},
{"type":"Feature","properties":{"id":null,"Name":null,"description":null,"timestamp":null,"begin":null,"end":null,"altitudeMode":null,"tessellate":-1,"extrude":0,"visibility":-1,"drawOrder":null,"icon":null,"FID":889.0},"geometry":{"type":"MultiLineString","coordinates":[[[-34.803469927011903,-7.3093690534932],[-34.803429554160701,-7.30936358727434],[-34.803389812092803,-7.30935462857966],[-34.803351003270301,-7.30934224559018],[-34.803313423052899,-7.30932653254806],[-34.803277357449304,-7.30930760903919],[-34.803266104217599,-7.30930085041394]]]}},
{"type":"Feature","properties":{"id":null,"Name":null,"description":null,"timestamp":null,"begin":null,"end":null,"altitudeMode":null,"tessellate":-1,"extrude":0,"visibility":-1,"drawOrder":null,"icon":null,"FID":890.0},"geometry":{"type":"MultiLineString","coordinates":[[[-34.8029372748707,-7.30909704454932],[-34.8032660846468,-7.30930088191372]]]}},
{"type":"Feature","properties":{"id":null,"Name":null,"description":null,"timestamp":null,"begin":null,"end":null,"altitudeMode":null,"tessellate":-1,"extrude":0,"visibility":-1,"drawOrder":null,"icon":null,"FID":891.0},"geometry":{"type":"MultiLineString","coordinates":[[[-34.8033229260325,-7.3085039156462],[-34.803208503878302,-7.30851061887373],[-34.803093931997701,-7.30850733945232],[-34.802980082359703,-7.30849410233871],[-34.802934824352398,-7.30848601679128]]]}},
{"type":"Feature","properties":{"id":null,"Name":null,"description":null,"timestamp":null,"begin":null,"end":null,"altitudeMode":null,"tessellate":-1,"extrude":0,"visibility":-1,"drawOrder":null,"icon":null,"FID":892.0},"geometry":{"type":"MultiLineString","coordinates":[[[-34.804631184416102,-7.30836984070532],[-34.803322926015703,-7.30850391564796]]]}},
{"type":"Feature","properties":{"id":null,"Name":null,"description":null,"timestamp":null,"begin":null,"end":null,"altitudeMode":null,"tessellate":-1,"extrude":0,"visibility":-1,"drawOrder":null,"icon":null,"FID":913.0},"geometry":{"type":"MultiLineString","coordinates":[[[-34.803755254082397,-7.30715373426705],[-34.804907160969996,-7.30678176953006]]]}},
{"type":"Feature","properties":{"id":null,"Name":null,"description":null,"timestamp":null,"begin":null,"end":null,"altitudeMode":null,"tessellate":-1,"extrude":0,"visibility":-1,"drawOrder":null,"icon":null,"FID":914.0},"geometry":{"type":"MultiLineString","coordinates":[[[-34.803755254082198,-7.30715373426713],[-34.803753199750197,-7.3071543002365],[-34.8037511038318,-7.30715468528195],[-34.803748982278101,-7.30715488647302],[-34.803746851235601,-7.30715490227856],[-34.803744726922503,-7.30715473257826],[-34.803742625506402,-7.30715437866363],[-34.803740562980202,-7.30715384322821],[-34.8037385550411,-7.30715313034694],[-34.803736616970603,-7.30715224544531],[-34.803734763518598,-7.30715119525794],[-34.803733008790999,-7.3071499877774],[-34.803731366142401,-7.30714863219334],[-34.803729848074298,-7.30714713882257],[-34.8037284661402,-7.30714551903058],[-34.803727230857298,-7.30714378514491],[-34.803726151626897,-7.30714195036153],[-34.8037252366627,-7.3071400286442],[-34.803724492927998,-7.30713803461839],[-34.803723926083102,-7.30713598345984],[-34.8037235404421,-7.30713389077911],[-34.803723338939903,-7.30713177250273],[-34.803723323110098,-7.30712964475209],[-34.8037234930731,-7.30712752372066],[-34.803723715766303,-7.30712608488876]]]}},
{"type":"Feature","properties":{"id":null,"Name":null,"description":null,"timestamp":null,"begin":null,"end":null,"altitudeMode":null,"tessellate":-1,"extrude":0,"visibility":-1,"drawOrder":null,"icon":null,"FID":915.0},"geometry":{"type":"MultiLineString","coordinates":[[[-34.803861050074197,-7.30639310013023],[-34.803723811178997,-7.30712610253711]]]}},
{"type":"Feature","properties":{"id":null,"Name":null,"description":null,"timestamp":null,"begin":null,"end":null,"altitudeMode":null,"tessellate":-1,"extrude":0,"visibility":-1,"drawOrder":null,"icon":null,"FID":916.0},"geometry":{"type":"MultiLineString","coordinates":[[[-34.803167348911302,-7.30592887887914],[-34.803201531910901,-7.30590883983865],[-34.803237334045299,-7.30589185170143],[-34.803274482839001,-7.305878043757],[-34.803312695567797,-7.30586752109165],[-34.803351681410398,-7.30586036378883],[-34.803391143661898,-7.30585662631955],[-34.803430781991402,-7.30585633712795],[-34.803470294728299,-7.30585949841465],[-34.803509381157703,-7.30586608612026],[-34.803547743809297,-7.3058760501083],[-34.803585090720901,-7.30588931454678],[-34.803621137660997,-7.30590577848546],[-34.803655610291202,-7.30592531662401],[-34.803688246254701,-7.30594778026566],[-34.8037187971726,-7.30597299844886],[-34.803747030534502,-7.30600077924843],[-34.803772731467603,-7.30603091123616],[-34.803795704372298,-7.30606316508986],[-34.8038157744109,-7.30609729533877],[-34.8038327888381,-7.30613304223156],[-34.803846618163298,-7.30617013371327],[-34.803857157136598,-7.30620828749582],[-34.803864325549199,-7.30624721320627],[-34.803868068844501,-7.30628661459684],[-34.803868358532903,-7.30632619179947],[-34.8038651924088,-7.30636564360799],[-34.803860922056899,-7.30639307624108]]]}},
{"type":"Feature","properties":{"id":null,"Name":null,"description":null,"timestamp":null,"begin":null,"end":null,"altitudeMode":null,"tessellate":-1,"extrude":0,"visibility":-1,"drawOrder":null,"icon":null,"FID":917.0},"geometry":{"type":"MultiLineString","coordinates":[[[-34.802925198950298,-7.30608545135543],[-34.803167348906697,-7.30592887888213]]]}},
{"type":"Feature","properties":{"id":null,"Name":null,"description":null,"timestamp":null,"begin":null,"end":null,"altitudeMode":null,"tessellate":-1,"extrude":0,"visibility":-1,"drawOrder":null,"icon":null,"FID":924.0},"geometry":{"type":"MultiLineString","coordinates":[[[-34.817416113747498,-7.13929527320803],[-34.816643353538502,-7.1401942402687]]]}},
{"type":"Feature","properties":{"id":null,"Name":null,"description":null,"timestamp":null,"begin":null,"end":null,"altitudeMode":null,"tessellate":-1,"extrude":0,"visibility":-1,"drawOrder":null,"icon":null,"FID":925.0},"geometry":{"type":"MultiLineString","coordinates":[[[-34.817416113730999,-7.13929527322725],[-34.817495735943098,-7.13921043061494],[-34.817518370219098,-7.13918884146191]]]}},
{"type":"Feature","properties":{"id":null,"Name":null,"description":null,"timestamp":null,"begin":null,"end":null,"altitudeMode":null,"tessellate":-1,"extrude":0,"visibility":-1,"drawOrder":null,"icon":null,"FID":926.0},"geometry":{"type":"MultiLineString","coordinates":[[[-34.818116748833397,-7.13863130736255],[-34.817518344206398,-7.13918881358103]]]}},
{"type":"Feature","properties":{"id":null,"Name":null,"description":null,"timestamp":null,"begin":null,"end":null,"altitudeMode":null,"tessellate":-1,"extrude":0,"visibility":-1,"drawOrder":null,"icon":null,"FID":927.0},"geometry":{"type":"MultiLineString","coordinates":[[[-34.818509465493001,-7.13815951099192],[-34.8183878671231,-7.13833309713056],[-34.818251584680297,-7.13849543707546],[-34.818116771855799,-7.13863133196916]]]}},
{"type":"Feature","properties":{"id":null,"Name":null,"description":null,"timestamp":null,"begin":null,"end":null,"altitudeMode":null,"tessellate":-1,"extrude":0,"visibility":-1,"drawOrder":null,"icon":null,"FID":928.0},"geometry":{"type":"MultiLineString","coordinates":[[[-34.8203527099487,-7.13526719155373],[-34.818509465465198,-7.13815951103565]]]}},
{"type":"Feature","properties":{"id":null,"Name":null,"description":null,"timestamp":null,"begin":null,"end":null,"altitudeMode":null,"tessellate":-1,"extrude":0,"visibility":-1,"drawOrder":null,"icon":null,"FID":934.0},"geometry":{"type":"MultiLineString","coordinates":[[[-34.811440479010599,-7.14585517312431],[-34.811342286271099,-7.14588431104502]]]}},
{"type":"Feature","properties":{"id":null,"Name":null,"description":null,"timestamp":null,"begin":null,"end":null,"altitudeMode":null,"tessellate":-1,"extrude":0,"visibility":-1,"drawOrder":null,"icon":null,"FID":935.0},"geometry":{"type":"MultiLineString","coordinates":[[[-34.811999510893102,-7.14561644955633],[-34.811793652941802,-7.14572223884051],[-34.811579347171403,-7.14580970501362],[-34.811440477919298,-7.14585516968382]]]}},
{"type":"Feature","properties":{"id":null,"Name":null,"description":null,"timestamp":null,"begin":null,"end":null,"altitudeMode":null,"tessellate":-1,"extrude":0,"visibility":-1,"drawOrder":null,"icon":null,"FID":936.0},"geometry":{"type":"MultiLineString","coordinates":[[[-34.812154409029098,-7.14552813778243],[-34.811999510931798,-7.14561644953427]]]}},
{"type":"Feature","properties":{"id":null,"Name":null,"description":null,"timestamp":null,"begin":null,"end":null,"altitudeMode":null,"tessellate":-1,"extrude":0,"visibility":-1,"drawOrder":null,"icon":null,"FID":937.0},"geometry":{"type":"MultiLineString","coordinates":[[[-34.812770694696397,-7.14495618869074],[-34.812675040533499,-7.14508561116279],[-34.812568457052897,-7.14520621417566],[-34.812451755413697,-7.14531707986094],[-34.812325823782999,-7.14541736445637],[-34.812191620576101,-7.14550630472783],[-34.812154395612801,-7.14552811437023]]]}},
{"type":"Feature","properties":{"id":null,"Name":null,"description":null,"timestamp":null,"begin":null,"end":null,"altitudeMode":null,"tessellate":-1,"extrude":0,"visibility":-1,"drawOrder":null,"icon":null,"FID":938.0},"geometry":{"type":"MultiLineString","coordinates":[[[-34.8133778054994,-7.14405498257125],[-34.812770694711503,-7.14495618866831]]]}},
{"type":"Feature","properties":{"id":null,"Name":null,"description":null,"timestamp":null,"begin":null,"end":null,"altitudeMode":null,"tessellate":-1,"extrude":0,"visibility":-1,"drawOrder":null,"icon":null,"FID":939.0},"geometry":{"type":"MultiLineString","coordinates":[[[-34.813377805560798,-7.14405498248013],[-34.813682123983398,-7.14364321661367],[-34.813794602603402,-7.14350833360456]]]}},
{"type":"Feature","properties":{"id":null,"Name":null,"description":null,"timestamp":null,"begin":null,"end":null,"altitudeMode":null,"tessellate":-1,"extrude":0,"visibility":-1,"drawOrder":null,"icon":null,"FID":940.0},"geometry":{"type":"MultiLineString","coordinates":[[[-34.816643173212697,-7.14019442180909],[-34.813794586489998,-7.14350831992188]]]}},
{"type":"Feature","properties":{"id":null,"Name":null,"description":null,"timestamp":null,"begin":null,"end":null,"altitudeMode":null,"tessellate":-1,"extrude":0,"visibility":-1,"drawOrder":null,"icon":null,"FID":948.0},"geometry":{"type":"MultiLineString","coordinates":[[[-34.811690019453899,-7.23357849823112],[-34.8123530310978,-7.23318960779462]]]}},
{"type":"Feature","properties":{"id":null,"Name":null,"description":null,"timestamp":null,"begin":null,"end":null,"altitudeMode":null,"tessellate":-1,"extrude":0,"visibility":-1,"drawOrder":null,"icon":null,"FID":950.0},"geometry":{"type":"MultiLineString","coordinates":[[[-34.811829629771999,-7.24768431918876],[-34.811746247938899,-7.24766367516539]]]}},
{"type":"Feature","properties":{"id":null,"Name":null,"description":null,"timestamp":null,"begin":null,"end":null,"altitudeMode":null,"tessellate":-1,"extrude":0,"visibility":-1,"drawOrder":null,"icon":null,"FID":951.0},"geometry":{"type":"MultiLineString","coordinates":[[[-34.812407130057998,-7.24755308571049],[-34.812361307994301,-7.24758763775485],[-34.812312644627703,-7.24761807029157],[-34.812261510315899,-7.24764415170963],[-34.812208294222899,-7.24766568351264],[-34.812153401356198,-7.24768250182962],[-34.8120972494849,-7.24769447866211],[-34.812040265960299,-7.24770152285834],[-34.811982884463198,-7.24770358080708],[-34.811925541703097,-7.24770063684557],[-34.811868674095102,-7.24769271337873],[-34.811829635110598,-7.24768429775248]]]}},
{"type":"Feature","properties":{"id":null,"Name":null,"description":null,"timestamp":null,"begin":null,"end":null,"altitudeMode":null,"tessellate":-1,"extrude":0,"visibility":-1,"drawOrder":null,"icon":null,"FID":952.0},"geometry":{"type":"MultiLineString","coordinates":[[[-34.812542407538103,-7.24744151684631],[-34.812407130047902,-7.2475530857188]]]}},
{"type":"Feature","properties":{"id":null,"Name":null,"description":null,"timestamp":null,"begin":null,"end":null,"altitudeMode":null,"tessellate":-1,"extrude":0,"visibility":-1,"drawOrder":null,"icon":null,"FID":953.0},"geometry":{"type":"MultiLineString","coordinates":[[[-34.812542407539098,-7.2474415168455],[-34.812553188730597,-7.24743338693219],[-34.812564638465197,-7.24742622627323],[-34.812576669603601,-7.24742008936548],[-34.812589190581598,-7.24741502291442],[-34.812602106106901,-7.24741106547881],[-34.812615317884799,-7.24740824717704],[-34.812628725365698,-7.24740658945801],[-34.812642226510697,-7.247406104938],[-34.812651732206902,-7.24740646989966]]]}},
{"type":"Feature","properties":{"id":null,"Name":null,"description":null,"timestamp":null,"begin":null,"end":null,"altitudeMode":null,"tessellate":-1,"extrude":0,"visibility":-1,"drawOrder":null,"icon":null,"FID":954.0},"geometry":{"type":"MultiLineString","coordinates":[[[-34.812952055950298,-7.24742722554793],[-34.812651733443303,-7.24740645207597]]]}},
{"type":"Feature","properties":{"id":null,"Name":null,"description":null,"timestamp":null,"begin":null,"end":null,"altitudeMode":null,"tessellate":-1,"extrude":0,"visibility":-1,"drawOrder":null,"icon":null,"FID":955.0},"geometry":{"type":"MultiLineString","coordinates":[[[-34.813647254564302,-7.24713602939774],[-34.813597340363003,-7.24718942779711],[-34.813542955541998,-7.24723827881853],[-34.813484514002397,-7.24728221067465],[-34.813422460519597,-7.24732088901586],[-34.813357267358697,-7.24735401947493],[-34.813289430680399,-7.24738134990744],[-34.813219466764302,-7.24740267231064],[-34.813147908080197,-7.24741782440671],[-34.8130752992354,-7.24742669087776],[-34.813002192829899,-7.24742920424347],[-34.812952054722402,-7.24742724341633]]]}},
{"type":"Feature","properties":{"id":null,"Name":null,"description":null,"timestamp":null,"begin":null,"end":null,"altitudeMode":null,"tessellate":-1,"extrude":0,"visibility":-1,"drawOrder":null,"icon":null,"FID":956.0},"geometry":{"type":"MultiLineString","coordinates":[[[-34.814597043287499,-7.24602673704068],[-34.813647254567698,-7.24713602939375]]]}},
{"type":"Feature","properties":{"id":null,"Name":null,"description":null,"timestamp":null,"begin":null,"end":null,"altitudeMode":null,"tessellate":-1,"extrude":0,"visibility":-1,"drawOrder":null,"icon":null,"FID":957.0},"geometry":{"type":"MultiLineString","coordinates":[[[-34.815065803394702,-7.24546682562899],[-34.814597055294399,-7.24602674765722]]]}},
{"type":"Feature","properties":{"id":null,"Name":null,"description":null,"timestamp":null,"begin":null,"end":null,"altitudeMode":null,"tessellate":-1,"extrude":0,"visibility":-1,"drawOrder":null,"icon":null,"FID":958.0},"geometry":{"type":"MultiLineString","coordinates":[[[-34.815448104023702,-7.24499975373048],[-34.815065803305899,-7.24546682573751]]]}},
{"type":"Feature","properties":{"id":null,"Name":null,"description":null,"timestamp":null,"begin":null,"end":null,"altitudeMode":null,"tessellate":-1,"extrude":0,"visibility":-1,"drawOrder":null,"icon":null,"FID":959.0},"geometry":{"type":"MultiLineString","coordinates":[[[-34.815448104026999,-7.24499975372648],[-34.815468694348397,-7.24497671400824],[-34.815491217183698,-7.2449555540066],[-34.815515501120203,-7.24493643476162],[-34.815541361342603,-7.24491950178208],[-34.815568601039097,-7.24490488393783],[-34.815597012899197,-7.24489269247919],[-34.815626380692002,-7.24488302019026],[-34.815656480911002,-7.2448759406827],[-34.815687084475996,-7.2448715078356],[-34.815717958475702,-7.24486975538542],[-34.815748867940897,-7.24487069666918],[-34.815779577632497,-7.24487432452302],[-34.815809853831702,-7.24488061133671],[-34.815839466119101,-7.24488950926379],[-34.815868189127599,-7.24490095058571],[-34.815895804258297,-7.24491484822717],[-34.815922101344,-7.24493109641886],[-34.815946880248099,-7.24494957150241],[-34.815969952388699,-7.24497013287153],[-34.815973986694502,-7.24497412030134]]]}},
{"type":"Feature","properties":{"id":null,"Name":null,"description":null,"timestamp":null,"begin":null,"end":null,"altitudeMode":null,"tessellate":-1,"extrude":0,"visibility":-1,"drawOrder":null,"icon":null,"FID":960.0},"geometry":{"type":"MultiLineString","coordinates":[[[-34.816073049408502,-7.24507365938755],[-34.815973960157798,-7.24497414663177]]]}},
{"type":"Feature","properties":{"id":null,"Name":null,"description":null,"timestamp":null,"begin":null,"end":null,"altitudeMode":null,"tessellate":-1,"extrude":0,"visibility":-1,"drawOrder":null,"icon":null,"FID":961.0},"geometry":{"type":"MultiLineString","coordinates":[[[-34.816700825457303,-7.24556038681118],[-34.816473401543,-7.24541305790065],[-34.816259701825601,-7.24524649604134],[-34.8160729890255,-7.24507371943367]]]}},
{"type":"Feature","properties":{"id":null,"Name":null,"description":null,"timestamp":null,"begin":null,"end":null,"altitudeMode":null,"tessellate":-1,"extrude":0,"visibility":-1,"drawOrder":null,"icon":null,"FID":962.0},"geometry":{"type":"MultiLineString","coordinates":[[[-34.816759816684701,-7.24559505127955],[-34.8167008254606,-7.24556038681314]]]}},
{"type":"Feature","properties":{"id":null,"Name":null,"description":null,"timestamp":null,"begin":null,"end":null,"altitudeMode":null,"tessellate":-1,"extrude":0,"visibility":-1,"drawOrder":null,"icon":null,"FID":963.0},"geometry":{"type":"MultiLineString","coordinates":[[[-34.816759816652201,-7.24559505126042],[-34.816900417047698,-7.24568614027636],[-34.8170325323618,-7.24578911951778],[-34.817155157124901,-7.24590320525718],[-34.817267358093602,-7.24602752924078],[-34.817368281353197,-7.24616114529624],[-34.817457158816197,-7.24630303653348],[-34.817533314067902,-7.24645212308331],[-34.817596167514701,-7.24660727031586],[-34.817645240795102,-7.24676729747535],[-34.8176801604207,-7.24693098666627],[-34.817690774659098,-7.24700234688298]]]}},
{"type":"Feature","properties":{"id":null,"Name":null,"description":null,"timestamp":null,"begin":null,"end":null,"altitudeMode":null,"tessellate":-1,"extrude":0,"visibility":-1,"drawOrder":null,"icon":null,"FID":964.0},"geometry":{"type":"MultiLineString","coordinates":[[[-34.817738914496402,-7.24737339454639],[-34.817690797660298,-7.24700234395361]]]}},
{"type":"Feature","properties":{"id":null,"Name":null,"description":null,"timestamp":null,"begin":null,"end":null,"altitudeMode":null,"tessellate":-1,"extrude":0,"visibility":-1,"drawOrder":null,"icon":null,"FID":965.0},"geometry":{"type":"MultiLineString","coordinates":[[[-34.8182617912219,-7.24795899955653],[-34.818203532982103,-7.24794184468031],[-34.818146993695201,-7.24791968470074],[-34.818092603661299,-7.24789268826903],[-34.818040776823103,-7.24786106084478],[-34.8179919076155,-7.24782504313249],[-34.817946367963799,-7.24778490924953],[-34.817904504453097,-7.24774096463995],[-34.8178666356904,-7.24769354374982],[-34.817833049879901,-7.24764300748189],[-34.817804002629501,-7.24758974044882],[-34.817779715005699,-7.24753414804608],[-34.817760371850902,-7.24747665336652],[-34.817746120376803,-7.24741769398043],[-34.817738918808502,-7.24737339396878]]]}},
{"type":"Feature","properties":{"id":null,"Name":null,"description":null,"timestamp":null,"begin":null,"end":null,"altitudeMode":null,"tessellate":-1,"extrude":0,"visibility":-1,"drawOrder":null,"icon":null,"FID":966.0},"geometry":{"type":"MultiLineString","coordinates":[[[-34.818702990386399,-7.24806826412269],[-34.818261791232402,-7.24795899955913]]]}},
{"type":"Feature","properties":{"id":null,"Name":null,"description":null,"timestamp":null,"begin":null,"end":null,"altitudeMode":null,"tessellate":-1,"extrude":0,"visibility":-1,"drawOrder":null,"icon":null,"FID":967.0},"geometry":{"type":"MultiLineString","coordinates":[[[-34.818702990385397,-7.24806826412246],[-34.818718382877201,-7.2480728046561],[-34.818733320503199,-7.24807866756143],[-34.818747689579197,-7.24808580821827],[-34.818761380747901,-7.24809417228189],[-34.8187742898115,-7.24810369609681],[-34.818786318524197,-7.24811430718109],[-34.818797375340303,-7.24812592477803],[-34.818807376110698,-7.24813846047076],[-34.818809453653301,-7.24814137051847]]]}},
{"type":"Feature","properties":{"id":null,"Name":null,"description":null,"timestamp":null,"begin":null,"end":null,"altitudeMode":null,"tessellate":-1,"extrude":0,"visibility":-1,"drawOrder":null,"icon":null,"FID":968.0},"geometry":{"type":"MultiLineString","coordinates":[[[-34.819087873823399,-7.24853896016312],[-34.818809489925599,-7.24814134522405]]]}},
{"type":"Feature","properties":{"id":null,"Name":null,"description":null,"timestamp":null,"begin":null,"end":null,"altitudeMode":null,"tessellate":-1,"extrude":0,"visibility":-1,"drawOrder":null,"icon":null,"FID":969.0},"geometry":{"type":"MultiLineString","coordinates":[[[-34.8196582866859,-7.24878576971298],[-34.819606819618699,-7.24879089182518],[-34.819555101344001,-7.24879151512891],[-34.8195035254708,-7.24878763488002],[-34.819452484524199,-7.24877928060929],[-34.819402366958101,-7.24876651589766],[-34.819353554198997,-7.24874943789231],[-34.819306417743,-7.24872817656732],[-34.819261316328301,-7.24870289373457],[-34.819218593204901,-7.24867378181208],[-34.8191785735225,-7.24864106235975],[-34.819141561855801,-7.24860498439302],[-34.819107839886399,-7.24856582248773],[-34.819087879210898,-7.248538956412]]]}},
{"type":"Feature","properties":{"id":null,"Name":null,"description":null,"timestamp":null,"begin":null,"end":null,"altitudeMode":null,"tessellate":-1,"extrude":0,"visibility":-1,"drawOrder":null,"icon":null,"FID":970.0},"geometry":{"type":"MultiLineString","coordinates":[[[-34.8200207006429,-7.24873368671537],[-34.819658286689801,-7.24878576971243]]]}},
{"type":"Feature","properties":{"id":null,"Name":null,"description":null,"timestamp":null,"begin":null,"end":null,"altitudeMode":null,"tessellate":-1,"extrude":0,"visibility":-1,"drawOrder":null,"icon":null,"FID":971.0},"geometry":{"type":"MultiLineString","coordinates":[[[-34.820020700642601,-7.2487336867154],[-34.820021779975697,-7.24873357946277],[-34.820022864562503,-7.2487335665554],[-34.820023946148801,-7.24873364809157],[-34.820025016502797,-7.2487338234507],[-34.8200260674787,-7.24873409129821],[-34.820027091077698,-7.24873444959565],[-34.820028079509903,-7.24873489561612],[-34.820029025252403,-7.24873542596514],[-34.820029921107803,-7.24873603660647],[-34.820030220452701,-7.24873626754654]]]}},
{"type":"Feature","properties":{"id":null,"Name":null,"description":null,"timestamp":null,"begin":null,"end":null,"altitudeMode":null,"tessellate":-1,"extrude":0,"visibility":-1,"drawOrder":null,"icon":null,"FID":972.0},"geometry":{"type":"MultiLineString","coordinates":[[[-34.820320533502802,-7.24897072872666],[-34.820030217986599,-7.24873627063634]]]}},
{"type":"Feature","properties":{"id":null,"Name":null,"description":null,"timestamp":null,"begin":null,"end":null,"altitudeMode":null,"tessellate":-1,"extrude":0,"visibility":-1,"drawOrder":null,"icon":null,"FID":996.0},"geometry":{"type":"MultiLineString","coordinates":[[[-34.820356132163397,-7.24466685035464],[-34.820751219832999,-7.24499609605201]]]}},
{"type":"Feature","properties":{"id":null,"Name":null,"description":null,"timestamp":null,"begin":null,"end":null,"altitudeMode":null,"tessellate":-1,"extrude":0,"visibility":-1,"drawOrder":null,"icon":null,"FID":997.0},"geometry":{"type":"MultiLineString","coordinates":[[[-34.820356132165401,-7.24466685035632],[-34.820333137746402,-7.24464592132939],[-34.820312057479498,-7.24462307066002],[-34.820293051798402,-7.24459847225589],[-34.8202762653479,-7.24457231332596],[-34.820261825882703,-7.24454479295579],[-34.820249843295798,-7.24451612059238],[-34.820247995120504,-7.24451096947393]]]}},
{"type":"Feature","properties":{"id":null,"Name":null,"description":null,"timestamp":null,"begin":null,"end":null,"altitudeMode":null,"tessellate":-1,"extrude":0,"visibility":-1,"drawOrder":null,"icon":null,"FID":998.0},"geometry":{"type":"MultiLineString","coordinates":[[[-34.820185017993602,-7.24433083103591],[-34.820248033503702,-7.2445109560641]]]}},
{"type":"Feature","properties":{"id":null,"Name":null,"description":null,"timestamp":null,"begin":null,"end":null,"altitudeMode":null,"tessellate":-1,"extrude":0,"visibility":-1,"drawOrder":null,"icon":null,"FID":999.0},"geometry":{"type":"MultiLineString","coordinates":[[[-34.819854119380203,-7.24390982817183],[-34.819912966364598,-7.24395176123011],[-34.819967929590298,-7.24399865637135],[-34.820018590755197,-7.24405015669654],[-34.820064564297901,-7.2441058702586],[-34.820105500332097,-7.24416537304527],[-34.820141087309501,-7.24422821220606],[-34.820171054390897,-7.24429390949864],[-34.820184974329798,-7.2443308462658]]]}},
{"type":"Feature","properties":{"id":null,"Name":null,"description":null,"timestamp":null,"begin":null,"end":null,"altitudeMode":null,"tessellate":-1,"extrude":0,"visibility":-1,"drawOrder":null,"icon":null,"FID":1000.0},"geometry":{"type":"MultiLineString","coordinates":[[[-34.819433727279197,-7.24363710125245],[-34.819854119383798,-7.24390982817415]]]}},
{"type":"Feature","properties":{"id":null,"Name":null,"description":null,"timestamp":null,"begin":null,"end":null,"altitudeMode":null,"tessellate":-1,"extrude":0,"visibility":-1,"drawOrder":null,"icon":null,"FID":1001.0},"geometry":{"type":"MultiLineString","coordinates":[[[-34.819715672383197,-7.24336590493288],[-34.819433727279197,-7.24363710125245]]]}},
{"type":"Feature","properties":{"id":null,"Name":null,"description":null,"timestamp":null,"begin":null,"end":null,"altitudeMode":null,"tessellate":-1,"extrude":0,"visibility":-1,"drawOrder":null,"icon":null,"FID":1002.0},"geometry":{"type":"MultiLineString","coordinates":[[[-34.819715672372901,-7.24336590494273],[-34.8197548025502,-7.24333143481596],[-34.819796792303499,-7.24330050149791],[-34.819841322065301,-7.243273340409],[-34.819888052937799,-7.24325015826064],[-34.819936629271403,-7.24323113148213],[-34.819986681371702,-7.24321640487795],[-34.820024333605502,-7.24320836313142]]]}},
{"type":"Feature","properties":{"id":null,"Name":null,"description":null,"timestamp":null,"begin":null,"end":null,"altitudeMode":null,"tessellate":-1,"extrude":0,"visibility":-1,"drawOrder":null,"icon":null,"FID":1003.0},"geometry":{"type":"MultiLineString","coordinates":[[[-34.8205697198119,-7.24311014075982],[-34.820024330040297,-7.24320834328159]]]}},
{"type":"Feature","properties":{"id":null,"Name":null,"description":null,"timestamp":null,"begin":null,"end":null,"altitudeMode":null,"tessellate":-1,"extrude":0,"visibility":-1,"drawOrder":null,"icon":null,"FID":1013.0},"geometry":{"type":"MultiLineString","coordinates":[[[-34.828578623284898,-6.97389183991322],[-34.828450394139601,-6.97559268431858]]]}},
{"type":"Feature","properties":{"id":null,"Name":null,"description":null,"timestamp":null,"begin":null,"end":null,"altitudeMode":null,"tessellate":-1,"extrude":0,"visibility":-1,"drawOrder":null,"icon":null,"FID":1014.0},"geometry":{"type":"MultiLineString","coordinates":[[[-34.828578623284898,-6.97389183991373],[-34.828592601519603,-6.97377488708451],[-34.8286167279051,-6.97365959659736],[-34.828650818817202,-6.97354684588282],[-34.828682172583598,-6.97346587799848]]]}},
{"type":"Feature","properties":{"id":null,"Name":null,"description":null,"timestamp":null,"begin":null,"end":null,"altitudeMode":null,"tessellate":-1,"extrude":0,"visibility":-1,"drawOrder":null,"icon":null,"FID":1015.0},"geometry":{"type":"MultiLineString","coordinates":[[[-34.828768738763401,-6.97326199485037],[-34.828682118063398,-6.97346585487326]]]}},
{"type":"Feature","properties":{"id":null,"Name":null,"description":null,"timestamp":null,"begin":null,"end":null,"altitudeMode":null,"tessellate":-1,"extrude":0,"visibility":-1,"drawOrder":null,"icon":null,"FID":1019.0},"geometry":{"type":"MultiLineString","coordinates":[[[-34.827991734088499,-6.98518082052623],[-34.8277759058792,-6.98825342233718]]]}},
{"type":"Feature","properties":{"id":null,"Name":null,"description":null,"timestamp":null,"begin":null,"end":null,"altitudeMode":null,"tessellate":-1,"extrude":0,"visibility":-1,"drawOrder":null,"icon":null,"FID":1020.0},"geometry":{"type":"MultiLineString","coordinates":[[[-34.828101343391999,-6.98337010134277],[-34.827991770300798,-6.98518082207721]]]}},
{"type":"Feature","properties":{"id":null,"Name":null,"description":null,"timestamp":null,"begin":null,"end":null,"altitudeMode":null,"tessellate":-1,"extrude":0,"visibility":-1,"drawOrder":null,"icon":null,"FID":1021.0},"geometry":{"type":"MultiLineString","coordinates":[[[-34.828204737744301,-6.981333552805],[-34.828101343301299,-6.98337010312818]]]}},
{"type":"Feature","properties":{"id":null,"Name":null,"description":null,"timestamp":null,"begin":null,"end":null,"altitudeMode":null,"tessellate":-1,"extrude":0,"visibility":-1,"drawOrder":null,"icon":null,"FID":1022.0},"geometry":{"type":"MultiLineString","coordinates":[[[-34.828289769425702,-6.97915846815534],[-34.8282048041225,-6.98133355539128]]]}},
{"type":"Feature","properties":{"id":null,"Name":null,"description":null,"timestamp":null,"begin":null,"end":null,"altitudeMode":null,"tessellate":-1,"extrude":0,"visibility":-1,"drawOrder":null,"icon":null,"FID":1023.0},"geometry":{"type":"MultiLineString","coordinates":[[[-34.828319400793198,-6.97807337038427],[-34.828289769450699,-6.97915846723917]]]}},
{"type":"Feature","properties":{"id":null,"Name":null,"description":null,"timestamp":null,"begin":null,"end":null,"altitudeMode":null,"tessellate":-1,"extrude":0,"visibility":-1,"drawOrder":null,"icon":null,"FID":1024.0},"geometry":{"type":"MultiLineString","coordinates":[[[-34.8283194007942,-6.97807337035008],[-34.828439184510003,-6.97574055545763]]]}},
{"type":"Feature","properties":{"id":null,"Name":null,"description":null,"timestamp":null,"begin":null,"end":null,"altitudeMode":null,"tessellate":-1,"extrude":0,"visibility":-1,"drawOrder":null,"icon":null,"FID":1025.0},"geometry":{"type":"MultiLineString","coordinates":[[[-34.828450394139601,-6.97559268431858],[-34.828439204361501,-6.97574055647149]]]}},
{"type":"Feature","properties":{"id":null,"Name":null,"description":null,"timestamp":null,"begin":null,"end":null,"altitudeMode":null,"tessellate":-1,"extrude":0,"visibility":-1,"drawOrder":null,"icon":null,"FID":1033.0},"geometry":{"type":"MultiLineString","coordinates":[[[-34.826449640018602,-6.99914464672584],[-34.826186412953199,-7.00091771605226]]]}},
{"type":"Feature","properties":{"id":null,"Name":null,"description":null,"timestamp":null,"begin":null,"end":null,"altitudeMode":null,"tessellate":-1,"extrude":0,"visibility":-1,"drawOrder":null,"icon":null,"FID":1034.0},"geometry":{"type":"MultiLineString","coordinates":[[[-34.826449640018701,-6.9991446467251],[-34.8264506258013,-6.99913953118717],[-34.826452054065903,-6.99913452095799],[-34.826453913942402,-6.99912965416838],[-34.826456191276201,-6.99912496785756],[-34.826458868735202,-6.99912049769119],[-34.826461925942503,-6.99911627768991],[-34.826465339630801,-6.99911233997052],[-34.826469083819802,-6.9991087145014],[-34.826473130014101,-6.99910542887453],[-34.826477447419599,-6.99910250809555],[-34.826482003178299,-6.99909997439332],[-34.826486762618103,-6.99909784705084],[-34.8264916895168,-6.99909614225845],[-34.826496746377799,-6.99909487299067],[-34.826501111310598,-6.99909414473844]]]}},
{"type":"Feature","properties":{"id":null,"Name":null,"description":null,"timestamp":null,"begin":null,"end":null,"altitudeMode":null,"tessellate":-1,"extrude":0,"visibility":-1,"drawOrder":null,"icon":null,"FID":1035.0},"geometry":{"type":"MultiLineString","coordinates":[[[-34.827022820976701,-6.99902759392182],[-34.826501115354901,-6.99909417604155]]]}},
{"type":"Feature","properties":{"id":null,"Name":null,"description":null,"timestamp":null,"begin":null,"end":null,"altitudeMode":null,"tessellate":-1,"extrude":0,"visibility":-1,"drawOrder":null,"icon":null,"FID":1036.0},"geometry":{"type":"MultiLineString","coordinates":[[[-34.826931398555303,-6.99934702405939],[-34.827022820976701,-6.99902759392182]]]}},
{"type":"Feature","properties":{"id":null,"Name":null,"description":null,"timestamp":null,"begin":null,"end":null,"altitudeMode":null,"tessellate":-1,"extrude":0,"visibility":-1,"drawOrder":null,"icon":null,"FID":1037.0},"geometry":{"type":"MultiLineString","coordinates":[[[-34.826856007664901,-6.99997253766595],[-34.826856797445402,-6.99979885624995],[-34.826872734645697,-6.99962590451944],[-34.826903697956702,-6.99945499874432],[-34.826931375359202,-6.99934701740269]]]}},
{"type":"Feature","properties":{"id":null,"Name":null,"description":null,"timestamp":null,"begin":null,"end":null,"altitudeMode":null,"tessellate":-1,"extrude":0,"visibility":-1,"drawOrder":null,"icon":null,"FID":1038.0},"geometry":{"type":"MultiLineString","coordinates":[[[-34.826892885326103,-7.00091497257444],[-34.826856007666599,-6.99997253770907]]]}},
{"type":"Feature","properties":{"id":null,"Name":null,"description":null,"timestamp":null,"begin":null,"end":null,"altitudeMode":null,"tessellate":-1,"extrude":0,"visibility":-1,"drawOrder":null,"icon":null,"FID":1039.0},"geometry":{"type":"MultiLineString","coordinates":[[[-34.828468261989201,-7.00037422660549],[-34.8285045892761,-7.00045344031481],[-34.828533868435201,-7.00053551598055],[-34.828555876631903,-7.00061982895949],[-34.828570446367301,-7.00070573758088],[-34.828577466753401,-7.00079258802999],[-34.828576884356799,-7.00087971932389],[-34.8285750216643,-7.00090843599632]]]}},
{"type":"Feature","properties":{"id":null,"Name":null,"description":null,"timestamp":null,"begin":null,"end":null,"altitudeMode":null,"tessellate":-1,"extrude":0,"visibility":-1,"drawOrder":null,"icon":null,"FID":1040.0},"geometry":{"type":"MultiLineString","coordinates":[[[-34.828018351129103,-6.99949650750097],[-34.828468261995702,-7.00037422661826]]]}},
{"type":"Feature","properties":{"id":null,"Name":null,"description":null,"timestamp":null,"begin":null,"end":null,"altitudeMode":null,"tessellate":-1,"extrude":0,"visibility":-1,"drawOrder":null,"icon":null,"FID":1041.0},"geometry":{"type":"MultiLineString","coordinates":[[[-34.8280183511242,-6.99949650749152],[-34.827995996038297,-6.99944777451174],[-34.8279779770521,-6.99939728028059],[-34.827964431300003,-6.99934540909044],[-34.8279554618723,-6.99929255571316],[-34.827951137030297,-6.99923912239551],[-34.827951489687202,-6.99918551579783],[-34.827956517157503,-6.99913214389908],[-34.827966181177302,-6.99907941289189],[-34.827974853910803,-6.99904588563378]]]}},
{"type":"Feature","properties":{"id":null,"Name":null,"description":null,"timestamp":null,"begin":null,"end":null,"altitudeMode":null,"tessellate":-1,"extrude":0,"visibility":-1,"drawOrder":null,"icon":null,"FID":1042.0},"geometry":{"type":"MultiLineString","coordinates":[[[-34.828034614292399,-6.99883894561248],[-34.827974789283701,-6.99904586700709]]]}},
{"type":"Feature","properties":{"id":null,"Name":null,"description":null,"timestamp":null,"begin":null,"end":null,"altitudeMode":null,"tessellate":-1,"extrude":0,"visibility":-1,"drawOrder":null,"icon":null,"FID":1043.0},"geometry":{"type":"MultiLineString","coordinates":[[[-34.827849730651302,-6.99809319666249],[-34.827894093522602,-6.99814340402382],[-34.827933907964201,-6.99819728347942],[-34.8279688709639,-6.99825442497547],[-34.827998716431502,-6.99831439363202],[-34.828023217224199,-6.99837673305279],[-34.828042186874697,-6.99844096879844],[-34.828055481010701,-6.99850661199739],[-34.828062998453802,-6.99857316306631],[-34.828064681989503,-6.99864011551227],[-34.828060518802502,-6.99870695978746],[-34.828050540574601,-6.99877318716706],[-34.828034823243698,-6.99883829362098],[-34.828034633466203,-6.99883895114167]]]}},
{"type":"Feature","properties":{"id":null,"Name":null,"description":null,"timestamp":null,"begin":null,"end":null,"altitudeMode":null,"tessellate":-1,"extrude":0,"visibility":-1,"drawOrder":null,"icon":null,"FID":1044.0},"geometry":{"type":"MultiLineString","coordinates":[[[-34.827139755605003,-6.99735708140137],[-34.827849730652197,-6.99809319666343]]]}},
{"type":"Feature","properties":{"id":null,"Name":null,"description":null,"timestamp":null,"begin":null,"end":null,"altitudeMode":null,"tessellate":-1,"extrude":0,"visibility":-1,"drawOrder":null,"icon":null,"FID":1045.0},"geometry":{"type":"MultiLineString","coordinates":[[[-34.827139755602197,-6.99735708139847],[-34.8271148068443,-6.99732885618525],[-34.8270924151294,-6.99729856581401],[-34.827072750871899,-6.99726644081322],[-34.827055963728398,-6.99723272567396],[-34.827042181458999,-6.9971976769892],[-34.827031508954597,-6.99716156150104],[-34.827024027438902,-6.9971246540705],[-34.827019793849999,-6.9970872355858],[-34.827018840407398,-6.99704959082444],[-34.8270211743666,-6.99701200628604],[-34.827023800911,-6.99699180694094]]]}},
{"type":"Feature","properties":{"id":null,"Name":null,"description":null,"timestamp":null,"begin":null,"end":null,"altitudeMode":null,"tessellate":-1,"extrude":0,"visibility":-1,"drawOrder":null,"icon":null,"FID":1046.0},"geometry":{"type":"MultiLineString","coordinates":[[[-34.827714293397598,-6.99251718810963],[-34.827023771115101,-6.99699180236206]]]}},
{"type":"Feature","properties":{"id":null,"Name":null,"description":null,"timestamp":null,"begin":null,"end":null,"altitudeMode":null,"tessellate":-1,"extrude":0,"visibility":-1,"drawOrder":null,"icon":null,"FID":1047.0},"geometry":{"type":"MultiLineString","coordinates":[[[-34.827714293396603,-6.99251718811605],[-34.827721065809499,-6.99248320566732],[-34.827730776728799,-6.99244994228653],[-34.8277433522479,-6.99241765112807],[-34.827758696658996,-6.99238657794706],[-34.8277766931812,-6.992356959229],[-34.827797204849603,-6.99232902039005],[-34.827820075557803,-6.99230297406131],[-34.827845131245603,-6.99227901847084],[-34.827859040713697,-6.99226738539049]]]}},
{"type":"Feature","properties":{"id":null,"Name":null,"description":null,"timestamp":null,"begin":null,"end":null,"altitudeMode":null,"tessellate":-1,"extrude":0,"visibility":-1,"drawOrder":null,"icon":null,"FID":1048.0},"geometry":{"type":"MultiLineString","coordinates":[[[-34.828005427767103,-6.99215050964732],[-34.827859013894802,-6.99226735183493]]]}},
{"type":"Feature","properties":{"id":null,"Name":null,"description":null,"timestamp":null,"begin":null,"end":null,"altitudeMode":null,"tessellate":-1,"extrude":0,"visibility":-1,"drawOrder":null,"icon":null,"FID":1049.0},"geometry":{"type":"MultiLineString","coordinates":[[[-34.8281606479419,-6.99122649737587],[-34.828191137565199,-6.99127965853461],[-34.828216873955398,-6.99133527249622],[-34.828237661242099,-6.99139291600607],[-34.828253341220197,-6.99145215036325],[-34.828263794554097,-6.99151252475954],[-34.828268941685799,-6.99157357971019],[-34.828268743440603,-6.99163485055085],[-34.8282632013251,-6.99169587097397],[-34.828252357516099,-6.99175617657763],[-34.828236294539302,-6.99181530839994],[-34.828215134641603,-6.99187281641193],[-34.828189038860799,-6.9919282629427],[-34.828158205799497,-6.99198122601022],[-34.828122870114697,-6.99203130253294],[-34.828083300731002,-6.99207811139752],[-34.8280397987943,-6.99212129635926],[-34.828005471474803,-6.99215056428326]]]}},
{"type":"Feature","properties":{"id":null,"Name":null,"description":null,"timestamp":null,"begin":null,"end":null,"altitudeMode":null,"tessellate":-1,"extrude":0,"visibility":-1,"drawOrder":null,"icon":null,"FID":1050.0},"geometry":{"type":"MultiLineString","coordinates":[[[-34.827719143498101,-6.99052912088216],[-34.828160647935299,-6.99122649736536]]]}},
{"type":"Feature","properties":{"id":null,"Name":null,"description":null,"timestamp":null,"begin":null,"end":null,"altitudeMode":null,"tessellate":-1,"extrude":0,"visibility":-1,"drawOrder":null,"icon":null,"FID":1051.0},"geometry":{"type":"MultiLineString","coordinates":[[[-34.8277191434955,-6.99052912087804],[-34.827696211813901,-6.99048913491264],[-34.827676855346603,-6.99044730416183],[-34.827661221407503,-6.99040394698351],[-34.827649428979498,-6.99035939335257],[-34.827641567809302,-6.99031398234962],[-34.827637697724001,-6.99026805958028],[-34.827637848176401,-6.99022197454495],[-34.8276385661473,-6.99020972737195]]]}},
{"type":"Feature","properties":{"id":null,"Name":null,"description":null,"timestamp":null,"begin":null,"end":null,"altitudeMode":null,"tessellate":-1,"extrude":0,"visibility":-1,"drawOrder":null,"icon":null,"FID":1052.0},"geometry":{"type":"MultiLineString","coordinates":[[[-34.8277759058792,-6.98825342233718],[-34.827638541142498,-6.99020972561703]]]}},
{"type":"Feature","properties":{"id":null,"Name":null,"description":null,"timestamp":null,"begin":null,"end":null,"altitudeMode":null,"tessellate":-1,"extrude":0,"visibility":-1,"drawOrder":null,"icon":null,"FID":1053.0},"geometry":{"type":"MultiLineString","coordinates":[[[-34.828456045744801,-6.99277072583408],[-34.828463672728901,-6.9926668375802],[-34.828480332833102,-6.99256400882493],[-34.828505899257799,-6.9924630221578],[-34.828540177420997,-6.99236464614825],[-34.8285829064396,-6.99226962949651],[-34.828633761114702,-6.99217869533552],[-34.828692354406897,-6.99209253572746],[-34.828758240382399,-6.99201180639678],[-34.828830917606297,-6.99193712173988],[-34.828841247029899,-6.9919275088829]]]}},
{"type":"Feature","properties":{"id":null,"Name":null,"description":null,"timestamp":null,"begin":null,"end":null,"altitudeMode":null,"tessellate":-1,"extrude":0,"visibility":-1,"drawOrder":null,"icon":null,"FID":1054.0},"geometry":{"type":"MultiLineString","coordinates":[[[-34.828423890287098,-6.99385619371549],[-34.828456045744602,-6.99277072584073]]]}},
{"type":"Feature","properties":{"id":null,"Name":null,"description":null,"timestamp":null,"begin":null,"end":null,"altitudeMode":null,"tessellate":-1,"extrude":0,"visibility":-1,"drawOrder":null,"icon":null,"FID":1055.0},"geometry":{"type":"MultiLineString","coordinates":[[[-34.828851160163701,-6.99447543260372],[-34.828799583263802,-6.99445499060433],[-34.828749985790203,-6.99443013499272],[-34.828702745211203,-6.9944010549355],[-34.828658221057097,-6.99436797175004],[-34.828616752184601,-6.99433113722001],[-34.8285786541975,-6.99429083167921],[-34.8285442170449,-6.99424736187801],[-34.828513702814298,-6.99420105864875],[-34.828487343737002,-6.99415227438793],[-34.828465340421197,-6.99410138037414],[-34.828447860324403,-6.99404876394248],[-34.828435036479597,-6.99399482553665],[-34.828426966482802,-6.99393997566124],[-34.828423711749899,-6.99388463175758],[-34.828423920039803,-6.99385619459244]]]}},
{"type":"Feature","properties":{"id":null,"Name":null,"description":null,"timestamp":null,"begin":null,"end":null,"altitudeMode":null,"tessellate":-1,"extrude":0,"visibility":-1,"drawOrder":null,"icon":null,"FID":1080.0},"geometry":{"type":"MultiLineString","coordinates":[[[-34.828341640908,-7.00838260149968],[-34.8289086306713,-7.00922812623668]]]}},
{"type":"Feature","properties":{"id":null,"Name":null,"description":null,"timestamp":null,"begin":null,"end":null,"altitudeMode":null,"tessellate":-1,"extrude":0,"visibility":-1,"drawOrder":null,"icon":null,"FID":1081.0},"geometry":{"type":"MultiLineString","coordinates":[[[-34.827636950963502,-7.0074984614002],[-34.8280293912348,-7.00795374816623],[-34.828341597681501,-7.00838263067964]]]}},
{"type":"Feature","properties":{"id":null,"Name":null,"description":null,"timestamp":null,"begin":null,"end":null,"altitudeMode":null,"tessellate":-1,"extrude":0,"visibility":-1,"drawOrder":null,"icon":null,"FID":1082.0},"geometry":{"type":"MultiLineString","coordinates":[[[-34.8269907681455,-7.00681173951465],[-34.827636950929502,-7.00749846136408]]]}},
{"type":"Feature","properties":{"id":null,"Name":null,"description":null,"timestamp":null,"begin":null,"end":null,"altitudeMode":null,"tessellate":-1,"extrude":0,"visibility":-1,"drawOrder":null,"icon":null,"FID":1083.0},"geometry":{"type":"MultiLineString","coordinates":[[[-34.8269907681752,-7.00681173954625],[-34.826741782319097,-7.00652287795403],[-34.8265189423295,-7.00621343388868],[-34.826323944147198,-7.00588576245059],[-34.8261582718062,-7.00554235746216],[-34.826023186138698,-7.00518583248672],[-34.825919715181698,-7.00481890093659],[-34.825848646353499,-7.00444435542097],[-34.825810520463101,-7.00406504649139],[-34.825805627596502,-7.00368386094623],[-34.825834004911002,-7.00330369985957],[-34.825850897831998,-7.00317723279614]]]}},
{"type":"Feature","properties":{"id":null,"Name":null,"description":null,"timestamp":null,"begin":null,"end":null,"altitudeMode":null,"tessellate":-1,"extrude":0,"visibility":-1,"drawOrder":null,"icon":null,"FID":1084.0},"geometry":{"type":"MultiLineString","coordinates":[[[-34.826186412953199,-7.00091771605226],[-34.8258508727302,-7.00317722896911]]]}},
{"type":"Feature","properties":{"id":null,"Name":null,"description":null,"timestamp":null,"begin":null,"end":null,"altitudeMode":null,"tessellate":-1,"extrude":0,"visibility":-1,"drawOrder":null,"icon":null,"FID":1085.0},"geometry":{"type":"MultiLineString","coordinates":[[[-34.826897103921198,-7.00102236940103],[-34.826892885326103,-7.00091497257444]]]}},
{"type":"Feature","properties":{"id":null,"Name":null,"description":null,"timestamp":null,"begin":null,"end":null,"altitudeMode":null,"tessellate":-1,"extrude":0,"visibility":-1,"drawOrder":null,"icon":null,"FID":1086.0},"geometry":{"type":"MultiLineString","coordinates":[[[-34.826897103924502,-7.001022369485],[-34.826895325156997,-7.00141404851596],[-34.826859386512702,-7.00180408219873],[-34.8268225829164,-7.00203051941984]]]}},
{"type":"Feature","properties":{"id":null,"Name":null,"description":null,"timestamp":null,"begin":null,"end":null,"altitudeMode":null,"tessellate":-1,"extrude":0,"visibility":-1,"drawOrder":null,"icon":null,"FID":1087.0},"geometry":{"type":"MultiLineString","coordinates":[[[-34.826545749127703,-7.0034958656908],[-34.826822568744497,-7.00203051672862]]]}},
{"type":"Feature","properties":{"id":null,"Name":null,"description":null,"timestamp":null,"begin":null,"end":null,"altitudeMode":null,"tessellate":-1,"extrude":0,"visibility":-1,"drawOrder":null,"icon":null,"FID":1088.0},"geometry":{"type":"MultiLineString","coordinates":[[[-34.827577629409902,-7.00393154466867],[-34.8275470987045,-7.00397110359533],[-34.827513233374198,-7.00400785338263],[-34.827476291154099,-7.00404151434183],[-34.827436553196598,-7.00407183029202],[-34.8273943219315,-7.00409857050975],[-34.827349918764497,-7.00412153148504],[-34.827303681631101,-7.00414053847026],[-34.827255962424502,-7.00415544681002],[-34.827207124317503,-7.00416614304219],[-34.827157538998897,-7.00417254576135],[-34.827107583843997,-7.00417460623845],[-34.827057639043197,-7.00417230879157],[-34.827008084707799,-7.00416567090539],[-34.826959297977901,-7.00415474309805],[-34.826911650151096,-7.00413960853675],[-34.826865503857697,-7.00412038240473],[-34.826821210300103,-7.00409721102469],[-34.826779106579899,-7.00407027074518],[-34.8267395131329,-7.00403976659846],[-34.826702731289799,-7.00400593074007],[-34.826669040983099,-7.00396902068197],[-34.826638698616598,-7.00392931733273],[-34.826611935114002,-7.00388712285951],[-34.826588954161501,-7.00384275838855],[-34.826569930657499,-7.00379656156099],[-34.8265550093816,-7.00374888396333],[-34.826544303892803,-7.00370008845154],[-34.826537895665297,-7.00365054638958],[-34.8265358334681,-7.00360063482295],[-34.826538132994699,-7.00355073360922],[-34.826544776742601,-7.00350122252709],[-34.826545761166997,-7.0034958679642]]]}},
{"type":"Feature","properties":{"id":null,"Name":null,"description":null,"timestamp":null,"begin":null,"end":null,"altitudeMode":null,"tessellate":-1,"extrude":0,"visibility":-1,"drawOrder":null,"icon":null,"FID":1089.0},"geometry":{"type":"MultiLineString","coordinates":[[[-34.827900176648797,-7.00347360407167],[-34.827577629408097,-7.00393154467125]]]}},
{"type":"Feature","properties":{"id":null,"Name":null,"description":null,"timestamp":null,"begin":null,"end":null,"altitudeMode":null,"tessellate":-1,"extrude":0,"visibility":-1,"drawOrder":null,"icon":null,"FID":1090.0},"geometry":{"type":"MultiLineString","coordinates":[[[-34.8281025035281,-7.00242345988546],[-34.828123897789503,-7.00253505303463],[-34.828135476207102,-7.00264808454732],[-34.8281371506556,-7.00276169418806],[-34.828128908384201,-7.00287501732083],[-34.828110812114197,-7.00298719148949],[-34.828082999561701,-7.00309736298155],[-34.828045682389899,-7.00320469332541],[-34.827999144598202,-7.00330836567159],[-34.8279437403611,-7.00340759100959],[-34.827900180076803,-7.00347360651732]]]}},
{"type":"Feature","properties":{"id":null,"Name":null,"description":null,"timestamp":null,"begin":null,"end":null,"altitudeMode":null,"tessellate":-1,"extrude":0,"visibility":-1,"drawOrder":null,"icon":null,"FID":1091.0},"geometry":{"type":"MultiLineString","coordinates":[[[-34.828068278780599,-7.00227938082035],[-34.828102503521201,-7.00242345985654]]]}},
{"type":"Feature","properties":{"id":null,"Name":null,"description":null,"timestamp":null,"begin":null,"end":null,"altitudeMode":null,"tessellate":-1,"extrude":0,"visibility":-1,"drawOrder":null,"icon":null,"FID":1092.0},"geometry":{"type":"MultiLineString","coordinates":[[[-34.828068278781203,-7.00227938082294],[-34.828061212661602,-7.00224252776573],[-34.828057388180902,-7.00220519962741],[-34.828056834444801,-7.00216768049791],[-34.828059555666897,-7.00213025592068],[-34.828065531136197,-7.00209321071952],[-34.828074715374903,-7.00205682683081],[-34.828087038484803,-7.00202138115791],[-34.828102406678703,-7.00198714346377],[-34.828105297037702,-7.00198149469852]]]}},
{"type":"Feature","properties":{"id":null,"Name":null,"description":null,"timestamp":null,"begin":null,"end":null,"altitudeMode":null,"tessellate":-1,"extrude":0,"visibility":-1,"drawOrder":null,"icon":null,"FID":1093.0},"geometry":{"type":"MultiLineString","coordinates":[[[-34.828465224797,-7.00129068572599],[-34.828105307153898,-7.00198149995848]]]}},
{"type":"Feature","properties":{"id":null,"Name":null,"description":null,"timestamp":null,"begin":null,"end":null,"altitudeMode":null,"tessellate":-1,"extrude":0,"visibility":-1,"drawOrder":null,"icon":null,"FID":1094.0},"geometry":{"type":"MultiLineString","coordinates":[[[-34.828575021671902,-7.00090843589978],[-34.828564343025299,-7.00099491343955],[-34.828546161465397,-7.00108013200744],[-34.828520615360603,-7.00116344303888],[-34.828487899128099,-7.00124421248632],[-34.828465202102002,-7.00129067390264]]]}},
{"type":"Feature","properties":{"id":null,"Name":null,"description":null,"timestamp":null,"begin":null,"end":null,"altitudeMode":null,"tessellate":-1,"extrude":0,"visibility":-1,"drawOrder":null,"icon":null,"FID":1110.0},"geometry":{"type":"MultiLineString","coordinates":[[[-34.822804065887901,-7.11441805339185],[-34.822909877125902,-7.11485343692239]]]}},
{"type":"Feature","properties":{"id":null,"Name":null,"description":null,"timestamp":null,"begin":null,"end":null,"altitudeMode":null,"tessellate":-1,"extrude":0,"visibility":-1,"drawOrder":null,"icon":null,"FID":1111.0},"geometry":{"type":"MultiLineString","coordinates":[[[-34.822804065893102,-7.11441805341335],[-34.822779013667002,-7.11429105803839],[-34.822765137510501,-7.11416236490251],[-34.822763084925299,-7.11412120101708]]]}},
{"type":"Feature","properties":{"id":null,"Name":null,"description":null,"timestamp":null,"begin":null,"end":null,"altitudeMode":null,"tessellate":-1,"extrude":0,"visibility":-1,"drawOrder":null,"icon":null,"FID":1112.0},"geometry":{"type":"MultiLineString","coordinates":[[[-34.822745783984203,-7.1136406236688],[-34.822763067685401,-7.11412120162085]]]}},
{"type":"Feature","properties":{"id":null,"Name":null,"description":null,"timestamp":null,"begin":null,"end":null,"altitudeMode":null,"tessellate":-1,"extrude":0,"visibility":-1,"drawOrder":null,"icon":null,"FID":1113.0},"geometry":{"type":"MultiLineString","coordinates":[[[-34.822745783984203,-7.11364062366859],[-34.8227459529719,-7.11361908016781],[-34.8227480010476,-7.11359763335843],[-34.822751912623701,-7.11357644646366],[-34.822756156186003,-7.11356047747574]]]}},
{"type":"Feature","properties":{"id":null,"Name":null,"description":null,"timestamp":null,"begin":null,"end":null,"altitudeMode":null,"tessellate":-1,"extrude":0,"visibility":-1,"drawOrder":null,"icon":null,"FID":1114.0},"geometry":{"type":"MultiLineString","coordinates":[[[-34.823719308551297,-7.11036801947381],[-34.822756148634198,-7.11356047520363]]]}},
{"type":"Feature","properties":{"id":null,"Name":null,"description":null,"timestamp":null,"begin":null,"end":null,"altitudeMode":null,"tessellate":-1,"extrude":0,"visibility":-1,"drawOrder":null,"icon":null,"FID":1115.0},"geometry":{"type":"MultiLineString","coordinates":[[[-34.823719308550999,-7.1103680194746],[-34.823721679933698,-7.1103612459006],[-34.823724633301502,-7.11035470455327],[-34.823728146177501,-7.11034844521626],[-34.823732191826601,-7.11034251552683],[-34.823736739459001,-7.11033696061354],[-34.8237417544644,-7.11033182275257],[-34.823747198675598,-7.11032714104617],[-34.823753030658899,-7.11032295112494],[-34.823759206029301,-7.11031928487666],[-34.823765677788501,-7.11031617020371],[-34.823766783953801,-7.11031570555892]]]}},
{"type":"Feature","properties":{"id":null,"Name":null,"description":null,"timestamp":null,"begin":null,"end":null,"altitudeMode":null,"tessellate":-1,"extrude":0,"visibility":-1,"drawOrder":null,"icon":null,"FID":1116.0},"geometry":{"type":"MultiLineString","coordinates":[[[-34.824074055289401,-7.11018922872831],[-34.823766803726102,-7.11031575349404]]]}},
{"type":"Feature","properties":{"id":null,"Name":null,"description":null,"timestamp":null,"begin":null,"end":null,"altitudeMode":null,"tessellate":-1,"extrude":0,"visibility":-1,"drawOrder":null,"icon":null,"FID":1117.0},"geometry":{"type":"MultiLineString","coordinates":[[[-34.824445641376897,-7.10998849104763],[-34.824295836409298,-7.11008161630222],[-34.824138476054202,-7.11016134520616],[-34.824074042670901,-7.11018919822064]]]}},
{"type":"Feature","properties":{"id":null,"Name":null,"description":null,"timestamp":null,"begin":null,"end":null,"altitudeMode":null,"tessellate":-1,"extrude":0,"visibility":-1,"drawOrder":null,"icon":null,"FID":1118.0},"geometry":{"type":"MultiLineString","coordinates":[[[-34.824678090024797,-7.10982962078256],[-34.824445641362701,-7.10998849105736]]]}},
{"type":"Feature","properties":{"id":null,"Name":null,"description":null,"timestamp":null,"begin":null,"end":null,"altitudeMode":null,"tessellate":-1,"extrude":0,"visibility":-1,"drawOrder":null,"icon":null,"FID":1119.0},"geometry":{"type":"MultiLineString","coordinates":[[[-34.825002538830503,-7.10954263181875],[-34.8248969183797,-7.10965242920545],[-34.824782119750999,-7.10975261349441],[-34.824678062448598,-7.1098295805872]]]}},
{"type":"Feature","properties":{"id":null,"Name":null,"description":null,"timestamp":null,"begin":null,"end":null,"altitudeMode":null,"tessellate":-1,"extrude":0,"visibility":-1,"drawOrder":null,"icon":null,"FID":1120.0},"geometry":{"type":"MultiLineString","coordinates":[[[-34.825459311686899,-7.10902438269502],[-34.825002538829402,-7.10954263181997]]]}},
{"type":"Feature","properties":{"id":null,"Name":null,"description":null,"timestamp":null,"begin":null,"end":null,"altitudeMode":null,"tessellate":-1,"extrude":0,"visibility":-1,"drawOrder":null,"icon":null,"FID":1121.0},"geometry":{"type":"MultiLineString","coordinates":[[[-34.825459311700399,-7.10902438267971],[-34.825588696379199,-7.10888989659292],[-34.825685713185401,-7.10880296125146]]]}},
{"type":"Feature","properties":{"id":null,"Name":null,"description":null,"timestamp":null,"begin":null,"end":null,"altitudeMode":null,"tessellate":-1,"extrude":0,"visibility":-1,"drawOrder":null,"icon":null,"FID":1122.0},"geometry":{"type":"MultiLineString","coordinates":[[[-34.825769979651099,-7.10873193243392],[-34.825685719563999,-7.10880296884227]]]}},
{"type":"Feature","properties":{"id":null,"Name":null,"description":null,"timestamp":null,"begin":null,"end":null,"altitudeMode":null,"tessellate":-1,"extrude":0,"visibility":-1,"drawOrder":null,"icon":null,"FID":1123.0},"geometry":{"type":"MultiLineString","coordinates":[[[-34.826188315394603,-7.10831374280397],[-34.825982498709898,-7.10853726304468],[-34.825769980511801,-7.10873193335387]]]}},
{"type":"Feature","properties":{"id":null,"Name":null,"description":null,"timestamp":null,"begin":null,"end":null,"altitudeMode":null,"tessellate":-1,"extrude":0,"visibility":-1,"drawOrder":null,"icon":null,"FID":1124.0},"geometry":{"type":"MultiLineString","coordinates":[[[-34.826302192480703,-7.10817875676437],[-34.826188315390397,-7.10831374280892]]]}},
{"type":"Feature","properties":{"id":null,"Name":null,"description":null,"timestamp":null,"begin":null,"end":null,"altitudeMode":null,"tessellate":-1,"extrude":0,"visibility":-1,"drawOrder":null,"icon":null,"FID":1125.0},"geometry":{"type":"MultiLineString","coordinates":[[[-34.826302192503299,-7.10817875673747],[-34.826524890644599,-7.10793689769643],[-34.826767843735801,-7.10771534700647],[-34.826776348153302,-7.10770826686965]]]}},
{"type":"Feature","properties":{"id":null,"Name":null,"description":null,"timestamp":null,"begin":null,"end":null,"altitudeMode":null,"tessellate":-1,"extrude":0,"visibility":-1,"drawOrder":null,"icon":null,"FID":1126.0},"geometry":{"type":"MultiLineString","coordinates":[[[-34.827805468987201,-7.10685404026491],[-34.826776348992802,-7.10770826793642]]]}},
{"type":"Feature","properties":{"id":null,"Name":null,"description":null,"timestamp":null,"begin":null,"end":null,"altitudeMode":null,"tessellate":-1,"extrude":0,"visibility":-1,"drawOrder":null,"icon":null,"FID":1127.0},"geometry":{"type":"MultiLineString","coordinates":[[[-34.828357973368803,-7.10632908313052],[-34.828006188991502,-7.10667931223906],[-34.827805450255802,-7.10685401785568]]]}},
{"type":"Feature","properties":{"id":null,"Name":null,"description":null,"timestamp":null,"begin":null,"end":null,"altitudeMode":null,"tessellate":-1,"extrude":0,"visibility":-1,"drawOrder":null,"icon":null,"FID":1128.0},"geometry":{"type":"MultiLineString","coordinates":[[[-34.8287803977612,-7.10587018951956],[-34.828357973363197,-7.10632908313669]]]}},
{"type":"Feature","properties":{"id":null,"Name":null,"description":null,"timestamp":null,"begin":null,"end":null,"altitudeMode":null,"tessellate":-1,"extrude":0,"visibility":-1,"drawOrder":null,"icon":null,"FID":1129.0},"geometry":{"type":"MultiLineString","coordinates":[[[-34.829285936872601,-7.10530298285287],[-34.828780425641803,-7.10587021445556]]]}},
{"type":"Feature","properties":{"id":null,"Name":null,"description":null,"timestamp":null,"begin":null,"end":null,"altitudeMode":null,"tessellate":-1,"extrude":0,"visibility":-1,"drawOrder":null,"icon":null,"FID":1152.0},"geometry":{"type":"MultiLineString","coordinates":[[[-34.823745720283,-7.12731980617625],[-34.823679483330103,-7.12750858256255]]]}},
{"type":"Feature","properties":{"id":null,"Name":null,"description":null,"timestamp":null,"begin":null,"end":null,"altitudeMode":null,"tessellate":-1,"extrude":0,"visibility":-1,"drawOrder":null,"icon":null,"FID":1153.0},"geometry":{"type":"MultiLineString","coordinates":[[[-34.823807393542403,-7.1270757139302],[-34.823783037768102,-7.12719538162038],[-34.823748333012702,-7.12731247361928],[-34.823745776810803,-7.12731982601337]]]}},
{"type":"Feature","properties":{"id":null,"Name":null,"description":null,"timestamp":null,"begin":null,"end":null,"altitudeMode":null,"tessellate":-1,"extrude":0,"visibility":-1,"drawOrder":null,"icon":null,"FID":1154.0},"geometry":{"type":"MultiLineString","coordinates":[[[-34.824198440314099,-7.12460602585617],[-34.823807393547497,-7.12707571389825]]]}},
{"type":"Feature","properties":{"id":null,"Name":null,"description":null,"timestamp":null,"begin":null,"end":null,"altitudeMode":null,"tessellate":-1,"extrude":0,"visibility":-1,"drawOrder":null,"icon":null,"FID":1155.0},"geometry":{"type":"MultiLineString","coordinates":[[[-34.824217291195502,-7.12438298846233],[-34.824209948299199,-7.12451682140047],[-34.824198484517098,-7.12460603286195]]]}},
{"type":"Feature","properties":{"id":null,"Name":null,"description":null,"timestamp":null,"begin":null,"end":null,"altitudeMode":null,"tessellate":-1,"extrude":0,"visibility":-1,"drawOrder":null,"icon":null,"FID":1156.0},"geometry":{"type":"MultiLineString","coordinates":[[[-34.824238314511199,-7.12248871405141],[-34.824217291195801,-7.12438298842856]]]}},
{"type":"Feature","properties":{"id":null,"Name":null,"description":null,"timestamp":null,"begin":null,"end":null,"altitudeMode":null,"tessellate":-1,"extrude":0,"visibility":-1,"drawOrder":null,"icon":null,"FID":1157.0},"geometry":{"type":"MultiLineString","coordinates":[[[-34.824238314511298,-7.12248871404812],[-34.824240703458003,-7.12244511641293],[-34.8242468874042,-7.12240189265478],[-34.8242522233841,-7.12237700876503]]]}},
{"type":"Feature","properties":{"id":null,"Name":null,"description":null,"timestamp":null,"begin":null,"end":null,"altitudeMode":null,"tessellate":-1,"extrude":0,"visibility":-1,"drawOrder":null,"icon":null,"FID":1158.0},"geometry":{"type":"MultiLineString","coordinates":[[[-34.824477936293398,-7.12144121683122],[-34.824252174592203,-7.12237699701899]]]}},
{"type":"Feature","properties":{"id":null,"Name":null,"description":null,"timestamp":null,"begin":null,"end":null,"altitudeMode":null,"tessellate":-1,"extrude":0,"visibility":-1,"drawOrder":null,"icon":null,"FID":1159.0},"geometry":{"type":"MultiLineString","coordinates":[[[-34.824474623127998,-7.12094657019176],[-34.824492995295401,-7.12103428891056],[-34.824503643731703,-7.12112327326391],[-34.824506487391801,-7.12121284602886],[-34.824501504629303,-7.12130232550381],[-34.824488733361399,-7.1213910306969],[-34.824477947546299,-7.12144121954285]]]}},
{"type":"Feature","properties":{"id":null,"Name":null,"description":null,"timestamp":null,"begin":null,"end":null,"altitudeMode":null,"tessellate":-1,"extrude":0,"visibility":-1,"drawOrder":null,"icon":null,"FID":1160.0},"geometry":{"type":"MultiLineString","coordinates":[[[-34.822917662085501,-7.11485358709977],[-34.824474623127799,-7.12094657019089]]]}},
{"type":"Feature","properties":{"id":null,"Name":null,"description":null,"timestamp":null,"begin":null,"end":null,"altitudeMode":null,"tessellate":-1,"extrude":0,"visibility":-1,"drawOrder":null,"icon":null,"FID":1170.0},"geometry":{"type":"MultiLineString","coordinates":[[[-34.820731449958302,-7.13467284692481],[-34.8203527099487,-7.13526719155373]]]}},
{"type":"Feature","properties":{"id":null,"Name":null,"description":null,"timestamp":null,"begin":null,"end":null,"altitudeMode":null,"tessellate":-1,"extrude":0,"visibility":-1,"drawOrder":null,"icon":null,"FID":1171.0},"geometry":{"type":"MultiLineString","coordinates":[[[-34.821014629254698,-7.13417743133686],[-34.820759343943301,-7.13462859157369],[-34.820731424072399,-7.1346728303819]]]}},
{"type":"Feature","properties":{"id":null,"Name":null,"description":null,"timestamp":null,"begin":null,"end":null,"altitudeMode":null,"tessellate":-1,"extrude":0,"visibility":-1,"drawOrder":null,"icon":null,"FID":1172.0},"geometry":{"type":"MultiLineString","coordinates":[[[-34.821968546302699,-7.13230542446508],[-34.8210146292109,-7.13417743142277]]]}},
{"type":"Feature","properties":{"id":null,"Name":null,"description":null,"timestamp":null,"begin":null,"end":null,"altitudeMode":null,"tessellate":-1,"extrude":0,"visibility":-1,"drawOrder":null,"icon":null,"FID":1173.0},"geometry":{"type":"MultiLineString","coordinates":[[[-34.822126222526897,-7.13193699442782],[-34.822028959529,-7.13217978018319],[-34.8219685737457,-7.13230543835514]]]}},
{"type":"Feature","properties":{"id":null,"Name":null,"description":null,"timestamp":null,"begin":null,"end":null,"altitudeMode":null,"tessellate":-1,"extrude":0,"visibility":-1,"drawOrder":null,"icon":null,"FID":1174.0},"geometry":{"type":"MultiLineString","coordinates":[[[-34.823679483330103,-7.12750858256255],[-34.822126222513802,-7.13193699446513]]]}},
{"type":"Feature","properties":{"id":null,"Name":null,"description":null,"timestamp":null,"begin":null,"end":null,"altitudeMode":null,"tessellate":-1,"extrude":0,"visibility":-1,"drawOrder":null,"icon":null,"FID":1180.0},"geometry":{"type":"MultiLineString","coordinates":[[[-34.829150370429701,-6.97236359835494],[-34.828768917632502,-6.97326145166661]]]}},
{"type":"Feature","properties":{"id":null,"Name":null,"description":null,"timestamp":null,"begin":null,"end":null,"altitudeMode":null,"tessellate":-1,"extrude":0,"visibility":-1,"drawOrder":null,"icon":null,"FID":1181.0},"geometry":{"type":"MultiLineString","coordinates":[[[-34.829335541401697,-6.97136912827004],[-34.829333423393201,-6.971573748309],[-34.829313465325498,-6.97177740525978],[-34.829275819067902,-6.9719785491737],[-34.829220771107103,-6.97217564922567],[-34.829150290416102,-6.97236356443606]]]}},
{"type":"Feature","properties":{"id":null,"Name":null,"description":null,"timestamp":null,"begin":null,"end":null,"altitudeMode":null,"tessellate":-1,"extrude":0,"visibility":-1,"drawOrder":null,"icon":null,"FID":1182.0},"geometry":{"type":"MultiLineString","coordinates":[[[-34.829277779984402,-6.96963500857927],[-34.829335541401399,-6.97136912825923]]]}},
{"type":"Feature","properties":{"id":null,"Name":null,"description":null,"timestamp":null,"begin":null,"end":null,"altitudeMode":null,"tessellate":-1,"extrude":0,"visibility":-1,"drawOrder":null,"icon":null,"FID":1183.0},"geometry":{"type":"MultiLineString","coordinates":[[[-34.829277779985702,-6.96963500861836],[-34.829279817281702,-6.96943817660791],[-34.829299015574101,-6.96924227102433],[-34.829335228730102,-6.96904878283082],[-34.829388181123697,-6.96885918459077],[-34.829441977125697,-6.96871214359733]]]}},
{"type":"Feature","properties":{"id":null,"Name":null,"description":null,"timestamp":null,"begin":null,"end":null,"altitudeMode":null,"tessellate":-1,"extrude":0,"visibility":-1,"drawOrder":null,"icon":null,"FID":1184.0},"geometry":{"type":"MultiLineString","coordinates":[[[-34.830058082937803,-6.9671936715802],[-34.829441964291398,-6.96871213831615]]]}},
{"type":"Feature","properties":{"id":null,"Name":null,"description":null,"timestamp":null,"begin":null,"end":null,"altitudeMode":null,"tessellate":-1,"extrude":0,"visibility":-1,"drawOrder":null,"icon":null,"FID":1185.0},"geometry":{"type":"MultiLineString","coordinates":[[[-34.830058082936702,-6.96719367158305],[-34.830065326240202,-6.96717782438607],[-34.830073924250598,-6.96716266828741],[-34.830083811531601,-6.96714831863409],[-34.830094912835001,-6.96713488463555],[-34.830107143672898,-6.96712246853257],[-34.830120410961499,-6.96711116481912],[-34.830134613728497,-6.96710105952316],[-34.830149643882301,-6.96709222955205],[-34.830165387034398,-6.96708474210707],[-34.830181723370103,-6.96707865417214],[-34.830198528559997,-6.96707401208],[-34.830205916086797,-6.96707246038418]]]}},
{"type":"Feature","properties":{"id":null,"Name":null,"description":null,"timestamp":null,"begin":null,"end":null,"altitudeMode":null,"tessellate":-1,"extrude":0,"visibility":-1,"drawOrder":null,"icon":null,"FID":1186.0},"geometry":{"type":"MultiLineString","coordinates":[[[-34.831388705455502,-6.96684747131988],[-34.830205920842502,-6.96707248529585]]]}},
{"type":"Feature","properties":{"id":null,"Name":null,"description":null,"timestamp":null,"begin":null,"end":null,"altitudeMode":null,"tessellate":-1,"extrude":0,"visibility":-1,"drawOrder":null,"icon":null,"FID":1187.0},"geometry":{"type":"MultiLineString","coordinates":[[[-34.831388705456,-6.96684747131978],[-34.831397708682502,-6.96684615564691],[-34.831406792408302,-6.96684562904167],[-34.831415887500803,-6.96684589551191],[-34.831424924740901,-6.96684695302956],[-34.831433835349799,-6.9668487935463],[-34.831442551512403,-6.96685140305467],[-34.831451006893502,-6.96685476169473],[-34.831459137142602,-6.96685884390524],[-34.831466880383601,-6.96686361861806],[-34.831474177685898,-6.96686904949483],[-34.831480973512399,-6.96687509520327],[-34.831487216143103,-6.96688170973194],[-34.831492858067598,-6.96688884274026],[-34.831497856347397,-6.9668964399418],[-34.831502172942798,-6.96690444351728],[-34.831505775001702,-6.96691279255469],[-34.831508067708,-6.96691949386087]]]}},
{"type":"Feature","properties":{"id":null,"Name":null,"description":null,"timestamp":null,"begin":null,"end":null,"altitudeMode":null,"tessellate":-1,"extrude":0,"visibility":-1,"drawOrder":null,"icon":null,"FID":1188.0},"geometry":{"type":"MultiLineString","coordinates":[[[-34.831737299447703,-6.96767332755279],[-34.831507975177402,-6.9669195219951]]]}},
{"type":"Feature","properties":{"id":null,"Name":null,"description":null,"timestamp":null,"begin":null,"end":null,"altitudeMode":null,"tessellate":-1,"extrude":0,"visibility":-1,"drawOrder":null,"icon":null,"FID":1189.0},"geometry":{"type":"MultiLineString","coordinates":[[[-34.8326821803537,-6.96814361936005],[-34.832621802594801,-6.96816279383334],[-34.832559982090402,-6.96817663724995],[-34.8324971893339,-6.96818504425212],[-34.8324339022179,-6.96818795085664],[-34.832370602397702,-6.96818533494182],[-34.832307771625501,-6.96817721641587],[-34.832245888083598,-6.96816365706539],[-34.832185422745503,-6.96814476008513],[-34.832126835791101,-6.96812066929271],[-34.832070573104403,-6.96809156803392],[-34.832017062880098,-6.96805767778748],[-34.831966712365002,-6.96801925647937],[-34.831919904757903,-6.96797659651981],[-34.831876996293701,-6.96793002257792],[-34.831838313532302,-6.96787988911065],[-34.831804150872699,-6.96782657766512],[-34.831774768313103,-6.9677704939749],[-34.831750389471601,-6.96771206487191],[-34.831737395090201,-6.96767329853692]]]}},
{"type":"Feature","properties":{"id":null,"Name":null,"description":null,"timestamp":null,"begin":null,"end":null,"altitudeMode":null,"tessellate":-1,"extrude":0,"visibility":-1,"drawOrder":null,"icon":null,"FID":1190.0},"geometry":{"type":"MultiLineString","coordinates":[[[-34.8352288337407,-6.96721087066871],[-34.832682180344797,-6.9681436193633]]]}},
{"type":"Feature","properties":{"id":null,"Name":null,"description":null,"timestamp":null,"begin":null,"end":null,"altitudeMode":null,"tessellate":-1,"extrude":0,"visibility":-1,"drawOrder":null,"icon":null,"FID":1191.0},"geometry":{"type":"MultiLineString","coordinates":[[[-34.835228833742299,-6.96721087066814],[-34.835309974491999,-6.96718510074653],[-34.835393054245003,-6.96716649514959],[-34.835477440717199,-6.96715519547537],[-34.8355624916803,-6.96715128771966],[-34.835647559849001,-6.96715480162165],[-34.835731997807201,-6.96716571043754],[-34.835815162935198,-6.96718393114412],[-34.835896422300301,-6.9672093250707],[-34.835975157473499,-6.96724169895443],[-34.835992767653003,-6.96725006917142]]]}},
{"type":"Feature","properties":{"id":null,"Name":null,"description":null,"timestamp":null,"begin":null,"end":null,"altitudeMode":null,"tessellate":-1,"extrude":0,"visibility":-1,"drawOrder":null,"icon":null,"FID":1192.0},"geometry":{"type":"MultiLineString","coordinates":[[[-34.837797708497497,-6.96813017034222],[-34.835992783524901,-6.96725003662053]]]}},
{"type":"Feature","properties":{"id":null,"Name":null,"description":null,"timestamp":null,"begin":null,"end":null,"altitudeMode":null,"tessellate":-1,"extrude":0,"visibility":-1,"drawOrder":null,"icon":null,"FID":1193.0},"geometry":{"type":"MultiLineString","coordinates":[[[-34.836415623313698,-6.9713163364236],[-34.8378084368195,-6.97086038227629]]]}},
{"type":"Feature","properties":{"id":null,"Name":null,"description":null,"timestamp":null,"begin":null,"end":null,"altitudeMode":null,"tessellate":-1,"extrude":0,"visibility":-1,"drawOrder":null,"icon":null,"FID":1194.0},"geometry":{"type":"MultiLineString","coordinates":[[[-34.836386502122402,-6.97236589416793],[-34.836341952396197,-6.9723462525135],[-34.836299285459198,-6.97232280595395],[-34.836258826033301,-6.97229573293209],[-34.836220882040102,-6.97226523949044],[-34.836185742257001,-6.97223155770305],[-34.836153674119103,-6.97219494390929],[-34.836124921684799,-6.97215567676294],[-34.836099703777101,-6.97211405511137],[-34.8360782123194,-6.97207039572125],[-34.8360606108741,-6.97202503086757],[-34.836047033398003,-6.97197830580501],[-34.836037583223103,-6.97193057614011],[-34.836032332269802,-6.97188220512498],[-34.836031320499799,-6.97183356089276],[-34.836034555612002,-6.97178501365577],[-34.836042012983803,-6.9717369328881],[-34.836053635859002,-6.97168968451349],[-34.836069335778902,-6.97164362812066],[-34.836088993256503,-6.97159911422642],[-34.836112458685498,-6.97155648160814],[-34.836139553478603,-6.97151605472544],[-34.836170071427397,-6.97147814125085],[-34.836203780271198,-6.97144302972824],[-34.836240423465,-6.97141098737685],[-34.836279722131799,-6.97138225805767],[-34.836321377185101,-6.97135706041745],[-34.836365071605002,-6.97133558622469],[-34.836410472851099,-6.97131799891027],[-34.8364156083056,-6.97131629066664]]]}},
{"type":"Feature","properties":{"id":null,"Name":null,"description":null,"timestamp":null,"begin":null,"end":null,"altitudeMode":null,"tessellate":-1,"extrude":0,"visibility":-1,"drawOrder":null,"icon":null,"FID":1195.0},"geometry":{"type":"MultiLineString","coordinates":[[[-34.837573964380702,-6.9728288095817],[-34.8363865021214,-6.97236589416755]]]}},
{"type":"Feature","properties":{"id":null,"Name":null,"description":null,"timestamp":null,"begin":null,"end":null,"altitudeMode":null,"tessellate":-1,"extrude":0,"visibility":-1,"drawOrder":null,"icon":null,"FID":1196.0},"geometry":{"type":"MultiLineString","coordinates":[[[-34.837139315957401,-6.9738643030723],[-34.837573964380702,-6.9728288095817]]]}},
{"type":"Feature","properties":{"id":null,"Name":null,"description":null,"timestamp":null,"begin":null,"end":null,"altitudeMode":null,"tessellate":-1,"extrude":0,"visibility":-1,"drawOrder":null,"icon":null,"FID":1197.0},"geometry":{"type":"MultiLineString","coordinates":[[[-34.837397116707301,-6.97449132062922],[-34.837359268268202,-6.97447361096779],[-34.837323108604203,-6.97445267265197],[-34.837288912913003,-6.97442866503527],[-34.837256941444998,-6.9744017708305],[-34.837227437522799,-6.97437219471924],[-34.837200625689299,-6.97434016179401],[-34.837176709998801,-6.97430591584524],[-34.837155872464102,-6.97426971750577],[-34.837138271671101,-6.97423184226743],[-34.837124041572103,-6.97419257838413],[-34.837113290466199,-6.9741522246782],[-34.8371061001749,-6.97411108826624],[-34.837102525420001,-6.97406948222153],[-34.837102593406598,-6.97402772319151],[-34.837106303616302,-6.97398612898791],[-34.8371136278111,-6.97394501616787],[-34.8371245102486,-6.97390469762486],[-34.837138868105903,-6.9738654802073],[-34.837139353561398,-6.97386431883411]]]}},
{"type":"Feature","properties":{"id":null,"Name":null,"description":null,"timestamp":null,"begin":null,"end":null,"altitudeMode":null,"tessellate":-1,"extrude":0,"visibility":-1,"drawOrder":null,"icon":null,"FID":1198.0},"geometry":{"type":"MultiLineString","coordinates":[[[-34.837535334613797,-6.9745487385057],[-34.837397116706697,-6.97449132062895]]]}},
{"type":"Feature","properties":{"id":null,"Name":null,"description":null,"timestamp":null,"begin":null,"end":null,"altitudeMode":null,"tessellate":-1,"extrude":0,"visibility":-1,"drawOrder":null,"icon":null,"FID":1199.0},"geometry":{"type":"MultiLineString","coordinates":[[[-34.836866065953799,-6.97484546225717],[-34.837535334613797,-6.9745487385057]]]}},
{"type":"Feature","properties":{"id":null,"Name":null,"description":null,"timestamp":null,"begin":null,"end":null,"altitudeMode":null,"tessellate":-1,"extrude":0,"visibility":-1,"drawOrder":null,"icon":null,"FID":1200.0},"geometry":{"type":"MultiLineString","coordinates":[[[-34.836359275011098,-6.97536469690242],[-34.836395276231002,-6.97528747288214],[-34.836437876420703,-6.9752136778922],[-34.836486751364099,-6.97514387355588],[-34.8365415290911,-6.97507859112484],[-34.836601792708301,-6.97501832743602],[-34.836667083572202,-6.9749635411305],[-34.836736904779499,-6.97491464916307],[-34.836810724949103,-6.97487202362887],[-34.836866037250203,-6.97484539751055]]]}},
{"type":"Feature","properties":{"id":null,"Name":null,"description":null,"timestamp":null,"begin":null,"end":null,"altitudeMode":null,"tessellate":-1,"extrude":0,"visibility":-1,"drawOrder":null,"icon":null,"FID":1201.0},"geometry":{"type":"MultiLineString","coordinates":[[[-34.836277608506897,-6.97556184761292],[-34.836359275002501,-6.97536469692325]]]}},
{"type":"Feature","properties":{"id":null,"Name":null,"description":null,"timestamp":null,"begin":null,"end":null,"altitudeMode":null,"tessellate":-1,"extrude":0,"visibility":-1,"drawOrder":null,"icon":null,"FID":1225.0},"geometry":{"type":"MultiLineString","coordinates":[[[-34.835811544825901,-6.97668724528616],[-34.836277519429302,-6.97556220961862]]]}},
{"type":"Feature","properties":{"id":null,"Name":null,"description":null,"timestamp":null,"begin":null,"end":null,"altitudeMode":null,"tessellate":-1,"extrude":0,"visibility":-1,"drawOrder":null,"icon":null,"FID":1226.0},"geometry":{"type":"MultiLineString","coordinates":[[[-34.835811544822903,-6.97668724529345],[-34.835780683302303,-6.97675343267678],[-34.835744165904202,-6.97681668062621],[-34.835702270545703,-6.97687650778578],[-34.835673729438597,-6.97691168575936]]]}},
{"type":"Feature","properties":{"id":null,"Name":null,"description":null,"timestamp":null,"begin":null,"end":null,"altitudeMode":null,"tessellate":-1,"extrude":0,"visibility":-1,"drawOrder":null,"icon":null,"FID":1227.0},"geometry":{"type":"MultiLineString","coordinates":[[[-34.835496695924903,-6.97711839236476],[-34.835673791188498,-6.97691173859548]]]}},
{"type":"Feature","properties":{"id":null,"Name":null,"description":null,"timestamp":null,"begin":null,"end":null,"altitudeMode":null,"tessellate":-1,"extrude":0,"visibility":-1,"drawOrder":null,"icon":null,"FID":1228.0},"geometry":{"type":"MultiLineString","coordinates":[[[-34.835085349263203,-6.97807450154311],[-34.835107770133703,-6.97792362510345],[-34.835143266167798,-6.97777527530902],[-34.835191567206202,-6.97763058119148],[-34.835252305636502,-6.97749064395931],[-34.835325019191401,-6.97735652861705],[-34.835409154466802,-6.97722925586001],[-34.835496671701499,-6.97711837169852]]]}},
{"type":"Feature","properties":{"id":null,"Name":null,"description":null,"timestamp":null,"begin":null,"end":null,"altitudeMode":null,"tessellate":-1,"extrude":0,"visibility":-1,"drawOrder":null,"icon":null,"FID":1229.0},"geometry":{"type":"MultiLineString","coordinates":[[[-34.834840498163402,-6.98042352723505],[-34.835085349264503,-6.97807450153144]]]}},
{"type":"Feature","properties":{"id":null,"Name":null,"description":null,"timestamp":null,"begin":null,"end":null,"altitudeMode":null,"tessellate":-1,"extrude":0,"visibility":-1,"drawOrder":null,"icon":null,"FID":1230.0},"geometry":{"type":"MultiLineString","coordinates":[[[-34.834794179464701,-6.981169720096],[-34.834840500134,-6.98042352705439]]]}},
{"type":"Feature","properties":{"id":null,"Name":null,"description":null,"timestamp":null,"begin":null,"end":null,"altitudeMode":null,"tessellate":-1,"extrude":0,"visibility":-1,"drawOrder":null,"icon":null,"FID":1231.0},"geometry":{"type":"MultiLineString","coordinates":[[[-34.834778783600299,-6.98193279099462],[-34.834794179461298,-6.98116972026614]]]}},
{"type":"Feature","properties":{"id":null,"Name":null,"description":null,"timestamp":null,"begin":null,"end":null,"altitudeMode":null,"tessellate":-1,"extrude":0,"visibility":-1,"drawOrder":null,"icon":null,"FID":1232.0},"geometry":{"type":"MultiLineString","coordinates":[[[-34.834778783600498,-6.98193279098581],[-34.834766118391002,-6.98213095240659],[-34.834736216210501,-6.98232725683093],[-34.834689304610201,-6.98252021026588],[-34.834678005677702,-6.98255796029585]]]}},
{"type":"Feature","properties":{"id":null,"Name":null,"description":null,"timestamp":null,"begin":null,"end":null,"altitudeMode":null,"tessellate":-1,"extrude":0,"visibility":-1,"drawOrder":null,"icon":null,"FID":1233.0},"geometry":{"type":"MultiLineString","coordinates":[[[-34.834350370874198,-6.98361897674891],[-34.834677971289601,-6.9825579497593]]]}},
{"type":"Feature","properties":{"id":null,"Name":null,"description":null,"timestamp":null,"begin":null,"end":null,"altitudeMode":null,"tessellate":-1,"extrude":0,"visibility":-1,"drawOrder":null,"icon":null,"FID":1234.0},"geometry":{"type":"MultiLineString","coordinates":[[[-34.834130059458303,-6.98453266234467],[-34.834270823249099,-6.98389530800923],[-34.834350362881402,-6.98361897443702]]]}},
{"type":"Feature","properties":{"id":null,"Name":null,"description":null,"timestamp":null,"begin":null,"end":null,"altitudeMode":null,"tessellate":-1,"extrude":0,"visibility":-1,"drawOrder":null,"icon":null,"FID":1235.0},"geometry":{"type":"MultiLineString","coordinates":[[[-34.833656632742603,-6.98723076609984],[-34.8341300594684,-6.9845326622868]]]}},
{"type":"Feature","properties":{"id":null,"Name":null,"description":null,"timestamp":null,"begin":null,"end":null,"altitudeMode":null,"tessellate":-1,"extrude":0,"visibility":-1,"drawOrder":null,"icon":null,"FID":1236.0},"geometry":{"type":"MultiLineString","coordinates":[[[-34.833566164649397,-6.98797948215253],[-34.833634137390298,-6.98736686433766],[-34.833656650985503,-6.98723076929697]]]}},
{"type":"Feature","properties":{"id":null,"Name":null,"description":null,"timestamp":null,"begin":null,"end":null,"altitudeMode":null,"tessellate":-1,"extrude":0,"visibility":-1,"drawOrder":null,"icon":null,"FID":1237.0},"geometry":{"type":"MultiLineString","coordinates":[[[-34.833549406344098,-6.988230358143],[-34.833566164655601,-6.98797948206011]]]}},
{"type":"Feature","properties":{"id":null,"Name":null,"description":null,"timestamp":null,"begin":null,"end":null,"altitudeMode":null,"tessellate":-1,"extrude":0,"visibility":-1,"drawOrder":null,"icon":null,"FID":1251.0},"geometry":{"type":"MultiLineString","coordinates":[[[-34.833357262942897,-6.99110069333899],[-34.833549318321701,-6.98823099138968]]]}},
{"type":"Feature","properties":{"id":null,"Name":null,"description":null,"timestamp":null,"begin":null,"end":null,"altitudeMode":null,"tessellate":-1,"extrude":0,"visibility":-1,"drawOrder":null,"icon":null,"FID":1252.0},"geometry":{"type":"MultiLineString","coordinates":[[[-34.833357262943899,-6.99110069332437],[-34.833350501245498,-6.99116161788067],[-34.833338450862698,-6.99122172177791],[-34.833321203504099,-6.99128054758926],[-34.833298890430299,-6.99133764761467],[-34.8332716814555,-6.99139258728817],[-34.833269000647903,-6.99139740905545]]]}},
{"type":"Feature","properties":{"id":null,"Name":null,"description":null,"timestamp":null,"begin":null,"end":null,"altitudeMode":null,"tessellate":-1,"extrude":0,"visibility":-1,"drawOrder":null,"icon":null,"FID":1253.0},"geometry":{"type":"MultiLineString","coordinates":[[[-34.833153086072102,-6.99160401399314],[-34.833269014446401,-6.9913974168189]]]}},
{"type":"Feature","properties":{"id":null,"Name":null,"description":null,"timestamp":null,"begin":null,"end":null,"altitudeMode":null,"tessellate":-1,"extrude":0,"visibility":-1,"drawOrder":null,"icon":null,"FID":1254.0},"geometry":{"type":"MultiLineString","coordinates":[[[-34.833121816689101,-6.99235711085898],[-34.833094546412603,-6.99228974285343],[-34.833073256404198,-6.992220256453],[-34.833058108691802,-6.99214918049256],[-34.833049218556198,-6.99207705590439],[-34.8330466536542,-6.99200443160124],[-34.833050433503097,-6.99193186029876],[-34.833060529333302,-6.99185989430899],[-34.833076864306101,-6.99178908133691],[-34.833099314099798,-6.9917199603121],[-34.833127707854899,-6.99165305728697],[-34.833153117948399,-6.99160403183441]]]}},
{"type":"Feature","properties":{"id":null,"Name":null,"description":null,"timestamp":null,"begin":null,"end":null,"altitudeMode":null,"tessellate":-1,"extrude":0,"visibility":-1,"drawOrder":null,"icon":null,"FID":1255.0},"geometry":{"type":"MultiLineString","coordinates":[[[-34.833318597533399,-6.99278816626818],[-34.833121816696298,-6.99235711087463]]]}},
{"type":"Feature","properties":{"id":null,"Name":null,"description":null,"timestamp":null,"begin":null,"end":null,"altitudeMode":null,"tessellate":-1,"extrude":0,"visibility":-1,"drawOrder":null,"icon":null,"FID":1256.0},"geometry":{"type":"MultiLineString","coordinates":[[[-34.833318597536298,-6.99278816627436],[-34.833337430235403,-6.99283468294733],[-34.833352133637298,-6.99288266259434],[-34.833362595839397,-6.99293174006201],[-34.833368737216801,-6.99298154184172],[-34.833370418346803,-6.99301553893794]]]}},
{"type":"Feature","properties":{"id":null,"Name":null,"description":null,"timestamp":null,"begin":null,"end":null,"altitudeMode":null,"tessellate":-1,"extrude":0,"visibility":-1,"drawOrder":null,"icon":null,"FID":1257.0},"geometry":{"type":"MultiLineString","coordinates":[[[-34.833403790509102,-6.99470083231297],[-34.833370431103504,-6.99301553868931]]]}},
{"type":"Feature","properties":{"id":null,"Name":null,"description":null,"timestamp":null,"begin":null,"end":null,"altitudeMode":null,"tessellate":-1,"extrude":0,"visibility":-1,"drawOrder":null,"icon":null,"FID":1258.0},"geometry":{"type":"MultiLineString","coordinates":[[[-34.833403790509102,-6.99470083231296],[-34.833403756518699,-6.99470248077803],[-34.833403578861798,-6.99470412001026],[-34.833403258890598,-6.99470573753409],[-34.833402799040201,-6.99470732103924],[-34.833402202810397,-6.9947088584742],[-34.8334014747388,-6.99471033813821],[-34.833400620366497,-6.99471174877012],[-34.833399646195701,-6.99471307963417],[-34.8333985596406,-6.99471432060168],[-34.833397368970402,-6.99471546222815],[-34.833396083246903,-6.99471649582508],[-34.8333947122551,-6.99471741352622],[-34.833393266429297,-6.99471820834725],[-34.833391756772897,-6.99471887423916],[-34.833390194775298,-6.99471940613408],[-34.833388592324397,-6.99471979998396],[-34.833386961615801,-6.99472005279138],[-34.833385315059999,-6.99472016263231],[-34.833383665188499,-6.99472012867083],[-34.8333820245577,-6.99471995116535],[-34.833380405653799,-6.99471963146683],[-34.833378820797698,-6.99471917200836],[-34.833377282051003,-6.9947185762867],[-34.833375801124603,-6.99471784883565],[-34.833374389289197,-6.99471699519154],[-34.833373057289698,-6.99471602185113],[-34.833371815263497,-6.99471493622212],[-34.833370672663101,-6.99471374656684],[-34.833369638184301,-6.99471246193924],[-34.833368719700303,-6.99471109211612],[-34.833367924201198,-6.99470964752268],[-34.833367868013298,-6.99470953306081]]]}},
{"type":"Feature","properties":{"id":null,"Name":null,"description":null,"timestamp":null,"begin":null,"end":null,"altitudeMode":null,"tessellate":-1,"extrude":0,"visibility":-1,"drawOrder":null,"icon":null,"FID":1259.0},"geometry":{"type":"MultiLineString","coordinates":[[[-34.832969430125502,-6.99388906102918],[-34.833367808748001,-6.99470956185687]]]}},
{"type":"Feature","properties":{"id":null,"Name":null,"description":null,"timestamp":null,"begin":null,"end":null,"altitudeMode":null,"tessellate":-1,"extrude":0,"visibility":-1,"drawOrder":null,"icon":null,"FID":1260.0},"geometry":{"type":"MultiLineString","coordinates":[[[-34.832969430104598,-6.9938890609862],[-34.832882405801001,-6.99368791820031],[-34.832813258406802,-6.99347996257591],[-34.832762514158198,-6.99326677679424],[-34.832730559228899,-6.99304998333989],[-34.832717636791699,-6.9928312321524],[-34.832723845168402,-6.99261218806877],[-34.832749137082502,-6.99239451815301],[-34.832753959973203,-6.99236558761991]]]}},
{"type":"Feature","properties":{"id":null,"Name":null,"description":null,"timestamp":null,"begin":null,"end":null,"altitudeMode":null,"tessellate":-1,"extrude":0,"visibility":-1,"drawOrder":null,"icon":null,"FID":1261.0},"geometry":{"type":"MultiLineString","coordinates":[[[-34.833091871496102,-6.99040932905821],[-34.832754001536998,-6.99236559488105]]]}},
{"type":"Feature","properties":{"id":null,"Name":null,"description":null,"timestamp":null,"begin":null,"end":null,"altitudeMode":null,"tessellate":-1,"extrude":0,"visibility":-1,"drawOrder":null,"icon":null,"FID":1262.0},"geometry":{"type":"MultiLineString","coordinates":[[[-34.832591174145897,-6.98961734387903],[-34.832649166249503,-6.98963634326251],[-34.832705280379699,-6.9896603204314],[-34.832759089475999,-6.98968909290532],[-34.832810184020303,-6.98972244170891],[-34.832858175153497,-6.98976011303834],[-34.832902697635099,-6.98980182019292],[-34.832943412622903,-6.989847245757],[-34.832980010251497,-6.98989604401565],[-34.833012211990798,-6.9899478435858],[-34.833039772765602,-6.99000225024258],[-34.833062482821198,-6.9900588499196],[-34.833080169318997,-6.99011721186029],[-34.833092697652802,-6.99017689189597],[-34.833099972472603,-6.99023743582649],[-34.833101938410898,-6.99029838287672],[-34.833098580503702,-6.99035926920339],[-34.833091786723998,-6.99040931443342]]]}},
{"type":"Feature","properties":{"id":null,"Name":null,"description":null,"timestamp":null,"begin":null,"end":null,"altitudeMode":null,"tessellate":-1,"extrude":0,"visibility":-1,"drawOrder":null,"icon":null,"FID":1263.0},"geometry":{"type":"MultiLineString","coordinates":[[[-34.831468040842203,-6.98930281797635],[-34.832591174148298,-6.98961734387971]]]}},
{"type":"Feature","properties":{"id":null,"Name":null,"description":null,"timestamp":null,"begin":null,"end":null,"altitudeMode":null,"tessellate":-1,"extrude":0,"visibility":-1,"drawOrder":null,"icon":null,"FID":1264.0},"geometry":{"type":"MultiLineString","coordinates":[[[-34.8302820898381,-6.98991384052751],[-34.830314497538701,-6.98983483959187],[-34.8303536730958,-6.98975896141772],[-34.830399318356498,-6.98968678348276],[-34.8304510859301,-6.98961885510331],[-34.830508581831999,-6.98955569325375],[-34.830571368482403,-6.98949777863199],[-34.830638968035998,-6.98944555200122],[-34.830710866019601,-6.98939941083545],[-34.8307865152467,-6.98935970629458],[-34.830865339982502,-6.98932674055187],[-34.830946740325203,-6.98930076449442],[-34.831030096771897,-6.98928197581369],[-34.831114774932701,-6.98927051750107],[-34.831200130359399,-6.98926647675971],[-34.8312855134496,-6.98926988434084],[-34.831370274390501,-6.98928071430987],[-34.831453768104403,-6.98929888424358],[-34.831468054832001,-6.98930276804472]]]}},
{"type":"Feature","properties":{"id":null,"Name":null,"description":null,"timestamp":null,"begin":null,"end":null,"altitudeMode":null,"tessellate":-1,"extrude":0,"visibility":-1,"drawOrder":null,"icon":null,"FID":1265.0},"geometry":{"type":"MultiLineString","coordinates":[[[-34.8298916763272,-6.99099798704201],[-34.830282089845198,-6.98991384050759]]]}},
{"type":"Feature","properties":{"id":null,"Name":null,"description":null,"timestamp":null,"begin":null,"end":null,"altitudeMode":null,"tessellate":-1,"extrude":0,"visibility":-1,"drawOrder":null,"icon":null,"FID":1266.0},"geometry":{"type":"MultiLineString","coordinates":[[[-34.8298916763245,-6.9909979870496],[-34.8298641156061,-6.99106517399662],[-34.829830799080099,-6.99112970523061],[-34.829791980303,-6.99119108962911],[-34.8297479547074,-6.99124886001887],[-34.829699057352897,-6.99130257673113],[-34.829645660376997,-6.99135183094794],[-34.829588170162303,-6.99139624781347],[-34.829582510747699,-6.9914002036324]]]}},
{"type":"Feature","properties":{"id":null,"Name":null,"description":null,"timestamp":null,"begin":null,"end":null,"altitudeMode":null,"tessellate":-1,"extrude":0,"visibility":-1,"drawOrder":null,"icon":null,"FID":1267.0},"geometry":{"type":"MultiLineString","coordinates":[[[-34.8289696175028,-6.99182488824452],[-34.829582493600803,-6.9914001789452]]]}},
{"type":"Feature","properties":{"id":null,"Name":null,"description":null,"timestamp":null,"begin":null,"end":null,"altitudeMode":null,"tessellate":-1,"extrude":0,"visibility":-1,"drawOrder":null,"icon":null,"FID":1268.0},"geometry":{"type":"MultiLineString","coordinates":[[[-34.828841502838003,-6.9919272736929],[-34.828921236948702,-6.9918601613587],[-34.828969583292597,-6.99182483898444]]]}},
{"type":"Feature","properties":{"id":null,"Name":null,"description":null,"timestamp":null,"begin":null,"end":null,"altitudeMode":null,"tessellate":-1,"extrude":0,"visibility":-1,"drawOrder":null,"icon":null,"FID":1269.0},"geometry":{"type":"MultiLineString","coordinates":[[[-34.829398755577699,-6.99441270894349],[-34.829350566320798,-6.9944401911127],[-34.829300163161399,-6.99446337230713],[-34.829247929698901,-6.99448207610296],[-34.829194263462398,-6.99449616015217],[-34.829139572885701,-6.99450551726581],[-34.8290842741985,-6.99451007622991],[-34.829028788258903,-6.9945098023474],[-34.828973537350102,-6.99450469770229],[-34.828918941966599,-6.99449480114373],[-34.828865417613898,-6.99448018799039],[-34.828851344226898,-6.994475496389]]]}},
{"type":"Feature","properties":{"id":null,"Name":null,"description":null,"timestamp":null,"begin":null,"end":null,"altitudeMode":null,"tessellate":-1,"extrude":0,"visibility":-1,"drawOrder":null,"icon":null,"FID":1270.0},"geometry":{"type":"MultiLineString","coordinates":[[[-34.830011784581401,-6.99402669540111],[-34.829398755578602,-6.99441270894291]]]}},
{"type":"Feature","properties":{"id":null,"Name":null,"description":null,"timestamp":null,"begin":null,"end":null,"altitudeMode":null,"tessellate":-1,"extrude":0,"visibility":-1,"drawOrder":null,"icon":null,"FID":1271.0},"geometry":{"type":"MultiLineString","coordinates":[[[-34.830011784584798,-6.9940266953989],[-34.830024921462297,-6.99401919715576],[-34.830038662421003,-6.99401287142539],[-34.830052902884098,-6.99400776635039],[-34.830067534473102,-6.9940039207834],[-34.8300824458329,-6.99400136399144],[-34.830097523478997,-6.99400011543317],[-34.830112652661803,-6.99400018461087],[-34.830127718238998,-6.99400157099797],[-34.830142605552702,-6.99400426404324],[-34.830157201301503,-6.99400824325098],[-34.830171394403102,-6.99401347833699],[-34.830185076839598,-6.99401992945916],[-34.830198144479397,-6.99402754752053],[-34.830210497870098,-6.99403627454313],[-34.830222042994798,-6.99404604410907],[-34.8302326919884,-6.99405678186614],[-34.830242363805603,-6.99406840609357],[-34.830250984838003,-6.99408082832403],[-34.830258489474303,-6.99409395401695],[-34.830264820599702,-6.99410768327791],[-34.830269930030397,-6.99412191161903],[-34.830273778880603,-6.9941365307541],[-34.830276337858002,-6.99415142942277],[-34.830277587487103,-6.99416649423715],[-34.830277518257503,-6.99418161054505],[-34.8302761306959,-6.99419666330218],[-34.830274638107298,-6.99420578048021]]]}},
{"type":"Feature","properties":{"id":null,"Name":null,"description":null,"timestamp":null,"begin":null,"end":null,"altitudeMode":null,"tessellate":-1,"extrude":0,"visibility":-1,"drawOrder":null,"icon":null,"FID":1272.0},"geometry":{"type":"MultiLineString","coordinates":[[[-34.829977997154003,-6.99576089661132],[-34.830274637388797,-6.99420578034147]]]}},
{"type":"Feature","properties":{"id":null,"Name":null,"description":null,"timestamp":null,"begin":null,"end":null,"altitudeMode":null,"tessellate":-1,"extrude":0,"visibility":-1,"drawOrder":null,"icon":null,"FID":1273.0},"geometry":{"type":"MultiLineString","coordinates":[[[-34.8301015767574,-6.99730895421947],[-34.830024939128499,-6.99706479924706],[-34.829969891002399,-6.99681489965135],[-34.8299368512995,-6.99656115733528],[-34.829926071439203,-6.99630550344474],[-34.8299376334272,-6.99604988367117],[-34.829971449232701,-6.99579624344316],[-34.8299779678619,-6.99576089104863]]]}},
{"type":"Feature","properties":{"id":null,"Name":null,"description":null,"timestamp":null,"begin":null,"end":null,"altitudeMode":null,"tessellate":-1,"extrude":0,"visibility":-1,"drawOrder":null,"icon":null,"FID":1274.0},"geometry":{"type":"MultiLineString","coordinates":[[[-34.830491171743503,-6.99838337733712],[-34.8301015767398,-6.99730895417088]]]}},
{"type":"Feature","properties":{"id":null,"Name":null,"description":null,"timestamp":null,"begin":null,"end":null,"altitudeMode":null,"tessellate":-1,"extrude":0,"visibility":-1,"drawOrder":null,"icon":null,"FID":1275.0},"geometry":{"type":"MultiLineString","coordinates":[[[-34.831755208613998,-6.99922718300924],[-34.831643304217302,-6.99922736361907],[-34.831531809892397,-6.99921779881285],[-34.831421574185597,-6.99919856138334],[-34.831313436064299,-6.99916979773846],[-34.831208218531799,-6.99913172678706],[-34.8311067223636,-6.99908463827285],[-34.831009720012602,-6.99902889056927],[-34.830917949730498,-6.99896490795206],[-34.830832109948602,-6.99889317737017],[-34.830752853962402,-6.99881424473965],[-34.830680784959597,-6.99872871078888],[-34.830616451429599,-6.99863722648655],[-34.830560342988598,-6.99854048808726],[-34.830512886653899,-6.99843923183248],[-34.830491147513399,-6.99838338610066]]]}},
{"type":"Feature","properties":{"id":null,"Name":null,"description":null,"timestamp":null,"begin":null,"end":null,"altitudeMode":null,"tessellate":-1,"extrude":0,"visibility":-1,"drawOrder":null,"icon":null,"FID":1276.0},"geometry":{"type":"MultiLineString","coordinates":[[[-34.833039076504399,-6.99916910896334],[-34.8317552085947,-6.99922718301013]]]}},
{"type":"Feature","properties":{"id":null,"Name":null,"description":null,"timestamp":null,"begin":null,"end":null,"altitudeMode":null,"tessellate":-1,"extrude":0,"visibility":-1,"drawOrder":null,"icon":null,"FID":1277.0},"geometry":{"type":"MultiLineString","coordinates":[[[-34.8330390765069,-6.99916910896325],[-34.833048565911099,-6.99916909119291],[-34.833058020755402,-6.99916989983303],[-34.833067369082599,-6.99917152872941],[-34.8330765397466,-6.99917396548514],[-34.833085462953001,-6.99917719155503],[-34.8330940707908,-6.99918118238675],[-34.833102297749299,-6.99918590760769],[-34.833110081216503,-6.99919133125608],[-34.833117361955303,-6.99919741205466],[-34.833124084555102,-6.99920410372493],[-34.833130197852903,-6.99921135533927],[-34.8331356553226,-6.99921911170854],[-34.833140415429803,-6.99922731380209],[-34.833144441946999,-6.99923589919707],[-34.8331477042301,-6.99924480255352],[-34.833150177451003,-6.99925395611148],[-34.833151842786997,-6.9992632902069],[-34.833152687563903,-6.99927273380169],[-34.833152705352397,-6.99928221502442],[-34.833151896017,-6.99929166171726],[-34.833150265717101,-6.99930100198519],[-34.833149732620797,-6.99930330615337]]]}},
{"type":"Feature","properties":{"id":null,"Name":null,"description":null,"timestamp":null,"begin":null,"end":null,"altitudeMode":null,"tessellate":-1,"extrude":0,"visibility":-1,"drawOrder":null,"icon":null,"FID":1278.0},"geometry":{"type":"MultiLineString","coordinates":[[[-34.832763644372797,-7.00089213334124],[-34.8331497301346,-6.9993033055453]]]}},
{"type":"Feature","properties":{"id":null,"Name":null,"description":null,"timestamp":null,"begin":null,"end":null,"altitudeMode":null,"tessellate":-1,"extrude":0,"visibility":-1,"drawOrder":null,"icon":null,"FID":1307.0},"geometry":{"type":"MultiLineString","coordinates":[[[-34.831147025894303,-7.01312126278521],[-34.831228724810401,-7.01355656318434]]]}},
{"type":"Feature","properties":{"id":null,"Name":null,"description":null,"timestamp":null,"begin":null,"end":null,"altitudeMode":null,"tessellate":-1,"extrude":0,"visibility":-1,"drawOrder":null,"icon":null,"FID":1308.0},"geometry":{"type":"MultiLineString","coordinates":[[[-34.830565192602897,-7.01169832072637],[-34.830738707187002,-7.01198319447596],[-34.830886711235102,-7.01228209342923],[-34.831008078322199,-7.01259274281852],[-34.831101884736803,-7.01291277844681],[-34.831147089484098,-7.01312125080999]]]}},
{"type":"Feature","properties":{"id":null,"Name":null,"description":null,"timestamp":null,"begin":null,"end":null,"altitudeMode":null,"tessellate":-1,"extrude":0,"visibility":-1,"drawOrder":null,"icon":null,"FID":1309.0},"geometry":{"type":"MultiLineString","coordinates":[[[-34.828909358851597,-7.00922920838234],[-34.830565192607899,-7.01169832073385]]]}},
{"type":"Feature","properties":{"id":null,"Name":null,"description":null,"timestamp":null,"begin":null,"end":null,"altitudeMode":null,"tessellate":-1,"extrude":0,"visibility":-1,"drawOrder":null,"icon":null,"FID":1310.0},"geometry":{"type":"MultiLineString","coordinates":[[[-34.832760794159398,-7.00090380796592],[-34.832763733805898,-7.00089186174813]]]}},
{"type":"Feature","properties":{"id":null,"Name":null,"description":null,"timestamp":null,"begin":null,"end":null,"altitudeMode":null,"tessellate":-1,"extrude":0,"visibility":-1,"drawOrder":null,"icon":null,"FID":1311.0},"geometry":{"type":"MultiLineString","coordinates":[[[-34.832760794160798,-7.00090380796027],[-34.832744025543199,-7.00096167483523],[-34.832722272930297,-7.00101786129374],[-34.832695701870797,-7.00107193972263],[-34.832664514584899,-7.00112349855196],[-34.832628948425302,-7.00117214538728],[-34.832589274070699,-7.00121750999602],[-34.832545793466203,-7.00125924712518],[-34.832498837525002,-7.00129703912902],[-34.832448763610003,-7.00133059838649],[-34.832395952814402,-7.00135966949025],[-34.832340807060703,-7.00138403119054],[-34.832312518041,-7.00139437676672]]]}},
{"type":"Feature","properties":{"id":null,"Name":null,"description":null,"timestamp":null,"begin":null,"end":null,"altitudeMode":null,"tessellate":-1,"extrude":0,"visibility":-1,"drawOrder":null,"icon":null,"FID":1312.0},"geometry":{"type":"MultiLineString","coordinates":[[[-34.831685134987403,-7.0016084425483],[-34.832312504591897,-7.0013943374661]]]}},
{"type":"Feature","properties":{"id":null,"Name":null,"description":null,"timestamp":null,"begin":null,"end":null,"altitudeMode":null,"tessellate":-1,"extrude":0,"visibility":-1,"drawOrder":null,"icon":null,"FID":1319.0},"geometry":{"type":"MultiLineString","coordinates":[[[-34.830064991147196,-7.02614071205008],[-34.830031992461798,-7.02621859772639]]]}},
{"type":"Feature","properties":{"id":null,"Name":null,"description":null,"timestamp":null,"begin":null,"end":null,"altitudeMode":null,"tessellate":-1,"extrude":0,"visibility":-1,"drawOrder":null,"icon":null,"FID":1320.0},"geometry":{"type":"MultiLineString","coordinates":[[[-34.830134806029299,-7.0256421628377],[-34.830141482983002,-7.02572695536594],[-34.830140737574297,-7.02581200663225],[-34.830132575472199,-7.02589666934615],[-34.830117058790997,-7.02598029917392],[-34.830094305617898,-7.02606225964233],[-34.830065002371001,-7.02614071676992]]]}},
{"type":"Feature","properties":{"id":null,"Name":null,"description":null,"timestamp":null,"begin":null,"end":null,"altitudeMode":null,"tessellate":-1,"extrude":0,"visibility":-1,"drawOrder":null,"icon":null,"FID":1321.0},"geometry":{"type":"MultiLineString","coordinates":[[[-34.829976649484301,-7.02435509094289],[-34.830134806030102,-7.02564216284407]]]}},
{"type":"Feature","properties":{"id":null,"Name":null,"description":null,"timestamp":null,"begin":null,"end":null,"altitudeMode":null,"tessellate":-1,"extrude":0,"visibility":-1,"drawOrder":null,"icon":null,"FID":1322.0},"geometry":{"type":"MultiLineString","coordinates":[[[-34.829976649479399,-7.02435509090332],[-34.829935943443203,-7.02383832139924],[-34.829932442568399,-7.02366892374798]]]}},
{"type":"Feature","properties":{"id":null,"Name":null,"description":null,"timestamp":null,"begin":null,"end":null,"altitudeMode":null,"tessellate":-1,"extrude":0,"visibility":-1,"drawOrder":null,"icon":null,"FID":1323.0},"geometry":{"type":"MultiLineString","coordinates":[[[-34.829904421787198,-7.01928237133012],[-34.829932427824701,-7.02366892380317]]]}},
{"type":"Feature","properties":{"id":null,"Name":null,"description":null,"timestamp":null,"begin":null,"end":null,"altitudeMode":null,"tessellate":-1,"extrude":0,"visibility":-1,"drawOrder":null,"icon":null,"FID":1324.0},"geometry":{"type":"MultiLineString","coordinates":[[[-34.829904421787198,-7.01928237133089],[-34.829904565666901,-7.01927855641746],[-34.829905041792202,-7.01927476854953],[-34.829905846539297,-7.01927103655502],[-34.8299069737838,-7.01926738883671],[-34.829908414946601,-7.01926385315589],[-34.829910159059601,-7.01926045642124],[-34.829912192849001,-7.01925722448399],[-34.829914500836402,-7.01925418194111],[-34.829917065456698,-7.0192513519482],[-34.829919867191599,-7.01924875604317],[-34.829922884718101,-7.01924641398245],[-34.829923327654697,-7.01924610424873]]]}},
{"type":"Feature","properties":{"id":null,"Name":null,"description":null,"timestamp":null,"begin":null,"end":null,"altitudeMode":null,"tessellate":-1,"extrude":0,"visibility":-1,"drawOrder":null,"icon":null,"FID":1325.0},"geometry":{"type":"MultiLineString","coordinates":[[[-34.830424280529797,-7.01890014856843],[-34.829923284177298,-7.01924604136212]]]}},
{"type":"Feature","properties":{"id":null,"Name":null,"description":null,"timestamp":null,"begin":null,"end":null,"altitudeMode":null,"tessellate":-1,"extrude":0,"visibility":-1,"drawOrder":null,"icon":null,"FID":1326.0},"geometry":{"type":"MultiLineString","coordinates":[[[-34.830675989160497,-7.02018278698132],[-34.830424280529797,-7.01890014856843]]]}},
{"type":"Feature","properties":{"id":null,"Name":null,"description":null,"timestamp":null,"begin":null,"end":null,"altitudeMode":null,"tessellate":-1,"extrude":0,"visibility":-1,"drawOrder":null,"icon":null,"FID":1327.0},"geometry":{"type":"MultiLineString","coordinates":[[[-34.831320916752297,-7.02044898263496],[-34.831289786674397,-7.02046804943166],[-34.831257111761403,-7.02048433297126],[-34.831223140689403,-7.02049770932579],[-34.831188131999198,-7.02050807669274],[-34.831152352128498,-7.02051535616979],[-34.8311160733845,-7.02051949235543],[-34.831079571870902,-7.02052045377052],[-34.831043125387097,-7.02051823309791],[-34.831007011313403,-7.02051284723807],[-34.830971504500702,-7.02050433718063],[-34.830936875177898,-7.02049276769221],[-34.830903386895898,-7.02047822682368],[-34.830871294521202,-7.02046082523999],[-34.830840842296901,-7.02044069537788],[-34.830812261983098,-7.020417990438],[-34.830785771093801,-7.02039288321899],[-34.8307615712407,-7.02036556480228],[-34.830739846599499,-7.02033624309792],[-34.830720762507902,-7.02030514126215],[-34.830704464207003,-7.02027249599919],[-34.830691075736503,-7.02023855575958],[-34.8306806989903,-7.0202035788494],[-34.830676063202198,-7.02018277247999]]]}},
{"type":"Feature","properties":{"id":null,"Name":null,"description":null,"timestamp":null,"begin":null,"end":null,"altitudeMode":null,"tessellate":-1,"extrude":0,"visibility":-1,"drawOrder":null,"icon":null,"FID":1328.0},"geometry":{"type":"MultiLineString","coordinates":[[[-34.832000296241702,-7.01999100057673],[-34.8313209167585,-7.02044898263078]]]}},
{"type":"Feature","properties":{"id":null,"Name":null,"description":null,"timestamp":null,"begin":null,"end":null,"altitudeMode":null,"tessellate":-1,"extrude":0,"visibility":-1,"drawOrder":null,"icon":null,"FID":1329.0},"geometry":{"type":"MultiLineString","coordinates":[[[-34.832301726954903,-7.01927030204267],[-34.832310510793398,-7.01933172552867],[-34.8323139029469,-7.01939368014774],[-34.832311877596901,-7.01945569438847],[-34.832304450155497,-7.01951729628553],[-34.832291677147602,-7.01957801701163],[-34.832273655781499,-7.01963739444539],[-34.832250523208401,-7.01969497668864],[-34.832222455479297,-7.01975032550533],[-34.832189666204997,-7.01980301965709],[-34.8321524049299,-7.01985265810889],[-34.832110955234,-7.01989886308129],[-34.832065632573503,-7.01994128292556],[-34.832016781880903,-7.01997959479996],[-34.832000320114801,-7.01999103589768]]]}},
{"type":"Feature","properties":{"id":null,"Name":null,"description":null,"timestamp":null,"begin":null,"end":null,"altitudeMode":null,"tessellate":-1,"extrude":0,"visibility":-1,"drawOrder":null,"icon":null,"FID":1330.0},"geometry":{"type":"MultiLineString","coordinates":[[[-34.831228539582497,-7.01355547892791],[-34.832301726957802,-7.01927030205807]]]}},
{"type":"Feature","properties":{"id":null,"Name":null,"description":null,"timestamp":null,"begin":null,"end":null,"altitudeMode":null,"tessellate":-1,"extrude":0,"visibility":-1,"drawOrder":null,"icon":null,"FID":1344.0},"geometry":{"type":"MultiLineString","coordinates":[[[-34.830538606383101,-7.07669086644631],[-34.8305311763175,-7.0768494830879]]]}},
{"type":"Feature","properties":{"id":null,"Name":null,"description":null,"timestamp":null,"begin":null,"end":null,"altitudeMode":null,"tessellate":-1,"extrude":0,"visibility":-1,"drawOrder":null,"icon":null,"FID":1345.0},"geometry":{"type":"MultiLineString","coordinates":[[[-34.830538324865302,-7.07648164794152],[-34.830539371183399,-7.07667197015344],[-34.830538567317497,-7.07669086466196]]]}},
{"type":"Feature","properties":{"id":null,"Name":null,"description":null,"timestamp":null,"begin":null,"end":null,"altitudeMode":null,"tessellate":-1,"extrude":0,"visibility":-1,"drawOrder":null,"icon":null,"FID":1346.0},"geometry":{"type":"MultiLineString","coordinates":[[[-34.830480967649301,-7.07531660849567],[-34.8305383248628,-7.07648164789152]]]}},
{"type":"Feature","properties":{"id":null,"Name":null,"description":null,"timestamp":null,"begin":null,"end":null,"altitudeMode":null,"tessellate":-1,"extrude":0,"visibility":-1,"drawOrder":null,"icon":null,"FID":1347.0},"geometry":{"type":"MultiLineString","coordinates":[[[-34.830480967653202,-7.07531660857365],[-34.830479380144098,-7.07502840507978],[-34.830502943134597,-7.07474116007046],[-34.8305514772481,-7.07445705966177],[-34.830624613062596,-7.07417826603306],[-34.8307217939238,-7.07390690097144],[-34.830842280183099,-7.07364502972365],[-34.830985154827601,-7.07339464527841],[-34.831149330461002,-7.07315765319898],[-34.831333557579903,-7.07293585712103],[-34.8315364340842,-7.07273094502632],[-34.831756415948703,-7.07254447639689],[-34.831991828974402,-7.07237787034712],[-34.832201102539699,-7.07225370808414]]]}},
{"type":"Feature","properties":{"id":null,"Name":null,"description":null,"timestamp":null,"begin":null,"end":null,"altitudeMode":null,"tessellate":-1,"extrude":0,"visibility":-1,"drawOrder":null,"icon":null,"FID":1348.0},"geometry":{"type":"MultiLineString","coordinates":[[[-34.8324379189539,-7.0721247769202],[-34.832201117805603,-7.07225373575375]]]}},
{"type":"Feature","properties":{"id":null,"Name":null,"description":null,"timestamp":null,"begin":null,"end":null,"altitudeMode":null,"tessellate":-1,"extrude":0,"visibility":-1,"drawOrder":null,"icon":null,"FID":1349.0},"geometry":{"type":"MultiLineString","coordinates":[[[-34.832437918953602,-7.07212477692039],[-34.832443761313797,-7.07212192223149],[-34.832449830498803,-7.07211958708075],[-34.8324560803186,-7.07211778924008],[-34.832462463208103,-7.07211654239208],[-34.832468930589897,-7.07211585602605],[-34.832475433243097,-7.07211573536564],[-34.832481921678799,-7.07211618132911],[-34.832488346516001,-7.07211719052243],[-34.832494658857897,-7.07211875526502],[-34.832500810663703,-7.07212086364823],[-34.832506755114601,-7.07212349962603],[-34.832512446969702,-7.07212664313699],[-34.832517842910498,-7.07213027025716],[-34.832522901870703,-7.07213435338192],[-34.832527585348501,-7.07213886143627],[-34.832531857699998,-7.07214376011116],[-34.832535686409798,-7.0721490121248],[-34.832539042339299,-7.07215457750616],[-34.832541899947699,-7.07216041389934],[-34.8325442374869,-7.07216647688589],[-34.8325460371669,-7.07217272032284],[-34.8325472852909,-7.07217909669386],[-34.832547972359997,-7.07218555747094],[-34.8325480931451,-7.07219205348367],[-34.832547646727001,-7.07219853529344],[-34.832546636502997,-7.07220495356985],[-34.8325450701618,-7.07221125946587],[-34.8325429596239,-7.07221740498985],[-34.832540591172403,-7.07222279478753]]]}},
{"type":"Feature","properties":{"id":null,"Name":null,"description":null,"timestamp":null,"begin":null,"end":null,"altitudeMode":null,"tessellate":-1,"extrude":0,"visibility":-1,"drawOrder":null,"icon":null,"FID":1350.0},"geometry":{"type":"MultiLineString","coordinates":[[[-34.832443794167098,-7.07242122341128],[-34.832540487714802,-7.07222274445509]]]}},
{"type":"Feature","properties":{"id":null,"Name":null,"description":null,"timestamp":null,"begin":null,"end":null,"altitudeMode":null,"tessellate":-1,"extrude":0,"visibility":-1,"drawOrder":null,"icon":null,"FID":1351.0},"geometry":{"type":"MultiLineString","coordinates":[[[-34.832443794166203,-7.07242122341307],[-34.832436734365302,-7.0724342286161],[-34.832428566791201,-7.07244656965692],[-34.832419353603903,-7.07245815261271],[-34.832409164921302,-7.07246888933013],[-34.8323980782855,-7.07247869809625],[-34.832386178072298,-7.07248750426034],[-34.832385523228197,-7.07248794378694]]]}},
{"type":"Feature","properties":{"id":null,"Name":null,"description":null,"timestamp":null,"begin":null,"end":null,"altitudeMode":null,"tessellate":-1,"extrude":0,"visibility":-1,"drawOrder":null,"icon":null,"FID":1352.0},"geometry":{"type":"MultiLineString","coordinates":[[[-34.8312326672091,-7.07325816437272],[-34.832385498982099,-7.07248790755549]]]}},
{"type":"Feature","properties":{"id":null,"Name":null,"description":null,"timestamp":null,"begin":null,"end":null,"altitudeMode":null,"tessellate":-1,"extrude":0,"visibility":-1,"drawOrder":null,"icon":null,"FID":1353.0},"geometry":{"type":"MultiLineString","coordinates":[[[-34.8308856397935,-7.07389568692475],[-34.830889615485702,-7.07382768937043],[-34.830899508507201,-7.07376029671685],[-34.830915243563602,-7.0736940218631],[-34.830936700898803,-7.07362936920086],[-34.830963717207098,-7.07356683077571],[-34.8309960868758,-7.07350688254233],[-34.8310335635502,-7.07344998074229],[-34.831075862008603,-7.07339655843175],[-34.831122660332802,-7.07334702218562],[-34.831173602358497,-7.07330174900346],[-34.831228300385803,-7.07326108344013],[-34.831232658242797,-7.07325815094031]]]}},
{"type":"Feature","properties":{"id":null,"Name":null,"description":null,"timestamp":null,"begin":null,"end":null,"altitudeMode":null,"tessellate":-1,"extrude":0,"visibility":-1,"drawOrder":null,"icon":null,"FID":1354.0},"geometry":{"type":"MultiLineString","coordinates":[[[-34.8308764207016,-7.07451904220995],[-34.830885639793301,-7.07389568693543]]]}},
{"type":"Feature","properties":{"id":null,"Name":null,"description":null,"timestamp":null,"begin":null,"end":null,"altitudeMode":null,"tessellate":-1,"extrude":0,"visibility":-1,"drawOrder":null,"icon":null,"FID":1355.0},"geometry":{"type":"MultiLineString","coordinates":[[[-34.8308764207016,-7.07451904221062],[-34.830876046038703,-7.07452548449513],[-34.830875110742497,-7.07453186964428],[-34.830873621931097,-7.07453814906326],[-34.830871590935402,-7.07454427496189],[-34.830869033212302,-7.07455020071839],[-34.830865968227599,-7.07455588123413],[-34.830864263906797,-7.07455859883493]]]}},
{"type":"Feature","properties":{"id":null,"Name":null,"description":null,"timestamp":null,"begin":null,"end":null,"altitudeMode":null,"tessellate":-1,"extrude":0,"visibility":-1,"drawOrder":null,"icon":null,"FID":1356.0},"geometry":{"type":"MultiLineString","coordinates":[[[-34.830720136638398,-7.07477742915639],[-34.830864267558098,-7.07455860123272]]]}},
{"type":"Feature","properties":{"id":null,"Name":null,"description":null,"timestamp":null,"begin":null,"end":null,"altitudeMode":null,"tessellate":-1,"extrude":0,"visibility":-1,"drawOrder":null,"icon":null,"FID":1357.0},"geometry":{"type":"MultiLineString","coordinates":[[[-34.830828527812699,-7.07538811593599],[-34.830797922163001,-7.07536330697338],[-34.830769597449603,-7.07533592769852],[-34.830743769240797,-7.0753061864846],[-34.830720634105198,-7.0752743096807],[-34.830700368114897,-7.07524053988902],[-34.830683125506198,-7.07520513411855],[-34.830669037505402,-7.07516836182904],[-34.830658211330103,-7.07513050288027],[-34.830650729373602,-7.07509184540214],[-34.830646648577201,-7.07505268360172],[-34.8306459999975,-7.07501331552432],[-34.830648788569697,-7.07497404078499],[-34.830654993070098,-7.07493515828837],[-34.830664566278003,-7.07489696395382],[-34.830677435334501,-7.0748597484633],[-34.830693502297599,-7.07482379504904],[-34.8307126448871,-7.07478937733812],[-34.830720216870901,-7.07477748190412]]]}},
{"type":"Feature","properties":{"id":null,"Name":null,"description":null,"timestamp":null,"begin":null,"end":null,"altitudeMode":null,"tessellate":-1,"extrude":0,"visibility":-1,"drawOrder":null,"icon":null,"FID":1358.0},"geometry":{"type":"MultiLineString","coordinates":[[[-34.8311272610025,-7.07560936105676],[-34.830828527805302,-7.07538811593046]]]}},
{"type":"Feature","properties":{"id":null,"Name":null,"description":null,"timestamp":null,"begin":null,"end":null,"altitudeMode":null,"tessellate":-1,"extrude":0,"visibility":-1,"drawOrder":null,"icon":null,"FID":1359.0},"geometry":{"type":"MultiLineString","coordinates":[[[-34.831127261001001,-7.07560936105564],[-34.831134579332598,-7.0756152954977],[-34.831141352062602,-7.07562184453566],[-34.831147527646401,-7.07562895832743],[-34.831153059084102,-7.07563658273278],[-34.831157904278001,-7.07564465972542],[-34.831162026353397,-7.07565312783457],[-34.831165393938697,-7.07566192261284],[-34.831167981404597,-7.0756709771267],[-34.831169769058803,-7.07568022246583],[-34.831170743296099,-7.07568958826763],[-34.831170896701998,-7.07569900325274],[-34.831170808160302,-7.07570132297299]]]}},
{"type":"Feature","properties":{"id":null,"Name":null,"description":null,"timestamp":null,"begin":null,"end":null,"altitudeMode":null,"tessellate":-1,"extrude":0,"visibility":-1,"drawOrder":null,"icon":null,"FID":1360.0},"geometry":{"type":"MultiLineString","coordinates":[[[-34.831161924515698,-7.07588462784882],[-34.831170795740697,-7.07570132236928]]]}},
{"type":"Feature","properties":{"id":null,"Name":null,"description":null,"timestamp":null,"begin":null,"end":null,"altitudeMode":null,"tessellate":-1,"extrude":0,"visibility":-1,"drawOrder":null,"icon":null,"FID":1361.0},"geometry":{"type":"MultiLineString","coordinates":[[[-34.831222475590899,-7.07625228699295],[-34.831197284002599,-7.07617894851982],[-34.8311785867458,-7.07610369578911],[-34.831166526115197,-7.07602710152109],[-34.831161193896598,-7.07594974864572],[-34.831161945153397,-7.07588462881928]]]}},
{"type":"Feature","properties":{"id":null,"Name":null,"description":null,"timestamp":null,"begin":null,"end":null,"altitudeMode":null,"tessellate":-1,"extrude":0,"visibility":-1,"drawOrder":null,"icon":null,"FID":1362.0},"geometry":{"type":"MultiLineString","coordinates":[[[-34.831455792656897,-7.07684593589489],[-34.831222475594302,-7.07625228700169]]]}},
{"type":"Feature","properties":{"id":null,"Name":null,"description":null,"timestamp":null,"begin":null,"end":null,"altitudeMode":null,"tessellate":-1,"extrude":0,"visibility":-1,"drawOrder":null,"icon":null,"FID":1363.0},"geometry":{"type":"MultiLineString","coordinates":[[[-34.8321578400666,-7.07677120263004],[-34.832165501987298,-7.07679990066254],[-34.832170630972598,-7.07682915658172],[-34.832172161757903,-7.07684311511054]]]}},
{"type":"Feature","properties":{"id":null,"Name":null,"description":null,"timestamp":null,"begin":null,"end":null,"altitudeMode":null,"tessellate":-1,"extrude":0,"visibility":-1,"drawOrder":null,"icon":null,"FID":1364.0},"geometry":{"type":"MultiLineString","coordinates":[[[-34.832017327129002,-7.07632393201409],[-34.8321578400679,-7.07677120263404]]]}},
{"type":"Feature","properties":{"id":null,"Name":null,"description":null,"timestamp":null,"begin":null,"end":null,"altitudeMode":null,"tessellate":-1,"extrude":0,"visibility":-1,"drawOrder":null,"icon":null,"FID":1365.0},"geometry":{"type":"MultiLineString","coordinates":[[[-34.832256685649298,-7.07684278355294],[-34.832017327129002,-7.07632393201409]]]}},
{"type":"Feature","properties":{"id":null,"Name":null,"description":null,"timestamp":null,"begin":null,"end":null,"altitudeMode":null,"tessellate":-1,"extrude":0,"visibility":-1,"drawOrder":null,"icon":null,"FID":1366.0},"geometry":{"type":"MultiLineString","coordinates":[[[-34.836766414169702,-7.07652040123107],[-34.836684353984701,-7.07682560248012]]]}},
{"type":"Feature","properties":{"id":null,"Name":null,"description":null,"timestamp":null,"begin":null,"end":null,"altitudeMode":null,"tessellate":-1,"extrude":0,"visibility":-1,"drawOrder":null,"icon":null,"FID":1367.0},"geometry":{"type":"MultiLineString","coordinates":[[[-34.8365083938304,-7.07604403124326],[-34.8365405789215,-7.0760561460003],[-34.836571584581002,-7.0760710168813],[-34.836601174837597,-7.07608853071002],[-34.836629124492198,-7.07610855419583],[-34.836655220831297,-7.07613093494821],[-34.836679265246303,-7.07615550263637],[-34.836701074744902,-7.07618207028572],[-34.836720483343598,-7.07621043570078],[-34.836737343331301,-7.07624038300392],[-34.836751526392902,-7.07627168427851],[-34.836762924586601,-7.07630410130327],[-34.8367714511648,-7.07633738736541],[-34.836777041234598,-7.07637128913823],[-34.8367796522516,-7.076405548609],[-34.836779264343697,-7.0764399050427],[-34.836775880462604,-7.07647409696626],[-34.836769526360797,-7.07650786415865],[-34.8367663796557,-7.07652039197733]]]}},
{"type":"Feature","properties":{"id":null,"Name":null,"description":null,"timestamp":null,"begin":null,"end":null,"altitudeMode":null,"tessellate":-1,"extrude":0,"visibility":-1,"drawOrder":null,"icon":null,"FID":1368.0},"geometry":{"type":"MultiLineString","coordinates":[[[-34.8350417207931,-7.07556383789531],[-34.836508393826897,-7.07604403124212]]]}},
{"type":"Feature","properties":{"id":null,"Name":null,"description":null,"timestamp":null,"begin":null,"end":null,"altitudeMode":null,"tessellate":-1,"extrude":0,"visibility":-1,"drawOrder":null,"icon":null,"FID":1369.0},"geometry":{"type":"MultiLineString","coordinates":[[[-34.835463598452399,-7.07479048697999],[-34.8350417207931,-7.07556383789531]]]}},
{"type":"Feature","properties":{"id":null,"Name":null,"description":null,"timestamp":null,"begin":null,"end":null,"altitudeMode":null,"tessellate":-1,"extrude":0,"visibility":-1,"drawOrder":null,"icon":null,"FID":1370.0},"geometry":{"type":"MultiLineString","coordinates":[[[-34.835536923331802,-7.07424418483809],[-34.835549565637301,-7.07431020488082],[-34.835556399905002,-7.07437707441561],[-34.835557374119503,-7.07444428452577],[-34.835552480863903,-7.07451132370249],[-34.835541757376298,-7.07457768173758],[-34.8355252852663,-7.0746428536066],[-34.835503189893998,-7.07470634331224],[-34.835475639416202,-7.07476766765925],[-34.835463663813599,-7.07479052258619]]]}},
{"type":"Feature","properties":{"id":null,"Name":null,"description":null,"timestamp":null,"begin":null,"end":null,"altitudeMode":null,"tessellate":-1,"extrude":0,"visibility":-1,"drawOrder":null,"icon":null,"FID":1371.0},"geometry":{"type":"MultiLineString","coordinates":[[[-34.835175665416699,-7.07272076837887],[-34.835536923329599,-7.07424418482909]]]}},
{"type":"Feature","properties":{"id":null,"Name":null,"description":null,"timestamp":null,"begin":null,"end":null,"altitudeMode":null,"tessellate":-1,"extrude":0,"visibility":-1,"drawOrder":null,"icon":null,"FID":1372.0},"geometry":{"type":"MultiLineString","coordinates":[[[-34.8351756654178,-7.0727207683833],[-34.835170143004497,-7.07269191848479],[-34.835167158614503,-7.07266269755078],[-34.835166734960197,-7.07263332797036],[-34.835168875265502,-7.07260403326391],[-34.835173563240801,-7.07257503638193],[-34.835180763207397,-7.07254655800825],[-34.835190420368598,-7.07251881488048],[-34.835202461227098,-7.07249201814051],[-34.835216794144401,-7.07246637172763],[-34.8352333100379,-7.07244207082642],[-34.835251883211399,-7.0724193003812],[-34.835269470198,-7.07240100094378]]]}},
{"type":"Feature","properties":{"id":null,"Name":null,"description":null,"timestamp":null,"begin":null,"end":null,"altitudeMode":null,"tessellate":-1,"extrude":0,"visibility":-1,"drawOrder":null,"icon":null,"FID":1373.0},"geometry":{"type":"MultiLineString","coordinates":[[[-34.836239590664803,-7.07146469578125],[-34.835269434873602,-7.07240096440012]]]}},
{"type":"Feature","properties":{"id":null,"Name":null,"description":null,"timestamp":null,"begin":null,"end":null,"altitudeMode":null,"tessellate":-1,"extrude":0,"visibility":-1,"drawOrder":null,"icon":null,"FID":1374.0},"geometry":{"type":"MultiLineString","coordinates":[[[-34.836630939048597,-7.07105167651144],[-34.836251071216701,-7.07145370098245],[-34.836239646612498,-7.07146475337308]]]}},
{"type":"Feature","properties":{"id":null,"Name":null,"description":null,"timestamp":null,"begin":null,"end":null,"altitudeMode":null,"tessellate":-1,"extrude":0,"visibility":-1,"drawOrder":null,"icon":null,"FID":1375.0},"geometry":{"type":"MultiLineString","coordinates":[[[-34.837663068531398,-7.06985910848381],[-34.836630938963197,-7.07105167661011]]]}},
{"type":"Feature","properties":{"id":null,"Name":null,"description":null,"timestamp":null,"begin":null,"end":null,"altitudeMode":null,"tessellate":-1,"extrude":0,"visibility":-1,"drawOrder":null,"icon":null,"FID":1376.0},"geometry":{"type":"MultiLineString","coordinates":[[[-34.837868602479098,-7.0702696831015],[-34.837840998188902,-7.07025703957544],[-34.837814602020501,-7.07024204073445],[-34.837789614865102,-7.07022480072889],[-34.837766226890501,-7.0702054507658],[-34.837744616093303,-7.07018413811034],[-34.837724946945002,-7.07016102496487],[-34.8377073691397,-7.07013628723472],[-34.8376920164552,-7.0701101131892],[-34.837679005734302,-7.0700827020289],[-34.837668435996498,-7.07005426236959],[-34.8376603876833,-7.0700250106545],[-34.837654922047101,-7.06999516950712],[-34.837652080684101,-7.06996496603677],[-34.837651885218399,-7.0699346301103],[-34.837654337137003,-7.06990439260256],[-34.837659417778902,-7.06987448363934],[-34.837663092280103,-7.06985911471628]]]}},
{"type":"Feature","properties":{"id":null,"Name":null,"description":null,"timestamp":null,"begin":null,"end":null,"altitudeMode":null,"tessellate":-1,"extrude":0,"visibility":-1,"drawOrder":null,"icon":null,"FID":1377.0},"geometry":{"type":"MultiLineString","coordinates":[[[-34.838198847796299,-7.070403820763],[-34.837868602481201,-7.07026968310233]]]}},
{"type":"Feature","properties":{"id":null,"Name":null,"description":null,"timestamp":null,"begin":null,"end":null,"altitudeMode":null,"tessellate":-1,"extrude":0,"visibility":-1,"drawOrder":null,"icon":null,"FID":1430.0},"geometry":{"type":"MultiLineString","coordinates":[[[-34.833851246546999,-7.08836128241889],[-34.8339900412752,-7.08949326674265]]]}},
{"type":"Feature","properties":{"id":null,"Name":null,"description":null,"timestamp":null,"begin":null,"end":null,"altitudeMode":null,"tessellate":-1,"extrude":0,"visibility":-1,"drawOrder":null,"icon":null,"FID":1431.0},"geometry":{"type":"MultiLineString","coordinates":[[[-34.833694396981898,-7.08760712092533],[-34.833792543238403,-7.08800073865211],[-34.833851230733799,-7.08836128434862]]]}},
{"type":"Feature","properties":{"id":null,"Name":null,"description":null,"timestamp":null,"begin":null,"end":null,"altitudeMode":null,"tessellate":-1,"extrude":0,"visibility":-1,"drawOrder":null,"icon":null,"FID":1432.0},"geometry":{"type":"MultiLineString","coordinates":[[[-34.833207931948898,-7.08596512282938],[-34.833694396993202,-7.08760712096341]]]}},
{"type":"Feature","properties":{"id":null,"Name":null,"description":null,"timestamp":null,"begin":null,"end":null,"altitudeMode":null,"tessellate":-1,"extrude":0,"visibility":-1,"drawOrder":null,"icon":null,"FID":1433.0},"geometry":{"type":"MultiLineString","coordinates":[[[-34.833087390959903,-7.08560321671009],[-34.833207919272098,-7.0859651266075]]]}},
{"type":"Feature","properties":{"id":null,"Name":null,"description":null,"timestamp":null,"begin":null,"end":null,"altitudeMode":null,"tessellate":-1,"extrude":0,"visibility":-1,"drawOrder":null,"icon":null,"FID":1434.0},"geometry":{"type":"MultiLineString","coordinates":[[[-34.831913098291899,-7.08243474462836],[-34.833087390938097,-7.08560321665125]]]}},
{"type":"Feature","properties":{"id":null,"Name":null,"description":null,"timestamp":null,"begin":null,"end":null,"altitudeMode":null,"tessellate":-1,"extrude":0,"visibility":-1,"drawOrder":null,"icon":null,"FID":1435.0},"geometry":{"type":"MultiLineString","coordinates":[[[-34.831699070312503,-7.08191389531829],[-34.831913089204697,-7.08243474816846]]]}},
{"type":"Feature","properties":{"id":null,"Name":null,"description":null,"timestamp":null,"begin":null,"end":null,"altitudeMode":null,"tessellate":-1,"extrude":0,"visibility":-1,"drawOrder":null,"icon":null,"FID":1436.0},"geometry":{"type":"MultiLineString","coordinates":[[[-34.830478231048303,-7.07921494034862],[-34.831699070253002,-7.08191389518678]]]}},
{"type":"Feature","properties":{"id":null,"Name":null,"description":null,"timestamp":null,"begin":null,"end":null,"altitudeMode":null,"tessellate":-1,"extrude":0,"visibility":-1,"drawOrder":null,"icon":null,"FID":1437.0},"geometry":{"type":"MultiLineString","coordinates":[[[-34.830478231050499,-7.07921494035338],[-34.830461028609797,-7.07917200220443],[-34.830447637823099,-7.07912772970968],[-34.830438160601602,-7.07908245981009],[-34.830432669071598,-7.07903653703749],[-34.830431205025903,-7.07899031089235],[-34.830431750269,-7.07897182200665]]]}},
{"type":"Feature","properties":{"id":null,"Name":null,"description":null,"timestamp":null,"begin":null,"end":null,"altitudeMode":null,"tessellate":-1,"extrude":0,"visibility":-1,"drawOrder":null,"icon":null,"FID":1438.0},"geometry":{"type":"MultiLineString","coordinates":[[[-34.830531175604797,-7.07684930226126],[-34.830431656262199,-7.07897181758626]]]}},
{"type":"Feature","properties":{"id":null,"Name":null,"description":null,"timestamp":null,"begin":null,"end":null,"altitudeMode":null,"tessellate":-1,"extrude":0,"visibility":-1,"drawOrder":null,"icon":null,"FID":1439.0},"geometry":{"type":"MultiLineString","coordinates":[[[-34.831515401970499,-7.07699759796485],[-34.831455701080699,-7.07684566501123]]]}},
{"type":"Feature","properties":{"id":null,"Name":null,"description":null,"timestamp":null,"begin":null,"end":null,"altitudeMode":null,"tessellate":-1,"extrude":0,"visibility":-1,"drawOrder":null,"icon":null,"FID":1440.0},"geometry":{"type":"MultiLineString","coordinates":[[[-34.832172137665097,-7.07684284507154],[-34.832173494684199,-7.07687251531498],[-34.8321722579376,-7.07690219080417],[-34.832168436836902,-7.07693164569085],[-34.8321620604627,-7.07696065580558],[-34.832153177342498,-7.07698900036387],[-34.832141855081701,-7.07701646364655],[-34.8321281798491,-7.07704283664132],[-34.832112255721,-7.07706791863364],[-34.832094203889497,-7.07709151873428],[-34.832074161739499,-7.07711345733199],[-34.832052281803897,-7.07713356746056],[-34.832028730601898,-7.07715169606952],[-34.832003687372499,-7.07716770518895],[-34.831977342709799,-7.07718147297952],[-34.831949897112899,-7.07719289465973],[-34.831921559459502,-7.07720188330344],[-34.8318925454167,-7.07720837050142],[-34.831863075799198,-7.07721230688197],[-34.831833374889101,-7.07721366248663],[-34.831803668728703,-7.0772124269983],[-34.831774183400199,-7.07720860981967],[-34.831745143305497,-7.07720224000173],[-34.831716769457501,-7.07719336602263],[-34.8316892777991,-7.07718205541875],[-34.8316628775586,-7.07716839427065],[-34.8316377696583,-7.07715248654808],[-34.831614145184702,-7.0771344533186],[-34.831592183934703,-7.07711443182614],[-34.831572053046798,-7.07709257444657],[-34.831553905729201,-7.07706904752804],[-34.831537880093997,-7.07704403012483],[-34.831524098106001,-7.07701771263478],[-34.831515432847503,-7.07699758586548]]]}},
{"type":"Feature","properties":{"id":null,"Name":null,"description":null,"timestamp":null,"begin":null,"end":null,"altitudeMode":null,"tessellate":-1,"extrude":0,"visibility":-1,"drawOrder":null,"icon":null,"FID":1441.0},"geometry":{"type":"MultiLineString","coordinates":[[[-34.832313558858203,-7.07696615644684],[-34.832256503566001,-7.07684251302588]]]}},
{"type":"Feature","properties":{"id":null,"Name":null,"description":null,"timestamp":null,"begin":null,"end":null,"altitudeMode":null,"tessellate":-1,"extrude":0,"visibility":-1,"drawOrder":null,"icon":null,"FID":1442.0},"geometry":{"type":"MultiLineString","coordinates":[[[-34.832941751197602,-7.07721241333916],[-34.832901792829297,-7.07722687629579],[-34.8328607246793,-7.07723780520743],[-34.832818859301902,-7.07724511689798],[-34.832776515318699,-7.07724875572064],[-34.832734014993903,-7.07724869398146],[-34.832691681781697,-7.07724493215006],[-34.832649837864402,-7.07723749885605],[-34.832608801700601,-7.0772264506712],[-34.832568885601198,-7.07721187167893],[-34.832530393352798,-7.07719387283428],[-34.832493617905598,-7.07717259111953],[-34.832458839143499,-7.0771481885017],[-34.832426321754603,-7.07712085069983],[-34.832396313216201,-7.07709078577151],[-34.832369041911797,-7.07705822252954],[-34.832344715392402,-7.07702340880033],[-34.832323518797502,-7.07698660953798],[-34.832313509635,-7.07696617912169]]]}},
{"type":"Feature","properties":{"id":null,"Name":null,"description":null,"timestamp":null,"begin":null,"end":null,"altitudeMode":null,"tessellate":-1,"extrude":0,"visibility":-1,"drawOrder":null,"icon":null,"FID":1443.0},"geometry":{"type":"MultiLineString","coordinates":[[[-34.832984401805497,-7.07719488575442],[-34.832941751192102,-7.07721241334143]]]}},
{"type":"Feature","properties":{"id":null,"Name":null,"description":null,"timestamp":null,"begin":null,"end":null,"altitudeMode":null,"tessellate":-1,"extrude":0,"visibility":-1,"drawOrder":null,"icon":null,"FID":1444.0},"geometry":{"type":"MultiLineString","coordinates":[[[-34.833073173120603,-7.07737400907322],[-34.832984401805497,-7.07719488575442]]]}},
{"type":"Feature","properties":{"id":null,"Name":null,"description":null,"timestamp":null,"begin":null,"end":null,"altitudeMode":null,"tessellate":-1,"extrude":0,"visibility":-1,"drawOrder":null,"icon":null,"FID":1445.0},"geometry":{"type":"MultiLineString","coordinates":[[[-34.833273319215799,-7.07763451880147],[-34.833219907371401,-7.07758329256711],[-34.833171168065299,-7.07752761091627],[-34.833127472233599,-7.07746789762152],[-34.833089152427597,-7.07740460713879],[-34.833073200093601,-7.07737399570061]]]}},
{"type":"Feature","properties":{"id":null,"Name":null,"description":null,"timestamp":null,"begin":null,"end":null,"altitudeMode":null,"tessellate":-1,"extrude":0,"visibility":-1,"drawOrder":null,"icon":null,"FID":1446.0},"geometry":{"type":"MultiLineString","coordinates":[[[-34.8336909241226,-7.07800140321025],[-34.833273319224297,-7.07763451880892]]]}},
{"type":"Feature","properties":{"id":null,"Name":null,"description":null,"timestamp":null,"begin":null,"end":null,"altitudeMode":null,"tessellate":-1,"extrude":0,"visibility":-1,"drawOrder":null,"icon":null,"FID":1447.0},"geometry":{"type":"MultiLineString","coordinates":[[[-34.834141917054097,-7.07758661219072],[-34.834156994888502,-7.07760885511445],[-34.834170074745202,-7.07763232615853],[-34.834181057078503,-7.07765684669434],[-34.834189858306097,-7.07768223010604],[-34.8341964114449,-7.07770828321072],[-34.8342006666213,-7.07773480772873],[-34.834202591450598,-7.07776160179264],[-34.834202171283202,-7.07778846148355],[-34.834199409316497,-7.07781518238307],[-34.834194326570298,-7.07784156112915],[-34.8341869617268,-7.07786739696358],[-34.834177370836699,-7.07789249326005],[-34.834165626892002,-7.07791665902054],[-34.8341518192709,-7.07793971032895],[-34.834136053057399,-7.07796147175074],[-34.834118448241703,-7.07798177766823],[-34.834099138806998,-7.07800047354091],[-34.8340782717096,-7.07801741708171],[-34.834056005760701,-7.07803247933987],[-34.8340325104176,-7.07804554568223],[-34.834007964494297,-7.07805651666585],[-34.833982554800201,-7.0780653087947],[-34.833956474718697,-7.07807185515515],[-34.833929922735301,-7.07807610592527],[-34.833903100926896,-7.07807802875397],[-34.833876213424098,-7.07807760900721],[-34.833849464857501,-7.07807484987946],[-34.8338230588001,-7.07806977236926],[-34.833797196218498,-7.0780624151195],[-34.833772073943003,-7.07805283412333],[-34.833747883169501,-7.07804110229795],[-34.833724808004803,-7.07802730892975],[-34.833703024065102,-7.07801155899469],[-34.833690892715303,-7.07800143888768]]]}},
{"type":"Feature","properties":{"id":null,"Name":null,"description":null,"timestamp":null,"begin":null,"end":null,"altitudeMode":null,"tessellate":-1,"extrude":0,"visibility":-1,"drawOrder":null,"icon":null,"FID":1448.0},"geometry":{"type":"MultiLineString","coordinates":[[[-34.833805339347599,-7.07713369591335],[-34.834141917056698,-7.07758661219423]]]}},
{"type":"Feature","properties":{"id":null,"Name":null,"description":null,"timestamp":null,"begin":null,"end":null,"altitudeMode":null,"tessellate":-1,"extrude":0,"visibility":-1,"drawOrder":null,"icon":null,"FID":1449.0},"geometry":{"type":"MultiLineString","coordinates":[[[-34.833799470939297,-7.07697694019412],[-34.833805339347599,-7.07713369591335]]]}},
{"type":"Feature","properties":{"id":null,"Name":null,"description":null,"timestamp":null,"begin":null,"end":null,"altitudeMode":null,"tessellate":-1,"extrude":0,"visibility":-1,"drawOrder":null,"icon":null,"FID":1450.0},"geometry":{"type":"MultiLineString","coordinates":[[[-34.834040318385199,-7.07718466795507],[-34.8337995012728,-7.07697690763221]]]}},
{"type":"Feature","properties":{"id":null,"Name":null,"description":null,"timestamp":null,"begin":null,"end":null,"altitudeMode":null,"tessellate":-1,"extrude":0,"visibility":-1,"drawOrder":null,"icon":null,"FID":1451.0},"geometry":{"type":"MultiLineString","coordinates":[[[-34.834667080237601,-7.07768725293094],[-34.8340403183117,-7.07718466789611]]]}},
{"type":"Feature","properties":{"id":null,"Name":null,"description":null,"timestamp":null,"begin":null,"end":null,"altitudeMode":null,"tessellate":-1,"extrude":0,"visibility":-1,"drawOrder":null,"icon":null,"FID":1452.0},"geometry":{"type":"MultiLineString","coordinates":[[[-34.834830790507397,-7.07830097401956],[-34.834667080237601,-7.07768725293094]]]}},
{"type":"Feature","properties":{"id":null,"Name":null,"description":null,"timestamp":null,"begin":null,"end":null,"altitudeMode":null,"tessellate":-1,"extrude":0,"visibility":-1,"drawOrder":null,"icon":null,"FID":1453.0},"geometry":{"type":"MultiLineString","coordinates":[[[-34.834830790507397,-7.07830097401958],[-34.834830990854599,-7.07830189764782],[-34.834831109856403,-7.07830283520469],[-34.8348311466073,-7.07830377955483],[-34.8348311008276,-7.07830472351118],[-34.834830972865703,-7.07830565988967],[-34.8348307636954,-7.07830658156386],[-34.8348304749086,-7.07830748151927],[-34.834830108703201,-7.0783083529067],[-34.834829667866302,-7.07830918909435],[-34.8348291557528,-7.07830998371836],[-34.8348285762603,-7.07831073073113],[-34.834827933799097,-7.07831142444745],[-34.834827233258601,-7.07831205958775],[-34.834826479970502,-7.07831263131817],[-34.834826142971302,-7.07831285546883]]]}},
{"type":"Feature","properties":{"id":null,"Name":null,"description":null,"timestamp":null,"begin":null,"end":null,"altitudeMode":null,"tessellate":-1,"extrude":0,"visibility":-1,"drawOrder":null,"icon":null,"FID":1454.0},"geometry":{"type":"MultiLineString","coordinates":[[[-34.832922111801203,-7.07952846057692],[-34.834826130957502,-7.07831283669305]]]}},
{"type":"Feature","properties":{"id":null,"Name":null,"description":null,"timestamp":null,"begin":null,"end":null,"altitudeMode":null,"tessellate":-1,"extrude":0,"visibility":-1,"drawOrder":null,"icon":null,"FID":1455.0},"geometry":{"type":"MultiLineString","coordinates":[[[-34.832765779820797,-7.0800268088377],[-34.832753581562699,-7.07999354982847],[-34.8327443314517,-7.07995935533497],[-34.8327380998862,-7.07992448559829],[-34.832734934291501,-7.07988920599846],[-34.832734858759203,-7.07985378503476],[-34.832737873863401,-7.0798184922823],[-34.8327439566565,-7.07978359634038],[-34.832753060844098,-7.07974936278821],[-34.8327651171372,-7.07971605216381],[-34.8327800337794,-7.07968391798106],[-34.832797697245397,-7.07965320480032],[-34.832817973105101,-7.07962414636724],[-34.8328407070466,-7.07959696383382],[-34.832865726050599,-7.0795718640752],[-34.832892839707,-7.07954903811535],[-34.8329218416646,-7.07952865967327],[-34.832922123845798,-7.07952847940879]]]}},
{"type":"Feature","properties":{"id":null,"Name":null,"description":null,"timestamp":null,"begin":null,"end":null,"altitudeMode":null,"tessellate":-1,"extrude":0,"visibility":-1,"drawOrder":null,"icon":null,"FID":1456.0},"geometry":{"type":"MultiLineString","coordinates":[[[-34.832922851355598,-7.0804034900722],[-34.832765779819098,-7.08002680883376]]]}},
{"type":"Feature","properties":{"id":null,"Name":null,"description":null,"timestamp":null,"begin":null,"end":null,"altitudeMode":null,"tessellate":-1,"extrude":0,"visibility":-1,"drawOrder":null,"icon":null,"FID":1457.0},"geometry":{"type":"MultiLineString","coordinates":[[[-34.833404251806101,-7.08060592989655],[-34.833373594126698,-7.08061660976022],[-34.8333421213271,-7.08062457976746],[-34.833310072934701,-7.08062977926144],[-34.8332776928576,-7.08063216867062],[-34.833245227528401,-7.08063172980996],[-34.833212924028402,-7.0806284660193],[-34.833181028207299,-7.080622402138],[-34.833149782812299,-7.0806135843158],[-34.833119425640199,-7.08060207966168],[-34.833090187727898,-7.08058797573307],[-34.833062291594203,-7.08057137986953],[-34.833035949545902,-7.08055241837578],[-34.833011362062102,-7.08053123556046],[-34.832988716268801,-7.08050799263787],[-34.832968184514201,-7.08048286650096],[-34.832949923057399,-7.08045604837512],[-34.832934070879098,-7.0804277423628],[-34.832922910679201,-7.08040346538752]]]}},
{"type":"Feature","properties":{"id":null,"Name":null,"description":null,"timestamp":null,"begin":null,"end":null,"altitudeMode":null,"tessellate":-1,"extrude":0,"visibility":-1,"drawOrder":null,"icon":null,"FID":1458.0},"geometry":{"type":"MultiLineString","coordinates":[[[-34.836140815305299,-7.07951658216446],[-34.833404251812702,-7.08060592989393]]]}},
{"type":"Feature","properties":{"id":null,"Name":null,"description":null,"timestamp":null,"begin":null,"end":null,"altitudeMode":null,"tessellate":-1,"extrude":0,"visibility":-1,"drawOrder":null,"icon":null,"FID":1459.0},"geometry":{"type":"MultiLineString","coordinates":[[[-34.836629914430397,-7.07976627487734],[-34.836140815305299,-7.07951658216446]]]}},
{"type":"Feature","properties":{"id":null,"Name":null,"description":null,"timestamp":null,"begin":null,"end":null,"altitudeMode":null,"tessellate":-1,"extrude":0,"visibility":-1,"drawOrder":null,"icon":null,"FID":1460.0},"geometry":{"type":"MultiLineString","coordinates":[[[-34.837050800318401,-7.07990909526766],[-34.836919876020602,-7.07987897420827],[-34.836792077894003,-7.07983756876987],[-34.8366683785692,-7.07978519407366],[-34.836629932229997,-7.07976624003411]]]}},
{"type":"Feature","properties":{"id":null,"Name":null,"description":null,"timestamp":null,"begin":null,"end":null,"altitudeMode":null,"tessellate":-1,"extrude":0,"visibility":-1,"drawOrder":null,"icon":null,"FID":1461.0},"geometry":{"type":"MultiLineString","coordinates":[[[-34.837964063473798,-7.08007772732626],[-34.837050800306201,-7.0799090952654]]]}},
{"type":"Feature","properties":{"id":null,"Name":null,"description":null,"timestamp":null,"begin":null,"end":null,"altitudeMode":null,"tessellate":-1,"extrude":0,"visibility":-1,"drawOrder":null,"icon":null,"FID":1462.0},"geometry":{"type":"MultiLineString","coordinates":[[[-34.838237570102002,-7.08000562807736],[-34.838214638185299,-7.08002322997248],[-34.8381902578287,-7.08003876831355],[-34.838164614581402,-7.08005212484418],[-34.8381379036041,-7.08006319791284],[-34.838110328183902,-7.08007190324655],[-34.838082098186597,-7.08007817459223],[-34.838053428459901,-7.08008196422093],[-34.838024537198102,-7.08008324329113],[-34.837995644281698,-7.0800820020682],[-34.837966969603698,-7.08007824999848],[-34.837964063567597,-7.08007772674111]]]}},
{"type":"Feature","properties":{"id":null,"Name":null,"description":null,"timestamp":null,"begin":null,"end":null,"altitudeMode":null,"tessellate":-1,"extrude":0,"visibility":-1,"drawOrder":null,"icon":null,"FID":1463.0},"geometry":{"type":"MultiLineString","coordinates":[[[-34.837884225210999,-7.0787491326735],[-34.837932043248699,-7.0787663509229],[-34.837978177102201,-7.07878766694606],[-34.838022275666297,-7.07881291851546],[-34.8380640033253,-7.07884191345184],[-34.838103042507498,-7.07887443108676],[-34.8381390961016,-7.07891022394201],[-34.838171889718502,-7.07894901961307],[-34.838201173778998,-7.07899052284222],[-34.838226725413598,-7.07903441776561],[-34.838233586323597,-7.07904790779824]]]}},
{"type":"Feature","properties":{"id":null,"Name":null,"description":null,"timestamp":null,"begin":null,"end":null,"altitudeMode":null,"tessellate":-1,"extrude":0,"visibility":-1,"drawOrder":null,"icon":null,"FID":1464.0},"geometry":{"type":"MultiLineString","coordinates":[[[-34.8364487168935,-7.07830182451463],[-34.837884225205798,-7.07874913267189]]]}},
{"type":"Feature","properties":{"id":null,"Name":null,"description":null,"timestamp":null,"begin":null,"end":null,"altitudeMode":null,"tessellate":-1,"extrude":0,"visibility":-1,"drawOrder":null,"icon":null,"FID":1465.0},"geometry":{"type":"MultiLineString","coordinates":[[[-34.836381415120698,-7.07805923698091],[-34.8364487168935,-7.07830182451463]]]}},
{"type":"Feature","properties":{"id":null,"Name":null,"description":null,"timestamp":null,"begin":null,"end":null,"altitudeMode":null,"tessellate":-1,"extrude":0,"visibility":-1,"drawOrder":null,"icon":null,"FID":1466.0},"geometry":{"type":"MultiLineString","coordinates":[[[-34.836381415121402,-7.0780592369834],[-34.836377512096597,-7.07804232364919],[-34.836375099544597,-7.07802513485601],[-34.836374195826203,-7.07800780142104],[-34.836374807819197,-7.07799045526219],[-34.836376930865598,-7.07797322839429],[-34.836380548807703,-7.07795625192421],[-34.836381001082003,-7.07795453871534]]]}},
{"type":"Feature","properties":{"id":null,"Name":null,"description":null,"timestamp":null,"begin":null,"end":null,"altitudeMode":null,"tessellate":-1,"extrude":0,"visibility":-1,"drawOrder":null,"icon":null,"FID":1467.0},"geometry":{"type":"MultiLineString","coordinates":[[[-34.836684532852203,-7.07682505928773],[-34.836381001083801,-7.07795453870849]]]}},
{"type":"Feature","properties":{"id":null,"Name":null,"description":null,"timestamp":null,"begin":null,"end":null,"altitudeMode":null,"tessellate":-1,"extrude":0,"visibility":-1,"drawOrder":null,"icon":null,"FID":1517.0},"geometry":{"type":"MultiLineString","coordinates":[[[-34.831678103947603,-7.10198312795511],[-34.831569830852303,-7.1021611297853]]]}},
{"type":"Feature","properties":{"id":null,"Name":null,"description":null,"timestamp":null,"begin":null,"end":null,"altitudeMode":null,"tessellate":-1,"extrude":0,"visibility":-1,"drawOrder":null,"icon":null,"FID":1518.0},"geometry":{"type":"MultiLineString","coordinates":[[[-34.832032253252898,-7.10131302318727],[-34.831782238268197,-7.10180532025334],[-34.831678094690403,-7.10198312262419]]]}},
{"type":"Feature","properties":{"id":null,"Name":null,"description":null,"timestamp":null,"begin":null,"end":null,"altitudeMode":null,"tessellate":-1,"extrude":0,"visibility":-1,"drawOrder":null,"icon":null,"FID":1519.0},"geometry":{"type":"MultiLineString","coordinates":[[[-34.832928209544697,-7.0993397127081],[-34.832032253298898,-7.10131302308597]]]}},
{"type":"Feature","properties":{"id":null,"Name":null,"description":null,"timestamp":null,"begin":null,"end":null,"altitudeMode":null,"tessellate":-1,"extrude":0,"visibility":-1,"drawOrder":null,"icon":null,"FID":1520.0},"geometry":{"type":"MultiLineString","coordinates":[[[-34.833227887010999,-7.09842308172854],[-34.833133577711799,-7.09879359485729],[-34.8330072999292,-7.09915448735848],[-34.832928265671498,-7.09933973800379]]]}},
{"type":"Feature","properties":{"id":null,"Name":null,"description":null,"timestamp":null,"begin":null,"end":null,"altitudeMode":null,"tessellate":-1,"extrude":0,"visibility":-1,"drawOrder":null,"icon":null,"FID":1521.0},"geometry":{"type":"MultiLineString","coordinates":[[[-34.834186220787203,-7.09382678198447],[-34.833227886996902,-7.09842308179641]]]}},
{"type":"Feature","properties":{"id":null,"Name":null,"description":null,"timestamp":null,"begin":null,"end":null,"altitudeMode":null,"tessellate":-1,"extrude":0,"visibility":-1,"drawOrder":null,"icon":null,"FID":1522.0},"geometry":{"type":"MultiLineString","coordinates":[[[-34.834283626467801,-7.0928704448267],[-34.834267058323398,-7.09327401348172],[-34.834215342338702,-7.09367460397696],[-34.834186260654,-7.09382679016791]]]}},
{"type":"Feature","properties":{"id":null,"Name":null,"description":null,"timestamp":null,"begin":null,"end":null,"altitudeMode":null,"tessellate":-1,"extrude":0,"visibility":-1,"drawOrder":null,"icon":null,"FID":1523.0},"geometry":{"type":"MultiLineString","coordinates":[[[-34.834282140667199,-7.09233501624899],[-34.834283626468,-7.09287044492802]]]}},
{"type":"Feature","properties":{"id":null,"Name":null,"description":null,"timestamp":null,"begin":null,"end":null,"altitudeMode":null,"tessellate":-1,"extrude":0,"visibility":-1,"drawOrder":null,"icon":null,"FID":1524.0},"geometry":{"type":"MultiLineString","coordinates":[[[-34.834223766503001,-7.09139873357377],[-34.834277513563897,-7.09208321311653],[-34.8342822139712,-7.0923350161263]]]}},
{"type":"Feature","properties":{"id":null,"Name":null,"description":null,"timestamp":null,"begin":null,"end":null,"altitudeMode":null,"tessellate":-1,"extrude":0,"visibility":-1,"drawOrder":null,"icon":null,"FID":1525.0},"geometry":{"type":"MultiLineString","coordinates":[[[-34.8339903206708,-7.08949525475884],[-34.834223766502497,-7.09139873357]]]}},
{"type":"Feature","properties":{"id":null,"Name":null,"description":null,"timestamp":null,"begin":null,"end":null,"altitudeMode":null,"tessellate":-1,"extrude":0,"visibility":-1,"drawOrder":null,"icon":null,"FID":1535.0},"geometry":{"type":"MultiLineString","coordinates":[[[-34.829505768107403,-7.10504446336165],[-34.829285936872601,-7.10530298285287]]]}},
{"type":"Feature","properties":{"id":null,"Name":null,"description":null,"timestamp":null,"begin":null,"end":null,"altitudeMode":null,"tessellate":-1,"extrude":0,"visibility":-1,"drawOrder":null,"icon":null,"FID":1536.0},"geometry":{"type":"MultiLineString","coordinates":[[[-34.830276743799502,-7.10412443492284],[-34.829505768152202,-7.10504446330828]]]}},
{"type":"Feature","properties":{"id":null,"Name":null,"description":null,"timestamp":null,"begin":null,"end":null,"altitudeMode":null,"tessellate":-1,"extrude":0,"visibility":-1,"drawOrder":null,"icon":null,"FID":1537.0},"geometry":{"type":"MultiLineString","coordinates":[[[-34.830933503205003,-7.10320802139968],[-34.830571665569103,-7.10374866969092],[-34.830276724689497,-7.10412441886574]]]}},
{"type":"Feature","properties":{"id":null,"Name":null,"description":null,"timestamp":null,"begin":null,"end":null,"altitudeMode":null,"tessellate":-1,"extrude":0,"visibility":-1,"drawOrder":null,"icon":null,"FID":1538.0},"geometry":{"type":"MultiLineString","coordinates":[[[-34.8315694713109,-7.10216176410725],[-34.830933503150298,-7.10320802148959]]]}},
{"type":"Feature","properties":{"id":null,"Name":null,"description":null,"timestamp":null,"begin":null,"end":null,"altitudeMode":null,"tessellate":-1,"extrude":0,"visibility":-1,"drawOrder":null,"icon":null,"FID":1543.0},"geometry":{"type":"MultiLineString","coordinates":[[[-34.838216734016903,-6.9683345051356],[-34.8377955326239,-6.96812909382812]]]}},
{"type":"Feature","properties":{"id":null,"Name":null,"description":null,"timestamp":null,"begin":null,"end":null,"altitudeMode":null,"tessellate":-1,"extrude":0,"visibility":-1,"drawOrder":null,"icon":null,"FID":1544.0},"geometry":{"type":"MultiLineString","coordinates":[[[-34.839291983698601,-6.96833366614825],[-34.839194139784901,-6.96837637642699],[-34.839092942767302,-6.96841040328691],[-34.838989162820198,-6.96843548775987],[-34.838883589776501,-6.96845143893498],[-34.838777027116301,-6.96845813541171],[-34.838670285851798,-6.96845552622381],[-34.838564178355,-6.96844363122726],[-34.838459512174403,-6.96842254094921],[-34.838357083889399,-6.96839241589913],[-34.838257673047202,-6.96835348534713],[-34.838216757171502,-6.96833445774232]]]}},
{"type":"Feature","properties":{"id":null,"Name":null,"description":null,"timestamp":null,"begin":null,"end":null,"altitudeMode":null,"tessellate":-1,"extrude":0,"visibility":-1,"drawOrder":null,"icon":null,"FID":1545.0},"geometry":{"type":"MultiLineString","coordinates":[[[-34.840439424785004,-6.96777197294742],[-34.839291983716002,-6.96833366613969]]]}},
{"type":"Feature","properties":{"id":null,"Name":null,"description":null,"timestamp":null,"begin":null,"end":null,"altitudeMode":null,"tessellate":-1,"extrude":0,"visibility":-1,"drawOrder":null,"icon":null,"FID":1546.0},"geometry":{"type":"MultiLineString","coordinates":[[[-34.840439424783199,-6.9677719729483],[-34.8404804997813,-6.96775404372828],[-34.840522982349498,-6.96773975981034],[-34.840566549170497,-6.96772922990315],[-34.840610868675299,-6.96772253414518],[-34.840655603566702,-6.96771972349473],[-34.840700413386202,-6.96772081934221],[-34.840744957105201,-6.96772581334725],[-34.840788895720202,-6.96773466750236],[-34.840831894833002,-6.96774731442197],[-34.840873627195499,-6.96776365785543],[-34.8409137752001,-6.96778357341953],[-34.840938657815599,-6.96779822612586]]]}},
{"type":"Feature","properties":{"id":null,"Name":null,"description":null,"timestamp":null,"begin":null,"end":null,"altitudeMode":null,"tessellate":-1,"extrude":0,"visibility":-1,"drawOrder":null,"icon":null,"FID":1547.0},"geometry":{"type":"MultiLineString","coordinates":[[[-34.841242887287301,-6.96798918326723],[-34.840938650557199,-6.96779823766624]]]}},
{"type":"Feature","properties":{"id":null,"Name":null,"description":null,"timestamp":null,"begin":null,"end":null,"altitudeMode":null,"tessellate":-1,"extrude":0,"visibility":-1,"drawOrder":null,"icon":null,"FID":1548.0},"geometry":{"type":"MultiLineString","coordinates":[[[-34.841242887288402,-6.96798918326793],[-34.841248654071798,-6.96799316190892],[-34.841254051873698,-6.96799762761875],[-34.841259039613703,-6.96800254641078],[-34.8412635793321,-6.96800788084997],[-34.841267636478797,-6.96801359033805],[-34.841271180176498,-6.96801963142238],[-34.841274183455504,-6.9680259581267],[-34.841276623459102,-6.96803252230095],[-34.841278481617302,-6.96803927398785],[-34.841279743788498,-6.96804616180297],[-34.8412804003666,-6.96805313332591],[-34.841280446354702,-6.96806013549915],[-34.841279881402798,-6.96806711503199],[-34.841278709810503,-6.9680740188059],[-34.841276940494303,-6.96808079427905],[-34.841274586919702,-6.96808738988597],[-34.8412716669988,-6.96809375543011],[-34.841270055816601,-6.96809674100571]]]}},
{"type":"Feature","properties":{"id":null,"Name":null,"description":null,"timestamp":null,"begin":null,"end":null,"altitudeMode":null,"tessellate":-1,"extrude":0,"visibility":-1,"drawOrder":null,"icon":null,"FID":1549.0},"geometry":{"type":"MultiLineString","coordinates":[[[-34.841049467397902,-6.96848640334051],[-34.841270091144402,-6.96809676101179]]]}},
{"type":"Feature","properties":{"id":null,"Name":null,"description":null,"timestamp":null,"begin":null,"end":null,"altitudeMode":null,"tessellate":-1,"extrude":0,"visibility":-1,"drawOrder":null,"icon":null,"FID":1550.0},"geometry":{"type":"MultiLineString","coordinates":[[[-34.841049467323401,-6.96848640347213],[-34.840700346948701,-6.96904471941247],[-34.8404749977487,-6.9693551660158]]]}},
{"type":"Feature","properties":{"id":null,"Name":null,"description":null,"timestamp":null,"begin":null,"end":null,"altitudeMode":null,"tessellate":-1,"extrude":0,"visibility":-1,"drawOrder":null,"icon":null,"FID":1551.0},"geometry":{"type":"MultiLineString","coordinates":[[[-34.840139115192201,-6.96979390922242],[-34.840475009710502,-6.96935517488109]]]}},
{"type":"Feature","properties":{"id":null,"Name":null,"description":null,"timestamp":null,"begin":null,"end":null,"altitudeMode":null,"tessellate":-1,"extrude":0,"visibility":-1,"drawOrder":null,"icon":null,"FID":1552.0},"geometry":{"type":"MultiLineString","coordinates":[[[-34.839637061387897,-6.96890392413167],[-34.840139115192201,-6.96979390922242]]]}},
{"type":"Feature","properties":{"id":null,"Name":null,"description":null,"timestamp":null,"begin":null,"end":null,"altitudeMode":null,"tessellate":-1,"extrude":0,"visibility":-1,"drawOrder":null,"icon":null,"FID":1553.0},"geometry":{"type":"MultiLineString","coordinates":[[[-34.838730826401402,-6.96899415955382],[-34.838746038102798,-6.96895355803986],[-34.838764733393397,-6.96891443575781],[-34.838786769990101,-6.96887709045157],[-34.838811980180303,-6.96884180634121],[-34.8388401720986,-6.96880885195969],[-34.838871131186998,-6.9687784781093],[-34.8389046218281,-6.96875091595286],[-34.838940389137598,-6.9687263752545],[-34.838978160904901,-6.96870504278312],[-34.839017649664299,-6.96868708089118],[-34.839058554883003,-6.96867262627894],[-34.839100565248302,-6.96866178895419],[-34.839143361036598,-6.96865465139505],[-34.839186616547103,-6.96865126792222],[-34.839230002580202,-6.9686516642856],[-34.839273188942997,-6.9686558374684],[-34.8393158469624,-6.96866375570999],[-34.839357651985999,-6.96867535874771],[-34.839398285853498,-6.96869055827544],[-34.8394374393175,-6.96870923861575],[-34.839474814397498,-6.96873125760019],[-34.839510126647198,-6.96875644765132],[-34.839543107319699,-6.96878461705801],[-34.839573505412602,-6.96881555143453],[-34.839601089578203,-6.96884901535212],[-34.839625649884603,-6.96888475413074],[-34.839637043028503,-6.96890393446553]]]}},
{"type":"Feature","properties":{"id":null,"Name":null,"description":null,"timestamp":null,"begin":null,"end":null,"altitudeMode":null,"tessellate":-1,"extrude":0,"visibility":-1,"drawOrder":null,"icon":null,"FID":1554.0},"geometry":{"type":"MultiLineString","coordinates":[[[-34.838197634099998,-6.9706312939737],[-34.838730826404799,-6.9689941595435]]]}},
{"type":"Feature","properties":{"id":null,"Name":null,"description":null,"timestamp":null,"begin":null,"end":null,"altitudeMode":null,"tessellate":-1,"extrude":0,"visibility":-1,"drawOrder":null,"icon":null,"FID":1555.0},"geometry":{"type":"MultiLineString","coordinates":[[[-34.838197634101299,-6.97063129396976],[-34.838190413041602,-6.97065056013715],[-34.838181538957699,-6.97066912413784],[-34.838171079386299,-6.97068684468856],[-34.838159113931098,-6.9707035869251],[-34.838145733656198,-6.97071922342889],[-34.838131040393399,-6.97073363519657],[-34.8381151459674,-6.97074671254577],[-34.838098171344299,-6.97075835594985],[-34.838080245711303,-6.97076847679533],[-34.838061505493201,-6.97077699805634],[-34.838046654437299,-6.97078241358774]]]}},
{"type":"Feature","properties":{"id":null,"Name":null,"description":null,"timestamp":null,"begin":null,"end":null,"altitudeMode":null,"tessellate":-1,"extrude":0,"visibility":-1,"drawOrder":null,"icon":null,"FID":1556.0},"geometry":{"type":"MultiLineString","coordinates":[[[-34.8378069006747,-6.97086093074162],[-34.838046657181799,-6.97078242199088]]]}},
{"type":"Feature","properties":{"id":null,"Name":null,"description":null,"timestamp":null,"begin":null,"end":null,"altitudeMode":null,"tessellate":-1,"extrude":0,"visibility":-1,"drawOrder":null,"icon":null,"FID":1577.0},"geometry":{"type":"MultiLineString","coordinates":[[[-34.838948506740898,-7.03843657496687],[-34.839266306202497,-7.03884074408389]]]}},
{"type":"Feature","properties":{"id":null,"Name":null,"description":null,"timestamp":null,"begin":null,"end":null,"altitudeMode":null,"tessellate":-1,"extrude":0,"visibility":-1,"drawOrder":null,"icon":null,"FID":1578.0},"geometry":{"type":"MultiLineString","coordinates":[[[-34.838370768080601,-7.03772755471745],[-34.838948491592902,-7.03843658658065]]]}},
{"type":"Feature","properties":{"id":null,"Name":null,"description":null,"timestamp":null,"begin":null,"end":null,"altitudeMode":null,"tessellate":-1,"extrude":0,"visibility":-1,"drawOrder":null,"icon":null,"FID":1579.0},"geometry":{"type":"MultiLineString","coordinates":[[[-34.83806853678,-7.03736952518629],[-34.8383707680388,-7.03772755466792]]]}},
{"type":"Feature","properties":{"id":null,"Name":null,"description":null,"timestamp":null,"begin":null,"end":null,"altitudeMode":null,"tessellate":-1,"extrude":0,"visibility":-1,"drawOrder":null,"icon":null,"FID":1583.0},"geometry":{"type":"MultiLineString","coordinates":[[[-34.846648150179398,-7.05142288705835],[-34.846676840282903,-7.05146879435109]]]}},
{"type":"Feature","properties":{"id":null,"Name":null,"description":null,"timestamp":null,"begin":null,"end":null,"altitudeMode":null,"tessellate":-1,"extrude":0,"visibility":-1,"drawOrder":null,"icon":null,"FID":1584.0},"geometry":{"type":"MultiLineString","coordinates":[[[-34.846648150177799,-7.05142288705573],[-34.846617349110197,-7.05136843005354],[-34.846591416134302,-7.0513114984029],[-34.8465705486147,-7.05125252538923],[-34.846554905364499,-7.0511919598339],[-34.846544605436598,-7.05113026267836],[-34.846539761949799,-7.05106889302544]]]}},
{"type":"Feature","properties":{"id":null,"Name":null,"description":null,"timestamp":null,"begin":null,"end":null,"altitudeMode":null,"tessellate":-1,"extrude":0,"visibility":-1,"drawOrder":null,"icon":null,"FID":1585.0},"geometry":{"type":"MultiLineString","coordinates":[[[-34.846525631669003,-7.05067438173828],[-34.846539774153896,-7.05106889260519]]]}},
{"type":"Feature","properties":{"id":null,"Name":null,"description":null,"timestamp":null,"begin":null,"end":null,"altitudeMode":null,"tessellate":-1,"extrude":0,"visibility":-1,"drawOrder":null,"icon":null,"FID":1586.0},"geometry":{"type":"MultiLineString","coordinates":[[[-34.846247338605899,-7.05001193321993],[-34.846305498248299,-7.0500788186458],[-34.846357601467503,-7.05015051355732],[-34.846403251726102,-7.05022647231533],[-34.846442101596999,-7.05030611683024],[-34.846473855407503,-7.05038884096162],[-34.846498271489402,-7.05047401513118],[-34.846515164018399,-7.05056099111413],[-34.8465244044286,-7.05064910697263],[-34.846525627148502,-7.05067438191703]]]}},
{"type":"Feature","properties":{"id":null,"Name":null,"description":null,"timestamp":null,"begin":null,"end":null,"altitudeMode":null,"tessellate":-1,"extrude":0,"visibility":-1,"drawOrder":null,"icon":null,"FID":1587.0},"geometry":{"type":"MultiLineString","coordinates":[[[-34.845801657771098,-7.04954245635852],[-34.846247338592001,-7.0500119332053]]]}},
{"type":"Feature","properties":{"id":null,"Name":null,"description":null,"timestamp":null,"begin":null,"end":null,"altitudeMode":null,"tessellate":-1,"extrude":0,"visibility":-1,"drawOrder":null,"icon":null,"FID":1588.0},"geometry":{"type":"MultiLineString","coordinates":[[[-34.845178392189297,-7.04982239931819],[-34.845177052996704,-7.04979088165139],[-34.845178468519897,-7.04975936731401],[-34.845182627985203,-7.04972809614924],[-34.845189499736001,-7.04969730614967],[-34.845199031473598,-7.04966723164575],[-34.845211150655203,-7.04963810152258],[-34.845225765046003,-7.04961013747791],[-34.845242763421197,-7.04958355233486],[-34.845262016412597,-7.04955854842223],[-34.845283377492898,-7.04953531603467],[-34.845306684091298,-7.0495140319844],[-34.845331758830397,-7.04949485825565],[-34.845358410876301,-7.04947794077173],[-34.8453864373909,-7.04946340828462],[-34.845415625075702,-7.04945137139502],[-34.845445751795197,-7.04944192171061],[-34.845476588267097,-7.04943513114894],[-34.8455078998077,-7.04943105139003],[-34.845539448117897,-7.04942971348308],[-34.845570993096402,-7.04943112761024],[-34.8456022946676,-7.04943528300901],[-34.845633114607999,-7.04944214805423],[-34.845663218360002,-7.04945167049873],[-34.845692376816302,-7.04946377787101],[-34.845720368064001,-7.04947837802675],[-34.845746979073297,-7.04949535985007],[-34.845772007318502,-7.0495145940993],[-34.845795262320003,-7.04953593439032],[-34.845801634217999,-7.04954247868771]]]}},
{"type":"Feature","properties":{"id":null,"Name":null,"description":null,"timestamp":null,"begin":null,"end":null,"altitudeMode":null,"tessellate":-1,"extrude":0,"visibility":-1,"drawOrder":null,"icon":null,"FID":1589.0},"geometry":{"type":"MultiLineString","coordinates":[[[-34.845321136700797,-7.05147433361555],[-34.84517839219,-7.04982239932659]]]}},
{"type":"Feature","properties":{"id":null,"Name":null,"description":null,"timestamp":null,"begin":null,"end":null,"altitudeMode":null,"tessellate":-1,"extrude":0,"visibility":-1,"drawOrder":null,"icon":null,"FID":1590.0},"geometry":{"type":"MultiLineString","coordinates":[[[-34.842740617911097,-7.04897299638427],[-34.843092730476897,-7.05148340411555]]]}},
{"type":"Feature","properties":{"id":null,"Name":null,"description":null,"timestamp":null,"begin":null,"end":null,"altitudeMode":null,"tessellate":-1,"extrude":0,"visibility":-1,"drawOrder":null,"icon":null,"FID":1591.0},"geometry":{"type":"MultiLineString","coordinates":[[[-34.842240440862199,-7.04717011978627],[-34.842459219711301,-7.04775447631565],[-34.842626187347399,-7.04835565837934],[-34.842740072888397,-7.0489690907223],[-34.8427406216896,-7.04897299599316]]]}},
{"type":"Feature","properties":{"id":null,"Name":null,"description":null,"timestamp":null,"begin":null,"end":null,"altitudeMode":null,"tessellate":-1,"extrude":0,"visibility":-1,"drawOrder":null,"icon":null,"FID":1592.0},"geometry":{"type":"MultiLineString","coordinates":[[[-34.840589660628403,-7.04328609570307],[-34.842240440873702,-7.04717011981337]]]}},
{"type":"Feature","properties":{"id":null,"Name":null,"description":null,"timestamp":null,"begin":null,"end":null,"altitudeMode":null,"tessellate":-1,"extrude":0,"visibility":-1,"drawOrder":null,"icon":null,"FID":1593.0},"geometry":{"type":"MultiLineString","coordinates":[[[-34.840589660632297,-7.04328609571239],[-34.840509810475297,-7.04307279481119],[-34.840448872480401,-7.04285335282372],[-34.840407310401503,-7.04262943984981],[-34.840385440526703,-7.04240276001448],[-34.840383429271903,-7.04217503849828],[-34.840391485300799,-7.04204187389612]]]}},
{"type":"Feature","properties":{"id":null,"Name":null,"description":null,"timestamp":null,"begin":null,"end":null,"altitudeMode":null,"tessellate":-1,"extrude":0,"visibility":-1,"drawOrder":null,"icon":null,"FID":1594.0},"geometry":{"type":"MultiLineString","coordinates":[[[-34.840495554529497,-7.04083406734848],[-34.840391444119298,-7.04204187030803]]]}},
{"type":"Feature","properties":{"id":null,"Name":null,"description":null,"timestamp":null,"begin":null,"end":null,"altitudeMode":null,"tessellate":-1,"extrude":0,"visibility":-1,"drawOrder":null,"icon":null,"FID":1595.0},"geometry":{"type":"MultiLineString","coordinates":[[[-34.840288470676299,-7.04014059023828],[-34.840338639780597,-7.04021045961705],[-34.840382522676201,-7.04028443147935],[-34.8404197853867,-7.04036194285692],[-34.840450144318702,-7.04044240384361],[-34.8404733684199,-7.0405252020849],[-34.840489280938002,-7.04060970743815],[-34.840497760765501,-7.04069527676831],[-34.840498743362197,-7.04078125884258],[-34.840495617678798,-7.04083407274262]]]}},
{"type":"Feature","properties":{"id":null,"Name":null,"description":null,"timestamp":null,"begin":null,"end":null,"altitudeMode":null,"tessellate":-1,"extrude":0,"visibility":-1,"drawOrder":null,"icon":null,"FID":1596.0},"geometry":{"type":"MultiLineString","coordinates":[[[-34.839266397057401,-7.03884083414114],[-34.840288470688499,-7.04014059025378]]]}},
{"type":"Feature","properties":{"id":null,"Name":null,"description":null,"timestamp":null,"begin":null,"end":null,"altitudeMode":null,"tessellate":-1,"extrude":0,"visibility":-1,"drawOrder":null,"icon":null,"FID":1610.0},"geometry":{"type":"MultiLineString","coordinates":[[[-34.841887067981297,-7.06304355070929],[-34.841224601110099,-7.06414867822397]]]}},
{"type":"Feature","properties":{"id":null,"Name":null,"description":null,"timestamp":null,"begin":null,"end":null,"altitudeMode":null,"tessellate":-1,"extrude":0,"visibility":-1,"drawOrder":null,"icon":null,"FID":1611.0},"geometry":{"type":"MultiLineString","coordinates":[[[-34.841944737086799,-7.06293365048427],[-34.841901449240801,-7.06301881257524],[-34.841887057935203,-7.0630435447318]]]}},
{"type":"Feature","properties":{"id":null,"Name":null,"description":null,"timestamp":null,"begin":null,"end":null,"altitudeMode":null,"tessellate":-1,"extrude":0,"visibility":-1,"drawOrder":null,"icon":null,"FID":1612.0},"geometry":{"type":"MultiLineString","coordinates":[[[-34.843270214248797,-7.0600170773986],[-34.841944737088397,-7.06293365048081]]]}},
{"type":"Feature","properties":{"id":null,"Name":null,"description":null,"timestamp":null,"begin":null,"end":null,"altitudeMode":null,"tessellate":-1,"extrude":0,"visibility":-1,"drawOrder":null,"icon":null,"FID":1613.0},"geometry":{"type":"MultiLineString","coordinates":[[[-34.843270214249898,-7.06001707739623],[-34.843275323673701,-7.06000701023677],[-34.843281291938801,-7.05999742625861],[-34.843288073622901,-7.05998839840154],[-34.843295617113398,-7.05997999537298],[-34.843303864999697,-7.05997228112502],[-34.843312754510301,-7.05996531436771],[-34.843322217990902,-7.05995914812227],[-34.843332183418397,-7.05995382931747],[-34.8433425749501,-7.05994939843258],[-34.843353313500202,-7.05994588918931],[-34.843364317341901,-7.05994332829507],[-34.843375502729202,-7.05994173523979],[-34.8433867845349,-7.05994112214751],[-34.843398076897401,-7.05994149368427],[-34.843409293875403,-7.05994284702239],[-34.8434203501007,-7.05994517186217],[-34.843431161429002,-7.05994845051016],[-34.843441645579603,-7.05995265801388],[-34.843451722761898,-7.05995776235167],[-34.843461316282401,-7.05996372467649],[-34.843467731506998,-7.05996840559829]]]}},
{"type":"Feature","properties":{"id":null,"Name":null,"description":null,"timestamp":null,"begin":null,"end":null,"altitudeMode":null,"tessellate":-1,"extrude":0,"visibility":-1,"drawOrder":null,"icon":null,"FID":1614.0},"geometry":{"type":"MultiLineString","coordinates":[[[-34.843935492269203,-7.06033243461996],[-34.843467682869203,-7.0599684680094]]]}},
{"type":"Feature","properties":{"id":null,"Name":null,"description":null,"timestamp":null,"begin":null,"end":null,"altitudeMode":null,"tessellate":-1,"extrude":0,"visibility":-1,"drawOrder":null,"icon":null,"FID":1615.0},"geometry":{"type":"MultiLineString","coordinates":[[[-34.8439354922685,-7.06033243461936],[-34.843938534458204,-7.06033501812083],[-34.8439413396801,-7.0603378566717],[-34.843943886584903,-7.06034092866883],[-34.843946155788998,-7.06034421073249],[-34.843948130022497,-7.06034767788422],[-34.843949794260098,-7.06035130373686],[-34.8439511358361,-7.06035506069553],[-34.843952144540303,-7.06035892016751],[-34.843952812695697,-7.06036285277984],[-34.843953135217397,-7.06036682860304],[-34.843953109650599,-7.06037081737866],[-34.843952736190097,-7.0603747887497],[-34.843952017677999,-7.06037871249165],[-34.8439509595826,-7.06038255874248],[-34.843949569956699,-7.06038629822986],[-34.843949074391602,-7.06038742922802]]]}},
{"type":"Feature","properties":{"id":null,"Name":null,"description":null,"timestamp":null,"begin":null,"end":null,"altitudeMode":null,"tessellate":-1,"extrude":0,"visibility":-1,"drawOrder":null,"icon":null,"FID":1616.0},"geometry":{"type":"MultiLineString","coordinates":[[[-34.8427843329588,-7.06295221345998],[-34.843949104772001,-7.06038744300552]]]}},
{"type":"Feature","properties":{"id":null,"Name":null,"description":null,"timestamp":null,"begin":null,"end":null,"altitudeMode":null,"tessellate":-1,"extrude":0,"visibility":-1,"drawOrder":null,"icon":null,"FID":1617.0},"geometry":{"type":"MultiLineString","coordinates":[[[-34.842768398846999,-7.06343083859118],[-34.842751434105303,-7.06337893522133],[-34.842739062138499,-7.06332575226514],[-34.842731377103398,-7.06327169447779],[-34.842728437486201,-7.06321717327233],[-34.8427302656576,-7.06316260358853],[-34.842736847702398,-7.06310840073509],[-34.842748133525603,-7.06305497722861],[-34.8427640372336,-7.06300273965432],[-34.842784371713797,-7.06295223102051]]]}},
{"type":"Feature","properties":{"id":null,"Name":null,"description":null,"timestamp":null,"begin":null,"end":null,"altitudeMode":null,"tessellate":-1,"extrude":0,"visibility":-1,"drawOrder":null,"icon":null,"FID":1618.0},"geometry":{"type":"MultiLineString","coordinates":[[[-34.842862428585697,-7.06368100459123],[-34.842768398847298,-7.06343083859211]]]}},
{"type":"Feature","properties":{"id":null,"Name":null,"description":null,"timestamp":null,"begin":null,"end":null,"altitudeMode":null,"tessellate":-1,"extrude":0,"visibility":-1,"drawOrder":null,"icon":null,"FID":1619.0},"geometry":{"type":"MultiLineString","coordinates":[[[-34.842818810462902,-7.06375088630513],[-34.842862428585697,-7.06368100459123]]]}},
{"type":"Feature","properties":{"id":null,"Name":null,"description":null,"timestamp":null,"begin":null,"end":null,"altitudeMode":null,"tessellate":-1,"extrude":0,"visibility":-1,"drawOrder":null,"icon":null,"FID":1620.0},"geometry":{"type":"MultiLineString","coordinates":[[[-34.842813934652497,-7.0641421093342],[-34.8427984583655,-7.0641130385895],[-34.842785577200303,-7.06408273097337],[-34.842775389190201,-7.06405141714537],[-34.842767971871702,-7.06401933542297],[-34.842763381694603,-7.0639867299677],[-34.842761653592397,-7.06395384892701],[-34.842762800716301,-7.06392094254565],[-34.842766814335498,-7.06388826126121],[-34.842773663903202,-7.06385605379805],[-34.8427832972895,-7.06382456527446],[-34.842795641177901,-7.06379403533707],[-34.842810601623498,-7.06376469633704],[-34.8428188131425,-7.06375088796799]]]}},
{"type":"Feature","properties":{"id":null,"Name":null,"description":null,"timestamp":null,"begin":null,"end":null,"altitudeMode":null,"tessellate":-1,"extrude":0,"visibility":-1,"drawOrder":null,"icon":null,"FID":1621.0},"geometry":{"type":"MultiLineString","coordinates":[[[-34.844437798470899,-7.06391997828349],[-34.844079715991803,-7.06413694192072]]]}},
{"type":"Feature","properties":{"id":null,"Name":null,"description":null,"timestamp":null,"begin":null,"end":null,"altitudeMode":null,"tessellate":-1,"extrude":0,"visibility":-1,"drawOrder":null,"icon":null,"FID":1622.0},"geometry":{"type":"MultiLineString","coordinates":[[[-34.844578781173702,-7.06379980272543],[-34.844544634280602,-7.06383668604591],[-34.844507399500699,-7.06387045589988],[-34.844467360212803,-7.0639008552776],[-34.844437817577202,-7.06392000978907]]]}},
{"type":"Feature","properties":{"id":null,"Name":null,"description":null,"timestamp":null,"begin":null,"end":null,"altitudeMode":null,"tessellate":-1,"extrude":0,"visibility":-1,"drawOrder":null,"icon":null,"FID":1623.0},"geometry":{"type":"MultiLineString","coordinates":[[[-34.845470066829101,-7.06274855797493],[-34.844578781178399,-7.06379980271986]]]}},
{"type":"Feature","properties":{"id":null,"Name":null,"description":null,"timestamp":null,"begin":null,"end":null,"altitudeMode":null,"tessellate":-1,"extrude":0,"visibility":-1,"drawOrder":null,"icon":null,"FID":1624.0},"geometry":{"type":"MultiLineString","coordinates":[[[-34.845543492786,-7.06239013741529],[-34.845551894809901,-7.0624222903183],[-34.845557459747901,-7.06245505242185],[-34.845560145247198,-7.06248817438685],[-34.845559930868802,-7.06252140413529],[-34.845556818243701,-7.06255448876894],[-34.845550831060102,-7.06258717649386],[-34.845542014883598,-7.06261921853673],[-34.845530436810002,-7.06265037103822],[-34.845516184954697,-7.06268039690899],[-34.845499367782601,-7.06270906763383],[-34.845480113281901,-7.06273616501105],[-34.845470052690096,-7.06274854599686]]]}},
{"type":"Feature","properties":{"id":null,"Name":null,"description":null,"timestamp":null,"begin":null,"end":null,"altitudeMode":null,"tessellate":-1,"extrude":0,"visibility":-1,"drawOrder":null,"icon":null,"FID":1625.0},"geometry":{"type":"MultiLineString","coordinates":[[[-34.845516630483203,-7.06230326543144],[-34.845543492787399,-7.06239013741982]]]}},
{"type":"Feature","properties":{"id":null,"Name":null,"description":null,"timestamp":null,"begin":null,"end":null,"altitudeMode":null,"tessellate":-1,"extrude":0,"visibility":-1,"drawOrder":null,"icon":null,"FID":1626.0},"geometry":{"type":"MultiLineString","coordinates":[[[-34.845516630483203,-7.06230326543141],[-34.845516452606901,-7.0623025716211],[-34.845516335937504,-7.0623018649635],[-34.845516281362997,-7.06230115083673],[-34.8455162892987,-7.06230043467567],[-34.845516359684098,-7.06229972193079],[-34.845516491983702,-7.06229901802647],[-34.845516685190603,-7.06229832831986],[-34.845516937834297,-7.06229765806006],[-34.845517247992099,-7.06229701234813],[-34.8455176133034,-7.06229639609835],[-34.845518030988103,-7.06229581400072],[-34.845518497867197,-7.06229527048538],[-34.845519010387598,-7.06229476968881],[-34.845519564648697,-7.06229431542235],[-34.8455198470254,-7.06229411305853]]]}},
{"type":"Feature","properties":{"id":null,"Name":null,"description":null,"timestamp":null,"begin":null,"end":null,"altitudeMode":null,"tessellate":-1,"extrude":0,"visibility":-1,"drawOrder":null,"icon":null,"FID":1627.0},"geometry":{"type":"MultiLineString","coordinates":[[[-34.845628525882702,-7.06222000335448],[-34.845519852383902,-7.06229412086404]]]}},
{"type":"Feature","properties":{"id":null,"Name":null,"description":null,"timestamp":null,"begin":null,"end":null,"altitudeMode":null,"tessellate":-1,"extrude":0,"visibility":-1,"drawOrder":null,"icon":null,"FID":1628.0},"geometry":{"type":"MultiLineString","coordinates":[[[-34.845794578127197,-7.06205434058653],[-34.845761233381403,-7.06209868376444],[-34.845724146888102,-7.06213995491968],[-34.845683600897402,-7.06217783995304],[-34.8456399039883,-7.06221205053566],[-34.845628523337197,-7.06221999964912]]]}},
{"type":"Feature","properties":{"id":null,"Name":null,"description":null,"timestamp":null,"begin":null,"end":null,"altitudeMode":null,"tessellate":-1,"extrude":0,"visibility":-1,"drawOrder":null,"icon":null,"FID":1629.0},"geometry":{"type":"MultiLineString","coordinates":[[[-34.846748408013603,-7.06066379495664],[-34.845794578135802,-7.06205434057396]]]}},
{"type":"Feature","properties":{"id":null,"Name":null,"description":null,"timestamp":null,"begin":null,"end":null,"altitudeMode":null,"tessellate":-1,"extrude":0,"visibility":-1,"drawOrder":null,"icon":null,"FID":1630.0},"geometry":{"type":"MultiLineString","coordinates":[[[-34.846748408013703,-7.06066379495644],[-34.846748950245598,-7.06066307444395],[-34.846749553273597,-7.0606624038848],[-34.846750212508198,-7.06066178838231],[-34.846750922932202,-7.06066123262083],[-34.846751679138997,-7.06066074083007],[-34.8467524753733,-7.06066031675283],[-34.846753305575398,-7.06065996361658],[-34.846754163426702,-7.06065968410895],[-34.846755042398698,-7.06065948035713],[-34.846755447952397,-7.06065941310414]]]}},
{"type":"Feature","properties":{"id":null,"Name":null,"description":null,"timestamp":null,"begin":null,"end":null,"altitudeMode":null,"tessellate":-1,"extrude":0,"visibility":-1,"drawOrder":null,"icon":null,"FID":1631.0},"geometry":{"type":"MultiLineString","coordinates":[[[-34.847078366326002,-7.06061321287275],[-34.846755450007997,-7.06065942720544]]]}},
{"type":"Feature","properties":{"id":null,"Name":null,"description":null,"timestamp":null,"begin":null,"end":null,"altitudeMode":null,"tessellate":-1,"extrude":0,"visibility":-1,"drawOrder":null,"icon":null,"FID":1632.0},"geometry":{"type":"MultiLineString","coordinates":[[[-34.847078366323998,-7.06061321287304],[-34.847087766683003,-7.06061228313509],[-34.847097212383602,-7.06061217541418],[-34.847106631538303,-7.06061289053013],[-34.8471159524616,-7.06061442304041],[-34.847125104215799,-7.06061676128174],[-34.847134017150601,-7.06061988745868],[-34.847142623433101,-7.06062377777913],[-34.8471508575645,-7.06062840263542],[-34.847158656878001,-7.06063372682961],[-34.847165962016199,-7.06063970984138],[-34.847172717382598,-7.06064630613645],[-34.8471788715649,-7.06065346551302],[-34.847184377725803,-7.06066113348396],[-34.847189193960297,-7.06066925169141],[-34.847193283613898,-7.06067775835089],[-34.847196615561799,-7.06068658872167],[-34.847199164445897,-7.06069567559931],[-34.847200910867599,-7.0607049498272],[-34.847200936154003,-7.06070512717501]]]}},
{"type":"Feature","properties":{"id":null,"Name":null,"description":null,"timestamp":null,"begin":null,"end":null,"altitudeMode":null,"tessellate":-1,"extrude":0,"visibility":-1,"drawOrder":null,"icon":null,"FID":1634.0},"geometry":{"type":"MultiLineString","coordinates":[[[-34.847212175972601,-7.06078410783808],[-34.847200911585396,-7.06070513065429]]]}},
{"type":"Feature","properties":{"id":null,"Name":null,"description":null,"timestamp":null,"begin":null,"end":null,"altitudeMode":null,"tessellate":-1,"extrude":0,"visibility":-1,"drawOrder":null,"icon":null,"FID":1661.0},"geometry":{"type":"MultiLineString","coordinates":[[[-34.847092439679002,-7.05213431566772],[-34.847177699070002,-7.05227816151051]]]}},
{"type":"Feature","properties":{"id":null,"Name":null,"description":null,"timestamp":null,"begin":null,"end":null,"altitudeMode":null,"tessellate":-1,"extrude":0,"visibility":-1,"drawOrder":null,"icon":null,"FID":1662.0},"geometry":{"type":"MultiLineString","coordinates":[[[-34.846677387228503,-7.05146978674259],[-34.847092439708298,-7.05213431571466]]]}},
{"type":"Feature","properties":{"id":null,"Name":null,"description":null,"timestamp":null,"begin":null,"end":null,"altitudeMode":null,"tessellate":-1,"extrude":0,"visibility":-1,"drawOrder":null,"icon":null,"FID":1663.0},"geometry":{"type":"MultiLineString","coordinates":[[[-34.845407451707402,-7.05247397219205],[-34.845321232212797,-7.05147559903526]]]}},
{"type":"Feature","properties":{"id":null,"Name":null,"description":null,"timestamp":null,"begin":null,"end":null,"altitudeMode":null,"tessellate":-1,"extrude":0,"visibility":-1,"drawOrder":null,"icon":null,"FID":1664.0},"geometry":{"type":"MultiLineString","coordinates":[[[-34.845407451706301,-7.05247397217837],[-34.845416711157597,-7.05269173365313],[-34.845406937645301,-7.05290947270379],[-34.845380191144599,-7.05311420796186]]]}},
{"type":"Feature","properties":{"id":null,"Name":null,"description":null,"timestamp":null,"begin":null,"end":null,"altitudeMode":null,"tessellate":-1,"extrude":0,"visibility":-1,"drawOrder":null,"icon":null,"FID":1665.0},"geometry":{"type":"MultiLineString","coordinates":[[[-34.845158133701602,-7.05439815522968],[-34.845380211482301,-7.05311421144811]]]}},
{"type":"Feature","properties":{"id":null,"Name":null,"description":null,"timestamp":null,"begin":null,"end":null,"altitudeMode":null,"tessellate":-1,"extrude":0,"visibility":-1,"drawOrder":null,"icon":null,"FID":1666.0},"geometry":{"type":"MultiLineString","coordinates":[[[-34.844750663706002,-7.05352302001134],[-34.845158133701602,-7.05439815522968]]]}},
{"type":"Feature","properties":{"id":null,"Name":null,"description":null,"timestamp":null,"begin":null,"end":null,"altitudeMode":null,"tessellate":-1,"extrude":0,"visibility":-1,"drawOrder":null,"icon":null,"FID":1667.0},"geometry":{"type":"MultiLineString","coordinates":[[[-34.843712814972903,-7.05346401027895],[-34.843741548467598,-7.05342137106563],[-34.843773892516403,-7.05338139594077],[-34.843809600960903,-7.05334438913859],[-34.8438484020378,-7.0533106323025],[-34.843890000447303,-7.05328038234159],[-34.843934079600601,-7.0532538694756],[-34.843980304028896,-7.05323129548256],[-34.844028321937202,-7.05321283216342],[-34.844077767880897,-7.05319862003439],[-34.844128265547603,-7.05318876725763],[-34.844179430620798,-7.05318334881814],[-34.844230873704703,-7.05318240595293],[-34.844282203288003,-7.05318594583742],[-34.844333028723,-7.05319394153061],[-34.844382963198903,-7.05320633218035],[-34.844431626685903,-7.05322302348632],[-34.844478648826602,-7.05324388841771],[-34.844523671755603,-7.05326876818008],[-34.844566352822298,-7.05329747342384],[-34.844606367198899,-7.05332978568528],[-34.844643410352496,-7.05336545904922],[-34.844677200362703,-7.0534042220205],[-34.844707480067498,-7.05344577959029],[-34.844734019019903,-7.05348981548122],[-34.8447507484873,-7.05352298064401]]]}},
{"type":"Feature","properties":{"id":null,"Name":null,"description":null,"timestamp":null,"begin":null,"end":null,"altitudeMode":null,"tessellate":-1,"extrude":0,"visibility":-1,"drawOrder":null,"icon":null,"FID":1668.0},"geometry":{"type":"MultiLineString","coordinates":[[[-34.843434327085703,-7.05391889855089],[-34.843712814969102,-7.05346401028514]]]}},
{"type":"Feature","properties":{"id":null,"Name":null,"description":null,"timestamp":null,"begin":null,"end":null,"altitudeMode":null,"tessellate":-1,"extrude":0,"visibility":-1,"drawOrder":null,"icon":null,"FID":1669.0},"geometry":{"type":"MultiLineString","coordinates":[[[-34.843093008772598,-7.05148512088688],[-34.843434327085703,-7.05391889855089]]]}},
{"type":"Feature","properties":{"id":null,"Name":null,"description":null,"timestamp":null,"begin":null,"end":null,"altitudeMode":null,"tessellate":-1,"extrude":0,"visibility":-1,"drawOrder":null,"icon":null,"FID":1682.0},"geometry":{"type":"MultiLineString","coordinates":[[[-34.838632799447502,-7.07058013396136],[-34.838198575923698,-7.07040373142148]]]}},
{"type":"Feature","properties":{"id":null,"Name":null,"description":null,"timestamp":null,"begin":null,"end":null,"altitudeMode":null,"tessellate":-1,"extrude":0,"visibility":-1,"drawOrder":null,"icon":null,"FID":1683.0},"geometry":{"type":"MultiLineString","coordinates":[[[-34.839168007003202,-7.07013345389728],[-34.839173627035002,-7.07016740694643],[-34.839176263466797,-7.07020172011375],[-34.839175896232902,-7.07023613225556],[-34.839172528127698,-7.07027038147481],[-34.8391661847837,-7.07030420711441],[-34.839156914477002,-7.07033735174084],[-34.839144787759501,-7.07036956310346],[-34.839129896922202,-7.07040059605422],[-34.839112355292897,-7.07043021441356],[-34.839092296373401,-7.07045819276763],[-34.839069872823998,-7.07048431818401],[-34.839045255301002,-7.07050839183222],[-34.839018631158602,-7.07053023049694],[-34.838990203022398,-7.07054966797236],[-34.838960187247899,-7.07056655632722],[-34.838928812273402,-7.07058076703057],[-34.838896316881701,-7.07059219193],[-34.838862948382797,-7.07060074407479],[-34.838828960731597,-7.07060635837768],[-34.838794612595301,-7.07060899211013],[-34.8387601653845,-7.07060862522763],[-34.838725881263898,-7.07060526052225],[-34.8386920211572,-7.07059892360128],[-34.8386588427608,-7.07058966269249],[-34.838632800903497,-7.07058013039196]]]}},
{"type":"Feature","properties":{"id":null,"Name":null,"description":null,"timestamp":null,"begin":null,"end":null,"altitudeMode":null,"tessellate":-1,"extrude":0,"visibility":-1,"drawOrder":null,"icon":null,"FID":1684.0},"geometry":{"type":"MultiLineString","coordinates":[[[-34.839045516785497,-7.0695525733871],[-34.839168007004297,-7.0701334539027]]]}},
{"type":"Feature","properties":{"id":null,"Name":null,"description":null,"timestamp":null,"begin":null,"end":null,"altitudeMode":null,"tessellate":-1,"extrude":0,"visibility":-1,"drawOrder":null,"icon":null,"FID":1685.0},"geometry":{"type":"MultiLineString","coordinates":[[[-34.839045516785099,-7.06955257338505],[-34.839043485578699,-7.06954025745221],[-34.839042536597198,-7.06952781153369],[-34.839042677062899,-7.06951533035039],[-34.839043905906699,-7.06950290889178],[-34.8390462137762,-7.0694906416926],[-34.839049583107098,-7.06947862211366],[-34.839053988256701,-7.06946694163125],[-34.839059395699003,-7.06945568914084],[-34.839065134726098,-7.06944592197428]]]}},
{"type":"Feature","properties":{"id":null,"Name":null,"description":null,"timestamp":null,"begin":null,"end":null,"altitudeMode":null,"tessellate":-1,"extrude":0,"visibility":-1,"drawOrder":null,"icon":null,"FID":1686.0},"geometry":{"type":"MultiLineString","coordinates":[[[-34.839366884304702,-7.06897554635184],[-34.839065096702797,-7.06944589760701]]]}},
{"type":"Feature","properties":{"id":null,"Name":null,"description":null,"timestamp":null,"begin":null,"end":null,"altitudeMode":null,"tessellate":-1,"extrude":0,"visibility":-1,"drawOrder":null,"icon":null,"FID":1687.0},"geometry":{"type":"MultiLineString","coordinates":[[[-34.8393018614439,-7.06832491039157],[-34.839332386379198,-7.06835929867044],[-34.839359794987701,-7.06839621381731],[-34.839383878673402,-7.06843537488631],[-34.839404454144599,-7.06847648383867],[-34.839421364809098,-7.06851922781112],[-34.839434481965903,-7.06856328149684],[-34.839443705784603,-7.06860830962124],[-34.839448966065497,-7.06865396949363],[-34.8394502227735,-7.06869991361524],[-34.839447466343202,-7.06874579232388],[-34.839440717751501,-7.06879125645515],[-34.839430028357903,-7.06883595999964],[-34.839415479514102,-7.06887956273641],[-34.839397181944399,-7.06892173282221],[-34.839375274903297,-7.068962149317],[-34.839366939798197,-7.06897558188415]]]}},
{"type":"Feature","properties":{"id":null,"Name":null,"description":null,"timestamp":null,"begin":null,"end":null,"altitudeMode":null,"tessellate":-1,"extrude":0,"visibility":-1,"drawOrder":null,"icon":null,"FID":1688.0},"geometry":{"type":"MultiLineString","coordinates":[[[-34.838698529834602,-7.06770216678881],[-34.839301861447098,-7.06832491039484]]]}},
{"type":"Feature","properties":{"id":null,"Name":null,"description":null,"timestamp":null,"begin":null,"end":null,"altitudeMode":null,"tessellate":-1,"extrude":0,"visibility":-1,"drawOrder":null,"icon":null,"FID":1689.0},"geometry":{"type":"MultiLineString","coordinates":[[[-34.8386985298337,-7.06770216678784],[-34.838688213882598,-7.06769054053793],[-34.838678951507802,-7.0676780603441],[-34.838670813201503,-7.06766482118826],[-34.8386638609011,-7.06765092382843],[-34.838658147517698,-7.06763647403199],[-34.838653716533699,-7.06762158177071],[-34.838650601671198,-7.06760636038373],[-34.838648826636302,-7.06759092571507],[-34.838648404937899,-7.06757539523191],[-34.838649339785199,-7.06755988713066],[-34.838651624063303,-7.06754451943735],[-34.838655240387403,-7.06752940910943],[-34.838660161234898,-7.0675146711456],[-34.838666349155098,-7.06750041771067],[-34.838673757054003,-7.06748675728189],[-34.838682328552899,-7.06747379382327],[-34.838691998417602,-7.06746162599454],[-34.838696109456201,-7.06745705439204]]]}},
{"type":"Feature","properties":{"id":null,"Name":null,"description":null,"timestamp":null,"begin":null,"end":null,"altitudeMode":null,"tessellate":-1,"extrude":0,"visibility":-1,"drawOrder":null,"icon":null,"FID":1690.0},"geometry":{"type":"MultiLineString","coordinates":[[[-34.840163579978601,-7.06588014173281],[-34.838696021819601,-7.06745697297072]]]}},
{"type":"Feature","properties":{"id":null,"Name":null,"description":null,"timestamp":null,"begin":null,"end":null,"altitudeMode":null,"tessellate":-1,"extrude":0,"visibility":-1,"drawOrder":null,"icon":null,"FID":1691.0},"geometry":{"type":"MultiLineString","coordinates":[[[-34.8402767501764,-7.0657296976544],[-34.840233434565,-7.06579526627431],[-34.840184563327099,-7.06585681398237],[-34.840163588859603,-7.06588014998821]]]}},
{"type":"Feature","properties":{"id":null,"Name":null,"description":null,"timestamp":null,"begin":null,"end":null,"altitudeMode":null,"tessellate":-1,"extrude":0,"visibility":-1,"drawOrder":null,"icon":null,"FID":1692.0},"geometry":{"type":"MultiLineString","coordinates":[[[-34.841224510964203,-7.0641487689942],[-34.8402767501792,-7.06572969764966]]]}},
{"type":"Feature","properties":{"id":null,"Name":null,"description":null,"timestamp":null,"begin":null,"end":null,"altitudeMode":null,"tessellate":-1,"extrude":0,"visibility":-1,"drawOrder":null,"icon":null,"FID":1693.0},"geometry":{"type":"MultiLineString","coordinates":[[[-34.843123471880901,-7.06432760924821],[-34.843090634062797,-7.06432478350516],[-34.8430581677299,-7.06431910938176],[-34.843026319971301,-7.06431063006143],[-34.842995333168098,-7.06429941007697],[-34.842965443149303,-7.0642855348193],[-34.842936877396497,-7.06426910988761],[-34.842909853312698,-7.06425026028577],[-34.842884576567798,-7.06422912947083],[-34.842861239533597,-7.06420587826132],[-34.842840019818901,-7.06418068361326],[-34.842821078918703,-7.0641537372735],[-34.842814215890598,-7.06414258540077]]]}},
{"type":"Feature","properties":{"id":null,"Name":null,"description":null,"timestamp":null,"begin":null,"end":null,"altitudeMode":null,"tessellate":-1,"extrude":0,"visibility":-1,"drawOrder":null,"icon":null,"FID":1694.0},"geometry":{"type":"MultiLineString","coordinates":[[[-34.843542579798402,-7.06434521036636],[-34.843123471879501,-7.06432760924818]]]}},
{"type":"Feature","properties":{"id":null,"Name":null,"description":null,"timestamp":null,"begin":null,"end":null,"altitudeMode":null,"tessellate":-1,"extrude":0,"visibility":-1,"drawOrder":null,"icon":null,"FID":1695.0},"geometry":{"type":"MultiLineString","coordinates":[[[-34.8438778313105,-7.06425916654639],[-34.843832088684401,-7.06428421509228],[-34.843784334798698,-7.0643051855873],[-34.843734933090097,-7.06432191843243],[-34.843684259536403,-7.06433428627989],[-34.843632699795101,-7.06434219500217],[-34.8435806462683,-7.06434558440857],[-34.843542580672199,-7.0643451895361]]]}},
{"type":"Feature","properties":{"id":null,"Name":null,"description":null,"timestamp":null,"begin":null,"end":null,"altitudeMode":null,"tessellate":-1,"extrude":0,"visibility":-1,"drawOrder":null,"icon":null,"FID":1696.0},"geometry":{"type":"MultiLineString","coordinates":[[[-34.844078451809303,-7.06413767023376],[-34.843877831316497,-7.06425916654274]]]}},
{"type":"Feature","properties":{"id":null,"Name":null,"description":null,"timestamp":null,"begin":null,"end":null,"altitudeMode":null,"tessellate":-1,"extrude":0,"visibility":-1,"drawOrder":null,"icon":null,"FID":1697.0},"geometry":{"type":"MultiLineString","coordinates":[[[-34.846752113356899,-7.06971376540101],[-34.847238471947897,-7.06772670909122]]]}},
{"type":"Feature","properties":{"id":null,"Name":null,"description":null,"timestamp":null,"begin":null,"end":null,"altitudeMode":null,"tessellate":-1,"extrude":0,"visibility":-1,"drawOrder":null,"icon":null,"FID":1715.0},"geometry":{"type":"MultiLineString","coordinates":[[[-34.847265241438002,-7.06115658397345],[-34.847211432577502,-7.0607792284288]]]}},
{"type":"Feature","properties":{"id":null,"Name":null,"description":null,"timestamp":null,"begin":null,"end":null,"altitudeMode":null,"tessellate":-1,"extrude":0,"visibility":-1,"drawOrder":null,"icon":null,"FID":1716.0},"geometry":{"type":"MultiLineString","coordinates":[[[-34.847577911235703,-7.06151582586215],[-34.847541652572097,-7.06150364484528],[-34.847506594591501,-7.06148835318043],[-34.847473004106803,-7.06147006724659],[-34.847441136762598,-7.06144892621097],[-34.847411235089098,-7.06142509096985],[-34.8473835266565,-7.06139874292421],[-34.847358222342997,-7.06137008259898],[-34.8473355147297,-7.06133932811691],[-34.847315576635403,-7.06130671353869],[-34.847298559800599,-7.06127248708136],[-34.847284593733598,-7.06123690922939],[-34.847273784723903,-7.06120025075217],[-34.847266215034303,-7.06116279064322],[-34.847265285336903,-7.06115657772113]]]}},
{"type":"Feature","properties":{"id":null,"Name":null,"description":null,"timestamp":null,"begin":null,"end":null,"altitudeMode":null,"tessellate":-1,"extrude":0,"visibility":-1,"drawOrder":null,"icon":null,"FID":1717.0},"geometry":{"type":"MultiLineString","coordinates":[[[-34.847935359078697,-7.06161874738259],[-34.847577911245303,-7.06151582586492]]]}},
{"type":"Feature","properties":{"id":null,"Name":null,"description":null,"timestamp":null,"begin":null,"end":null,"altitudeMode":null,"tessellate":-1,"extrude":0,"visibility":-1,"drawOrder":null,"icon":null,"FID":1718.0},"geometry":{"type":"MultiLineString","coordinates":[[[-34.847935359082499,-7.06161874738369],[-34.847951609195199,-7.06162420685757],[-34.847967321171801,-7.06163106043282],[-34.847982375434697,-7.06163925594957],[-34.847996657411997,-7.06164873103507],[-34.848010058409301,-7.06165941357823],[-34.848022476437102,-7.06167122227856],[-34.848024000431003,-7.0616728215932]]]}},
{"type":"Feature","properties":{"id":null,"Name":null,"description":null,"timestamp":null,"begin":null,"end":null,"altitudeMode":null,"tessellate":-1,"extrude":0,"visibility":-1,"drawOrder":null,"icon":null,"FID":1719.0},"geometry":{"type":"MultiLineString","coordinates":[[[-34.848393544952401,-7.06206520377197],[-34.848023996437902,-7.06167282534375]]]}},
{"type":"Feature","properties":{"id":null,"Name":null,"description":null,"timestamp":null,"begin":null,"end":null,"altitudeMode":null,"tessellate":-1,"extrude":0,"visibility":-1,"drawOrder":null,"icon":null,"FID":1720.0},"geometry":{"type":"MultiLineString","coordinates":[[[-34.848393544952501,-7.06206520377207],[-34.8484002452429,-7.06207296847488],[-34.848406242621699,-7.06208128701581],[-34.848411491445098,-7.06209009608584],[-34.848415951766398,-7.06209932864256],[-34.848419589639903,-7.06210891442072],[-34.848422377379102,-7.06211878046681],[-34.848424293767501,-7.06212885169428],[-34.848425324220301,-7.06213905145503],[-34.848425460895101,-7.06214930212271],[-34.848425263732501,-7.06215341616622]]]}},
{"type":"Feature","properties":{"id":null,"Name":null,"description":null,"timestamp":null,"begin":null,"end":null,"altitudeMode":null,"tessellate":-1,"extrude":0,"visibility":-1,"drawOrder":null,"icon":null,"FID":1721.0},"geometry":{"type":"MultiLineString","coordinates":[[[-34.8483479882401,-7.06333298703133],[-34.848425209765601,-7.0621534126345]]]}},
{"type":"Feature","properties":{"id":null,"Name":null,"description":null,"timestamp":null,"begin":null,"end":null,"altitudeMode":null,"tessellate":-1,"extrude":0,"visibility":-1,"drawOrder":null,"icon":null,"FID":1722.0},"geometry":{"type":"MultiLineString","coordinates":[[[-34.848347988240199,-7.06333298702842],[-34.848340709750801,-7.06339944795755],[-34.848327660695801,-7.06346502225664],[-34.848310990974497,-7.06352308927022]]]}},
{"type":"Feature","properties":{"id":null,"Name":null,"description":null,"timestamp":null,"begin":null,"end":null,"altitudeMode":null,"tessellate":-1,"extrude":0,"visibility":-1,"drawOrder":null,"icon":null,"FID":1723.0},"geometry":{"type":"MultiLineString","coordinates":[[[-34.848113275127901,-7.06412178407467],[-34.848311002937798,-7.06352309321771]]]}},
{"type":"Feature","properties":{"id":null,"Name":null,"description":null,"timestamp":null,"begin":null,"end":null,"altitudeMode":null,"tessellate":-1,"extrude":0,"visibility":-1,"drawOrder":null,"icon":null,"FID":1734.0},"geometry":{"type":"MultiLineString","coordinates":[[[-34.849826783576702,-7.06395821103985],[-34.849825233696698,-7.0641147234927]]]}},
{"type":"Feature","properties":{"id":null,"Name":null,"description":null,"timestamp":null,"begin":null,"end":null,"altitudeMode":null,"tessellate":-1,"extrude":0,"visibility":-1,"drawOrder":null,"icon":null,"FID":1735.0},"geometry":{"type":"MultiLineString","coordinates":[[[-34.849859305337198,-7.06392037944804],[-34.849826783576702,-7.06395821103985]]]}},
{"type":"Feature","properties":{"id":null,"Name":null,"description":null,"timestamp":null,"begin":null,"end":null,"altitudeMode":null,"tessellate":-1,"extrude":0,"visibility":-1,"drawOrder":null,"icon":null,"FID":1736.0},"geometry":{"type":"MultiLineString","coordinates":[[[-34.849963972489803,-7.06368100048126],[-34.8499578317915,-7.06371942056215],[-34.849948362568,-7.06375715978271],[-34.8499356368851,-7.0637939309247],[-34.849919751591997,-7.06382945413743],[-34.849900827584698,-7.06386345906763],[-34.849879008885701,-7.06389568691701],[-34.849859288415999,-7.06392036495028]]]}},
{"type":"Feature","properties":{"id":null,"Name":null,"description":null,"timestamp":null,"begin":null,"end":null,"altitudeMode":null,"tessellate":-1,"extrude":0,"visibility":-1,"drawOrder":null,"icon":null,"FID":1737.0},"geometry":{"type":"MultiLineString","coordinates":[[[-34.850054174123898,-7.06289910567982],[-34.849963972490698,-7.06368100047393]]]}},
{"type":"Feature","properties":{"id":null,"Name":null,"description":null,"timestamp":null,"begin":null,"end":null,"altitudeMode":null,"tessellate":-1,"extrude":0,"visibility":-1,"drawOrder":null,"icon":null,"FID":1738.0},"geometry":{"type":"MultiLineString","coordinates":[[[-34.849863347119097,-7.06247826314142],[-34.849894597723399,-7.06250194391688],[-34.849923663431099,-7.06252825552285],[-34.849950323034903,-7.06255699771249],[-34.849974373639498,-7.06258795174086],[-34.849995632205001,-7.06262088202953],[-34.850013936940897,-7.06265553795964],[-34.850029148536798,-7.06269165577907],[-34.850041151222797,-7.06272896060993],[-34.850049853650603,-7.06276716854029],[-34.8500551895889,-7.06280598878513],[-34.850057118427102,-7.06284512589932],[-34.8500556254847,-7.06288428202599],[-34.850054162495198,-7.06289910434975]]]}},
{"type":"Feature","properties":{"id":null,"Name":null,"description":null,"timestamp":null,"begin":null,"end":null,"altitudeMode":null,"tessellate":-1,"extrude":0,"visibility":-1,"drawOrder":null,"icon":null,"FID":1739.0},"geometry":{"type":"MultiLineString","coordinates":[[[-34.849833035418499,-7.06245731696242],[-34.849863347117299,-7.06247826314017]]]}},
{"type":"Feature","properties":{"id":null,"Name":null,"description":null,"timestamp":null,"begin":null,"end":null,"altitudeMode":null,"tessellate":-1,"extrude":0,"visibility":-1,"drawOrder":null,"icon":null,"FID":1740.0},"geometry":{"type":"MultiLineString","coordinates":[[[-34.8498330354182,-7.06245731696222],[-34.849829361050098,-7.06245453478895],[-34.849825943389199,-7.06245144328061],[-34.849822808446,-7.06244806596544],[-34.849819980079303,-7.06244442854688],[-34.849817479814703,-7.06244055870787],[-34.849815326680599,-7.06243648590022],[-34.849813537063902,-7.06243224112049],[-34.849812124584403,-7.062427856674],[-34.849811099992102,-7.06242336592903],[-34.849810471084702,-7.06241880306289],[-34.849810242648402,-7.06241420280175],[-34.849810416422002,-7.06240960015637],[-34.849810991082798,-7.06240503015567],[-34.849811962257199,-7.0624005275801],[-34.849813322554198,-7.06239612669699],[-34.849813431158701,-7.06239582589056]]]}},
{"type":"Feature","properties":{"id":null,"Name":null,"description":null,"timestamp":null,"begin":null,"end":null,"altitudeMode":null,"tessellate":-1,"extrude":0,"visibility":-1,"drawOrder":null,"icon":null,"FID":1741.0},"geometry":{"type":"MultiLineString","coordinates":[[[-34.849838671056403,-7.06232682747324],[-34.849813423076498,-7.06239582295147]]]}},
{"type":"Feature","properties":{"id":null,"Name":null,"description":null,"timestamp":null,"begin":null,"end":null,"altitudeMode":null,"tessellate":-1,"extrude":0,"visibility":-1,"drawOrder":null,"icon":null,"FID":1742.0},"geometry":{"type":"MultiLineString","coordinates":[[[-34.849886055794997,-7.06204364429303],[-34.849884337388801,-7.06211196749917],[-34.8498766648068,-7.06217988109578],[-34.8498630964394,-7.06224686821973],[-34.849843735547303,-7.0623124190587],[-34.849838633631101,-7.06232681384081]]]}},
{"type":"Feature","properties":{"id":null,"Name":null,"description":null,"timestamp":null,"begin":null,"end":null,"altitudeMode":null,"tessellate":-1,"extrude":0,"visibility":-1,"drawOrder":null,"icon":null,"FID":1743.0},"geometry":{"type":"MultiLineString","coordinates":[[[-34.849882708924703,-7.06186192578675],[-34.849886055794698,-7.06204364427599]]]}},
{"type":"Feature","properties":{"id":null,"Name":null,"description":null,"timestamp":null,"begin":null,"end":null,"altitudeMode":null,"tessellate":-1,"extrude":0,"visibility":-1,"drawOrder":null,"icon":null,"FID":1744.0},"geometry":{"type":"MultiLineString","coordinates":[[[-34.849882708924802,-7.0618619257919],[-34.849884251827397,-7.06180040792171],[-34.849891155854799,-7.06173925848428],[-34.8499033684609,-7.06167894286408],[-34.8499207966982,-7.06161992009949],[-34.849922530211401,-7.06161493299887]]]}},
{"type":"Feature","properties":{"id":null,"Name":null,"description":null,"timestamp":null,"begin":null,"end":null,"altitudeMode":null,"tessellate":-1,"extrude":0,"visibility":-1,"drawOrder":null,"icon":null,"FID":1745.0},"geometry":{"type":"MultiLineString","coordinates":[[[-34.850040585275202,-7.06127921544608],[-34.849922544665198,-7.06161493806705]]]}},
{"type":"Feature","properties":{"id":null,"Name":null,"description":null,"timestamp":null,"begin":null,"end":null,"altitudeMode":null,"tessellate":-1,"extrude":0,"visibility":-1,"drawOrder":null,"icon":null,"FID":1746.0},"geometry":{"type":"MultiLineString","coordinates":[[[-34.850176984275002,-7.06068953807984],[-34.850139010633399,-7.06092501837707],[-34.850080637538497,-7.06115629628306],[-34.850040637808497,-7.06127923385751]]]}},
{"type":"Feature","properties":{"id":null,"Name":null,"description":null,"timestamp":null,"begin":null,"end":null,"altitudeMode":null,"tessellate":-1,"extrude":0,"visibility":-1,"drawOrder":null,"icon":null,"FID":1747.0},"geometry":{"type":"MultiLineString","coordinates":[[[-34.850205690627597,-7.06044322740555],[-34.850176984277901,-7.06068953805476]]]}},
{"type":"Feature","properties":{"id":null,"Name":null,"description":null,"timestamp":null,"begin":null,"end":null,"altitudeMode":null,"tessellate":-1,"extrude":0,"visibility":-1,"drawOrder":null,"icon":null,"FID":1748.0},"geometry":{"type":"MultiLineString","coordinates":[[[-34.8502056906325,-7.06044322736277],[-34.850278268933401,-7.05999322529158],[-34.850329057980403,-7.05977167778977]]]}},
{"type":"Feature","properties":{"id":null,"Name":null,"description":null,"timestamp":null,"begin":null,"end":null,"altitudeMode":null,"tessellate":-1,"extrude":0,"visibility":-1,"drawOrder":null,"icon":null,"FID":1749.0},"geometry":{"type":"MultiLineString","coordinates":[[[-34.850360278902997,-7.05964814818257],[-34.850329093561299,-7.05977168670949]]]}},
{"type":"Feature","properties":{"id":null,"Name":null,"description":null,"timestamp":null,"begin":null,"end":null,"altitudeMode":null,"tessellate":-1,"extrude":0,"visibility":-1,"drawOrder":null,"icon":null,"FID":1750.0},"geometry":{"type":"MultiLineString","coordinates":[[[-34.8504727289464,-7.05868009371733],[-34.850463679186902,-7.05900458581202],[-34.850426354445197,-7.05932705516514],[-34.850361038724202,-7.05964504759856],[-34.850360259221603,-7.05964814315939]]]}},
{"type":"Feature","properties":{"id":null,"Name":null,"description":null,"timestamp":null,"begin":null,"end":null,"altitudeMode":null,"tessellate":-1,"extrude":0,"visibility":-1,"drawOrder":null,"icon":null,"FID":1751.0},"geometry":{"type":"MultiLineString","coordinates":[[[-34.850453491266101,-7.05746012622999],[-34.850472728946599,-7.05868009373044]]]}},
{"type":"Feature","properties":{"id":null,"Name":null,"description":null,"timestamp":null,"begin":null,"end":null,"altitudeMode":null,"tessellate":-1,"extrude":0,"visibility":-1,"drawOrder":null,"icon":null,"FID":1752.0},"geometry":{"type":"MultiLineString","coordinates":[[[-34.850315542247202,-7.05649776620039],[-34.850390642336599,-7.05682546827728],[-34.850436867438901,-7.05715846226017],[-34.850453479280802,-7.05746012653578]]]}},
{"type":"Feature","properties":{"id":null,"Name":null,"description":null,"timestamp":null,"begin":null,"end":null,"altitudeMode":null,"tessellate":-1,"extrude":0,"visibility":-1,"drawOrder":null,"icon":null,"FID":1753.0},"geometry":{"type":"MultiLineString","coordinates":[[[-34.850091762082101,-7.05568601384201],[-34.850315542235599,-7.05649776615803]]]}},
{"type":"Feature","properties":{"id":null,"Name":null,"description":null,"timestamp":null,"begin":null,"end":null,"altitudeMode":null,"tessellate":-1,"extrude":0,"visibility":-1,"drawOrder":null,"icon":null,"FID":1754.0},"geometry":{"type":"MultiLineString","coordinates":[[[-34.849458601175897,-7.05520679797931],[-34.8495155323033,-7.05520896841359],[-34.849572057438003,-7.05521608757297],[-34.849627746391498,-7.0552281012761],[-34.849682175339197,-7.05524491809138],[-34.849734930045599,-7.05526641003281],[-34.849785609017196,-7.05529241353403],[-34.849833826557898,-7.05532273069311],[-34.849879215704199,-7.05535713077879],[-34.849921431018402,-7.05539535198638],[-34.849960151216898,-7.05543710343022],[-34.8499950816162,-7.05548206735758],[-34.850025956374701,-7.05552990156678],[-34.8500525405166,-7.05558024201161],[-34.850074631719799,-7.05563270557186],[-34.850091816117498,-7.05568599898022]]]}},
{"type":"Feature","properties":{"id":null,"Name":null,"description":null,"timestamp":null,"begin":null,"end":null,"altitudeMode":null,"tessellate":-1,"extrude":0,"visibility":-1,"drawOrder":null,"icon":null,"FID":1755.0},"geometry":{"type":"MultiLineString","coordinates":[[[-34.848814777323597,-7.05521034290588],[-34.849458601182903,-7.05520679797927]]]}},
{"type":"Feature","properties":{"id":null,"Name":null,"description":null,"timestamp":null,"begin":null,"end":null,"altitudeMode":null,"tessellate":-1,"extrude":0,"visibility":-1,"drawOrder":null,"icon":null,"FID":1756.0},"geometry":{"type":"MultiLineString","coordinates":[[[-34.848169732095499,-7.05565890909845],[-34.8481934791334,-7.05560334725814],[-34.848221983110001,-7.05555006449924],[-34.848255027091099,-7.05549946633522],[-34.848292359590801,-7.05545193784797],[-34.848333696485199,-7.0554078407571],[-34.848378723175102,-7.05536751066715],[-34.848427096979599,-7.05533125451337],[-34.848478449745201,-7.05529934822593],[-34.848532390646497,-7.05527203462974],[-34.848588509161601,-7.0552495215967],[-34.848646378195802,-7.05523198046345],[-34.848705557332302,-7.05521954472764],[-34.848765596183597,-7.05521230903182],[-34.848814777083902,-7.05521029782541]]]}},
{"type":"Feature","properties":{"id":null,"Name":null,"description":null,"timestamp":null,"begin":null,"end":null,"altitudeMode":null,"tessellate":-1,"extrude":0,"visibility":-1,"drawOrder":null,"icon":null,"FID":1757.0},"geometry":{"type":"MultiLineString","coordinates":[[[-34.847927920152898,-7.05630081084562],[-34.848169732094199,-7.05565890910194]]]}},
{"type":"Feature","properties":{"id":null,"Name":null,"description":null,"timestamp":null,"begin":null,"end":null,"altitudeMode":null,"tessellate":-1,"extrude":0,"visibility":-1,"drawOrder":null,"icon":null,"FID":1758.0},"geometry":{"type":"MultiLineString","coordinates":[[[-34.847838348342499,-7.05445925273401],[-34.847927920152898,-7.05630081084562]]]}},
{"type":"Feature","properties":{"id":null,"Name":null,"description":null,"timestamp":null,"begin":null,"end":null,"altitudeMode":null,"tessellate":-1,"extrude":0,"visibility":-1,"drawOrder":null,"icon":null,"FID":1759.0},"geometry":{"type":"MultiLineString","coordinates":[[[-34.8477370467646,-7.05385858180523],[-34.847790945778698,-7.05407707102121],[-34.847825578457602,-7.05429942180295],[-34.847838348154603,-7.05445925282141]]]}},
{"type":"Feature","properties":{"id":null,"Name":null,"description":null,"timestamp":null,"begin":null,"end":null,"altitudeMode":null,"tessellate":-1,"extrude":0,"visibility":-1,"drawOrder":null,"icon":null,"FID":1760.0},"geometry":{"type":"MultiLineString","coordinates":[[[-34.847492554381297,-7.05302557090504],[-34.847737046752201,-7.05385858176306]]]}},
{"type":"Feature","properties":{"id":null,"Name":null,"description":null,"timestamp":null,"begin":null,"end":null,"altitudeMode":null,"tessellate":-1,"extrude":0,"visibility":-1,"drawOrder":null,"icon":null,"FID":1761.0},"geometry":{"type":"MultiLineString","coordinates":[[[-34.847177640684798,-7.05227805756923],[-34.847319156890599,-7.05255793109583],[-34.847435718309299,-7.05284906143092],[-34.847492524486903,-7.0530255796894]]]}},
{"type":"Feature","properties":{"id":null,"Name":null,"description":null,"timestamp":null,"begin":null,"end":null,"altitudeMode":null,"tessellate":-1,"extrude":0,"visibility":-1,"drawOrder":null,"icon":null,"FID":1.0},"geometry":{"type":"MultiLineString","coordinates":[[[-34.832527997248,-7.0280137958268],[-34.833909770309297,-7.02834780673214]]]}},
{"type":"Feature","properties":{"id":null,"Name":null,"description":null,"timestamp":null,"begin":null,"end":null,"altitudeMode":null,"tessellate":-1,"extrude":0,"visibility":-1,"drawOrder":null,"icon":null,"FID":2.0},"geometry":{"type":"MultiLineString","coordinates":[[[-34.8320618466702,-7.02868559241189],[-34.832041776513201,-7.02865304651987],[-34.832024621923303,-7.02861887686413],[-34.832010513457099,-7.02858334349683],[-34.8319995584881,-7.02854671684881],[-34.831991840389499,-7.02850927567135],[-34.831987417900201,-7.02847130491475],[-34.831986324677203,-7.02843309355973],[-34.831988569039702,-7.02839493241798],[-34.8319941339061,-7.02835711191901],[-34.832002976923398,-7.02831991989975],[-34.832015030790103,-7.0282836394139],[-34.832030203768298,-7.02824854657783],[-34.8320483803817,-7.02821490846903],[-34.832069422294701,-7.02818298109363],[-34.832093169365102,-7.02815300743795],[-34.832119440862897,-7.02812521561923],[-34.832148036846,-7.02809981714966],[-34.832178739681503,-7.02807700532647],[-34.832211315702402,-7.02805695376098],[-34.832245516985601,-7.02803981505726],[-34.832281083239003,-7.02802571965071],[-34.832317743782497,-7.02801477481553],[-34.832355219607699,-7.02800706384804],[-34.832393225501598,-7.02800264543309],[-34.832431472217102,-7.02800155319713],[-34.832469668674598,-7.02800379545252],[-34.832507524176698,-7.02800935513419],[-34.832527998779199,-7.02801378947897]]]}},
{"type":"Feature","properties":{"id":null,"Name":null,"description":null,"timestamp":null,"begin":null,"end":null,"altitudeMode":null,"tessellate":-1,"extrude":0,"visibility":-1,"drawOrder":null,"icon":null,"FID":3.0},"geometry":{"type":"MultiLineString","coordinates":[[[-34.833970450860797,-7.03149761782893],[-34.832061846667401,-7.02868559240784]]]}},
{"type":"Feature","properties":{"id":null,"Name":null,"description":null,"timestamp":null,"begin":null,"end":null,"altitudeMode":null,"tessellate":-1,"extrude":0,"visibility":-1,"drawOrder":null,"icon":null,"FID":4.0},"geometry":{"type":"MultiLineString","coordinates":[[[-34.833970450829902,-7.03149761778344],[-34.834174637695099,-7.03182869165668],[-34.834349165953398,-7.03217628500783],[-34.834376082967196,-7.03223751677334]]]}},
{"type":"Feature","properties":{"id":null,"Name":null,"description":null,"timestamp":null,"begin":null,"end":null,"altitudeMode":null,"tessellate":-1,"extrude":0,"visibility":-1,"drawOrder":null,"icon":null,"FID":5.0},"geometry":{"type":"MultiLineString","coordinates":[[[-34.834587234288399,-7.03272791587505],[-34.8343760753053,-7.0322375201339]]]}},
{"type":"Feature","properties":{"id":null,"Name":null,"description":null,"timestamp":null,"begin":null,"end":null,"altitudeMode":null,"tessellate":-1,"extrude":0,"visibility":-1,"drawOrder":null,"icon":null,"FID":6.0},"geometry":{"type":"MultiLineString","coordinates":[[[-34.834974896658601,-7.03341011248122],[-34.834803282693798,-7.03315002693056],[-34.834655011170703,-7.03287598784546],[-34.834587201580199,-7.03272792987053]]]}},
{"type":"Feature","properties":{"id":null,"Name":null,"description":null,"timestamp":null,"begin":null,"end":null,"altitudeMode":null,"tessellate":-1,"extrude":0,"visibility":-1,"drawOrder":null,"icon":null,"FID":7.0},"geometry":{"type":"MultiLineString","coordinates":[[[-34.835222305366202,-7.03375154308907],[-34.834974896687498,-7.03341011252102]]]}},
{"type":"Feature","properties":{"id":null,"Name":null,"description":null,"timestamp":null,"begin":null,"end":null,"altitudeMode":null,"tessellate":-1,"extrude":0,"visibility":-1,"drawOrder":null,"icon":null,"FID":8.0},"geometry":{"type":"MultiLineString","coordinates":[[[-34.8352223053706,-7.03375154309525],[-34.835239348114598,-7.0337773771993],[-34.835254072304799,-7.03380459697654],[-34.835266365881097,-7.0338329952683],[-34.835276135281802,-7.03386235594672],[-34.835283306155297,-7.03389245555959],[-34.835287823926599,-7.03392306503092],[-34.835289654212403,-7.03395395140435],[-34.835288783082397,-7.0339848796161],[-34.835285217166003,-7.03401561428394],[-34.835285107355901,-7.03401629408036]]]}},
{"type":"Feature","properties":{"id":null,"Name":null,"description":null,"timestamp":null,"begin":null,"end":null,"altitudeMode":null,"tessellate":-1,"extrude":0,"visibility":-1,"drawOrder":null,"icon":null,"FID":9.0},"geometry":{"type":"MultiLineString","coordinates":[[[-34.835102420185301,-7.03514096271693],[-34.835285156290503,-7.03401630201861]]]}},
{"type":"Feature","properties":{"id":null,"Name":null,"description":null,"timestamp":null,"begin":null,"end":null,"altitudeMode":null,"tessellate":-1,"extrude":0,"visibility":-1,"drawOrder":null,"icon":null,"FID":10.0},"geometry":{"type":"MultiLineString","coordinates":[[[-34.833056747612197,-7.03306066846523],[-34.835102420185301,-7.03514096271693]]]}},
{"type":"Feature","properties":{"id":null,"Name":null,"description":null,"timestamp":null,"begin":null,"end":null,"altitudeMode":null,"tessellate":-1,"extrude":0,"visibility":-1,"drawOrder":null,"icon":null,"FID":11.0},"geometry":{"type":"MultiLineString","coordinates":[[[-34.832198996914698,-7.0323227146734],[-34.832663316493999,-7.03269110584469],[-34.833056772099603,-7.03306064423038]]]}},
{"type":"Feature","properties":{"id":null,"Name":null,"description":null,"timestamp":null,"begin":null,"end":null,"altitudeMode":null,"tessellate":-1,"extrude":0,"visibility":-1,"drawOrder":null,"icon":null,"FID":12.0},"geometry":{"type":"MultiLineString","coordinates":[[[-34.830808600363397,-7.03131514444118],[-34.832198996929499,-7.03232271468407]]]}},
{"type":"Feature","properties":{"id":null,"Name":null,"description":null,"timestamp":null,"begin":null,"end":null,"altitudeMode":null,"tessellate":-1,"extrude":0,"visibility":-1,"drawOrder":null,"icon":null,"FID":13.0},"geometry":{"type":"MultiLineString","coordinates":[[[-34.8308086003833,-7.03131514445562],[-34.830652921555597,-7.03119162911632],[-34.830508610326703,-7.03105502806133],[-34.830376764999102,-7.03090638091769],[-34.830258388998303,-7.0307468189913],[-34.830154383236398,-7.03057755665676],[-34.830065539254903,-7.03039988211486],[-34.829992533201697,-7.03021514758818],[-34.829935920684598,-7.03002475902959],[-34.829896132543603,-7.02983016542161],[-34.829873471572697,-7.02963284774858],[-34.829868110215102,-7.02943430772516],[-34.829868580626801,-7.02941242027132]]]}},
{"type":"Feature","properties":{"id":null,"Name":null,"description":null,"timestamp":null,"begin":null,"end":null,"altitudeMode":null,"tessellate":-1,"extrude":0,"visibility":-1,"drawOrder":null,"icon":null,"FID":14.0},"geometry":{"type":"MultiLineString","coordinates":[[[-34.82994630188,-7.02645283571019],[-34.829868558999699,-7.02941241965327]]]}},
{"type":"Feature","properties":{"id":null,"Name":null,"description":null,"timestamp":null,"begin":null,"end":null,"altitudeMode":null,"tessellate":-1,"extrude":0,"visibility":-1,"drawOrder":null,"icon":null,"FID":15.0},"geometry":{"type":"MultiLineString","coordinates":[[[-34.82994630188,-7.02645283571041],[-34.829947397898103,-7.0264372020373],[-34.829949853566497,-7.02642172329127],[-34.829953650195897,-7.02640651727498],[-34.8299587588916,-7.02639169971539],[-34.829960437864798,-7.02638759219846]]]}},
{"type":"Feature","properties":{"id":null,"Name":null,"description":null,"timestamp":null,"begin":null,"end":null,"altitudeMode":null,"tessellate":-1,"extrude":0,"visibility":-1,"drawOrder":null,"icon":null,"FID":16.0},"geometry":{"type":"MultiLineString","coordinates":[[[-34.830031992461798,-7.02621859772639],[-34.829960435893597,-7.02638759136433]]]}},
{"type":"Feature","properties":{"id":null,"Name":null,"description":null,"timestamp":null,"begin":null,"end":null,"altitudeMode":null,"tessellate":-1,"extrude":0,"visibility":-1,"drawOrder":null,"icon":null,"FID":34.0},"geometry":{"type":"MultiLineString","coordinates":[[[-34.837605007123798,-7.0368203595976],[-34.838068809343298,-7.03736979535917]]]}},
{"type":"Feature","properties":{"id":null,"Name":null,"description":null,"timestamp":null,"begin":null,"end":null,"altitudeMode":null,"tessellate":-1,"extrude":0,"visibility":-1,"drawOrder":null,"icon":null,"FID":35.0},"geometry":{"type":"MultiLineString","coordinates":[[[-34.8368059736978,-7.03672593903134],[-34.8368486082639,-7.03669734255056],[-34.836893575288897,-7.03667256722549],[-34.836940532547104,-7.03665180161048],[-34.836989122665997,-7.03663520374362],[-34.837038975846497,-7.03662289994395],[-34.8370897126768,-7.03661498385015],[-34.837140947020401,-7.03661151570788],[-34.837192288954299,-7.03661252191132],[-34.837243347737001,-7.03661799480232],[-34.837293734781703,-7.03662789272863],[-34.837343066614203,-7.036642140361],[-34.837390967790803,-7.03666062926637],[-34.837437073756099,-7.03668321873325],[-34.837481033616903,-7.03670973684248],[-34.837522512813301,-7.03673998177568],[-34.837561195664399,-7.03677372335125],[-34.8375967877707,-7.03681070477606],[-34.837605070951902,-7.03682030583147]]]}},
{"type":"Feature","properties":{"id":null,"Name":null,"description":null,"timestamp":null,"begin":null,"end":null,"altitudeMode":null,"tessellate":-1,"extrude":0,"visibility":-1,"drawOrder":null,"icon":null,"FID":36.0},"geometry":{"type":"MultiLineString","coordinates":[[[-34.836765095513897,-7.03675602668918],[-34.8368059736896,-7.03672593903742]]]}},
{"type":"Feature","properties":{"id":null,"Name":null,"description":null,"timestamp":null,"begin":null,"end":null,"altitudeMode":null,"tessellate":-1,"extrude":0,"visibility":-1,"drawOrder":null,"icon":null,"FID":37.0},"geometry":{"type":"MultiLineString","coordinates":[[[-34.836296613342299,-7.03598246969851],[-34.836765095513897,-7.03675602668918]]]}},
{"type":"Feature","properties":{"id":null,"Name":null,"description":null,"timestamp":null,"begin":null,"end":null,"altitudeMode":null,"tessellate":-1,"extrude":0,"visibility":-1,"drawOrder":null,"icon":null,"FID":38.0},"geometry":{"type":"MultiLineString","coordinates":[[[-34.836296613338298,-7.03598246969189],[-34.836247628359303,-7.03589298304384],[-34.836206636433303,-7.03579957161058],[-34.836173949530902,-7.03570294631262],[-34.836149816415301,-7.03560384252974],[-34.836134420749701,-7.03550301450424],[-34.836127879699298,-7.03540122960058],[-34.836130243039896,-7.03529926246513],[-34.836141492779099,-7.03519788913077],[-34.836161543293599,-7.03509788111065],[-34.836190241980901,-7.03499999952644],[-34.836207590319702,-7.03495254638261]]]}},
{"type":"Feature","properties":{"id":null,"Name":null,"description":null,"timestamp":null,"begin":null,"end":null,"altitudeMode":null,"tessellate":-1,"extrude":0,"visibility":-1,"drawOrder":null,"icon":null,"FID":39.0},"geometry":{"type":"MultiLineString","coordinates":[[[-34.836487130956101,-7.03423654016223],[-34.836207586186703,-7.03495254478903]]]}},
{"type":"Feature","properties":{"id":null,"Name":null,"description":null,"timestamp":null,"begin":null,"end":null,"altitudeMode":null,"tessellate":-1,"extrude":0,"visibility":-1,"drawOrder":null,"icon":null,"FID":40.0},"geometry":{"type":"MultiLineString","coordinates":[[[-34.836273993032201,-7.03347355378137],[-34.836318111857103,-7.03351055082016],[-34.836358835275803,-7.03355124867545],[-34.836395853359001,-7.03359533761291],[-34.836428884376801,-7.03364248209009],[-34.836457676943198,-7.03369232331005],[-34.836482011928801,-7.03374448195203],[-34.8365017041287,-7.03379856105831],[-34.8365166036725,-7.03385414905515],[-34.836526597164102,-7.0339108228852],[-34.836531608545599,-7.03396815122717],[-34.836531599675503,-7.03402569777839],[-34.836526570619498,-7.03408302457533],[-34.836516559649802,-7.03413969532677],[-34.836501642953998,-7.03419527873422],[-34.836487096694903,-7.03423652683934]]]}},
{"type":"Feature","properties":{"id":null,"Name":null,"description":null,"timestamp":null,"begin":null,"end":null,"altitudeMode":null,"tessellate":-1,"extrude":0,"visibility":-1,"drawOrder":null,"icon":null,"FID":41.0},"geometry":{"type":"MultiLineString","coordinates":[[[-34.8360365310524,-7.03329139543922],[-34.836273993021898,-7.03347355377347]]]}},
{"type":"Feature","properties":{"id":null,"Name":null,"description":null,"timestamp":null,"begin":null,"end":null,"altitudeMode":null,"tessellate":-1,"extrude":0,"visibility":-1,"drawOrder":null,"icon":null,"FID":42.0},"geometry":{"type":"MultiLineString","coordinates":[[[-34.836036531048897,-7.03329139543651],[-34.836018310368303,-7.03327610812099],[-34.836001492650098,-7.03325929242727],[-34.835986205887401,-7.03324107633308],[-34.835972566421603,-7.03322159847408],[-34.835960678057397,-7.03320100708871],[-34.835950631272198,-7.03317945889001],[-34.835942502527999,-7.03315711787294],[-34.835936353689199,-7.03313415406631],[-34.8359322315521,-7.03311074223874],[-34.8359301674883,-7.03308706056842],[-34.835930025929699,-7.033083135746]]]}},
{"type":"Feature","properties":{"id":null,"Name":null,"description":null,"timestamp":null,"begin":null,"end":null,"altitudeMode":null,"tessellate":-1,"extrude":0,"visibility":-1,"drawOrder":null,"icon":null,"FID":43.0},"geometry":{"type":"MultiLineString","coordinates":[[[-34.835878104713103,-7.0312964757672],[-34.835930009721601,-7.03308313621421]]]}}
]
}
