{
"type": "FeatureCollection",
"name": "Poligonos",
"crs": { "type": "name", "properties": { "name": "urn:ogc:def:crs:EPSG::31985" } },
"features": [
{ "type": "Feature", "properties": { "fid": 7, "Endereco": "Rua Alfredo Nóbrega", "Proprietario": null, "Situacao_Ocupacao": null, "Bairro": "Camboinha", "Quadra": "A", "Lote": "02", "Municipio": "Cabedelo-PB", "Inquerito_Policial": null, "Area": null, "Habite_se": null, "Fase_investigacao": "7. Sem definição", "Laudo_SPU": null, "Area_invadida": null, "Pericia_PF": null, "Pericia_PF_link": null, "Laudo_SPU_link": null, "habite-se_link": null, "alvara_municipal_link": null, "Inquerito_policial_link": null, "numero_inquerito_policial": null, "numero_alvara_municipal": null, "numero_habite-se": null, "numero_pericia_PF": null, "numero_laudo_SPU": null, "AutoJudicial": null, "area_iinquerito_PF": null, "area_spu": null, "pericia_01": null, "Pericia_02": null, "Pericia_03": null, "Loteamento": "Jardim Atlântico", "area_pecunia": null, "Situacao_recuo": null, "valor_m2": null, "valor_total": 0.0, "valor_formatado": "R$ 0,00", "Num_imovel": null, "CPF:": null, "alvara_municipal": null, "obs_pericia_pf": null, "obs_laudo_SPU": null, "obs_alvara": null, "obs_habite_se": null, "obs_pecunia": null, "obs_inquerito_pf": null }, "geometry": { "type": "MultiPolygon", "coordinates": [ [ [ [ 297979.796143929183017, 9224221.072162831202149 ], [ 297981.391403278685175, 9224220.459610970690846 ], [ 297976.159601712599397, 9224206.400719394907355 ], [ 297947.937815237382893, 9224217.237394861876965 ], [ 297951.574357454082929, 9224231.908838298171759 ], [ 297979.796143929183017, 9224221.072162831202149 ] ] ] ] } },
{ "type": "Feature", "properties": { "fid": 13, "Endereco": "Rua Alfredo Nóbrega", "Proprietario": null, "Situacao_Ocupacao": null, "Bairro": "Camboinha", "Quadra": "A", "Lote": "01", "Municipio": "Cabedelo-PB", "Inquerito_Policial": null, "Area": null, "Habite_se": null, "Fase_investigacao": "7. Sem definição", "Laudo_SPU": null, "Area_invadida": null, "Pericia_PF": null, "Pericia_PF_link": null, "Laudo_SPU_link": null, "habite-se_link": null, "alvara_municipal_link": null, "Inquerito_policial_link": null, "numero_inquerito_policial": null, "numero_alvara_municipal": null, "numero_habite-se": null, "numero_pericia_PF": null, "numero_laudo_SPU": null, "AutoJudicial": null, "area_iinquerito_PF": null, "area_spu": null, "pericia_01": null, "Pericia_02": null, "Pericia_03": null, "Loteamento": "Jardim Atlântico", "area_pecunia": null, "Situacao_recuo": null, "valor_m2": null, "valor_total": 0.0, "valor_formatado": "R$ 0,00", "Num_imovel": null, "CPF:": null, "alvara_municipal": null, "obs_pericia_pf": null, "obs_laudo_SPU": null, "obs_alvara": null, "obs_habite_se": null, "obs_pecunia": null, "obs_inquerito_pf": null }, "geometry": { "type": "MultiPolygon", "coordinates": [ [ [ [ 297947.937815237382893, 9224217.237394861876965 ], [ 297976.159601712715812, 9224206.400719394907355 ], [ 297979.219681299116928, 9224205.225702019408345 ], [ 297975.287408795382362, 9224190.96095622330904 ], [ 297972.523059496015776, 9224191.729275958612561 ], [ 297943.607284372788854, 9224199.76608975045383 ], [ 297947.937815237382893, 9224217.237394861876965 ] ] ] ] } },
{ "type": "Feature", "properties": { "fid": 18, "Endereco": "Avenida Max Zagel", "Proprietario": null, "Situacao_Ocupacao": null, "Bairro": "Camboinha", "Quadra": "03", "Lote": "10", "Municipio": "Cabedelo-PB", "Inquerito_Policial": null, "Area": null, "Habite_se": null, "Fase_investigacao": "7. Sem definição", "Laudo_SPU": null, "Area_invadida": null, "Pericia_PF": null, "Pericia_PF_link": null, "Laudo_SPU_link": null, "habite-se_link": null, "alvara_municipal_link": null, "Inquerito_policial_link": null, "numero_inquerito_policial": null, "numero_alvara_municipal": null, "numero_habite-se": null, "numero_pericia_PF": null, "numero_laudo_SPU": null, "AutoJudicial": null, "area_iinquerito_PF": null, "area_spu": null, "pericia_01": null, "Pericia_02": null, "Pericia_03": null, "Loteamento": "Jardim Atlântico", "area_pecunia": null, "Situacao_recuo": null, "valor_m2": null, "valor_total": 0.0, "valor_formatado": "R$ 0,00", "Num_imovel": null, "CPF:": null, "alvara_municipal": null, "obs_pericia_pf": null, "obs_laudo_SPU": null, "obs_alvara": null, "obs_habite_se": null, "obs_pecunia": null, "obs_inquerito_pf": null }, "geometry": { "type": "MultiPolygon", "coordinates": [ [ [ [ 298077.232815834984649, 9224573.823974821716547 ], [ 298073.16689344792394, 9224559.380088299512863 ], [ 298042.134582110389601, 9224567.235839661210775 ], [ 298046.200504497508518, 9224581.679726185277104 ], [ 298077.232815834984649, 9224573.823974821716547 ] ] ] ] } },
{ "type": "Feature", "properties": { "fid": 21, "Endereco": "Avenida Max Zagel", "Proprietario": null, "Situacao_Ocupacao": null, "Bairro": "Camboinha", "Quadra": "03", "Lote": "07", "Municipio": "Cabedelo-PB", "Inquerito_Policial": null, "Area": null, "Habite_se": null, "Fase_investigacao": "7. Sem definição", "Laudo_SPU": null, "Area_invadida": null, "Pericia_PF": null, "Pericia_PF_link": null, "Laudo_SPU_link": null, "habite-se_link": null, "alvara_municipal_link": null, "Inquerito_policial_link": null, "numero_inquerito_policial": null, "numero_alvara_municipal": null, "numero_habite-se": null, "numero_pericia_PF": null, "numero_laudo_SPU": null, "AutoJudicial": null, "area_iinquerito_PF": null, "area_spu": null, "pericia_01": null, "Pericia_02": null, "Pericia_03": null, "Loteamento": "Jardim Atlântico", "area_pecunia": null, "Situacao_recuo": null, "valor_m2": null, "valor_total": 0.0, "valor_formatado": "R$ 0,00", "Num_imovel": null, "CPF:": null, "alvara_municipal": null, "obs_pericia_pf": null, "obs_laudo_SPU": null, "obs_alvara": null, "obs_habite_se": null, "obs_pecunia": null, "obs_inquerito_pf": null }, "geometry": { "type": "MultiPolygon", "coordinates": [ [ [ [ 298066.661417629104108, 9224536.269869865849614 ], [ 298090.156102439796086, 9224530.322249649092555 ], [ 298086.68250242958311, 9224518.823051121085882 ], [ 298063.408679719723295, 9224524.714760646224022 ], [ 298032.376368382188957, 9224532.570512011647224 ], [ 298035.629106291627977, 9224544.125621229410172 ], [ 298066.661417629104108, 9224536.269869865849614 ] ] ] ] } },
{ "type": "Feature", "properties": { "fid": 36, "Endereco": "Avenida Max Zagel", "Proprietario": null, "Situacao_Ocupacao": null, "Bairro": "Camboinha", "Quadra": "02", "Lote": "02", "Municipio": "Cabedelo-PB", "Inquerito_Policial": null, "Area": null, "Habite_se": null, "Fase_investigacao": "7. Sem definição", "Laudo_SPU": null, "Area_invadida": null, "Pericia_PF": null, "Pericia_PF_link": null, "Laudo_SPU_link": null, "habite-se_link": null, "alvara_municipal_link": null, "Inquerito_policial_link": null, "numero_inquerito_policial": null, "numero_alvara_municipal": null, "numero_habite-se": null, "numero_pericia_PF": null, "numero_laudo_SPU": null, "AutoJudicial": null, "area_iinquerito_PF": null, "area_spu": null, "pericia_01": null, "Pericia_02": null, "Pericia_03": null, "Loteamento": "Jardim Atlântico", "area_pecunia": null, "Situacao_recuo": null, "valor_m2": null, "valor_total": 0.0, "valor_formatado": "R$ 0,00", "Num_imovel": null, "CPF:": null, "alvara_municipal": null, "obs_pericia_pf": null, "obs_laudo_SPU": null, "obs_alvara": null, "obs_habite_se": null, "obs_pecunia": null, "obs_inquerito_pf": null }, "geometry": { "type": "MultiPolygon", "coordinates": [ [ [ [ 298087.748539115593303, 9224611.691150050610304 ], [ 298084.501811880501918, 9224600.134350528940558 ], [ 298053.465418677893467, 9224607.973959796130657 ], [ 298056.712145912984852, 9224619.530759315937757 ], [ 298087.748539115593303, 9224611.691150050610304 ] ] ] ] } },
{ "type": "Feature", "properties": { "fid": 37, "Endereco": "Avenida Max Zagel", "Proprietario": null, "Situacao_Ocupacao": null, "Bairro": "Camboinha", "Quadra": "02", "Lote": "01", "Municipio": "Cabedelo-PB", "Inquerito_Policial": null, "Area": null, "Habite_se": null, "Fase_investigacao": "7. Sem definição", "Laudo_SPU": null, "Area_invadida": null, "Pericia_PF": null, "Pericia_PF_link": null, "Laudo_SPU_link": null, "habite-se_link": null, "alvara_municipal_link": null, "Inquerito_policial_link": null, "numero_inquerito_policial": null, "numero_alvara_municipal": null, "numero_habite-se": null, "numero_pericia_PF": null, "numero_laudo_SPU": null, "AutoJudicial": null, "area_iinquerito_PF": null, "area_spu": null, "pericia_01": null, "Pericia_02": null, "Pericia_03": null, "Loteamento": "Jardim Atlântico", "area_pecunia": null, "Situacao_recuo": null, "valor_m2": null, "valor_total": 0.0, "valor_formatado": "R$ 0,00", "Num_imovel": null, "CPF:": null, "alvara_municipal": null, "obs_pericia_pf": null, "obs_laudo_SPU": null, "obs_alvara": null, "obs_habite_se": null, "obs_pecunia": null, "obs_inquerito_pf": null }, "geometry": { "type": "MultiPolygon", "coordinates": [ [ [ [ 298084.501811880501918, 9224600.134350528940558 ], [ 298080.443402836215682, 9224585.68835112825036 ], [ 298049.407009633723646, 9224593.527960389852524 ], [ 298053.465418677893467, 9224607.973959796130657 ], [ 298084.501811880501918, 9224600.134350528940558 ] ] ] ] } },
{ "type": "Feature", "properties": { "fid": 38, "Endereco": "Avenida Max Zagel", "Proprietario": null, "Situacao_Ocupacao": null, "Bairro": "Camboinha", "Quadra": "01", "Lote": "08", "Municipio": "Cabedelo-PB", "Inquerito_Policial": null, "Area": null, "Habite_se": null, "Fase_investigacao": "7. Sem definição", "Laudo_SPU": null, "Area_invadida": null, "Pericia_PF": null, "Pericia_PF_link": null, "Laudo_SPU_link": null, "habite-se_link": null, "alvara_municipal_link": null, "Inquerito_policial_link": null, "numero_inquerito_policial": null, "numero_alvara_municipal": null, "numero_habite-se": null, "numero_pericia_PF": null, "numero_laudo_SPU": null, "AutoJudicial": null, "area_iinquerito_PF": null, "area_spu": null, "pericia_01": null, "Pericia_02": null, "Pericia_03": null, "Loteamento": "Jardim Atlântico", "area_pecunia": null, "Situacao_recuo": null, "valor_m2": null, "valor_total": 0.0, "valor_formatado": "R$ 0,00", "Num_imovel": null, "CPF:": null, "alvara_municipal": null, "obs_pericia_pf": null, "obs_laudo_SPU": null, "obs_alvara": null, "obs_habite_se": null, "obs_pecunia": null, "obs_inquerito_pf": null }, "geometry": { "type": "MultiPolygon", "coordinates": [ [ [ [ 298144.144052719988395, 9224813.591114029288292 ], [ 298140.96258597477572, 9224802.018119400367141 ], [ 298109.940083231311291, 9224809.892259722575545 ], [ 298113.121549976523966, 9224821.465254349634051 ], [ 298144.144052719988395, 9224813.591114029288292 ] ] ] ] } },
{ "type": "Feature", "properties": { "fid": 39, "Endereco": "Avenida Max Zagel", "Proprietario": null, "Situacao_Ocupacao": null, "Bairro": "Camboinha", "Quadra": "01", "Lote": "07", "Municipio": "Cabedelo-PB", "Inquerito_Policial": null, "Area": null, "Habite_se": null, "Fase_investigacao": "7. Sem definição", "Laudo_SPU": null, "Area_invadida": null, "Pericia_PF": null, "Pericia_PF_link": null, "Laudo_SPU_link": null, "habite-se_link": null, "alvara_municipal_link": null, "Inquerito_policial_link": null, "numero_inquerito_policial": null, "numero_alvara_municipal": null, "numero_habite-se": null, "numero_pericia_PF": null, "numero_laudo_SPU": null, "AutoJudicial": null, "area_iinquerito_PF": null, "area_spu": null, "pericia_01": null, "Pericia_02": null, "Pericia_03": null, "Loteamento": "Jardim Atlântico", "area_pecunia": null, "Situacao_recuo": null, "valor_m2": null, "valor_total": 0.0, "valor_formatado": "R$ 0,00", "Num_imovel": null, "CPF:": null, "alvara_municipal": null, "obs_pericia_pf": null, "obs_laudo_SPU": null, "obs_alvara": null, "obs_habite_se": null, "obs_pecunia": null, "obs_inquerito_pf": null }, "geometry": { "type": "MultiPolygon", "coordinates": [ [ [ [ 298140.96258597477572, 9224802.018119400367141 ], [ 298137.781119229621254, 9224790.445124773308635 ], [ 298106.758616486098617, 9224798.319265091791749 ], [ 298109.940083231311291, 9224809.892259722575545 ], [ 298140.96258597477572, 9224802.018119400367141 ] ] ] ] } },
{ "type": "Feature", "properties": { "fid": 40, "Endereco": "Avenida Max Zagel", "Proprietario": null, "Situacao_Ocupacao": null, "Bairro": "Camboinha", "Quadra": "01", "Lote": "06", "Municipio": "Cabedelo-PB", "Inquerito_Policial": null, "Area": null, "Habite_se": null, "Fase_investigacao": "7. Sem definição", "Laudo_SPU": null, "Area_invadida": null, "Pericia_PF": null, "Pericia_PF_link": null, "Laudo_SPU_link": null, "habite-se_link": null, "alvara_municipal_link": null, "Inquerito_policial_link": null, "numero_inquerito_policial": null, "numero_alvara_municipal": null, "numero_habite-se": null, "numero_pericia_PF": null, "numero_laudo_SPU": null, "AutoJudicial": null, "area_iinquerito_PF": null, "area_spu": null, "pericia_01": null, "Pericia_02": null, "Pericia_03": null, "Loteamento": "Jardim Atlântico", "area_pecunia": null, "Situacao_recuo": null, "valor_m2": null, "valor_total": 0.0, "valor_formatado": "R$ 0,00", "Num_imovel": null, "CPF:": null, "alvara_municipal": null, "obs_pericia_pf": null, "obs_laudo_SPU": null, "obs_alvara": null, "obs_habite_se": null, "obs_pecunia": null, "obs_inquerito_pf": null }, "geometry": { "type": "MultiPolygon", "coordinates": [ [ [ [ 298137.781119229621254, 9224790.445124773308635 ], [ 298134.599652484524995, 9224778.872130140662193 ], [ 298103.577149740885943, 9224786.746270464733243 ], [ 298106.758616486098617, 9224798.319265091791749 ], [ 298137.781119229621254, 9224790.445124773308635 ] ] ] ] } },
{ "type": "Feature", "properties": { "fid": 41, "Endereco": "Avenida Max Zagel", "Proprietario": null, "Situacao_Ocupacao": null, "Bairro": "Camboinha", "Quadra": "01", "Lote": "05", "Municipio": "Cabedelo-PB", "Inquerito_Policial": null, "Area": null, "Habite_se": null, "Fase_investigacao": "7. Sem definição", "Laudo_SPU": null, "Area_invadida": null, "Pericia_PF": null, "Pericia_PF_link": null, "Laudo_SPU_link": null, "habite-se_link": null, "alvara_municipal_link": null, "Inquerito_policial_link": null, "numero_inquerito_policial": null, "numero_alvara_municipal": null, "numero_habite-se": null, "numero_pericia_PF": null, "numero_laudo_SPU": null, "AutoJudicial": null, "area_iinquerito_PF": null, "area_spu": null, "pericia_01": null, "Pericia_02": null, "Pericia_03": null, "Loteamento": "Jardim Atlântico", "area_pecunia": null, "Situacao_recuo": null, "valor_m2": null, "valor_total": 0.0, "valor_formatado": "R$ 0,00", "Num_imovel": null, "CPF:": null, "alvara_municipal": null, "obs_pericia_pf": null, "obs_laudo_SPU": null, "obs_alvara": null, "obs_habite_se": null, "obs_pecunia": null, "obs_inquerito_pf": null }, "geometry": { "type": "MultiPolygon", "coordinates": [ [ [ [ 298134.599652484524995, 9224778.872130140662193 ], [ 298131.418185739312321, 9224767.299135513603687 ], [ 298100.395682995789684, 9224775.173275832086802 ], [ 298103.577149740885943, 9224786.746270464733243 ], [ 298134.599652484524995, 9224778.872130140662193 ] ] ] ] } },
{ "type": "Feature", "properties": { "fid": 47, "Endereco": "Rua Zilda Pessoa Barreto", "Proprietario": null, "Situacao_Ocupacao": null, "Bairro": "Areia Dourada", "Quadra": "04", "Lote": "12", "Municipio": "Cabedelo-PB", "Inquerito_Policial": null, "Area": null, "Habite_se": null, "Fase_investigacao": "7. Sem definição", "Laudo_SPU": null, "Area_invadida": null, "Pericia_PF": null, "Pericia_PF_link": null, "Laudo_SPU_link": null, "habite-se_link": null, "alvara_municipal_link": null, "Inquerito_policial_link": null, "numero_inquerito_policial": null, "numero_alvara_municipal": null, "numero_habite-se": null, "numero_pericia_PF": null, "numero_laudo_SPU": null, "AutoJudicial": null, "area_iinquerito_PF": null, "area_spu": null, "pericia_01": null, "Pericia_02": null, "Pericia_03": null, "Loteamento": "Areia Dourada", "area_pecunia": null, "Situacao_recuo": null, "valor_m2": null, "valor_total": 0.0, "valor_formatado": "R$ 0,00", "Num_imovel": null, "CPF:": null, "alvara_municipal": null, "obs_pericia_pf": null, "obs_laudo_SPU": null, "obs_alvara": null, "obs_habite_se": null, "obs_pecunia": null, "obs_inquerito_pf": null }, "geometry": { "type": "MultiPolygon", "coordinates": [ [ [ [ 298158.089170270308387, 9226222.91055079177022 ], [ 298158.114722325117327, 9226222.914243642240763 ], [ 298158.140305212757085, 9226222.917716460302472 ], [ 298158.165917040023487, 9226222.920968990772963 ], [ 298158.191555908997543, 9226222.924000991508365 ], [ 298158.217219921469223, 9226222.926812237128615 ], [ 298158.242907175619621, 9226222.929402519017458 ], [ 298158.268615770561155, 9226222.931771649047732 ], [ 298158.294343802088406, 9226222.933919448405504 ], [ 298158.320089363725856, 9226222.935845758765936 ], [ 298158.345850550394971, 9226222.937550438567996 ], [ 298158.371625452535227, 9226222.939033359289169 ], [ 298158.397412161226384, 9226222.940294412896037 ], [ 298158.423208768595941, 9226222.941333506256342 ], [ 298158.449013362056576, 9226222.942150561138988 ], [ 298158.47482403164031, 9226222.942745516076684 ], [ 298158.500638864701614, 9226222.943118330091238 ], [ 298158.526455950457603, 9226222.943268971517682 ], [ 298158.552273377892561, 9226222.943197436630726 ], [ 298158.578089232440107, 9226222.942903721705079 ], [ 298158.603901603783015, 9226222.942387852817774 ], [ 298158.629708579508588, 9226222.941649869084358 ], [ 298158.655508249474224, 9226222.940689824521542 ], [ 298158.681298701441847, 9226222.939507788047194 ], [ 298158.707078025850933, 9226222.938103849068284 ], [ 298158.732844314421527, 9226222.936478113755584 ], [ 298158.758595657127444, 9226222.934630697593093 ], [ 298158.784330149122979, 9226222.932561740279198 ], [ 298158.810045882768463, 9226222.930271396413445 ], [ 298158.835740953451023, 9226222.927759831771255 ], [ 298158.861413459526375, 9226222.925027234479785 ], [ 298158.887061498302501, 9226222.922073807567358 ], [ 298158.912683171220124, 9226222.918899768963456 ], [ 298158.938276579894591, 9226222.915505355224013 ], [ 298158.963839829550125, 9226222.911890814080834 ], [ 298158.989371026400477, 9226222.908056417480111 ], [ 298159.01486827962799, 9226222.904002444818616 ], [ 298159.040329701907467, 9226222.899729201570153 ], [ 298159.065753406612203, 9226222.895237000659108 ], [ 298159.091137510957196, 9226222.890526175498962 ], [ 298159.11648013535887, 9226222.885597076267004 ], [ 298159.141779403027613, 9226222.880450066179037 ], [ 298159.16703343950212, 9226222.875085527077317 ], [ 298159.192240374512039, 9226222.869503857567906 ], [ 298159.217398341337685, 9226222.863705467432737 ], [ 298159.242505477624945, 9226222.85769079066813 ], [ 298159.267559923813678, 9226222.85146027058363 ], [ 298159.292559822730254, 9226222.845014367252588 ], [ 298159.317503324418794, 9226222.838353559374809 ], [ 298159.342388581600972, 9226222.831478342413902 ], [ 298159.367213750141673, 9226222.824389221146703 ], [ 298159.391976992075797, 9226222.817086724564433 ], [ 298159.416676473745611, 9226222.809571390971541 ], [ 298159.441310365742538, 9226222.801843777298927 ], [ 298159.465876843198203, 9226222.793904457241297 ], [ 298159.490374086948577, 9226222.785754017531872 ], [ 298159.514800283592194, 9226222.777393063530326 ], [ 298159.539153623220045, 9226222.768822211772203 ], [ 298159.563432301103603, 9226222.7600420974195 ], [ 298159.587634521652944, 9226222.751053372398019 ], [ 298159.611758491257206, 9226222.741856703534722 ], [ 298159.635802422650158, 9226222.732452768832445 ], [ 298159.659764534793794, 9226222.722842264920473 ], [ 298159.683643055555876, 9226222.713025905191898 ], [ 298159.707436214026529, 9226222.703004416078329 ], [ 298159.731142248027027, 9226222.692778538912535 ], [ 298159.75475940364413, 9226222.682349033653736 ], [ 298159.77828593144659, 9226222.671716671437025 ], [ 298159.801720087183639, 9226222.660882236436009 ], [ 298159.825060137955006, 9226222.649846537038684 ], [ 298159.848304352955893, 9226222.638610385358334 ], [ 298159.871451011917088, 9226222.627174617722631 ], [ 298159.894498399982695, 9226222.615540076047182 ], [ 298159.917444810038432, 9226222.603707626461983 ], [ 298159.940288543642964, 9226222.591678142547607 ], [ 298159.963027909398079, 9226222.579452518373728 ], [ 298159.985661220503971, 9226222.567031655460596 ], [ 298160.00818680372322, 9226222.554416475817561 ], [ 298160.03060298966011, 9226222.541607914492488 ], [ 298160.052908117300831, 9226222.528606919571757 ], [ 298160.075100536341779, 9226222.515414452180266 ], [ 298160.097178601659834, 9226222.502031490206718 ], [ 298160.119140679016709, 9226222.488459026440978 ], [ 298160.140985141973943, 9226222.474698064848781 ], [ 298160.162710371892899, 9226222.460749622434378 ], [ 298160.1843147611944, 9226222.446614738553762 ], [ 298160.205796708411071, 9226222.432294452562928 ], [ 298160.227154623309616, 9226222.417789828032255 ], [ 298160.248386924038641, 9226222.40310194157064 ], [ 298160.269492037128657, 9226222.388231877237558 ], [ 298160.290468401974067, 9226222.37318073771894 ], [ 298160.311314462218434, 9226222.357949638739228 ], [ 298160.332028676813934, 9226222.342539709061384 ], [ 298160.352609509252943, 9226222.326952086761594 ], [ 298160.373055436299182, 9226222.311187928542495 ], [ 298160.393364943738561, 9226222.29524840041995 ], [ 298160.413536526670214, 9226222.279134683310986 ], [ 298160.433568692707922, 9226222.262847973033786 ], [ 298160.453459956799634, 9226222.246389470994473 ], [ 298160.473208846582565, 9226222.229760400950909 ], [ 298160.492813899531029, 9226222.212961992248893 ], [ 298160.512273662665393, 9226222.195995489135385 ], [ 298160.531586696277373, 9226222.17886214889586 ], [ 298160.550751568516716, 9226222.16156323812902 ], [ 298160.569766860920936, 9226222.144100040197372 ], [ 298160.588631166261621, 9226222.126473849639297 ], [ 298160.607343084353488, 9226222.108685966581106 ], [ 298160.625901232182514, 9226222.090737713500857 ], [ 298160.644304235058371, 9226222.072630420327187 ], [ 298160.66255072876811, 9226222.054365422576666 ], [ 298160.680639362428337, 9226222.035944078117609 ], [ 298160.698568796855398, 9226222.01736774854362 ], [ 298160.716337702993769, 9226221.998637808486819 ], [ 298160.733944767212961, 9226221.979755651205778 ], [ 298160.751388682692777, 9226221.960722668096423 ], [ 298160.768668159493245, 9226221.941540271043777 ], [ 298160.785781918209977, 9226221.92220988497138 ], [ 298160.802728689624928, 9226221.902732934802771 ], [ 298160.819507218606304, 9226221.883110865950584 ], [ 298160.836116265156306, 9226221.863345133140683 ], [ 298160.852554596669506, 9226221.843437196686864 ], [ 298160.868820995849092, 9226221.82338853366673 ], [ 298160.884914258786011, 9226221.803200628608465 ], [ 298160.900833194784354, 9226221.782874977216125 ], [ 298160.916576622286811, 9226221.762413082644343 ], [ 298160.932143376616295, 9226221.741816461086273 ], [ 298160.947532305552159, 9226221.721086639910936 ], [ 298160.9627422686317, 9226221.700225153937936 ], [ 298160.977772139129229, 9226221.679233545437455 ], [ 298160.992620804463513, 9226221.658113369718194 ], [ 298161.007287164975423, 9226221.636866195127368 ], [ 298161.021770134277176, 9226221.615493590012193 ], [ 298161.036068638961297, 9226221.59399713948369 ], [ 298161.050181621394586, 9226221.572378434240818 ], [ 298161.064108036225662, 9226221.550639079883695 ], [ 298161.077846850501373, 9226221.528780680149794 ], [ 298161.091397048265208, 9226221.50680485740304 ], [ 298161.104757626308128, 9226221.484713239595294 ], [ 298161.11792759411037, 9226221.462507462128997 ], [ 298161.13090597622795, 9226221.44018916785717 ], [ 298161.14369181136135, 9226221.417760010808706 ], [ 298161.156284153461456, 9226221.395221654325724 ], [ 298161.168682069692295, 9226221.372575765475631 ], [ 298161.1808846417116, 9226221.349824020639062 ], [ 298161.192890965554398, 9226221.326968105509877 ], [ 298161.204700152971782, 9226221.304009715095162 ], [ 298161.216311328229494, 9226221.280950548127294 ], [ 298161.227723631658591, 9226221.257792308926582 ], [ 298161.238936218258459, 9226221.234536718577147 ], [ 298161.249948257231154, 9226221.211185494437814 ], [ 298161.260758933785837, 9226221.187740370631218 ], [ 298161.271367446228396, 9226221.164203077554703 ], [ 298161.281773010268807, 9226221.140575364232063 ], [ 298161.29197485401528, 9226221.11685897782445 ], [ 298161.301972221932374, 9226221.093055672943592 ], [ 298161.311764375306666, 9226221.069167217239738 ], [ 298161.321350586775225, 9226221.045195374637842 ], [ 298161.330730148009025, 9226221.021141925826669 ], [ 298161.33990236336831, 9226220.99700864776969 ], [ 298161.348866553162225, 9226220.972797328606248 ], [ 298161.357622054929379, 9226220.948509763926268 ], [ 298161.366168219188694, 9226220.924147751182318 ], [ 298161.374504413630348, 9226220.899713093414903 ], [ 298161.38263001939049, 9226220.875207599252462 ], [ 298161.390544436988421, 9226220.850633088499308 ], [ 298161.39824707939988, 9226220.825991377234459 ], [ 298161.405737375142053, 9226220.801284292712808 ], [ 298161.413014770427253, 9226220.7765136603266 ], [ 298161.420078725263011, 9226220.751681318506598 ], [ 298161.426928718632553, 9226220.72678910754621 ], [ 298161.433564241044223, 9226220.701838867738843 ], [ 298161.439984801399987, 9226220.676832446828485 ], [ 298161.446189925656654, 9226220.651771700009704 ], [ 298161.452179152693134, 9226220.626658480614424 ], [ 298161.457952040014789, 9226220.601494649425149 ], [ 298161.463508160260972, 9226220.576282070949674 ], [ 298161.468847100390121, 9226220.551022609695792 ], [ 298161.473968466045335, 9226220.525718139484525 ], [ 298161.478871877479833, 9226220.500370532274246 ], [ 298161.483556972641964, 9226220.474981665611267 ], [ 298161.488023402926046, 9226220.449553420767188 ], [ 298163.524634053173941, 9226208.554577624425292 ], [ 298131.866184499289375, 9226203.840057989582419 ], [ 298129.851590420177672, 9226215.606444364413619 ], [ 298129.847226926300209, 9226215.632625417783856 ], [ 298129.843095237156376, 9226215.658844051882625 ], [ 298129.839195672015194, 9226215.685098214074969 ], [ 298129.835528539377265, 9226215.711385848000646 ], [ 298129.832094123703428, 9226215.737704899162054 ], [ 298129.82889269606676, 9226215.764053305611014 ], [ 298129.825924506469164, 9226215.790429003536701 ], [ 298129.823189787159208, 9226215.816829929128289 ], [ 298129.820688751002308, 9226215.843254018574953 ], [ 298129.818421596195549, 9226215.869699198752642 ], [ 298129.816388497361913, 9226215.896163403987885 ], [ 298129.814589615911245, 9226215.922644561156631 ], [ 298129.8130250928225, 9226215.949140595272183 ], [ 298129.81169504718855, 9226215.975649436935782 ], [ 298129.81059958669357, 9226216.002169007435441 ], [ 298129.809738797252066, 9226216.028697229921818 ], [ 298129.809112742950674, 9226216.055232031270862 ], [ 298129.808721475536004, 9226216.081771332770586 ], [ 298129.808565024985, 9226216.10831305757165 ], [ 298129.808643402706366, 9226216.134855126962066 ], [ 298129.808956603461411, 9226216.161395465955138 ], [ 298129.80950460198801, 9226216.187931993976235 ], [ 298129.810287357890047, 9226216.214462634176016 ], [ 298129.811304806498811, 9226216.240985311567783 ], [ 298129.812556869583204, 9226216.267497949302197 ], [ 298129.814043449470773, 9226216.293998472392559 ], [ 298129.815764428989496, 9226216.320484805852175 ], [ 298129.817719674610998, 9226216.346954874694347 ], [ 298129.819909031968564, 9226216.373406611382961 ], [ 298129.822332330688369, 9226216.399837942793965 ], [ 298129.824989379558247, 9226216.426246799528599 ], [ 298129.827879973046947, 9226216.452631114050746 ], [ 298129.831003883562516, 9226216.478988822549582 ], [ 298129.834360865992494, 9226216.505317863076925 ], [ 298129.837950658344198, 9226216.531616169959307 ], [ 298129.841772980988026, 9226216.557881688699126 ], [ 298129.845827531476971, 9226216.584112362936139 ], [ 298129.850113994674757, 9226216.610306136310101 ], [ 298129.854632034141105, 9226216.636460963636637 ], [ 298129.859381296322681, 9226216.662574794143438 ], [ 298129.864361409621779, 9226216.688645584508777 ], [ 298129.869571985735092, 9226216.714671293273568 ], [ 298129.875012615113519, 9226216.74064988270402 ], [ 298129.88068287022179, 9226216.766579322516918 ], [ 298129.886582311766688, 9226216.792457580566406 ], [ 298129.892710473388433, 9226216.818282632157207 ], [ 298129.899066878540907, 9226216.844052452594042 ], [ 298129.905651028559078, 9226216.869765030220151 ], [ 298129.912462407140993, 9226216.895418347790837 ], [ 298129.919500482035801, 9226216.92101040109992 ], [ 298129.926764702016953, 9226216.946539182215929 ], [ 298129.934254500141833, 9226216.972002696245909 ], [ 298129.941969287639949, 9226216.99739895015955 ], [ 298129.949908461654559, 9226217.022725954651833 ], [ 298129.958071400760673, 9226217.047981726005673 ], [ 298129.966457466594875, 9226217.073164289817214 ], [ 298129.975066000944935, 9226217.098271675407887 ], [ 298129.983896331803408, 9226217.123301913961768 ], [ 298129.992947767430451, 9226217.148253049701452 ], [ 298130.002219599497039, 9226217.173123126849532 ], [ 298130.011711101862602, 9226217.197910198941827 ], [ 298130.021421531680971, 9226217.222612328827381 ], [ 298130.031350128527265, 9226217.24722757935524 ], [ 298130.041496115503833, 9226217.271754026412964 ], [ 298130.051858698425349, 9226217.296189747750759 ], [ 298130.062437066750135, 9226217.320532832294703 ], [ 298130.073230391077232, 9226217.344781372696161 ], [ 298130.084237826231401, 9226217.368933474645019 ], [ 298130.09545851428993, 9226217.392987243831158 ], [ 298130.106891572417226, 9226217.416940798982978 ], [ 298130.118536108522676, 9226217.440792262554169 ], [ 298130.13039120886242, 9226217.464539773762226 ], [ 298130.142455947294366, 9226217.488181468099356 ], [ 298130.154729379399214, 9226217.511715495958924 ], [ 298130.167210544168483, 9226217.535140015184879 ], [ 298130.179898463829886, 9226217.558453194797039 ], [ 298130.192792145651765, 9226217.581653207540512 ], [ 298130.205890582001302, 9226217.604738237336278 ], [ 298130.219192744465545, 9226217.627706477418542 ], [ 298130.232697594328783, 9226217.65055613219738 ], [ 298130.246404072328005, 9226217.673285409808159 ], [ 298130.260311107500456, 9226217.695892531424761 ], [ 298130.274417611595709, 9226217.718375729396939 ], [ 298130.28872247756226, 9226217.740733243525028 ], [ 298130.303224588336889, 9226217.762963322922587 ], [ 298130.317922808462754, 9226217.785064226016402 ], [ 298130.332815986825153, 9226217.807034224271774 ], [ 298130.347902956826147, 9226217.828871600329876 ], [ 298130.363182537956163, 9226217.850574642419815 ], [ 298130.378653536026832, 9226217.87214164994657 ], [ 298130.394314737117384, 9226217.893570939078927 ], [ 298130.410164918226656, 9226217.914860827848315 ], [ 298130.426202836853918, 9226217.936009652912617 ], [ 298130.442427237168886, 9226217.957015758380294 ], [ 298130.458836849895306, 9226217.977877497673035 ], [ 298130.475430391205009, 9226217.998593240976334 ], [ 298130.492206562601496, 9226218.019161364063621 ], [ 298130.509164048009552, 9226218.039580261334777 ], [ 298130.52630152303027, 9226218.059848329052329 ], [ 298130.543617645918857, 9226218.079963982105255 ], [ 298130.561111059214454, 9226218.099925648421049 ], [ 298130.578780395793729, 9226218.119731761515141 ], [ 298130.596624269965105, 9226218.139380777254701 ], [ 298130.614641288178973, 9226218.158871149644256 ], [ 298130.632830038433895, 9226218.178201358765364 ], [ 298130.651189096621238, 9226218.197369890287519 ], [ 298130.669717026350554, 9226218.216375244781375 ], [ 298130.688412377610803, 9226218.235215930268168 ], [ 298130.707273687119596, 9226218.253890475258231 ], [ 298130.726299476576969, 9226218.272397419437766 ], [ 298130.745488258951809, 9226218.290735309943557 ], [ 298130.764838529517874, 9226218.308902716264129 ], [ 298130.784348777960986, 9226218.326898211613297 ], [ 298130.804017473419663, 9226218.344720389693975 ], [ 298130.823843076650519, 9226218.362367855384946 ], [ 298130.843824037176091, 9226218.379839228466153 ], [ 298130.863958790141623, 9226218.397133138030767 ], [ 298130.884245759807527, 9226218.414248233661056 ], [ 298130.904683357628528, 9226218.43118317425251 ], [ 298130.925269984349143, 9226218.447936633601785 ], [ 298130.946004028141033, 9226218.46450730226934 ], [ 298130.966883866640273, 9226218.48089388012886 ], [ 298130.987907865259331, 9226218.49709508754313 ], [ 298131.009074378700461, 9226218.513109654188156 ], [ 298131.030381748336367, 9226218.528936328366399 ], [ 298131.051828308089171, 9226218.544573869556189 ], [ 298131.073412378667854, 9226218.560021053999662 ], [ 298131.095132270420436, 9226218.575276674702764 ], [ 298131.116986282286234, 9226218.590339533984661 ], [ 298131.138972705928609, 9226218.605208454653621 ], [ 298131.161089818866458, 9226218.619882274419069 ], [ 298131.183335890003946, 9226218.634359840303659 ], [ 298131.205709177127574, 9226218.648640023544431 ], [ 298131.228207929816563, 9226218.662721704691648 ], [ 298131.250830388162285, 9226218.676603781059384 ], [ 298131.273574778169859, 9226218.690285166725516 ], [ 298131.296439323923551, 9226218.703764788806438 ], [ 298131.319422231346834, 9226218.717041593044996 ], [ 298131.342521702987142, 9226218.730114543810487 ], [ 298131.365735932253301, 9226218.742982612922788 ], [ 298131.389063100679778, 9226218.755644794553518 ], [ 298131.412501382175833, 9226218.768100097775459 ], [ 298131.436048941803165, 9226218.780347548425198 ], [ 298131.459703937289305, 9226218.792386187240481 ], [ 298131.483464514836669, 9226218.804215071722865 ], [ 298131.507328817795496, 9226218.81583327613771 ], [ 298131.531294976652134, 9226218.827239891514182 ], [ 298131.55536111490801, 9226218.838434023782611 ], [ 298131.579525349137839, 9226218.849414797499776 ], [ 298131.603785789164249, 9226218.860181352123618 ], [ 298131.628140533633996, 9226218.870732847601175 ], [ 298131.652587677584961, 9226218.881068455055356 ], [ 298131.677125306450762, 9226218.891187366098166 ], [ 298131.701751500717364, 9226218.90108879096806 ], [ 298131.726464331673924, 9226218.910771951079369 ], [ 298131.75126186554553, 9226218.920236090198159 ], [ 298131.776142161164898, 9226218.929480468854308 ], [ 298131.801103269390296, 9226218.938504360616207 ], [ 298131.826143239799421, 9226218.94730706140399 ], [ 298131.851260109920986, 9226218.955887880176306 ], [ 298131.876451914256904, 9226218.964246148243546 ], [ 298131.901716680324171, 9226218.972381208091974 ], [ 298131.927052430983167, 9226218.980292424559593 ], [ 298131.952457183797378, 9226218.987979179248214 ], [ 298131.977928947540931, 9226218.995440868660808 ], [ 298132.003465731628239, 9226219.002676909789443 ], [ 298132.02906553685898, 9226219.009686734527349 ], [ 298132.054726355883759, 9226219.016469797119498 ], [ 298132.08044618339045, 9226219.023025564849377 ], [ 298132.106223006092478, 9226219.029353523626924 ], [ 298132.132054803834762, 9226219.035453179851174 ], [ 298132.157939557451755, 9226219.041324056684971 ], [ 298132.183875238522887, 9226219.046965692192316 ], [ 298132.2098598179291, 9226219.05237764492631 ], [ 298132.235891261836514, 9226219.057559493929148 ], [ 298132.261967533151619, 9226219.062510831281543 ], [ 298132.288086588552687, 9226219.067231269553304 ], [ 298132.314246386114974, 9226219.071720439940691 ], [ 298132.34044487477513, 9226219.075977992266417 ], [ 298132.36668000818463, 9226219.080003589391708 ], [ 298132.366680008126423, 9226219.080003589391708 ], [ 298158.089170270308387, 9226222.91055079177022 ] ] ] ] } },
{ "type": "Feature", "properties": { "fid": 48, "Endereco": "Rua Zilda Pessoa Barreto", "Proprietario": null, "Situacao_Ocupacao": null, "Bairro": "Areia Dourada", "Quadra": "04", "Lote": "11", "Municipio": "Cabedelo-PB", "Inquerito_Policial": null, "Area": null, "Habite_se": null, "Fase_investigacao": "7. Sem definição", "Laudo_SPU": null, "Area_invadida": null, "Pericia_PF": null, "Pericia_PF_link": null, "Laudo_SPU_link": null, "habite-se_link": null, "alvara_municipal_link": null, "Inquerito_policial_link": null, "numero_inquerito_policial": null, "numero_alvara_municipal": null, "numero_habite-se": null, "numero_pericia_PF": null, "numero_laudo_SPU": null, "AutoJudicial": null, "area_iinquerito_PF": null, "area_spu": null, "pericia_01": null, "Pericia_02": null, "Pericia_03": null, "Loteamento": "Areia Dourada", "area_pecunia": null, "Situacao_recuo": null, "valor_m2": null, "valor_total": 0.0, "valor_formatado": "R$ 0,00", "Num_imovel": null, "CPF:": null, "alvara_municipal": null, "obs_pericia_pf": null, "obs_laudo_SPU": null, "obs_alvara": null, "obs_habite_se": null, "obs_pecunia": null, "obs_inquerito_pf": null }, "geometry": { "type": "MultiPolygon", "coordinates": [ [ [ [ 298163.524634053173941, 9226208.554577624425292 ], [ 298166.056637009081896, 9226193.766226267442107 ], [ 298134.398187455022708, 9226189.051706632599235 ], [ 298131.866184499289375, 9226203.840057989582419 ], [ 298163.524634053173941, 9226208.554577624425292 ] ] ] ] } },
{ "type": "Feature", "properties": { "fid": 49, "Endereco": "Rua Zilda Pessoa Barreto", "Proprietario": null, "Situacao_Ocupacao": null, "Bairro": "Areia Dourada", "Quadra": "04", "Lote": "10", "Municipio": "Cabedelo-PB", "Inquerito_Policial": null, "Area": null, "Habite_se": null, "Fase_investigacao": "7. Sem definição", "Laudo_SPU": null, "Area_invadida": null, "Pericia_PF": null, "Pericia_PF_link": null, "Laudo_SPU_link": null, "habite-se_link": null, "alvara_municipal_link": null, "Inquerito_policial_link": null, "numero_inquerito_policial": null, "numero_alvara_municipal": null, "numero_habite-se": null, "numero_pericia_PF": null, "numero_laudo_SPU": null, "AutoJudicial": null, "area_iinquerito_PF": null, "area_spu": null, "pericia_01": null, "Pericia_02": null, "Pericia_03": null, "Loteamento": "Areia Dourada", "area_pecunia": null, "Situacao_recuo": null, "valor_m2": null, "valor_total": 0.0, "valor_formatado": "R$ 0,00", "Num_imovel": null, "CPF:": null, "alvara_municipal": null, "obs_pericia_pf": null, "obs_laudo_SPU": null, "obs_alvara": null, "obs_habite_se": null, "obs_pecunia": null, "obs_inquerito_pf": null }, "geometry": { "type": "MultiPolygon", "coordinates": [ [ [ [ 298166.056637009081896, 9226193.766226267442107 ], [ 298168.588639964873437, 9226178.977874910458922 ], [ 298136.930190410872456, 9226174.26335527561605 ], [ 298134.398187455022708, 9226189.051706632599235 ], [ 298166.056637009081896, 9226193.766226267442107 ] ] ] ] } },
{ "type": "Feature", "properties": { "fid": 50, "Endereco": "Rua Zilda Pessoa Barreto", "Proprietario": null, "Situacao_Ocupacao": null, "Bairro": "Areia Dourada", "Quadra": "04", "Lote": "09", "Municipio": "Cabedelo-PB", "Inquerito_Policial": null, "Area": null, "Habite_se": null, "Fase_investigacao": "7. Sem definição", "Laudo_SPU": null, "Area_invadida": null, "Pericia_PF": null, "Pericia_PF_link": null, "Laudo_SPU_link": null, "habite-se_link": null, "alvara_municipal_link": null, "Inquerito_policial_link": null, "numero_inquerito_policial": null, "numero_alvara_municipal": null, "numero_habite-se": null, "numero_pericia_PF": null, "numero_laudo_SPU": null, "AutoJudicial": null, "area_iinquerito_PF": null, "area_spu": null, "pericia_01": null, "Pericia_02": null, "Pericia_03": null, "Loteamento": "Areia Dourada", "area_pecunia": null, "Situacao_recuo": null, "valor_m2": null, "valor_total": 0.0, "valor_formatado": "R$ 0,00", "Num_imovel": null, "CPF:": null, "alvara_municipal": null, "obs_pericia_pf": null, "obs_laudo_SPU": null, "obs_alvara": null, "obs_habite_se": null, "obs_pecunia": null, "obs_inquerito_pf": null }, "geometry": { "type": "MultiPolygon", "coordinates": [ [ [ [ 298168.588639964873437, 9226178.977874910458922 ], [ 298171.120642920723185, 9226164.189523553475738 ], [ 298139.462193366722204, 9226159.475003918632865 ], [ 298136.930190410872456, 9226174.26335527561605 ], [ 298168.588639964873437, 9226178.977874910458922 ] ] ] ] } },
{ "type": "Feature", "properties": { "fid": 51, "Endereco": "Rua Zilda Pessoa Barreto", "Proprietario": null, "Situacao_Ocupacao": null, "Bairro": "Areia Dourada", "Quadra": "04", "Lote": "08", "Municipio": "Cabedelo-PB", "Inquerito_Policial": null, "Area": null, "Habite_se": null, "Fase_investigacao": "7. Sem definição", "Laudo_SPU": null, "Area_invadida": null, "Pericia_PF": null, "Pericia_PF_link": null, "Laudo_SPU_link": null, "habite-se_link": null, "alvara_municipal_link": null, "Inquerito_policial_link": null, "numero_inquerito_policial": null, "numero_alvara_municipal": null, "numero_habite-se": null, "numero_pericia_PF": null, "numero_laudo_SPU": null, "AutoJudicial": null, "area_iinquerito_PF": null, "area_spu": null, "pericia_01": null, "Pericia_02": null, "Pericia_03": null, "Loteamento": "Areia Dourada", "area_pecunia": null, "Situacao_recuo": null, "valor_m2": null, "valor_total": 0.0, "valor_formatado": "R$ 0,00", "Num_imovel": null, "CPF:": null, "alvara_municipal": null, "obs_pericia_pf": null, "obs_laudo_SPU": null, "obs_alvara": null, "obs_habite_se": null, "obs_pecunia": null, "obs_inquerito_pf": null }, "geometry": { "type": "MultiPolygon", "coordinates": [ [ [ [ 298171.120642920723185, 9226164.189523553475738 ], [ 298173.652645876514725, 9226149.401172196492553 ], [ 298141.994196322513744, 9226144.68665256164968 ], [ 298139.462193366722204, 9226159.475003918632865 ], [ 298171.120642920723185, 9226164.189523553475738 ] ] ] ] } },
{ "type": "Feature", "properties": { "fid": 52, "Endereco": "Rua Zilda Pessoa Barreto", "Proprietario": null, "Situacao_Ocupacao": null, "Bairro": "Areia Dourada", "Quadra": "04", "Lote": "07", "Municipio": "Cabedelo-PB", "Inquerito_Policial": null, "Area": null, "Habite_se": null, "Fase_investigacao": "7. Sem definição", "Laudo_SPU": null, "Area_invadida": null, "Pericia_PF": null, "Pericia_PF_link": null, "Laudo_SPU_link": null, "habite-se_link": null, "alvara_municipal_link": null, "Inquerito_policial_link": null, "numero_inquerito_policial": null, "numero_alvara_municipal": null, "numero_habite-se": null, "numero_pericia_PF": null, "numero_laudo_SPU": null, "AutoJudicial": null, "area_iinquerito_PF": null, "area_spu": null, "pericia_01": null, "Pericia_02": null, "Pericia_03": null, "Loteamento": "Areia Dourada", "area_pecunia": null, "Situacao_recuo": null, "valor_m2": null, "valor_total": 0.0, "valor_formatado": "R$ 0,00", "Num_imovel": null, "CPF:": null, "alvara_municipal": null, "obs_pericia_pf": null, "obs_laudo_SPU": null, "obs_alvara": null, "obs_habite_se": null, "obs_pecunia": null, "obs_inquerito_pf": null }, "geometry": { "type": "MultiPolygon", "coordinates": [ [ [ [ 298173.652645876514725, 9226149.401172196492553 ], [ 298176.184648832306266, 9226134.612820841372013 ], [ 298144.526199278305285, 9226129.898301204666495 ], [ 298141.994196322513744, 9226144.68665256164968 ], [ 298173.652645876514725, 9226149.401172196492553 ] ] ] ] } },
{ "type": "Feature", "properties": { "fid": 66, "Endereco": "Rua J. H. de Souza", "Proprietario": null, "Situacao_Ocupacao": null, "Bairro": "Areia Dourada", "Quadra": "06", "Lote": "01", "Municipio": "Cabedelo-PB", "Inquerito_Policial": null, "Area": null, "Habite_se": null, "Fase_investigacao": "7. Sem definição", "Laudo_SPU": null, "Area_invadida": null, "Pericia_PF": null, "Pericia_PF_link": null, "Laudo_SPU_link": null, "habite-se_link": null, "alvara_municipal_link": null, "Inquerito_policial_link": null, "numero_inquerito_policial": null, "numero_alvara_municipal": null, "numero_habite-se": null, "numero_pericia_PF": null, "numero_laudo_SPU": null, "AutoJudicial": null, "area_iinquerito_PF": null, "area_spu": null, "pericia_01": null, "Pericia_02": null, "Pericia_03": null, "Loteamento": "Areia Dourada", "area_pecunia": null, "Situacao_recuo": null, "valor_m2": null, "valor_total": 0.0, "valor_formatado": "R$ 0,00", "Num_imovel": null, "CPF:": null, "alvara_municipal": null, "obs_pericia_pf": null, "obs_laudo_SPU": null, "obs_alvara": null, "obs_habite_se": null, "obs_pecunia": null, "obs_inquerito_pf": null }, "geometry": { "type": "MultiPolygon", "coordinates": [ [ [ [ 298127.250952684495132, 9226451.214337656274438 ], [ 298134.880858068587258, 9226399.786337196826935 ], [ 298134.884594220784493, 9226399.760372869670391 ], [ 298134.888103203091305, 9226399.73437686637044 ], [ 298134.891384745074902, 9226399.708351174369454 ], [ 298134.894438596908003, 9226399.682297786697745 ], [ 298134.897264526516665, 9226399.656218690797687 ], [ 298134.899862316437066, 9226399.630115881562233 ], [ 298134.902231768297497, 9226399.60399135760963 ], [ 298134.904372701013926, 9226399.577847111970186 ], [ 298134.906284951139241, 9226399.551685146987438 ], [ 298134.907968372514006, 9226399.525507461279631 ], [ 298134.909422836091835, 9226399.499316057190299 ], [ 298134.910648230230436, 9226399.473112937062979 ], [ 298134.911644461739343, 9226399.446900103241205 ], [ 298134.912411454657558, 9226399.420679561793804 ], [ 298134.912949149904307, 9226399.394453315064311 ], [ 298134.913257506734226, 9226399.368223370984197 ], [ 298134.913336501456797, 9226399.341991731896996 ], [ 298134.913186128484085, 9226399.315760403871536 ], [ 298134.91280639753677, 9226399.289531396701932 ], [ 298134.912197340745479, 9226399.263306709006429 ], [ 298134.911359001125675, 9226399.237088352441788 ], [ 298134.910291446838528, 9226399.210878325626254 ], [ 298134.908994755067397, 9226399.184678636491299 ], [ 298134.907469028432388, 9226399.158491287380457 ], [ 298134.905714381136931, 9226399.132318278774619 ], [ 298134.903730949561577, 9226399.106161614879966 ], [ 298134.901518883241806, 9226399.080023292452097 ], [ 298134.899078352260403, 9226399.053905311971903 ], [ 298134.896409543987829, 9226399.027809668332338 ], [ 298134.893512661801651, 9226399.001738358289003 ], [ 298134.890387926250696, 9226398.975693376734853 ], [ 298134.887035576684866, 9226398.949676711112261 ], [ 298134.883455870964099, 9226398.923690352588892 ], [ 298134.879649081034586, 9226398.897736288607121 ], [ 298134.875615500321146, 9226398.871816501021385 ], [ 298134.871355433075223, 9226398.845932975411415 ], [ 298134.86686920793727, 9226398.820087688043714 ], [ 298134.862157168565318, 9226398.794282613322139 ], [ 298134.857219672587235, 9226398.768519729375839 ], [ 298134.852057099808007, 9226398.742801001295447 ], [ 298134.846669843711425, 9226398.717128397896886 ], [ 298134.841058317106217, 9226398.691503880545497 ], [ 298134.83522294764407, 9226398.665929408743978 ], [ 298134.829164182185195, 9226398.64040694013238 ], [ 298134.82288248516852, 9226398.614938421174884 ], [ 298134.816378334129695, 9226398.589525803923607 ], [ 298134.809652228548657, 9226398.564171029254794 ], [ 298134.802704683854245, 9226398.538876034319401 ], [ 298134.795536226592958, 9226398.513642756268382 ], [ 298134.788147409795783, 9226398.488473121076822 ], [ 298134.780538795865141, 9226398.463369056582451 ], [ 298134.772710967285093, 9226398.438332477584481 ], [ 298134.764664520625956, 9226398.413365304470062 ], [ 298134.756400073762052, 9226398.388469440862536 ], [ 298134.7479182582465, 9226398.363646790385246 ], [ 298134.739219720882829, 9226398.338899254798889 ], [ 298134.730305128206965, 9226398.314228722825646 ], [ 298134.721175160084385, 9226398.289637081325054 ], [ 298134.711830517393537, 9226398.265126211568713 ], [ 298134.702271911257412, 9226398.240697987377644 ], [ 298134.69250007532537, 9226398.216354275122285 ], [ 298134.682515755994245, 9226398.192096935585141 ], [ 298134.672319714620244, 9226398.167927825823426 ], [ 298134.661912732874043, 9226398.143848793581128 ], [ 298134.651295606803615, 9226398.119861675426364 ], [ 298134.640469145262614, 9226398.095968311652541 ], [ 298134.62943417893257, 9226398.072170525789261 ], [ 298134.618191551009659, 9226398.048470137640834 ], [ 298134.606742120231502, 9226398.024868957698345 ], [ 298134.595086762390565, 9226398.00136879272759 ], [ 298134.583226368529722, 9226397.977971440181136 ], [ 298134.571161845000461, 9226397.954678686335683 ], [ 298134.558894114918076, 9226397.931492311879992 ], [ 298134.54642411635723, 9226397.908414091914892 ], [ 298134.533752802351955, 9226397.885445788502693 ], [ 298134.520881140953861, 9226397.862589161843061 ], [ 298134.507810118142515, 9226397.839845953509212 ], [ 298134.494540731364395, 9226397.817217906937003 ], [ 298134.481073995877523, 9226397.794706750661135 ], [ 298134.467410941375419, 9226397.772314207628369 ], [ 298134.453552612103522, 9226397.750041985884309 ], [ 298134.439500068139751, 9226397.72789179161191 ], [ 298134.425254385219887, 9226397.705865316092968 ], [ 298134.410816649033222, 9226397.683964245021343 ], [ 298134.396187966514844, 9226397.662190252915025 ], [ 298134.381369454262313, 9226397.640545003116131 ], [ 298134.366362245869823, 9226397.619030151516199 ], [ 298134.351167490181979, 9226397.597647342830896 ], [ 298134.335786346578971, 9226397.576398212462664 ], [ 298134.320219992834609, 9226397.555284384638071 ], [ 298134.304469617141876, 9226397.534307474270463 ], [ 298134.288536425621714, 9226397.513469083234668 ], [ 298134.272421634814236, 9226397.492770807817578 ], [ 298134.256126479012892, 9226397.472214227542281 ], [ 298134.239652202522848, 9226397.451800914481282 ], [ 298134.223000064550433, 9226397.431532431393862 ], [ 298134.206171340018045, 9226397.411410326138139 ], [ 298134.189167312346399, 9226397.391436137259007 ], [ 298134.171989285328891, 9226397.371611393988132 ], [ 298134.154638570733368, 9226397.351937608793378 ], [ 298134.137116494763177, 9226397.332416286692023 ], [ 298134.119424397475086, 9226397.313048923388124 ], [ 298134.101563631382305, 9226397.293836995959282 ], [ 298134.083535561396275, 9226397.274781975895166 ], [ 298134.065341567620635, 9226397.255885316058993 ], [ 298134.046983039414044, 9226397.237148465588689 ], [ 298134.028461381210946, 9226397.218572856858373 ], [ 298134.009778009320144, 9226397.200159905478358 ], [ 298133.990934351983014, 9226397.181911023333669 ], [ 298133.971931849373505, 9226397.163827605545521 ], [ 298133.952771954820491, 9226397.145911034196615 ], [ 298133.93345613317797, 9226397.128162678331137 ], [ 298133.913985860941466, 9226397.110583893954754 ], [ 298133.894362627528608, 9226397.09317602775991 ], [ 298133.874587933649309, 9226397.075940407812595 ], [ 298133.854663288395386, 9226397.058878356590867 ], [ 298133.834590218029916, 9226397.041991172358394 ], [ 298133.814370256790426, 9226397.025280149653554 ], [ 298133.794004948518705, 9226397.008746568113565 ], [ 298133.773495852423366, 9226396.992391688749194 ], [ 298133.752844536968041, 9226396.976216761395335 ], [ 298133.73205257859081, 9226396.960223024711013 ], [ 298133.711121570027899, 9226396.944411700591445 ], [ 298133.690053108904976, 9226396.928783997893333 ], [ 298133.668848807632457, 9226396.913341112434864 ], [ 298133.64751028601313, 9226396.898084225133061 ], [ 298133.626039177121129, 9226396.883014500141144 ], [ 298133.604437122936361, 9226396.868133090436459 ], [ 298133.582705772307236, 9226396.853441135957837 ], [ 298133.560846788750496, 9226396.838939758017659 ], [ 298133.538861842767801, 9226396.824630066752434 ], [ 298133.516752617550083, 9226396.810513153672218 ], [ 298133.4945207987912, 9226396.796590100973845 ], [ 298133.47216809069505, 9226396.782861972227693 ], [ 298133.449696201190818, 9226396.769329814240336 ], [ 298133.427106846182141, 9226396.755994666367769 ], [ 298133.404401755484287, 9226396.742857545614243 ], [ 298133.381582663801964, 9226396.729919455945492 ], [ 298133.358651315094903, 9226396.717181388288736 ], [ 298133.335609464091249, 9226396.704644314944744 ], [ 298133.312458871456329, 9226396.692309195175767 ], [ 298133.289201308507472, 9226396.680176969617605 ], [ 298133.265838550869375, 9226396.668248571455479 ], [ 298133.24237238772912, 9226396.656524907797575 ], [ 298133.218804612406529, 9226396.645006876438856 ], [ 298133.195137023925781, 9226396.633695360273123 ], [ 298133.171371435862966, 9226396.622591219842434 ], [ 298133.14750966290012, 9226396.611695306375623 ], [ 298133.123553531302605, 9226396.601008452475071 ], [ 298133.099504870886449, 9226396.590531475841999 ], [ 298133.075365520082414, 9226396.580265179276466 ], [ 298133.051137325237505, 9226396.57021034322679 ], [ 298133.02682213956723, 9226396.560367740690708 ], [ 298133.002421821234748, 9226396.55073812045157 ], [ 298132.977938234922476, 9226396.541322221979499 ], [ 298132.953373254684266, 9226396.532120764255524 ], [ 298132.928728756320197, 9226396.52313445135951 ], [ 298132.904006626515184, 9226396.514363966882229 ], [ 298132.879208752012346, 9226396.505809986963868 ], [ 298132.854337033233605, 9226396.49747315980494 ], [ 298132.829393367515877, 9226396.489354126155376 ], [ 298132.804379665758461, 9226396.481453506276011 ], [ 298132.779297837114427, 9226396.473771905526519 ], [ 298132.754149801156018, 9226396.46630990691483 ], [ 298132.728937480016612, 9226396.459068085998297 ], [ 298132.703662801650353, 9226396.452046994119883 ], [ 298132.6783276979113, 9226396.445247167721391 ], [ 298132.652934106299654, 9226396.438669128343463 ], [ 298132.627483968157321, 9226396.432313377037644 ], [ 298132.60197922878433, 9226396.426180399954319 ], [ 298132.576421838602982, 9226396.42027066834271 ], [ 298132.550813751935493, 9226396.414584631100297 ], [ 298132.525156926654745, 9226396.409122724086046 ], [ 298132.499453324242495, 9226396.403885364532471 ], [ 298132.473704909672961, 9226396.398872954770923 ], [ 298132.447913651412819, 9226396.394085874781013 ], [ 298132.422081522759981, 9226396.38952449336648 ], [ 298132.3962104973034, 9226396.385189156979322 ], [ 298132.370302551949862, 9226396.381080200895667 ], [ 298132.34435966971796, 9226396.377197934314609 ], [ 298065.317680562788155, 9226386.646286005154252 ], [ 298065.317680562846363, 9226386.646286005154252 ], [ 298065.290376845456194, 9226386.642450088635087 ], [ 298065.263039029203355, 9226386.6388652715832 ], [ 298065.235669419053011, 9226386.635531852021813 ], [ 298065.208270330971573, 9226386.632450116798282 ], [ 298065.180844076094218, 9226386.629620322957635 ], [ 298065.153392973006703, 9226386.627042710781097 ], [ 298065.125919338839594, 9226386.624717496335506 ], [ 298065.098425495321862, 9226386.622644877061248 ], [ 298065.070913765055593, 9226386.620825029909611 ], [ 298065.043386470235419, 9226386.619258103892207 ], [ 298065.015845938411076, 9226386.617944236844778 ], [ 298064.988294494163711, 9226386.616883534938097 ], [ 298064.960734464984853, 9226386.616076091304421 ], [ 298064.933168178540654, 9226386.615521972998977 ], [ 298064.905597964010667, 9226386.615221224725246 ], [ 298064.87802615063265, 9226386.615173876285553 ], [ 298064.850455065141432, 9226386.615379927679896 ], [ 298064.822887039044872, 9226386.615839364007115 ], [ 298064.795324398728553, 9226386.616552144289017 ], [ 298064.767769473837689, 9226386.617518210783601 ], [ 298064.740224591165315, 9226386.618737479671836 ], [ 298064.712692077853717, 9226386.620209848508239 ], [ 298064.685174259531777, 9226386.62193519435823 ], [ 298064.657673459325451, 9226386.623913370072842 ], [ 298064.630192000884563, 9226386.626144208014011 ], [ 298064.602732206636574, 9226386.628627521917224 ], [ 298064.575296394119505, 9226386.631363101303577 ], [ 298064.547886882151943, 9226386.634350713342428 ], [ 298064.520505985303316, 9226386.637590106576681 ], [ 298064.493156016920693, 9226386.641081009060144 ], [ 298064.46583928714972, 9226386.644823124632239 ], [ 298064.438558102003299, 9226386.648816134780645 ], [ 298064.411314767901786, 9226386.653059706091881 ], [ 298064.38411158422241, 9226386.657553479075432 ], [ 298064.356950850575231, 9226386.662297073751688 ], [ 298064.329834859468974, 9226386.667290089651942 ], [ 298064.302765902015381, 9226386.672532103955746 ], [ 298064.275746264320333, 9226386.678022673353553 ], [ 298064.248778229521122, 9226386.683761337772012 ], [ 298064.22186407452682, 9226386.689747609198093 ], [ 298064.195006073045079, 9226386.695980982854962 ], [ 298064.168206494417973, 9226386.702460931614041 ], [ 298064.141467602166813, 9226386.709186911582947 ], [ 298064.11479165306082, 9226386.716158349066973 ], [ 298064.088180902297609, 9226386.723374657332897 ], [ 298064.061637597915251, 9226386.730835231021047 ], [ 298064.035163980617654, 9226386.73853943310678 ], [ 298064.008762286917772, 9226386.746486619114876 ], [ 298063.982434746751096, 9226386.754676112905145 ], [ 298063.956183583533857, 9226386.763107223436236 ], [ 298063.930011016142089, 9226386.771779241040349 ], [ 298063.903919255244546, 9226386.780691431835294 ], [ 298063.877910503360908, 9226386.78984304331243 ], [ 298063.851986957946792, 9226386.799233302474022 ], [ 298063.826150807959493, 9226386.808861415833235 ], [ 298063.800404237350449, 9226386.818726569414139 ], [ 298063.774749419710133, 9226386.828827932476997 ], [ 298063.749188523448538, 9226386.839164650067687 ], [ 298063.723723705217708, 9226386.849735846742988 ], [ 298063.698357117304113, 9226386.860540632158518 ], [ 298063.673090903612319, 9226386.8715780954808 ], [ 298063.647927196114324, 9226386.882847301661968 ], [ 298063.622868120612111, 9226386.894347298890352 ], [ 298063.597915795398876, 9226386.906077116727829 ], [ 298063.573072326194961, 9226386.918035762384534 ], [ 298063.548339813598432, 9226386.930222230032086 ], [ 298063.523720345227048, 9226386.942635487765074 ], [ 298063.499216000665911, 9226386.955274485051632 ], [ 298063.474828850128688, 9226386.968138158321381 ], [ 298063.450560952944215, 9226386.981225416064262 ], [ 298063.426414359884802, 9226386.994535157456994 ], [ 298063.402391109673772, 9226387.00806625559926 ], [ 298063.378493233001791, 9226387.02181757055223 ], [ 298063.354722745949402, 9226387.035787936300039 ], [ 298063.331081658776384, 9226387.049976177513599 ], [ 298063.307571966608521, 9226387.064381090924144 ], [ 298063.28419565630611, 9226387.07900146394968 ], [ 298063.260954702738672, 9226387.09383605979383 ], [ 298063.237851067329757, 9226387.108883624896407 ], [ 298063.214886704226956, 9226387.124142890796065 ], [ 298063.192063550057355, 9226387.139612564817071 ], [ 298063.169383535161614, 9226387.15529134310782 ], [ 298063.146848573291209, 9226387.171177899464965 ], [ 298063.124460568942595, 9226387.187270892783999 ], [ 298063.102221413631923, 9226387.203568965196609 ], [ 298063.080132985603996, 9226387.220070738345385 ], [ 298063.058197149890475, 9226387.236774817109108 ], [ 298063.036415760172531, 9226387.253679793328047 ], [ 298063.014790655404795, 9226387.270784238353372 ], [ 298062.993323663191404, 9226387.288086706772447 ], [ 298062.972016595827881, 9226387.30558573640883 ], [ 298062.950871254026424, 9226387.323279852047563 ], [ 298062.929889422899578, 9226387.341167556121945 ], [ 298062.909072875685524, 9226387.359247338026762 ], [ 298062.888423369731754, 9226387.37751767039299 ], [ 298062.867942649987526, 9226387.395977012813091 ], [ 298062.847632446733769, 9226387.41462380439043 ], [ 298062.827494475059211, 9226387.433456469327211 ], [ 298062.80753043491859, 9226387.452473415061831 ], [ 298062.787742014508694, 9226387.471673039719462 ], [ 298062.768130882992409, 9226387.491053719073534 ], [ 298062.748698699695524, 9226387.51061381585896 ], [ 298062.729447103629354, 9226387.530351679772139 ], [ 298062.710377722512931, 9226387.550265641883016 ], [ 298062.691492166661192, 9226387.570354020223022 ], [ 298062.67279203038197, 9226387.590615117922425 ], [ 298062.654278894944582, 9226387.61104722507298 ], [ 298062.635954321594909, 9226387.631648611277342 ], [ 298062.617819860926829, 9226387.652417544275522 ], [ 298062.599877042812295, 9226387.67335226200521 ], [ 298062.582127384084743, 9226387.694451000541449 ], [ 298062.564572382892948, 9226387.71571197733283 ], [ 298062.547213522659149, 9226387.737133394926786 ], [ 298062.530052269401494, 9226387.758713444694877 ], [ 298062.513090072490741, 9226387.780450304970145 ], [ 298062.496328366105445, 9226387.80234213732183 ], [ 298062.479768564167898, 9226387.824387095868587 ], [ 298062.463412067154422, 9226387.846583316102624 ], [ 298062.447260255168658, 9226387.868928922340274 ], [ 298062.431314492132515, 9226387.891422027722001 ], [ 298062.415576127183158, 9226387.914060734212399 ], [ 298062.400046488502994, 9226387.936843128874898 ], [ 298062.384726886462886, 9226387.959767285734415 ], [ 298062.369618617405649, 9226387.98283126950264 ], [ 298062.354722956311889, 9226388.006033133715391 ], [ 298062.340041162213311, 9226388.029370917007327 ], [ 298062.325574473768938, 9226388.052842644974589 ], [ 298062.311324113805313, 9226388.076446341350675 ], [ 298062.297291285241954, 9226388.100180005654693 ], [ 298062.283477174933068, 9226388.124041639268398 ], [ 298062.269882949651219, 9226388.148029224947095 ], [ 298062.256509756203741, 9226388.172140734270215 ], [ 298062.243358724692371, 9226388.196374131366611 ], [ 298062.230430966068525, 9226388.220727369189262 ], [ 298062.217727571725845, 9226388.245198391377926 ], [ 298062.205249616294168, 9226388.26978513225913 ], [ 298062.192998153506778, 9226388.29448551312089 ], [ 298062.180974215967581, 9226388.319297447800636 ], [ 298062.169178821379319, 9226388.344218840822577 ], [ 298062.157612966140732, 9226388.369247587397695 ], [ 298062.146277626336087, 9226388.394381573423743 ], [ 298062.135173759306781, 9226388.419618675485253 ], [ 298062.124302304000594, 9226388.444956762716174 ], [ 298062.113664177653845, 9226388.470393693074584 ], [ 298062.103260279283859, 9226388.495927318930626 ], [ 298062.093091486894991, 9226388.521555483341217 ], [ 298062.08315866132034, 9226388.547276023775339 ], [ 298062.073462639644276, 9226388.573086762800813 ], [ 298062.064004242478404, 9226388.598985526710749 ], [ 298062.05478426697664, 9226388.624970121309161 ], [ 298062.045803493121639, 9226388.651038356125355 ], [ 298062.037062679533847, 9226388.677188029512763 ], [ 298062.02856256411178, 9226388.703416928648949 ], [ 298062.020303865254391, 9226388.72972284257412 ], [ 298062.012287279416341, 9226388.756103545427322 ], [ 298062.004513485473581, 9226388.782556813210249 ], [ 298061.996983139018994, 9226388.80908040702343 ], [ 298061.9896968753892, 9226388.835672089830041 ], [ 298061.98265531117795, 9226388.862329611554742 ], [ 298061.97585904126754, 9226388.889050725847483 ], [ 298061.969308639178053, 9226388.915833171457052 ], [ 298061.963004658813588, 9226388.942674687132239 ], [ 298061.956947631319053, 9226388.969573006033897 ], [ 298061.951138070435263, 9226388.996525857597589 ], [ 298061.945576464291662, 9226389.023530963808298 ], [ 298061.940263284777757, 9226389.050586042925715 ], [ 298061.935198980208952, 9226389.077688809484243 ], [ 298061.930383977771271, 9226389.104836976155639 ], [ 298061.925818684219848, 9226389.132028248161077 ], [ 298061.92150348512223, 9226389.159260328859091 ], [ 298061.917438746546395, 9226389.186530917882919 ], [ 298061.913624809472822, 9226389.213837713003159 ], [ 298061.910061997710727, 9226389.241178408265114 ], [ 298061.906750611786265, 9226389.268550692126155 ], [ 298061.903690930514131, 9226389.295952251181006 ], [ 298061.900883213733323, 9226389.323380775749683 ], [ 298061.89832769689383, 9226389.350833943113685 ], [ 298061.896024598914664, 9226389.37830944173038 ], [ 298061.893974110134877, 9226389.405804943293333 ], [ 298061.892176407971419, 9226389.433318130671978 ], [ 298058.74442298192298, 9226441.268581489101052 ], [ 298127.250952684495132, 9226451.214337656274438 ] ] ] ] } },
{ "type": "Feature", "properties": { "fid": 67, "Endereco": "Rodovia BR-230", "Proprietario": null, "Situacao_Ocupacao": null, "Bairro": "Areia Dourada", "Quadra": "06", "Lote": "02", "Municipio": "Cabedelo-PB", "Inquerito_Policial": null, "Area": null, "Habite_se": null, "Fase_investigacao": "7. Sem definição", "Laudo_SPU": null, "Area_invadida": null, "Pericia_PF": null, "Pericia_PF_link": null, "Laudo_SPU_link": null, "habite-se_link": null, "alvara_municipal_link": null, "Inquerito_policial_link": null, "numero_inquerito_policial": null, "numero_alvara_municipal": null, "numero_habite-se": null, "numero_pericia_PF": null, "numero_laudo_SPU": null, "AutoJudicial": null, "area_iinquerito_PF": null, "area_spu": null, "pericia_01": null, "Pericia_02": null, "Pericia_03": null, "Loteamento": "Areia Dourada", "area_pecunia": null, "Situacao_recuo": null, "valor_m2": null, "valor_total": 0.0, "valor_formatado": "R$ 0,00", "Num_imovel": null, "CPF:": null, "alvara_municipal": null, "obs_pericia_pf": null, "obs_laudo_SPU": null, "obs_alvara": null, "obs_habite_se": null, "obs_pecunia": null, "obs_inquerito_pf": null }, "geometry": { "type": "MultiPolygon", "coordinates": [ [ [ [ 298125.0496229432174, 9226466.052003558725119 ], [ 298127.250952684495132, 9226451.214337656274438 ], [ 298058.74442298192298, 9226441.268581489101052 ], [ 298057.832025904208422, 9226456.293374225497246 ], [ 298125.0496229432174, 9226466.052003558725119 ] ] ] ] } },
{ "type": "Feature", "properties": { "fid": 68, "Endereco": "Rodovia BR-230", "Proprietario": null, "Situacao_Ocupacao": null, "Bairro": "Areia Dourada", "Quadra": "06", "Lote": "03", "Municipio": "Cabedelo-PB", "Inquerito_Policial": null, "Area": null, "Habite_se": null, "Fase_investigacao": "7. Sem definição", "Laudo_SPU": null, "Area_invadida": null, "Pericia_PF": null, "Pericia_PF_link": null, "Laudo_SPU_link": null, "habite-se_link": null, "alvara_municipal_link": null, "Inquerito_policial_link": null, "numero_inquerito_policial": null, "numero_alvara_municipal": null, "numero_habite-se": null, "numero_pericia_PF": null, "numero_laudo_SPU": null, "AutoJudicial": null, "area_iinquerito_PF": null, "area_spu": null, "pericia_01": null, "Pericia_02": null, "Pericia_03": null, "Loteamento": "Areia Dourada", "area_pecunia": null, "Situacao_recuo": null, "valor_m2": null, "valor_total": 0.0, "valor_formatado": "R$ 0,00", "Num_imovel": null, "CPF:": null, "alvara_municipal": null, "obs_pericia_pf": null, "obs_laudo_SPU": null, "obs_alvara": null, "obs_habite_se": null, "obs_pecunia": null, "obs_inquerito_pf": null }, "geometry": { "type": "MultiPolygon", "coordinates": [ [ [ [ 298122.848293201706838, 9226480.889669461175799 ], [ 298125.0496229432174, 9226466.052003558725119 ], [ 298057.832025904208422, 9226456.293374225497246 ], [ 298056.919628826493863, 9226471.318166963756084 ], [ 298122.848293201706838, 9226480.889669461175799 ] ] ] ] } },
{ "type": "Feature", "properties": { "fid": 69, "Endereco": "Rodovia BR-230", "Proprietario": null, "Situacao_Ocupacao": null, "Bairro": "Areia Dourada", "Quadra": "06", "Lote": "04", "Municipio": "Cabedelo-PB", "Inquerito_Policial": null, "Area": null, "Habite_se": null, "Fase_investigacao": "7. Sem definição", "Laudo_SPU": null, "Area_invadida": null, "Pericia_PF": null, "Pericia_PF_link": null, "Laudo_SPU_link": null, "habite-se_link": null, "alvara_municipal_link": null, "Inquerito_policial_link": null, "numero_inquerito_policial": null, "numero_alvara_municipal": null, "numero_habite-se": null, "numero_pericia_PF": null, "numero_laudo_SPU": null, "AutoJudicial": null, "area_iinquerito_PF": null, "area_spu": null, "pericia_01": null, "Pericia_02": null, "Pericia_03": null, "Loteamento": "Areia Dourada", "area_pecunia": null, "Situacao_recuo": null, "valor_m2": null, "valor_total": 0.0, "valor_formatado": "R$ 0,00", "Num_imovel": null, "CPF:": null, "alvara_municipal": null, "obs_pericia_pf": null, "obs_laudo_SPU": null, "obs_alvara": null, "obs_habite_se": null, "obs_pecunia": null, "obs_inquerito_pf": null }, "geometry": { "type": "MultiPolygon", "coordinates": [ [ [ [ 298120.646963460312691, 9226495.727335365489125 ], [ 298122.848293201706838, 9226480.889669461175799 ], [ 298056.919628826493863, 9226471.318166963756084 ], [ 298056.007231748779304, 9226486.342959698289633 ], [ 298120.646963460312691, 9226495.727335365489125 ] ] ] ] } },
{ "type": "Feature", "properties": { "fid": 70, "Endereco": "Rodovia BR-230", "Proprietario": null, "Situacao_Ocupacao": null, "Bairro": "Areia Dourada", "Quadra": "06", "Lote": "05", "Municipio": "Cabedelo-PB", "Inquerito_Policial": null, "Area": null, "Habite_se": null, "Fase_investigacao": "7. Sem definição", "Laudo_SPU": null, "Area_invadida": null, "Pericia_PF": null, "Pericia_PF_link": null, "Laudo_SPU_link": null, "habite-se_link": null, "alvara_municipal_link": null, "Inquerito_policial_link": null, "numero_inquerito_policial": null, "numero_alvara_municipal": null, "numero_habite-se": null, "numero_pericia_PF": null, "numero_laudo_SPU": null, "AutoJudicial": null, "area_iinquerito_PF": null, "area_spu": null, "pericia_01": null, "Pericia_02": null, "Pericia_03": null, "Loteamento": "Areia Dourada", "area_pecunia": null, "Situacao_recuo": null, "valor_m2": null, "valor_total": 0.0, "valor_formatado": "R$ 0,00", "Num_imovel": null, "CPF:": null, "alvara_municipal": null, "obs_pericia_pf": null, "obs_laudo_SPU": null, "obs_alvara": null, "obs_habite_se": null, "obs_pecunia": null, "obs_inquerito_pf": null }, "geometry": { "type": "MultiPolygon", "coordinates": [ [ [ [ 298118.445633718918543, 9226510.565001266077161 ], [ 298120.646963460312691, 9226495.727335365489125 ], [ 298056.007231748779304, 9226486.342959698289633 ], [ 298055.094834671122953, 9226501.367752432823181 ], [ 298118.445633718918543, 9226510.565001266077161 ] ] ] ] } },
{ "type": "Feature", "properties": { "fid": 71, "Endereco": "Rodovia BR-230", "Proprietario": null, "Situacao_Ocupacao": null, "Bairro": "Areia Dourada", "Quadra": "06", "Lote": "06", "Municipio": "Cabedelo-PB", "Inquerito_Policial": null, "Area": null, "Habite_se": null, "Fase_investigacao": "7. Sem definição", "Laudo_SPU": null, "Area_invadida": null, "Pericia_PF": null, "Pericia_PF_link": null, "Laudo_SPU_link": null, "habite-se_link": null, "alvara_municipal_link": null, "Inquerito_policial_link": null, "numero_inquerito_policial": null, "numero_alvara_municipal": null, "numero_habite-se": null, "numero_pericia_PF": null, "numero_laudo_SPU": null, "AutoJudicial": null, "area_iinquerito_PF": null, "area_spu": null, "pericia_01": null, "Pericia_02": null, "Pericia_03": null, "Loteamento": "Areia Dourada", "area_pecunia": null, "Situacao_recuo": null, "valor_m2": null, "valor_total": 0.0, "valor_formatado": "R$ 0,00", "Num_imovel": null, "CPF:": null, "alvara_municipal": null, "obs_pericia_pf": null, "obs_laudo_SPU": null, "obs_alvara": null, "obs_habite_se": null, "obs_pecunia": null, "obs_inquerito_pf": null }, "geometry": { "type": "MultiPolygon", "coordinates": [ [ [ [ 298116.244303977407981, 9226525.402667170390487 ], [ 298118.445633718918543, 9226510.565001266077161 ], [ 298055.094834671122953, 9226501.367752432823181 ], [ 298054.182437593291979, 9226516.392545169219375 ], [ 298116.244303977407981, 9226525.402667170390487 ] ] ] ] } },
{ "type": "Feature", "properties": { "fid": 74, "Endereco": "Rodovia BR-230", "Proprietario": null, "Situacao_Ocupacao": null, "Bairro": "Areia Dourada", "Quadra": "06", "Lote": "09", "Municipio": "Cabedelo-PB", "Inquerito_Policial": null, "Area": null, "Habite_se": null, "Fase_investigacao": "7. Sem definição", "Laudo_SPU": null, "Area_invadida": null, "Pericia_PF": null, "Pericia_PF_link": null, "Laudo_SPU_link": null, "habite-se_link": null, "alvara_municipal_link": null, "Inquerito_policial_link": null, "numero_inquerito_policial": null, "numero_alvara_municipal": null, "numero_habite-se": null, "numero_pericia_PF": null, "numero_laudo_SPU": null, "AutoJudicial": null, "area_iinquerito_PF": null, "area_spu": null, "pericia_01": null, "Pericia_02": null, "Pericia_03": null, "Loteamento": "Areia Dourada", "area_pecunia": null, "Situacao_recuo": null, "valor_m2": null, "valor_total": 0.0, "valor_formatado": "R$ 0,00", "Num_imovel": null, "CPF:": null, "alvara_municipal": null, "obs_pericia_pf": null, "obs_laudo_SPU": null, "obs_alvara": null, "obs_habite_se": null, "obs_pecunia": null, "obs_inquerito_pf": null }, "geometry": { "type": "MultiPolygon", "coordinates": [ [ [ [ 298109.640314753109124, 9226569.915664877742529 ], [ 298111.841644494619686, 9226555.077998973429203 ], [ 298052.357643437804654, 9226546.442130643874407 ], [ 298051.445246360322926, 9226561.4669233802706 ], [ 298109.640314753109124, 9226569.915664877742529 ] ] ] ] } },
{ "type": "Feature", "properties": { "fid": 75, "Endereco": "Rodovia BR-230", "Proprietario": null, "Situacao_Ocupacao": null, "Bairro": "Areia Dourada", "Quadra": "06", "Lote": "10", "Municipio": "Cabedelo-PB", "Inquerito_Policial": null, "Area": null, "Habite_se": null, "Fase_investigacao": "7. Sem definição", "Laudo_SPU": null, "Area_invadida": null, "Pericia_PF": null, "Pericia_PF_link": null, "Laudo_SPU_link": null, "habite-se_link": null, "alvara_municipal_link": null, "Inquerito_policial_link": null, "numero_inquerito_policial": null, "numero_alvara_municipal": null, "numero_habite-se": null, "numero_pericia_PF": null, "numero_laudo_SPU": null, "AutoJudicial": null, "area_iinquerito_PF": null, "area_spu": null, "pericia_01": null, "Pericia_02": null, "Pericia_03": null, "Loteamento": "Areia Dourada", "area_pecunia": null, "Situacao_recuo": null, "valor_m2": null, "valor_total": 0.0, "valor_formatado": "R$ 0,00", "Num_imovel": null, "CPF:": null, "alvara_municipal": null, "obs_pericia_pf": null, "obs_laudo_SPU": null, "obs_alvara": null, "obs_habite_se": null, "obs_pecunia": null, "obs_inquerito_pf": null }, "geometry": { "type": "MultiPolygon", "coordinates": [ [ [ [ 298107.438985011714976, 9226584.753330778330564 ], [ 298109.640314753109124, 9226569.915664877742529 ], [ 298051.445246360322926, 9226561.4669233802706 ], [ 298050.532849282491952, 9226576.491716114804149 ], [ 298107.438985011714976, 9226584.753330778330564 ] ] ] ] } },
{ "type": "Feature", "properties": { "fid": 76, "Endereco": "Rodovia BR-230", "Proprietario": null, "Situacao_Ocupacao": null, "Bairro": "Areia Dourada", "Quadra": "06", "Lote": "11", "Municipio": "Cabedelo-PB", "Inquerito_Policial": null, "Area": null, "Habite_se": null, "Fase_investigacao": "7. Sem definição", "Laudo_SPU": null, "Area_invadida": null, "Pericia_PF": null, "Pericia_PF_link": null, "Laudo_SPU_link": null, "habite-se_link": null, "alvara_municipal_link": null, "Inquerito_policial_link": null, "numero_inquerito_policial": null, "numero_alvara_municipal": null, "numero_habite-se": null, "numero_pericia_PF": null, "numero_laudo_SPU": null, "AutoJudicial": null, "area_iinquerito_PF": null, "area_spu": null, "pericia_01": null, "Pericia_02": null, "Pericia_03": null, "Loteamento": "Areia Dourada", "area_pecunia": 300.0, "Situacao_recuo": "RECUOU", "valor_m2": 120.0, "valor_total": 36000.0, "valor_formatado": "R$ 36.000,00", "Num_imovel": null, "CPF:": null, "alvara_municipal": null, "obs_pericia_pf": null, "obs_laudo_SPU": null, "obs_alvara": null, "obs_habite_se": null, "obs_pecunia": "Teste 04.", "obs_inquerito_pf": null }, "geometry": { "type": "MultiPolygon", "coordinates": [ [ [ [ 298102.278010983078275, 9226599.161316465586424 ], [ 298102.278010983136483, 9226599.161316465586424 ], [ 298102.303883964428678, 9226599.164957724511623 ], [ 298102.329787677619606, 9226599.168373513966799 ], [ 298102.355720157036558, 9226599.171563569456339 ], [ 298102.381679436424747, 9226599.17452765442431 ], [ 298102.407663545396645, 9226599.177265539765358 ], [ 298102.433670514146797, 9226599.179777020588517 ], [ 298102.459698370366823, 9226599.182061905041337 ], [ 298102.485745137906633, 9226599.184120019897819 ], [ 298102.511808842653409, 9226599.185951210558414 ], [ 298102.537887508049607, 9226599.187555335462093 ], [ 298102.563979154045228, 9226599.188932275399566 ], [ 298102.590081801987253, 9226599.190081922337413 ], [ 298102.61619347409578, 9226599.191004194319248 ], [ 298102.642312187410425, 9226599.191699018701911 ], [ 298102.668435961473733, 9226599.192166341468692 ], [ 298102.694562815071549, 9226599.192406129091978 ], [ 298102.720690765243489, 9226599.192418361082673 ], [ 298102.746817831823137, 9226599.192203039303422 ], [ 298102.772942031966522, 9226599.191760178655386 ], [ 298102.799061384808738, 9226599.191089812666178 ], [ 298102.825173908029683, 9226599.190191993489861 ], [ 298102.851277621288318, 9226599.189066786319017 ], [ 298102.877370545698795, 9226599.187714280560613 ], [ 298102.90345070080366, 9226599.186134576797485 ], [ 298102.929516108823009, 9226599.184327794238925 ], [ 298102.955564793373924, 9226599.182294070720673 ], [ 298102.981594777200371, 9226599.18003355897963 ], [ 298103.007604085665662, 9226599.177546432241797 ], [ 298103.033590748265851, 9226599.174832878634334 ], [ 298103.059552791586611, 9226599.171893104910851 ], [ 298103.085488246404566, 9226599.168727330863476 ], [ 298103.111395146639552, 9226599.165335800498724 ], [ 298103.137271527084522, 9226599.161718770861626 ], [ 298103.163115423812997, 9226599.157876512035728 ], [ 298103.188924878253601, 9226599.153809320181608 ], [ 298103.21469793113647, 9226599.149517502635717 ], [ 298103.240432627790142, 9226599.145001381635666 ], [ 298103.266127017384861, 9226599.140261305496097 ], [ 298103.291779149440117, 9226599.135297629982233 ], [ 298103.317387078597676, 9226599.13011072948575 ], [ 298103.342948862642515, 9226599.12470100261271 ], [ 298103.368462563259527, 9226599.1190688572824 ], [ 298103.393926244229078, 9226599.11321472004056 ], [ 298103.419337973813526, 9226599.10713903605938 ], [ 298103.444695825863164, 9226599.100842265412211 ], [ 298103.469997875450645, 9226599.094324886798859 ], [ 298103.495242204633541, 9226599.087587391957641 ], [ 298103.520426897972357, 9226599.080630296841264 ], [ 298103.545550045149866, 9226599.073454124853015 ], [ 298103.570609739632346, 9226599.066059419885278 ], [ 298103.595604082336649, 9226599.058446746319532 ], [ 298103.620531176100485, 9226599.05061667971313 ], [ 298103.64538913150318, 9226599.042569814249873 ], [ 298103.670176060986705, 9226599.034306759014726 ], [ 298103.694890086422674, 9226599.025828143581748 ], [ 298103.719529331545345, 9226599.017134608700871 ], [ 298103.744091928587295, 9226599.008226813748479 ], [ 298103.768576013331767, 9226598.999105436727405 ], [ 298103.792979729943909, 9226598.989771166816354 ], [ 298103.817301226430573, 9226598.980224713683128 ], [ 298103.841538658365607, 9226598.970466800034046 ], [ 298103.865690187667497, 9226598.960498169064522 ], [ 298103.889753980678506, 9226598.950319573283195 ], [ 298103.913728213636205, 9226598.939931785687804 ], [ 298103.937611068424303, 9226598.929335597902536 ], [ 298103.961400731757749, 9226598.918531807139516 ], [ 298103.98509540053783, 9226598.907521238550544 ], [ 298104.008693276671693, 9226598.896304722875357 ], [ 298104.032192571437918, 9226598.884883116930723 ], [ 298104.055591500306036, 9226598.873257279396057 ], [ 298104.078888290561736, 9226598.861428098753095 ], [ 298104.102081173798069, 9226598.849396467208862 ], [ 298104.125168390455656, 9226598.837163299322128 ], [ 298104.148148191045038, 9226598.824729526415467 ], [ 298104.171018830616958, 9226598.812096085399389 ], [ 298104.193778575805482, 9226598.799263941124082 ], [ 298104.216425699065439, 9226598.786234060302377 ], [ 298104.238958483561873, 9226598.773007435724139 ], [ 298104.261375219619367, 9226598.759585071355104 ], [ 298104.283674207283184, 9226598.745967980474234 ], [ 298104.305853754281998, 9226598.732157200574875 ], [ 298104.327912179171108, 9226598.718153778463602 ], [ 298104.349847807490733, 9226598.70395877212286 ], [ 298104.371658976771869, 9226598.68957326374948 ], [ 298104.393344031879678, 9226598.674998342990875 ], [ 298104.414901329029817, 9226598.660235114395618 ], [ 298104.43632923142286, 9226598.645284697413445 ], [ 298104.457626114308368, 9226598.630148226395249 ], [ 298104.478790362423752, 9226598.61482685059309 ], [ 298104.499820371391252, 9226598.59932173229754 ], [ 298104.520714543410577, 9226598.583634044975042 ], [ 298104.541471296339296, 9226598.567764982581139 ], [ 298104.562089054612443, 9226598.551715744659305 ], [ 298104.582566254131962, 9226598.535487551242113 ], [ 298104.602901341335382, 9226598.519081631675363 ], [ 298104.623092775000259, 9226598.502499232068658 ], [ 298104.643139022693504, 9226598.485741609707475 ], [ 298104.663038564671297, 9226598.46881003677845 ], [ 298104.682789889862761, 9226598.451705792918801 ], [ 298104.702391501574311, 9226598.434430181980133 ], [ 298104.721841912018135, 9226598.41698450781405 ], [ 298104.741139646677766, 9226598.399370098486543 ], [ 298104.760283241281286, 9226598.381588289514184 ], [ 298104.779271244304255, 9226598.363640429452062 ], [ 298104.798102214524988, 9226598.345527878031135 ], [ 298104.816774724633433, 9226598.327252009883523 ], [ 298104.835287356982008, 9226598.308814212679863 ], [ 298104.853638709173538, 9226598.290215883404016 ], [ 298104.871827387425583, 9226598.271458432078362 ], [ 298104.889852012507617, 9226598.252543283626437 ], [ 298104.907711218460463, 9226598.233471872285008 ], [ 298104.925403648405336, 9226598.214245643466711 ], [ 298104.942927962576505, 9226598.194866057485342 ], [ 298104.960282830346841, 9226598.175334582105279 ], [ 298104.977466936165001, 9226598.155652699992061 ], [ 298104.994478975073434, 9226598.135821903124452 ], [ 298105.011317658529151, 9226598.115843696519732 ], [ 298105.027981708873995, 9226598.0957195982337 ], [ 298105.044469860440586, 9226598.075451128184795 ], [ 298105.060780864441767, 9226598.055039830505848 ], [ 298105.076913483149838, 9226598.034487249329686 ], [ 298105.092866492574103, 9226598.013794945552945 ], [ 298105.108638683508616, 9226597.99296448752284 ], [ 298105.12422885815613, 9226597.971997456625104 ], [ 298105.139635835133959, 9226597.950895441696048 ], [ 298105.154858444817364, 9226597.9296600446105 ], [ 298105.169895533763338, 9226597.908292874693871 ], [ 298105.184745959762949, 9226597.886795554310083 ], [ 298105.199408598127775, 9226597.865169713273644 ], [ 298105.213882335519884, 9226597.843416990712285 ], [ 298105.228166075248737, 9226597.821539040654898 ], [ 298105.242258732090704, 9226597.79953751899302 ], [ 298105.256159237993415, 9226597.777414092794061 ], [ 298105.269866538641509, 9226597.755170445889235 ], [ 298105.283379594853614, 9226597.732808262109756 ], [ 298105.296697380312253, 9226597.710329236462712 ], [ 298105.30981888633687, 9226597.687735076993704 ], [ 298105.322743116295896, 9226597.665027497336268 ], [ 298105.335469090146944, 9226597.642208216711879 ], [ 298105.347995843505487, 9226597.619278967380524 ], [ 298105.360322425432969, 9226597.596241490915418 ], [ 298105.372447900939733, 9226597.573097532615066 ], [ 298105.384371349879075, 9226597.549848848953843 ], [ 298105.396091869217344, 9226597.526497201994061 ], [ 298105.407608568726573, 9226597.503044364973903 ], [ 298105.41892057453515, 9226597.479492112994194 ], [ 298105.430027030350175, 9226597.455842237919569 ], [ 298105.44092709175311, 9226597.432096531614661 ], [ 298105.45161993324291, 9226597.408256793394685 ], [ 298105.462104743754026, 9226597.384324833750725 ], [ 298105.472380726947449, 9226597.360302466899157 ], [ 298105.482447103306185, 9226597.336191512644291 ], [ 298105.492303111299407, 9226597.3119938056916 ], [ 298105.501948001270648, 9226597.287711177021265 ], [ 298105.511381041666027, 9226597.263345468789339 ], [ 298105.520601518335752, 9226597.238898530602455 ], [ 298105.529608731274493, 9226597.214372215792537 ], [ 298105.538401996833272, 9226597.189768387004733 ], [ 298105.546980649000034, 9226597.165088908746839 ], [ 298105.555344036314636, 9226597.140335651114583 ], [ 298105.563491523789708, 9226597.115510493516922 ], [ 298105.571422494598664, 9226597.090615320950747 ], [ 298105.579136346408632, 9226597.065652018412948 ], [ 298105.586632495222148, 9226597.040622482076287 ], [ 298105.59391037072055, 9226597.015528608113527 ], [ 298105.600969422026537, 9226596.990372302010655 ], [ 298105.60780911333859, 9226596.965155471116304 ], [ 298105.614428925269749, 9226596.939880026504397 ], [ 298105.620828357874416, 9226596.914547888562083 ], [ 298105.627006923488807, 9226596.889160977676511 ], [ 298105.632964153308421, 9226596.863721216097474 ], [ 298105.638699597213417, 9226596.838230539113283 ], [ 298105.644212819694076, 9226596.812690878286958 ], [ 298105.649503401014954, 9226596.787104167044163 ], [ 298105.654570941755082, 9226596.761472351849079 ], [ 298105.659415057161823, 9226596.735797373577952 ], [ 298105.664035378664266, 9226596.710081180557609 ], [ 298105.66843155695824, 9226596.684325722977519 ], [ 298105.672603257989977, 9226596.658532954752445 ], [ 298105.676550166099332, 9226596.632704833522439 ], [ 298107.438985011714976, 9226584.753330778330564 ], [ 298050.532849282491952, 9226576.491716114804149 ], [ 298049.787708510586526, 9226588.762235091999173 ], [ 298049.786308239679784, 9226588.786983365193009 ], [ 298049.785112499608658, 9226588.811742363497615 ], [ 298049.784121373901144, 9226588.836510395631194 ], [ 298049.783334928622935, 9226588.861285770311952 ], [ 298049.782753218198195, 9226588.886066799983382 ], [ 298049.782376281276811, 9226588.9108517896384 ], [ 298049.782204144925345, 9226588.935639046132565 ], [ 298049.782236819155514, 9226588.960426880046725 ], [ 298049.782474303792696, 9226588.985213598236442 ], [ 298049.782916581840254, 9226589.009997507557273 ], [ 298049.783563623554073, 9226589.034776916727424 ], [ 298049.784415383532178, 9226589.059550132602453 ], [ 298049.785471805313136, 9226589.084315465763211 ], [ 298049.786732814100105, 9226589.109071226790547 ], [ 298049.788198327005375, 9226589.133815720677376 ], [ 298049.789868241583463, 9226589.158547263592482 ], [ 298049.791742445726413, 9226589.183264162391424 ], [ 298049.793820809340104, 9226589.207964733242989 ], [ 298049.796103191678412, 9226589.23264728859067 ], [ 298049.798589436744805, 9226589.257310142740607 ], [ 298049.801279376551975, 9226589.281951609998941 ], [ 298049.804172823787667, 9226589.306570013985038 ], [ 298049.807269584969617, 9226589.331163667142391 ], [ 298049.810569444554858, 9226589.355730894953012 ], [ 298049.814072180888616, 9226589.380270019173622 ], [ 298049.81777755334042, 9226589.404779363423586 ], [ 298049.821685308066662, 9226589.429257256910205 ], [ 298049.825795179582201, 9226589.45370202511549 ], [ 298049.830106887849979, 9226589.478112000972033 ], [ 298049.834620136942249, 9226589.502485519275069 ], [ 298049.839334618009161, 9226589.526820914819837 ], [ 298049.844250012363773, 9226589.551116524264216 ], [ 298049.849365981062874, 9226589.575370691716671 ], [ 298049.854682176897768, 9226589.599581759423018 ], [ 298049.860198237118311, 9226589.623748077079654 ], [ 298049.865913783258293, 9226589.647867990657687 ], [ 298049.871828427596483, 9226589.671939857304096 ], [ 298049.877941763785202, 9226589.695962032303214 ], [ 298049.884253376105335, 9226589.719932876527309 ], [ 298049.89076283358736, 9226589.743850750848651 ], [ 298049.897469690127764, 9226589.767714025452733 ], [ 298049.904373490251601, 9226589.791521068662405 ], [ 298049.911473762069363, 9226589.815270254388452 ], [ 298049.91877001861576, 9226589.838959965854883 ], [ 298049.926261765358504, 9226589.86258858256042 ], [ 298049.933948487043381, 9226589.886154491454363 ], [ 298049.941829662478995, 9226589.909656085073948 ], [ 298049.949904751265422, 9226589.933091755956411 ], [ 298049.958173202816397, 9226589.95645990781486 ], [ 298049.966634451993741, 9226589.979758942499757 ], [ 298049.975287922017742, 9226590.002987271174788 ], [ 298049.984133023070171, 9226590.026143305003643 ], [ 298049.993169148219749, 9226590.049225468188524 ], [ 298050.002395683375653, 9226590.0722321793437 ], [ 298050.011811997392215, 9226590.095161871984601 ], [ 298050.021417447889689, 9226590.118012979626656 ], [ 298050.031211378285661, 9226590.140783941373229 ], [ 298050.041193121112883, 9226590.163473201915622 ], [ 298050.051361994759645, 9226590.186079213395715 ], [ 298050.061717303760815, 9226590.208600433543324 ], [ 298050.072258341941051, 9226590.231035323813558 ], [ 298050.082984390610363, 9226590.253382351249456 ], [ 298050.093894714664202, 9226590.275639994069934 ], [ 298050.104988572595175, 9226590.297806726768613 ], [ 298050.116265205084346, 9226590.319881040602922 ], [ 298050.127723843674175, 9226590.341861426830292 ], [ 298050.139363703667186, 9226590.363746386021376 ], [ 298050.151183992915321, 9226590.385534422472119 ], [ 298050.163183901575394, 9226590.407224049791694 ], [ 298050.175362613925245, 9226590.428813787177205 ], [ 298050.18771929689683, 9226590.450302159413695 ], [ 298050.200253105780575, 9226590.471687702462077 ], [ 298050.212963185855187, 9226590.492968952283263 ], [ 298050.225848670874257, 9226590.514144457876682 ], [ 298050.238908677652944, 9226590.535212775692344 ], [ 298050.252142318757251, 9226590.556172464042902 ], [ 298050.26554868707899, 9226590.577022092416883 ], [ 298050.279126868525054, 9226590.597760239616036 ], [ 298050.292875938059296, 9226590.618385488167405 ], [ 298050.306794953823555, 9226590.638896431773901 ], [ 298050.320882967440411, 9226590.659291666001081 ], [ 298050.335139016679022, 9226590.67956980317831 ], [ 298050.349562128714751, 9226590.699729457497597 ], [ 298050.364151318441145, 9226590.71976925060153 ], [ 298050.378905590099748, 9226590.739687815308571 ], [ 298050.39382393611595, 9226590.75948379188776 ], [ 298050.408905338263139, 9226590.779155829921365 ], [ 298050.424148766614962, 9226590.798702586442232 ], [ 298050.439553180709481, 9226590.81812272593379 ], [ 298050.45511752855964, 9226590.837414922192693 ], [ 298050.470840747933835, 9226590.856577858328819 ], [ 298050.486721765017137, 9226590.875610226765275 ], [ 298050.5027594959829, 9226590.894510729238391 ], [ 298050.518952845595777, 9226590.913278073072433 ], [ 298050.535300708725117, 9226590.93191097676754 ], [ 298050.551801968889777, 9226590.950408171862364 ], [ 298050.568455500004347, 9226590.968768391758204 ], [ 298050.585260164807551, 9226590.986990382894874 ], [ 298050.602214816317428, 9226591.005072904750705 ], [ 298050.619318296725396, 9226591.023014718666673 ], [ 298050.636569438735023, 9226591.04081460274756 ], [ 298050.653967062709853, 9226591.058471342548728 ], [ 298050.671509984123986, 9226591.075983729213476 ], [ 298050.689197003375739, 9226591.093350568786263 ], [ 298050.707026911608409, 9226591.11057067848742 ], [ 298050.724998495483305, 9226591.127642875537276 ], [ 298050.743110523617361, 9226591.144566001370549 ], [ 298050.761361763230525, 9226591.161338897421956 ], [ 298050.779750966583379, 9226591.17796041816473 ], [ 298050.798276877321769, 9226591.194429432973266 ], [ 298050.816938231757376, 9226591.210744811221957 ], [ 298050.835733757528942, 9226591.226905442774296 ], [ 298050.854662167956121, 9226591.242910224944353 ], [ 298050.873722173506394, 9226591.258758062496781 ], [ 298050.892912470560987, 9226591.274447876960039 ], [ 298050.912231751310173, 9226591.289978593587875 ], [ 298050.931678695429582, 9226591.305349154397845 ], [ 298050.951251977297943, 9226591.32055850699544 ], [ 298050.970950257091317, 9226591.3356056176126 ], [ 298050.990772192948498, 9226591.350489454343915 ], [ 298051.01071643049363, 9226591.365209005773067 ], [ 298051.030781607551035, 9226591.379763264209032 ], [ 298051.050966355309356, 9226591.394151234999299 ], [ 298051.071269295935053, 9226591.40837193839252 ], [ 298051.091689042164944, 9226591.422424400225282 ], [ 298051.112224200740457, 9226591.436307664960623 ], [ 298051.132873369264416, 9226591.450020782649517 ], [ 298051.153635139169637, 9226591.4635628182441 ], [ 298051.1745080902474, 9226591.476932846009731 ], [ 298051.195490800659172, 9226591.490129953250289 ], [ 298051.216581836750265, 9226591.503153240308166 ], [ 298051.237779757822864, 9226591.516001814976335 ], [ 298051.259083117300179, 9226591.528674805536866 ], [ 298051.280490460165311, 9226591.541171342134476 ], [ 298051.3020003271522, 9226591.553490571677685 ], [ 298051.323611246189103, 9226591.565631654113531 ], [ 298051.34532174578635, 9226591.577593762427568 ], [ 298051.367130340018775, 9226591.589376077055931 ], [ 298051.389035542262718, 9226591.600977797061205 ], [ 298051.411035857570823, 9226591.612398125231266 ], [ 298051.433129781624302, 9226591.623636286705732 ], [ 298051.455315807717852, 9226591.634691514074802 ], [ 298051.477592421288136, 9226591.645563047379255 ], [ 298051.499958099797368, 9226591.656250150874257 ], [ 298051.522411318786908, 9226591.666752090677619 ], [ 298051.544950543087907, 9226591.677068151533604 ], [ 298051.567574235668872, 9226591.687197629362345 ], [ 298051.590280851814896, 9226591.697139831259847 ], [ 298051.613068839360494, 9226591.706894079223275 ], [ 298051.635936645674519, 9226591.716459708288312 ], [ 298051.658882706600707, 9226591.725836062803864 ], [ 298051.681905456236564, 9226591.735022507607937 ], [ 298051.705003324430436, 9226591.744018409401178 ], [ 298051.72817473358009, 9226591.75282315723598 ], [ 298051.751418100611772, 9226591.761436149477959 ], [ 298051.774731839424931, 9226591.769856799393892 ], [ 298051.798114359960891, 9226591.778084529563785 ], [ 298051.821564062207472, 9226591.786118781194091 ], [ 298051.845079349353909, 9226591.793959002941847 ], [ 298051.868658611900173, 9226591.80160466209054 ], [ 298051.89230024383869, 9226591.809055235236883 ], [ 298051.916002629324794, 9226591.816310212016106 ], [ 298051.939764150301926, 9226591.823369100689888 ], [ 298051.963583183474839, 9226591.830231418833137 ], [ 298051.987458104849793, 9226591.836896695196629 ], [ 298052.0113872824586, 9226591.843364477157593 ], [ 298052.035369085147977, 9226591.849634321406484 ], [ 298052.059401872393209, 9226591.855705801397562 ], [ 298052.083484006230719, 9226591.86157850176096 ], [ 298052.107613840722479, 9226591.867252022027969 ], [ 298052.131789729755837, 9226591.872725976631045 ], [ 298052.156010022386909, 9226591.877999987453222 ], [ 298052.180273066041991, 9226591.883073696866632 ], [ 298052.204577201919165, 9226591.887946758419275 ], [ 298052.228920772613492, 9226591.892618840560317 ], [ 298052.253302114841063, 9226591.897089624777436 ], [ 298052.277719565143343, 9226591.901358801871538 ], [ 298052.30217145581264, 9226591.90542608499527 ], [ 298052.326656118966639, 9226591.909291192889214 ], [ 298052.351171881251503, 9226591.912953862920403 ], [ 298052.35117188130971, 9226591.912953862920403 ], [ 298102.278010983078275, 9226599.161316465586424 ] ] ] ] } },
{ "type": "Feature", "properties": { "fid": 77, "Endereco": "Rodovia BR-230", "Proprietario": null, "Situacao_Ocupacao": null, "Bairro": "Areia Dourada", "Quadra": "07", "Lote": "01", "Municipio": "Cabedelo-PB", "Inquerito_Policial": null, "Area": null, "Habite_se": null, "Fase_investigacao": "7. Sem definição", "Laudo_SPU": null, "Area_invadida": null, "Pericia_PF": null, "Pericia_PF_link": null, "Laudo_SPU_link": null, "habite-se_link": null, "alvara_municipal_link": null, "Inquerito_policial_link": null, "numero_inquerito_policial": null, "numero_alvara_municipal": null, "numero_habite-se": null, "numero_pericia_PF": null, "numero_laudo_SPU": null, "AutoJudicial": null, "area_iinquerito_PF": null, "area_spu": null, "pericia_01": null, "Pericia_02": null, "Pericia_03": null, "Loteamento": "Areia Dourada", "area_pecunia": null, "Situacao_recuo": null, "valor_m2": null, "valor_total": 0.0, "valor_formatado": "R$ 0,00", "Num_imovel": null, "CPF:": null, "alvara_municipal": null, "obs_pericia_pf": null, "obs_laudo_SPU": null, "obs_alvara": null, "obs_habite_se": null, "obs_pecunia": null, "obs_inquerito_pf": null }, "geometry": { "type": "MultiPolygon", "coordinates": [ [ [ [ 298103.505520139005966, 9226625.010689619928598 ], [ 298104.285416385217104, 9226612.882222041487694 ], [ 298104.286939023062587, 9226612.856867205351591 ], [ 298104.288246933196206, 9226612.831500386819243 ], [ 298104.28934002033202, 9226612.806123403832316 ], [ 298104.290218208625447, 9226612.780738074332476 ], [ 298104.290881433291361, 9226612.755346219986677 ], [ 298104.291329648753162, 9226612.729949658736587 ], [ 298104.291562819038518, 9226612.70455021597445 ], [ 298104.291580931749195, 9226612.679149707779288 ], [ 298104.291383983567357, 9226612.653749957680702 ], [ 298104.290971987706143, 9226612.628352785483003 ], [ 298104.290344976412598, 9226612.602960009127855 ], [ 298104.289502992352936, 9226612.577573454007506 ], [ 298104.288446095888503, 9226612.552194938063622 ], [ 298104.287174363387749, 9226612.526826279237866 ], [ 298104.285687887226231, 9226612.501469297334552 ], [ 298104.283986772759818, 9226612.476125810295343 ], [ 298104.282071141467895, 9226612.450797634199262 ], [ 298104.279941130313091, 9226612.425486586987972 ], [ 298104.277596893603913, 9226612.40019447915256 ], [ 298104.275038598512765, 9226612.374923126772046 ], [ 298104.272266429034062, 9226612.349674340337515 ], [ 298104.269280583423097, 9226612.324449930340052 ], [ 298104.266081275301985, 9226612.299251705408096 ], [ 298104.262668735173065, 9226612.274081470444798 ], [ 298104.259043205936905, 9226612.248941032215953 ], [ 298104.25520494999364, 9226612.223832190036774 ], [ 298104.251154239405878, 9226612.198756746947765 ], [ 298104.246891368180513, 9226612.173716496676207 ], [ 298104.242416638357099, 9226612.148713238537312 ], [ 298104.237730372755323, 9226612.123748762533069 ], [ 298104.232832906011026, 9226612.098824860528111 ], [ 298104.22772459051339, 9226612.073943316936493 ], [ 298104.222405793436337, 9226612.049105914309621 ], [ 298104.21687689225655, 9226612.024314437061548 ], [ 298104.211138287733775, 9226611.999570658430457 ], [ 298104.205190387787297, 9226611.97487635537982 ], [ 298104.199033620709088, 9226611.950233295559883 ], [ 298104.192668427480385, 9226611.925643248483539 ], [ 298104.186095265147742, 9226611.901107974350452 ], [ 298104.179314603155944, 9226611.876629233360291 ], [ 298104.172326928237453, 9226611.852208780124784 ], [ 298104.165132742491551, 9226611.827848365530372 ], [ 298104.157732560532168, 9226611.80354973487556 ], [ 298104.150126912340056, 9226611.779314631596208 ], [ 298104.142316344659775, 9226611.755144791677594 ], [ 298104.134301416459493, 9226611.731041947379708 ], [ 298104.126082701841369, 9226611.707007829099894 ], [ 298104.117660791438539, 9226611.683044157922268 ], [ 298104.109036287816707, 9226611.659152651205659 ], [ 298104.100209809956141, 9226611.635335022583604 ], [ 298104.091181990108453, 9226611.611592980101705 ], [ 298104.081953475426417, 9226611.587928224354982 ], [ 298104.072524927381892, 9226611.564342454075813 ], [ 298104.062897023744881, 9226611.540837354958057 ], [ 298104.053070452238899, 9226611.51741461828351 ], [ 298104.043045917875133, 9226611.494075920432806 ], [ 298104.032824138761498, 9226611.470822934061289 ], [ 298104.022405849827919, 9226611.447657326236367 ], [ 298104.011791797354817, 9226611.424580756574869 ], [ 298104.000982740311883, 9226611.401594882830977 ], [ 298103.989979454607237, 9226611.378701349720359 ], [ 298103.978782729886007, 9226611.355901800096035 ], [ 298103.967393366794568, 9226611.333197867497802 ], [ 298103.955812184081879, 9226611.31059117987752 ], [ 298103.944040011323523, 9226611.288083357736468 ], [ 298103.932077691599261, 9226611.265676014125347 ], [ 298103.919926084286999, 9226611.243370754644275 ], [ 298103.90758605801966, 9226611.221169181168079 ], [ 298103.895058499008883, 9226611.199072882533073 ], [ 298103.882344303885475, 9226611.177083445712924 ], [ 298103.869444386684336, 9226611.155202442780137 ], [ 298103.856359670287929, 9226611.133431443944573 ], [ 298103.843091091956012, 9226611.111772013828158 ], [ 298103.829639604839031, 9226611.090225700289011 ], [ 298103.81600617186632, 9226611.068794049322605 ], [ 298103.802191771799698, 9226611.047478597611189 ], [ 298103.788197393121663, 9226611.02628087438643 ], [ 298103.774024039739743, 9226611.005202397704124 ], [ 298103.759672729531303, 9226610.984244676306844 ], [ 298103.745144488464575, 9226610.963409218937159 ], [ 298103.730440359155182, 9226610.942697513848543 ], [ 298103.715561396616977, 9226610.922111047431827 ], [ 298103.700508666341193, 9226610.901651294901967 ], [ 298103.685283247439656, 9226610.881319724023342 ], [ 298103.669886231189594, 9226610.861117793247104 ], [ 298103.654318722023163, 9226610.841046949848533 ], [ 298103.638581836305093, 9226610.821108629927039 ], [ 298103.622676701983437, 9226610.801304265856743 ], [ 298103.606604458997026, 9226610.781635276973248 ], [ 298103.590366258635186, 9226610.762103073298931 ], [ 298103.573963266564533, 9226610.742709053680301 ], [ 298103.55739665706642, 9226610.723454611375928 ], [ 298103.540667618566658, 9226610.704341122880578 ], [ 298103.523777350783348, 9226610.685369960963726 ], [ 298103.506727064552251, 9226610.666542485356331 ], [ 298103.489517981885001, 9226610.647860044613481 ], [ 298103.472151335678063, 9226610.629323977977037 ], [ 298103.454628371284343, 9226610.610935617238283 ], [ 298103.436950344825163, 9226610.592696277424693 ], [ 298103.419118524470832, 9226610.574607266113162 ], [ 298103.401134187879506, 9226610.556669881567359 ], [ 298103.382998623128515, 9226610.538885409012437 ], [ 298103.364713133138139, 9226610.521255124360323 ], [ 298103.346279026940465, 9226610.503780288621783 ], [ 298103.327697625209112, 9226610.486462159082294 ], [ 298103.308970261947252, 9226610.469301972538233 ], [ 298103.2900982783176, 9226610.452300960198045 ], [ 298103.271083028404973, 9226610.435460343956947 ], [ 298103.251925873511937, 9226610.418781328946352 ], [ 298103.232628187688533, 9226610.402265110984445 ], [ 298103.213191356218886, 9226610.38591287098825 ], [ 298103.193616769858636, 9226610.369725788012147 ], [ 298103.173905833275057, 9226610.353705015033484 ], [ 298103.154059958062135, 9226610.337851706892252 ], [ 298103.134080569259822, 9226610.322166996076703 ], [ 298103.113969097379595, 9226610.306652009487152 ], [ 298103.09372698480729, 9226610.291307857260108 ], [ 298103.073355683533009, 9226610.276135638356209 ], [ 298103.052856651542243, 9226610.261136444285512 ], [ 298103.032231360382866, 9226610.246311347931623 ], [ 298103.011481287772767, 9226610.231661412864923 ], [ 298102.990607920160983, 9226610.217187689617276 ], [ 298102.969612755987328, 9226610.202891213819385 ], [ 298102.948497300734743, 9226610.188773009926081 ], [ 298102.927263065939769, 9226610.174834093078971 ], [ 298102.905911574547645, 9226610.161075461655855 ], [ 298102.884444356430322, 9226610.147498100996017 ], [ 298102.862862953101285, 9226610.134102985262871 ], [ 298102.841168909857515, 9226610.120891073718667 ], [ 298102.819363781716675, 9226610.107863312587142 ], [ 298102.797449132194743, 9226610.095020638778806 ], [ 298102.775426532549318, 9226610.082363972440362 ], [ 298102.753297560964711, 9226610.069894218817353 ], [ 298102.73106380488025, 9226610.057612271979451 ], [ 298102.708726856799331, 9226610.045519014820457 ], [ 298102.68628831836395, 9226610.033615311607718 ], [ 298102.663749799190555, 9226610.021902017295361 ], [ 298102.641112913435791, 9226610.0103799700737 ], [ 298102.618379284453113, 9226609.999049998819828 ], [ 298102.595550542988349, 9226609.987912913784385 ], [ 298102.572628324385732, 9226609.976969512179494 ], [ 298102.549614271440078, 9226609.966220581904054 ], [ 298102.526510035386309, 9226609.95566688850522 ], [ 298102.503317272115964, 9226609.94530919380486 ], [ 298102.480037644447293, 9226609.935148237273097 ], [ 298102.456672819389496, 9226609.925184747204185 ], [ 298102.43322447524406, 9226609.91541943885386 ], [ 298102.409694288740866, 9226609.905853014439344 ], [ 298102.386083950405009, 9226609.896486153826118 ], [ 298102.362395151925739, 9226609.887319533154368 ], [ 298102.338629590056371, 9226609.878353809937835 ], [ 298102.314788969815709, 9226609.869589624926448 ], [ 298102.290874998318031, 9226609.861027607694268 ], [ 298102.266889393504243, 9226609.852668369188905 ], [ 298102.242833870928735, 9226609.844512512907386 ], [ 298102.218710158427712, 9226609.836560618132353 ], [ 298102.194519982789643, 9226609.828813262283802 ], [ 298102.170265079825185, 9226609.821270992979407 ], [ 298102.145947187324055, 9226609.813934355974197 ], [ 298102.121568048780318, 9226609.806803876534104 ], [ 298102.09712941251928, 9226609.799880063161254 ], [ 298102.072633029718418, 9226609.793163416907191 ], [ 298102.048080657434184, 9226609.786654412746429 ], [ 298102.023474054236431, 9226609.780353523790836 ], [ 298101.998814984282944, 9226609.774261198937893 ], [ 298101.974105215922464, 9226609.768377874046564 ], [ 298101.949346521694679, 9226609.762703971937299 ], [ 298101.924540675303433, 9226609.757239898666739 ], [ 298101.899689454294275, 9226609.751986047253013 ], [ 298101.874794640345499, 9226609.746942793950438 ], [ 298101.84985802025767, 9226609.742110498249531 ], [ 298101.82488137902692, 9226609.737489508464932 ], [ 298101.799866508110426, 9226609.733080158010125 ], [ 298101.774815202632453, 9226609.728882756084204 ], [ 298101.749729254224803, 9226609.724897611886263 ], [ 298101.724610465229489, 9226609.72112500667572 ], [ 298101.699460634088609, 9226609.717565210536122 ], [ 298101.674281565705314, 9226609.7142184805125 ], [ 298101.649075062538031, 9226609.711085055023432 ], [ 298101.623842933273409, 9226609.708165159448981 ], [ 298101.623842933215201, 9226609.708165159448981 ], [ 298051.877038004924543, 9226604.164715457707644 ], [ 298051.850231502088718, 9226604.161850204691291 ], [ 298051.823400333698373, 9226604.159225957468152 ], [ 298051.796546665602364, 9226604.156842930242419 ], [ 298051.769672668597195, 9226604.154701314866543 ], [ 298051.742780509521253, 9226604.152801282703876 ], [ 298051.715872363361996, 9226604.151142988353968 ], [ 298051.688950402312912, 9226604.149726567789912 ], [ 298051.662016799207777, 9226604.148552132770419 ], [ 298051.635073728626594, 9226604.147619776427746 ], [ 298051.608123369456735, 9226604.146929580718279 ], [ 298051.581167894764803, 9226604.146481594070792 ], [ 298051.554209482856095, 9226604.146275855600834 ], [ 298051.527250312152319, 9226604.146312383934855 ], [ 298051.500292556360364, 9226604.146591173484921 ], [ 298051.473338395298924, 9226604.14711220189929 ], [ 298051.44639000488678, 9226604.147875428199768 ], [ 298051.419449561042711, 9226604.148880790919065 ], [ 298051.392519239161629, 9226604.150128206238151 ], [ 298051.3656012142892, 9226604.151617577299476 ], [ 298051.338697659783065, 9226604.153348779305816 ], [ 298051.311810749524739, 9226604.155321676284075 ], [ 298051.284942654136103, 9226604.157536109909415 ], [ 298051.258095542376395, 9226604.159991895779967 ], [ 298051.23127158312127, 9226604.162688840180635 ], [ 298051.204472942976281, 9226604.165626725181937 ], [ 298051.177701786102261, 9226604.168805312365294 ], [ 298051.150960272934753, 9226604.172224342823029 ], [ 298051.124250565131661, 9226604.175883544608951 ], [ 298051.09757481777342, 9226604.179782619699836 ], [ 298051.070935185533017, 9226604.183921253308654 ], [ 298051.044333820231259, 9226604.188299112021923 ], [ 298051.017772870429326, 9226604.19291584379971 ], [ 298050.9912544793915, 9226604.197771072387695 ], [ 298050.964780790323857, 9226604.202864406630397 ], [ 298050.938353940902743, 9226604.208195438608527 ], [ 298050.911976063856855, 9226604.213763732463121 ], [ 298050.88564929086715, 9226604.219568841159344 ], [ 298050.859375747153535, 9226604.225610297173262 ], [ 298050.833157555549406, 9226604.231887612491846 ], [ 298050.806996831088327, 9226604.238400276750326 ], [ 298050.780895689444151, 9226604.24514776840806 ], [ 298050.754856234882027, 9226604.252129539847374 ], [ 298050.728880573355127, 9226604.259345026686788 ], [ 298050.702970800222829, 9226604.266793647781014 ], [ 298050.67712900985498, 9226604.274474803358316 ], [ 298050.651357288239524, 9226604.282387869432569 ], [ 298050.625657715310808, 9226604.29053220897913 ], [ 298050.600032368500251, 9226604.298907164484262 ], [ 298050.574483316391706, 9226604.307512057945132 ], [ 298050.549012621166185, 9226604.316346196457744 ], [ 298050.523622342036106, 9226604.325408866629004 ], [ 298050.498314526805189, 9226604.334699332714081 ], [ 298050.47309122106526, 9226604.344216849654913 ], [ 298050.447954461211339, 9226604.353960646316409 ], [ 298050.422906276537105, 9226604.363929936662316 ], [ 298050.397948691505007, 9226604.37412391602993 ], [ 298050.373083719692659, 9226604.384541759267449 ], [ 298050.348313369497191, 9226604.395182624459267 ], [ 298050.323639641923364, 9226604.406045656651258 ], [ 298050.29906452895375, 9226604.417129974812269 ], [ 298050.274590015818831, 9226604.428434684872627 ], [ 298050.250218077562749, 9226604.439958872273564 ], [ 298050.225950684631243, 9226604.451701611280441 ], [ 298050.201789794373326, 9226604.463661948218942 ], [ 298050.177737359597813, 9226604.475838921964169 ], [ 298050.153795321995858, 9226604.488231545314193 ], [ 298050.129965614643879, 9226604.500838818028569 ], [ 298050.106250161945354, 9226604.513659721240401 ], [ 298050.082650880678557, 9226604.526693224906921 ], [ 298050.059169674757868, 9226604.539938271045685 ], [ 298050.03580844035605, 9226604.553393790498376 ], [ 298050.012569065496791, 9226604.567058699205518 ], [ 298049.989453426387627, 9226604.580931892618537 ], [ 298049.966463388467673, 9226604.595012249425054 ], [ 298049.943600809841882, 9226604.609298633411527 ], [ 298049.920867535343859, 9226604.623789889737964 ], [ 298049.898265403287951, 9226604.638484852388501 ], [ 298049.875796236039605, 9226604.653382329270244 ], [ 298049.853461849153973, 9226604.66848111897707 ], [ 298049.831264046952128, 9226604.683780001476407 ], [ 298049.809204621764366, 9226604.699277745559812 ], [ 298049.787285355443601, 9226604.714973095804453 ], [ 298049.765508015407249, 9226604.730864783748984 ], [ 298049.7438743642997, 9226604.746951529756188 ], [ 298049.722386146429926, 9226604.763232033699751 ], [ 298049.701045097375754, 9226604.779704978689551 ], [ 298049.679852941480931, 9226604.796369034796953 ], [ 298049.658811389177572, 9226604.813222859054804 ], [ 298049.637922140653245, 9226604.830265088006854 ], [ 298049.617186881834641, 9226604.847494345158339 ], [ 298049.596607288171072, 9226604.864909240975976 ], [ 298049.576185020618141, 9226604.882508369162679 ], [ 298049.555921729304828, 9226604.900290306657553 ], [ 298049.535819049749989, 9226604.918253617361188 ], [ 298049.515878606180195, 9226604.936396852135658 ], [ 298049.496102008095477, 9226604.954718546941876 ], [ 298049.476490852190182, 9226604.973217217251658 ], [ 298049.4570467248559, 9226604.991891376674175 ], [ 298049.437771192402579, 9226605.010739509016275 ], [ 298049.418665813980624, 9226605.029760098084807 ], [ 298049.399732132209465, 9226605.048951605334878 ], [ 298049.380971676087938, 9226605.068312482908368 ], [ 298049.362385960179381, 9226605.087841166183352 ], [ 298049.343976484145969, 9226605.107536075636744 ], [ 298049.325744737638161, 9226605.127395624294877 ], [ 298049.307692190399393, 9226605.147418206557631 ], [ 298049.289820301812142, 9226605.167602207511663 ], [ 298049.272130513563752, 9226605.187945995479822 ], [ 298049.254624255408999, 9226605.208447925746441 ], [ 298049.237302941619419, 9226605.229106348007917 ], [ 298049.220167969469912, 9226605.249919589608908 ], [ 298049.203220722905826, 9226605.270885968580842 ], [ 298049.186462572135497, 9226605.292003797367215 ], [ 298049.169894868915435, 9226605.31327136605978 ], [ 298049.153518951323349, 9226605.334686959162354 ], [ 298049.13733614195371, 9226605.356248846277595 ], [ 298049.121347748325206, 9226605.377955285832286 ], [ 298049.105555060086772, 9226605.399804525077343 ], [ 298049.089959354838356, 9226605.421794801950455 ], [ 298049.074561889690813, 9226605.443924337625504 ], [ 298049.0593639096478, 9226605.466191345825791 ], [ 298049.044366641202942, 9226605.488594029098749 ], [ 298049.029571296065114, 9226605.511130578815937 ], [ 298049.014979068364482, 9226605.533799173310399 ], [ 298049.000591136107687, 9226605.556597981601954 ], [ 298048.9864086630987, 9226605.579525165259838 ], [ 298048.972432792885229, 9226605.602578870952129 ], [ 298048.95866465481231, 9226605.625757236033678 ], [ 298048.945105361286551, 9226605.649058392271399 ], [ 298048.931756005273201, 9226605.672480452805758 ], [ 298048.918617667455692, 9226605.696021532639861 ], [ 298048.905691406631377, 9226605.719679724425077 ], [ 298048.892978267685976, 9226605.743453120812774 ], [ 298048.88047927786829, 9226605.767339801415801 ], [ 298048.868195444752928, 9226605.79133783839643 ], [ 298048.856127761479001, 9226605.815445290878415 ], [ 298048.844277203432284, 9226605.839660216122866 ], [ 298048.832644725567661, 9226605.86398065276444 ], [ 298048.821231269626878, 9226605.88840464502573 ], [ 298048.810037754301447, 9226605.912930211052299 ], [ 298048.79906508687418, 9226605.937555380165577 ], [ 298048.788314150471706, 9226605.962278155609965 ], [ 298048.77778581547318, 9226605.987096544355154 ], [ 298048.767480931070168, 9226606.012008542194963 ], [ 298048.757400330156088, 9226606.03701213747263 ], [ 298048.747544825368095, 9226606.062105309218168 ], [ 298048.737915213918313, 9226606.087286032736301 ], [ 298048.728512273752131, 9226606.112552275881171 ], [ 298048.719336762267631, 9226606.137901995331049 ], [ 298048.710389422427397, 9226606.163333145901561 ], [ 298048.701670976181049, 9226606.188843671232462 ], [ 298048.693182127142791, 9226606.214431514963508 ], [ 298048.684923560416792, 9226606.240094607695937 ], [ 298048.676895944576245, 9226606.26583088003099 ], [ 298048.669099926075432, 9226606.291638249531388 ], [ 298048.661536135885399, 9226606.317514635622501 ], [ 298048.654205184662715, 9226606.343457948416471 ], [ 298048.647107663971838, 9226606.369466090574861 ], [ 298048.640244146226905, 9226606.395536962896585 ], [ 298048.63361518678721, 9226606.421668460592628 ], [ 298048.627221321454272, 9226606.447858475148678 ], [ 298048.621063065365888, 9226606.474104886874557 ], [ 298048.615140916255768, 9226606.500405579805374 ], [ 298048.609455352125224, 9226606.526758428663015 ], [ 298048.604006832174491, 9226606.553161304444075 ], [ 298048.598795796860941, 9226606.579612078145146 ], [ 298048.593822667608038, 9226606.606108611449599 ], [ 298048.58908784337109, 9226606.632648762315512 ], [ 298048.58459170977585, 9226606.659230394288898 ], [ 298048.580334628582932, 9226606.685851354151964 ], [ 298048.576316942111589, 9226606.712509494274855 ], [ 298048.572538977896329, 9226606.739202665165067 ], [ 298048.569001038325951, 9226606.765928706154227 ], [ 298048.565703409200069, 9226606.792685458436608 ], [ 298048.562646358273923, 9226606.819470766931772 ], [ 298048.559830133162905, 9226606.84628246538341 ], [ 298048.557254957966506, 9226606.873118387535214 ], [ 298048.554921043978538, 9226606.899976368993521 ], [ 298048.552828577696346, 9226606.926854237914085 ], [ 298048.550977728678845, 9226606.953749826177955 ], [ 298047.789098619483411, 9226618.802025951445103 ], [ 298103.505520139005966, 9226625.010689619928598 ] ] ] ] } },
{ "type": "Feature", "properties": { "fid": 78, "Endereco": "Rodovia BR-230", "Proprietario": null, "Situacao_Ocupacao": null, "Bairro": "Areia Dourada", "Quadra": "07", "Lote": "02", "Municipio": "Cabedelo-PB", "Inquerito_Policial": null, "Area": null, "Habite_se": null, "Fase_investigacao": "7. Sem definição", "Laudo_SPU": null, "Area_invadida": null, "Pericia_PF": null, "Pericia_PF_link": null, "Laudo_SPU_link": null, "habite-se_link": null, "alvara_municipal_link": null, "Inquerito_policial_link": null, "numero_inquerito_policial": null, "numero_alvara_municipal": null, "numero_habite-se": null, "numero_pericia_PF": null, "numero_laudo_SPU": null, "AutoJudicial": null, "area_iinquerito_PF": null, "area_spu": null, "pericia_01": null, "Pericia_02": null, "Pericia_03": null, "Loteamento": "Areia Dourada", "area_pecunia": null, "Situacao_recuo": null, "valor_m2": null, "valor_total": 0.0, "valor_formatado": "R$ 0,00", "Num_imovel": null, "CPF:": null, "alvara_municipal": null, "obs_pericia_pf": null, "obs_laudo_SPU": null, "obs_alvara": null, "obs_habite_se": null, "obs_pecunia": null, "obs_inquerito_pf": null }, "geometry": { "type": "MultiPolygon", "coordinates": [ [ [ [ 298102.541910541825928, 9226639.996154433116317 ], [ 298103.505520139005966, 9226625.010689619928598 ], [ 298047.789098619483411, 9226618.802025951445103 ], [ 298046.82548902212875, 9226633.787490766495466 ], [ 298102.541910541825928, 9226639.996154433116317 ] ] ] ] } },
{ "type": "Feature", "properties": { "fid": 79, "Endereco": "Rodovia BR-230", "Proprietario": null, "Situacao_Ocupacao": null, "Bairro": "Areia Dourada", "Quadra": "07", "Lote": "03", "Municipio": "Cabedelo-PB", "Inquerito_Policial": null, "Area": null, "Habite_se": null, "Fase_investigacao": "7. Sem definição", "Laudo_SPU": null, "Area_invadida": null, "Pericia_PF": null, "Pericia_PF_link": null, "Laudo_SPU_link": null, "habite-se_link": null, "alvara_municipal_link": null, "Inquerito_policial_link": null, "numero_inquerito_policial": null, "numero_alvara_municipal": null, "numero_habite-se": null, "numero_pericia_PF": null, "numero_laudo_SPU": null, "AutoJudicial": null, "area_iinquerito_PF": null, "area_spu": null, "pericia_01": null, "Pericia_02": null, "Pericia_03": null, "Loteamento": "Areia Dourada", "area_pecunia": null, "Situacao_recuo": null, "valor_m2": null, "valor_total": 0.0, "valor_formatado": "R$ 0,00", "Num_imovel": null, "CPF:": null, "alvara_municipal": null, "obs_pericia_pf": null, "obs_laudo_SPU": null, "obs_alvara": null, "obs_habite_se": null, "obs_pecunia": null, "obs_inquerito_pf": null }, "geometry": { "type": "MultiPolygon", "coordinates": [ [ [ [ 298101.578300944587681, 9226654.98161924816668 ], [ 298102.541910541825928, 9226639.996154433116317 ], [ 298046.82548902212875, 9226633.787490766495466 ], [ 298045.861879425123334, 9226648.772955583408475 ], [ 298101.578300944587681, 9226654.98161924816668 ] ] ] ] } },
{ "type": "Feature", "properties": { "fid": 89, "Endereco": "Rodovia BR-230", "Proprietario": null, "Situacao_Ocupacao": null, "Bairro": "Areia Dourada", "Quadra": "08", "Lote": "03", "Municipio": "Cabedelo-PB", "Inquerito_Policial": null, "Area": null, "Habite_se": null, "Fase_investigacao": "7. Sem definição", "Laudo_SPU": null, "Area_invadida": null, "Pericia_PF": null, "Pericia_PF_link": null, "Laudo_SPU_link": null, "habite-se_link": null, "alvara_municipal_link": null, "Inquerito_policial_link": null, "numero_inquerito_policial": null, "numero_alvara_municipal": null, "numero_habite-se": null, "numero_pericia_PF": null, "numero_laudo_SPU": null, "AutoJudicial": null, "area_iinquerito_PF": null, "area_spu": null, "pericia_01": null, "Pericia_02": null, "Pericia_03": null, "Loteamento": "Areia Dourada", "area_pecunia": null, "Situacao_recuo": null, "valor_m2": null, "valor_total": 0.0, "valor_formatado": "R$ 0,00", "Num_imovel": null, "CPF:": null, "alvara_municipal": null, "obs_pericia_pf": null, "obs_laudo_SPU": null, "obs_alvara": null, "obs_habite_se": null, "obs_pecunia": null, "obs_inquerito_pf": null }, "geometry": { "type": "MultiPolygon", "coordinates": [ [ [ [ 298104.90611512871692, 9226819.402342244982719 ], [ 298106.533645254734438, 9226804.616166777908802 ], [ 298093.261517993872985, 9226802.873863123357296 ], [ 298035.667906120186672, 9226795.227981818839908 ], [ 298034.562668188475072, 9226810.212858460843563 ], [ 298092.156280062219594, 9226817.858739757910371 ], [ 298104.90611512871692, 9226819.402342244982719 ] ] ] ] } },
{ "type": "Feature", "properties": { "fid": 90, "Endereco": "Rodovia BR-230", "Proprietario": null, "Situacao_Ocupacao": null, "Bairro": "Areia Dourada", "Quadra": "08", "Lote": "04", "Municipio": "Cabedelo-PB", "Inquerito_Policial": null, "Area": null, "Habite_se": null, "Fase_investigacao": "7. Sem definição", "Laudo_SPU": null, "Area_invadida": null, "Pericia_PF": null, "Pericia_PF_link": null, "Laudo_SPU_link": null, "habite-se_link": null, "alvara_municipal_link": null, "Inquerito_policial_link": null, "numero_inquerito_policial": null, "numero_alvara_municipal": null, "numero_habite-se": null, "numero_pericia_PF": null, "numero_laudo_SPU": null, "AutoJudicial": null, "area_iinquerito_PF": null, "area_spu": null, "pericia_01": null, "Pericia_02": null, "Pericia_03": null, "Loteamento": "Areia Dourada", "area_pecunia": null, "Situacao_recuo": null, "valor_m2": null, "valor_total": 0.0, "valor_formatado": "R$ 0,00", "Num_imovel": null, "CPF:": null, "alvara_municipal": null, "obs_pericia_pf": null, "obs_laudo_SPU": null, "obs_alvara": null, "obs_habite_se": null, "obs_pecunia": null, "obs_inquerito_pf": null }, "geometry": { "type": "MultiPolygon", "coordinates": [ [ [ [ 298091.051042130507994, 9226832.843616396188736 ], [ 298103.299728078360204, 9226834.469699494540691 ], [ 298104.90611512871692, 9226819.402342244982719 ], [ 298034.562668188475072, 9226810.212858460843563 ], [ 298033.457430256705265, 9226825.197735093533993 ], [ 298091.051042130507994, 9226832.843616396188736 ] ] ] ] } },
{ "type": "Feature", "properties": { "fid": 97, "Endereco": "Rodovia BR-230", "Proprietario": null, "Situacao_Ocupacao": null, "Bairro": "Areia Dourada", "Quadra": "D", "Lote": "02", "Municipio": "Cabedelo-PB", "Inquerito_Policial": null, "Area": null, "Habite_se": null, "Fase_investigacao": "7. Sem definição", "Laudo_SPU": null, "Area_invadida": null, "Pericia_PF": null, "Pericia_PF_link": null, "Laudo_SPU_link": null, "habite-se_link": null, "alvara_municipal_link": null, "Inquerito_policial_link": null, "numero_inquerito_policial": null, "numero_alvara_municipal": null, "numero_habite-se": null, "numero_pericia_PF": null, "numero_laudo_SPU": null, "AutoJudicial": null, "area_iinquerito_PF": null, "area_spu": null, "pericia_01": null, "Pericia_02": null, "Pericia_03": null, "Loteamento": "Jardim Maralina", "area_pecunia": null, "Situacao_recuo": null, "valor_m2": null, "valor_total": 0.0, "valor_formatado": "R$ 0,00", "Num_imovel": null, "CPF:": null, "alvara_municipal": null, "obs_pericia_pf": null, "obs_laudo_SPU": null, "obs_alvara": null, "obs_habite_se": null, "obs_pecunia": null, "obs_inquerito_pf": null }, "geometry": { "type": "MultiPolygon", "coordinates": [ [ [ [ 298012.590992582205217, 9227455.729857984930277 ], [ 298012.611454164900351, 9227442.730596523731947 ], [ 297977.076103710220195, 9227442.301026595756412 ], [ 297974.701721162011381, 9227455.271832628175616 ], [ 298012.590992582205217, 9227455.729857984930277 ] ] ] ] } },
{ "type": "Feature", "properties": { "fid": 98, "Endereco": "Rodovia BR-230", "Proprietario": null, "Situacao_Ocupacao": null, "Bairro": "Areia Dourada", "Quadra": "D", "Lote": "01", "Municipio": "Cabedelo-PB", "Inquerito_Policial": null, "Area": null, "Habite_se": null, "Fase_investigacao": "7. Sem definição", "Laudo_SPU": null, "Area_invadida": null, "Pericia_PF": null, "Pericia_PF_link": null, "Laudo_SPU_link": null, "habite-se_link": null, "alvara_municipal_link": null, "Inquerito_policial_link": null, "numero_inquerito_policial": null, "numero_alvara_municipal": null, "numero_habite-se": null, "numero_pericia_PF": null, "numero_laudo_SPU": null, "AutoJudicial": null, "area_iinquerito_PF": null, "area_spu": null, "pericia_01": null, "Pericia_02": null, "Pericia_03": null, "Loteamento": "Jardim Maralina", "area_pecunia": null, "Situacao_recuo": null, "valor_m2": null, "valor_total": 0.0, "valor_formatado": "R$ 0,00", "Num_imovel": null, "CPF:": null, "alvara_municipal": null, "obs_pericia_pf": null, "obs_laudo_SPU": null, "obs_alvara": null, "obs_habite_se": null, "obs_pecunia": null, "obs_inquerito_pf": null }, "geometry": { "type": "MultiPolygon", "coordinates": [ [ [ [ 298012.611454164900351, 9227442.730596523731947 ], [ 298012.63256620982429, 9227428.728379834443331 ], [ 297979.633848285826389, 9227428.328548237681389 ], [ 297977.076103710220195, 9227442.301026595756412 ], [ 298012.611454164900351, 9227442.730596523731947 ] ] ] ] } },
{ "type": "Feature", "properties": { "fid": 99, "Endereco": "Rodovia BR-230", "Proprietario": null, "Situacao_Ocupacao": null, "Bairro": "Areia Dourada", "Quadra": "H", "Lote": "07", "Municipio": "Cabedelo-PB", "Inquerito_Policial": null, "Area": null, "Habite_se": null, "Fase_investigacao": "7. Sem definição", "Laudo_SPU": null, "Area_invadida": null, "Pericia_PF": null, "Pericia_PF_link": null, "Laudo_SPU_link": null, "habite-se_link": null, "alvara_municipal_link": null, "Inquerito_policial_link": null, "numero_inquerito_policial": null, "numero_alvara_municipal": null, "numero_habite-se": null, "numero_pericia_PF": null, "numero_laudo_SPU": null, "AutoJudicial": null, "area_iinquerito_PF": null, "area_spu": null, "pericia_01": null, "Pericia_02": null, "Pericia_03": null, "Loteamento": "Jardim Maralina", "area_pecunia": null, "Situacao_recuo": null, "valor_m2": null, "valor_total": 0.0, "valor_formatado": "R$ 0,00", "Num_imovel": null, "CPF:": null, "alvara_municipal": null, "obs_pericia_pf": null, "obs_laudo_SPU": null, "obs_alvara": null, "obs_habite_se": null, "obs_pecunia": null, "obs_inquerito_pf": null }, "geometry": { "type": "MultiPolygon", "coordinates": [ [ [ [ 298024.647264087107033, 9227386.607144908979535 ], [ 298024.763416658272035, 9227374.657641192898154 ], [ 298018.775363486725837, 9227375.036084337159991 ], [ 297986.812528921116609, 9227376.588993037119508 ], [ 297985.695033717202023, 9227388.536846589297056 ], [ 298024.647264087107033, 9227386.607144908979535 ] ] ] ] } },
{ "type": "Feature", "properties": { "fid": 100, "Endereco": "Rodovia BR-230", "Proprietario": null, "Situacao_Ocupacao": null, "Bairro": "Areia Dourada", "Quadra": "H", "Lote": "08", "Municipio": "Cabedelo-PB", "Inquerito_Policial": null, "Area": null, "Habite_se": null, "Fase_investigacao": "7. Sem definição", "Laudo_SPU": null, "Area_invadida": null, "Pericia_PF": null, "Pericia_PF_link": null, "Laudo_SPU_link": null, "habite-se_link": null, "alvara_municipal_link": null, "Inquerito_policial_link": null, "numero_inquerito_policial": null, "numero_alvara_municipal": null, "numero_habite-se": null, "numero_pericia_PF": null, "numero_laudo_SPU": null, "AutoJudicial": null, "area_iinquerito_PF": null, "area_spu": null, "pericia_01": null, "Pericia_02": null, "Pericia_03": null, "Loteamento": "Jardim Maralina", "area_pecunia": null, "Situacao_recuo": null, "valor_m2": null, "valor_total": 0.0, "valor_formatado": "R$ 0,00", "Num_imovel": null, "CPF:": null, "alvara_municipal": null, "obs_pericia_pf": null, "obs_laudo_SPU": null, "obs_alvara": null, "obs_habite_se": null, "obs_pecunia": null, "obs_inquerito_pf": null }, "geometry": { "type": "MultiPolygon", "coordinates": [ [ [ [ 298024.531242593075149, 9227398.557773927226663 ], [ 298024.647264087107033, 9227386.607144908979535 ], [ 297985.695033716910984, 9227388.536846589297056 ], [ 297983.570312601979822, 9227400.347247099503875 ], [ 298024.531242593075149, 9227398.557773927226663 ] ] ] ] } },
{ "type": "Feature", "properties": { "fid": 101, "Endereco": "Rodovia BR-230", "Proprietario": null, "Situacao_Ocupacao": null, "Bairro": "Areia Dourada", "Quadra": "H", "Lote": "09", "Municipio": "Cabedelo-PB", "Inquerito_Policial": null, "Area": null, "Habite_se": null, "Fase_investigacao": "7. Sem definição", "Laudo_SPU": null, "Area_invadida": null, "Pericia_PF": null, "Pericia_PF_link": null, "Laudo_SPU_link": null, "habite-se_link": null, "alvara_municipal_link": null, "Inquerito_policial_link": null, "numero_inquerito_policial": null, "numero_alvara_municipal": null, "numero_habite-se": null, "numero_pericia_PF": null, "numero_laudo_SPU": null, "AutoJudicial": null, "area_iinquerito_PF": null, "area_spu": null, "pericia_01": null, "Pericia_02": null, "Pericia_03": null, "Loteamento": "Jardim Maralina", "area_pecunia": null, "Situacao_recuo": null, "valor_m2": null, "valor_total": 0.0, "valor_formatado": "R$ 0,00", "Num_imovel": null, "CPF:": null, "alvara_municipal": null, "obs_pericia_pf": null, "obs_laudo_SPU": null, "obs_alvara": null, "obs_habite_se": null, "obs_pecunia": null, "obs_inquerito_pf": null }, "geometry": { "type": "MultiPolygon", "coordinates": [ [ [ [ 298024.533741835795809, 9227412.01744538359344 ], [ 298024.531242593191564, 9227398.557773927226663 ], [ 297983.570312601688784, 9227400.347247099503875 ], [ 297981.589493793493602, 9227414.206408578902483 ], [ 298024.533741835795809, 9227412.01744538359344 ] ] ] ] } },
{ "type": "Feature", "properties": { "fid": 102, "Endereco": "Rua Múcio Abílio Wanderley", "Proprietario": null, "Situacao_Ocupacao": null, "Bairro": "Areia Dourada", "Quadra": "H", "Lote": "18", "Municipio": "Cabedelo-PB", "Inquerito_Policial": null, "Area": null, "Habite_se": null, "Fase_investigacao": "7. Sem definição", "Laudo_SPU": null, "Area_invadida": null, "Pericia_PF": null, "Pericia_PF_link": null, "Laudo_SPU_link": null, "habite-se_link": null, "alvara_municipal_link": null, "Inquerito_policial_link": null, "numero_inquerito_policial": null, "numero_alvara_municipal": null, "numero_habite-se": null, "numero_pericia_PF": null, "numero_laudo_SPU": null, "AutoJudicial": null, "area_iinquerito_PF": null, "area_spu": null, "pericia_01": null, "Pericia_02": null, "Pericia_03": null, "Loteamento": "Jardim Maralina", "area_pecunia": null, "Situacao_recuo": null, "valor_m2": null, "valor_total": 0.0, "valor_formatado": "R$ 0,00", "Num_imovel": null, "CPF:": null, "alvara_municipal": null, "obs_pericia_pf": null, "obs_laudo_SPU": null, "obs_alvara": null, "obs_habite_se": null, "obs_pecunia": null, "obs_inquerito_pf": null }, "geometry": { "type": "MultiPolygon", "coordinates": [ [ [ [ 298064.4577186309034, 9227396.133622284978628 ], [ 298064.28401730582118, 9227414.574678221717477 ], [ 298083.804971704084892, 9227413.844835385680199 ], [ 298084.908380438399035, 9227395.086669091135263 ], [ 298064.4577186309034, 9227396.133622284978628 ] ] ], [ [ [ 298064.4577186309034, 9227396.133622284978628 ], [ 298024.531242593191564, 9227398.557773927226663 ], [ 298024.533741835795809, 9227412.01744538359344 ], [ 298064.344692378595937, 9227408.133089983835816 ], [ 298064.4577186309034, 9227396.133622284978628 ] ] ] ] } },
{ "type": "Feature", "properties": { "fid": 108, "Endereco": "Rodovia BR-230", "Proprietario": null, "Situacao_Ocupacao": null, "Bairro": "Areia Dourada", "Quadra": "H", "Lote": "14", "Municipio": "Cabedelo-PB", "Inquerito_Policial": null, "Area": null, "Habite_se": null, "Fase_investigacao": "7. Sem definição", "Laudo_SPU": null, "Area_invadida": null, "Pericia_PF": null, "Pericia_PF_link": null, "Laudo_SPU_link": null, "habite-se_link": null, "alvara_municipal_link": null, "Inquerito_policial_link": null, "numero_inquerito_policial": null, "numero_alvara_municipal": null, "numero_habite-se": null, "numero_pericia_PF": null, "numero_laudo_SPU": null, "AutoJudicial": null, "area_iinquerito_PF": null, "area_spu": null, "pericia_01": null, "Pericia_02": null, "Pericia_03": null, "Loteamento": "Jardim Maralina", "area_pecunia": null, "Situacao_recuo": null, "valor_m2": null, "valor_total": 0.0, "valor_formatado": "R$ 0,00", "Num_imovel": null, "CPF:": null, "alvara_municipal": null, "obs_pericia_pf": null, "obs_laudo_SPU": null, "obs_alvara": null, "obs_habite_se": null, "obs_pecunia": null, "obs_inquerito_pf": null }, "geometry": { "type": "MultiPolygon", "coordinates": [ [ [ [ 298064.909823639725801, 9227348.13575149141252 ], [ 298019.010855347791221, 9227350.896853407844901 ], [ 298018.894463986100163, 9227362.827617989853024 ], [ 298064.796797387476545, 9227360.135219190269709 ], [ 298087.020936301618349, 9227359.172802401706576 ], [ 298087.745884384261444, 9227346.848541891202331 ], [ 298064.909823639725801, 9227348.13575149141252 ] ] ] ] } },
{ "type": "Feature", "properties": { "fid": 110, "Endereco": "Rodovia BR-230", "Proprietario": null, "Situacao_Ocupacao": null, "Bairro": "Areia Dourada", "Quadra": "H", "Lote": "06", "Municipio": "Cabedelo-PB", "Inquerito_Policial": null, "Area": null, "Habite_se": null, "Fase_investigacao": "7. Sem definição", "Laudo_SPU": null, "Area_invadida": null, "Pericia_PF": null, "Pericia_PF_link": null, "Laudo_SPU_link": null, "habite-se_link": null, "alvara_municipal_link": null, "Inquerito_policial_link": null, "numero_inquerito_policial": null, "numero_alvara_municipal": null, "numero_habite-se": null, "numero_pericia_PF": null, "numero_laudo_SPU": null, "AutoJudicial": null, "area_iinquerito_PF": null, "area_spu": null, "pericia_01": null, "Pericia_02": null, "Pericia_03": null, "Loteamento": "Jardim Maralina", "area_pecunia": null, "Situacao_recuo": null, "valor_m2": null, "valor_total": 0.0, "valor_formatado": "R$ 0,00", "Num_imovel": null, "CPF:": null, "alvara_municipal": null, "obs_pericia_pf": null, "obs_laudo_SPU": null, "obs_alvara": null, "obs_habite_se": null, "obs_pecunia": null, "obs_inquerito_pf": null }, "geometry": { "type": "MultiPolygon", "coordinates": [ [ [ [ 298018.775363486725837, 9227375.036084337159991 ], [ 298018.894463986100163, 9227362.827617989853024 ], [ 297987.947653019917198, 9227364.642801456153393 ], [ 297986.812528921116609, 9227376.588993037119508 ], [ 298018.775363486725837, 9227375.036084337159991 ] ] ] ] } },
{ "type": "Feature", "properties": { "fid": 111, "Endereco": "Rodovia BR-230", "Proprietario": null, "Situacao_Ocupacao": null, "Bairro": "Areia Dourada", "Quadra": "H", "Lote": "05", "Municipio": "Cabedelo-PB", "Inquerito_Policial": null, "Area": null, "Habite_se": null, "Fase_investigacao": "7. Sem definição", "Laudo_SPU": null, "Area_invadida": null, "Pericia_PF": null, "Pericia_PF_link": null, "Laudo_SPU_link": null, "habite-se_link": null, "alvara_municipal_link": null, "Inquerito_policial_link": null, "numero_inquerito_policial": null, "numero_alvara_municipal": null, "numero_habite-se": null, "numero_pericia_PF": null, "numero_laudo_SPU": null, "AutoJudicial": null, "area_iinquerito_PF": null, "area_spu": null, "pericia_01": null, "Pericia_02": null, "Pericia_03": null, "Loteamento": "Jardim Maralina", "area_pecunia": null, "Situacao_recuo": null, "valor_m2": null, "valor_total": 0.0, "valor_formatado": "R$ 0,00", "Num_imovel": null, "CPF:": null, "alvara_municipal": null, "obs_pericia_pf": null, "obs_laudo_SPU": null, "obs_alvara": null, "obs_habite_se": null, "obs_pecunia": null, "obs_inquerito_pf": null }, "geometry": { "type": "MultiPolygon", "coordinates": [ [ [ [ 298018.894463986100163, 9227362.827617989853024 ], [ 298019.010855347791221, 9227350.896853407844901 ], [ 297989.069942381000146, 9227352.697981299832463 ], [ 297987.947653019917198, 9227364.642801456153393 ], [ 298018.894463986100163, 9227362.827617989853024 ] ] ] ] } },
{ "type": "Feature", "properties": { "fid": 112, "Endereco": "Rodovia BR-230", "Proprietario": null, "Situacao_Ocupacao": null, "Bairro": "Areia Dourada", "Quadra": "H", "Lote": "04", "Municipio": "Cabedelo-PB", "Inquerito_Policial": null, "Area": null, "Habite_se": null, "Fase_investigacao": "7. Sem definição", "Laudo_SPU": null, "Area_invadida": null, "Pericia_PF": null, "Pericia_PF_link": null, "Laudo_SPU_link": null, "habite-se_link": null, "alvara_municipal_link": null, "Inquerito_policial_link": null, "numero_inquerito_policial": null, "numero_alvara_municipal": null, "numero_habite-se": null, "numero_pericia_PF": null, "numero_laudo_SPU": null, "AutoJudicial": null, "area_iinquerito_PF": null, "area_spu": null, "pericia_01": null, "Pericia_02": null, "Pericia_03": null, "Loteamento": "Jardim Maralina", "area_pecunia": null, "Situacao_recuo": null, "valor_m2": null, "valor_total": 0.0, "valor_formatado": "R$ 0,00", "Num_imovel": null, "CPF:": null, "alvara_municipal": null, "obs_pericia_pf": null, "obs_laudo_SPU": null, "obs_alvara": null, "obs_habite_se": null, "obs_pecunia": null, "obs_inquerito_pf": null }, "geometry": { "type": "MultiPolygon", "coordinates": [ [ [ [ 298019.010855347791221, 9227350.896853407844901 ], [ 298019.124967850977555, 9227339.199684536084533 ], [ 297990.166339034098201, 9227340.748173173516989 ], [ 297989.069942381000146, 9227352.697981299832463 ], [ 298019.010855347791221, 9227350.896853407844901 ] ] ] ] } },
{ "type": "Feature", "properties": { "fid": 113, "Endereco": "Rodovia BR-230", "Proprietario": null, "Situacao_Ocupacao": null, "Bairro": "Areia Dourada", "Quadra": "H", "Lote": "03", "Municipio": "Cabedelo-PB", "Inquerito_Policial": null, "Area": null, "Habite_se": null, "Fase_investigacao": "7. Sem definição", "Laudo_SPU": null, "Area_invadida": null, "Pericia_PF": null, "Pericia_PF_link": null, "Laudo_SPU_link": null, "habite-se_link": null, "alvara_municipal_link": null, "Inquerito_policial_link": null, "numero_inquerito_policial": null, "numero_alvara_municipal": null, "numero_habite-se": null, "numero_pericia_PF": null, "numero_laudo_SPU": null, "AutoJudicial": null, "area_iinquerito_PF": null, "area_spu": null, "pericia_01": null, "Pericia_02": null, "Pericia_03": null, "Loteamento": "Jardim Maralina", "area_pecunia": null, "Situacao_recuo": null, "valor_m2": null, "valor_total": 0.0, "valor_formatado": "R$ 0,00", "Num_imovel": null, "CPF:": null, "alvara_municipal": null, "obs_pericia_pf": null, "obs_laudo_SPU": null, "obs_alvara": null, "obs_habite_se": null, "obs_pecunia": null, "obs_inquerito_pf": null }, "geometry": { "type": "MultiPolygon", "coordinates": [ [ [ [ 298025.11164811719209, 9227338.800110526382923 ], [ 298025.229539891588502, 9227326.855246596038342 ], [ 297991.789486736583058, 9227328.858455281704664 ], [ 297990.166339034272823, 9227340.748173173516989 ], [ 298019.124967820825987, 9227339.199684536084533 ], [ 298025.11164811719209, 9227338.800110526382923 ] ] ] ] } },
{ "type": "Feature", "properties": { "fid": 114, "Endereco": "Rodovia BR-230", "Proprietario": null, "Situacao_Ocupacao": null, "Bairro": "Areia Dourada", "Quadra": "H", "Lote": "02", "Municipio": "Cabedelo-PB", "Inquerito_Policial": null, "Area": null, "Habite_se": null, "Fase_investigacao": "7. Sem definição", "Laudo_SPU": null, "Area_invadida": null, "Pericia_PF": null, "Pericia_PF_link": null, "Laudo_SPU_link": null, "habite-se_link": null, "alvara_municipal_link": null, "Inquerito_policial_link": null, "numero_inquerito_policial": null, "numero_alvara_municipal": null, "numero_habite-se": null, "numero_pericia_PF": null, "numero_laudo_SPU": null, "AutoJudicial": null, "area_iinquerito_PF": null, "area_spu": null, "pericia_01": null, "Pericia_02": null, "Pericia_03": null, "Loteamento": "Jardim Maralina", "area_pecunia": null, "Situacao_recuo": null, "valor_m2": null, "valor_total": 0.0, "valor_formatado": "R$ 0,00", "Num_imovel": null, "CPF:": null, "alvara_municipal": null, "obs_pericia_pf": null, "obs_laudo_SPU": null, "obs_alvara": null, "obs_habite_se": null, "obs_pecunia": null, "obs_inquerito_pf": null }, "geometry": { "type": "MultiPolygon", "coordinates": [ [ [ [ 298025.229539891588502, 9227326.855246596038342 ], [ 298025.347159060824197, 9227314.938003178685904 ], [ 297993.411820783978328, 9227316.967360073700547 ], [ 297991.789486736990511, 9227328.858455281704664 ], [ 298025.229539891588502, 9227326.855246596038342 ] ] ] ] } },
{ "type": "Feature", "properties": { "fid": 116, "Endereco": "Rodovia BR-230", "Proprietario": null, "Situacao_Ocupacao": null, "Bairro": "Areia Dourada", "Quadra": "H", "Lote": "01", "Municipio": "Cabedelo-PB", "Inquerito_Policial": null, "Area": null, "Habite_se": null, "Fase_investigacao": "7. Sem definição", "Laudo_SPU": null, "Area_invadida": null, "Pericia_PF": null, "Pericia_PF_link": null, "Laudo_SPU_link": null, "habite-se_link": null, "alvara_municipal_link": null, "Inquerito_policial_link": null, "numero_inquerito_policial": null, "numero_alvara_municipal": null, "numero_habite-se": null, "numero_pericia_PF": null, "numero_laudo_SPU": null, "AutoJudicial": null, "area_iinquerito_PF": null, "area_spu": null, "pericia_01": null, "Pericia_02": null, "Pericia_03": null, "Loteamento": "Jardim Maralina", "area_pecunia": null, "Situacao_recuo": null, "valor_m2": null, "valor_total": 0.0, "valor_formatado": "R$ 0,00", "Num_imovel": null, "CPF:": null, "alvara_municipal": null, "obs_pericia_pf": null, "obs_laudo_SPU": null, "obs_alvara": null, "obs_habite_se": null, "obs_pecunia": null, "obs_inquerito_pf": null }, "geometry": { "type": "MultiPolygon", "coordinates": [ [ [ [ 298025.347159060824197, 9227314.938003178685904 ], [ 298025.49472349131247, 9227299.986688271164894 ], [ 297995.567951704724692, 9227302.123563697561622 ], [ 297993.411653940682299, 9227316.967370675876737 ], [ 297993.411820783978328, 9227316.967360073700547 ], [ 298025.347159060824197, 9227314.938003178685904 ] ] ] ] } },
{ "type": "Feature", "properties": { "fid": 121, "Endereco": "Rua João Castro de Sena", "Proprietario": null, "Situacao_Ocupacao": null, "Bairro": "Areia Dourada", "Quadra": "E", "Lote": "13", "Municipio": "Cabedelo-PB", "Inquerito_Policial": null, "Area": null, "Habite_se": null, "Fase_investigacao": "7. Sem definição", "Laudo_SPU": null, "Area_invadida": null, "Pericia_PF": null, "Pericia_PF_link": null, "Laudo_SPU_link": null, "habite-se_link": null, "alvara_municipal_link": null, "Inquerito_policial_link": null, "numero_inquerito_policial": null, "numero_alvara_municipal": null, "numero_habite-se": null, "numero_pericia_PF": null, "numero_laudo_SPU": null, "AutoJudicial": null, "area_iinquerito_PF": null, "area_spu": null, "pericia_01": null, "Pericia_02": null, "Pericia_03": null, "Loteamento": "Jardim Maralina", "area_pecunia": null, "Situacao_recuo": null, "valor_m2": null, "valor_total": 0.0, "valor_formatado": "R$ 0,00", "Num_imovel": null, "CPF:": null, "alvara_municipal": null, "obs_pericia_pf": null, "obs_laudo_SPU": null, "obs_alvara": null, "obs_habite_se": null, "obs_pecunia": null, "obs_inquerito_pf": null }, "geometry": { "type": "MultiPolygon", "coordinates": [ [ [ [ 298075.46845534350723, 9227268.492882376536727 ], [ 298035.54887251497712, 9227271.02801669202745 ], [ 298035.4831858301186, 9227287.975019132718444 ], [ 298075.10936979658436, 9227286.46128149330616 ], [ 298090.468940266582649, 9227285.874539151787758 ], [ 298089.740415499371011, 9227267.658834801986814 ], [ 298075.46845534350723, 9227268.492882376536727 ] ] ] ] } },
{ "type": "Feature", "properties": { "fid": 122, "Endereco": "Rua João Castro de Sena", "Proprietario": null, "Situacao_Ocupacao": null, "Bairro": "Areia Dourada", "Quadra": "E", "Lote": "05", "Municipio": "Cabedelo-PB", "Inquerito_Policial": null, "Area": null, "Habite_se": null, "Fase_investigacao": "7. Sem definição", "Laudo_SPU": null, "Area_invadida": null, "Pericia_PF": null, "Pericia_PF_link": null, "Laudo_SPU_link": null, "habite-se_link": null, "alvara_municipal_link": null, "Inquerito_policial_link": null, "numero_inquerito_policial": null, "numero_alvara_municipal": null, "numero_habite-se": null, "numero_pericia_PF": null, "numero_laudo_SPU": null, "AutoJudicial": null, "area_iinquerito_PF": null, "area_spu": null, "pericia_01": null, "Pericia_02": null, "Pericia_03": null, "Loteamento": "Jardim Maralina", "area_pecunia": null, "Situacao_recuo": null, "valor_m2": null, "valor_total": 0.0, "valor_formatado": "R$ 0,00", "Num_imovel": null, "CPF:": null, "alvara_municipal": null, "obs_pericia_pf": null, "obs_laudo_SPU": null, "obs_alvara": null, "obs_habite_se": null, "obs_pecunia": null, "obs_inquerito_pf": null }, "geometry": { "type": "MultiPolygon", "coordinates": [ [ [ [ 298011.51840875542257, 9227288.890484150499105 ], [ 298011.937830424809363, 9227254.217419030144811 ], [ 297999.952486567781307, 9227254.810323579236865 ], [ 297996.707305187301245, 9227289.456274818629026 ], [ 298011.51840875542257, 9227288.890484150499105 ] ] ] ] } },
{ "type": "Feature", "properties": { "fid": 123, "Endereco": "Rua João Castro de Sena", "Proprietario": null, "Situacao_Ocupacao": null, "Bairro": "Areia Dourada", "Quadra": "E", "Lote": "06", "Municipio": "Cabedelo-PB", "Inquerito_Policial": null, "Area": null, "Habite_se": null, "Fase_investigacao": "7. Sem definição", "Laudo_SPU": null, "Area_invadida": null, "Pericia_PF": null, "Pericia_PF_link": null, "Laudo_SPU_link": null, "habite-se_link": null, "alvara_municipal_link": null, "Inquerito_policial_link": null, "numero_inquerito_policial": null, "numero_alvara_municipal": null, "numero_habite-se": null, "numero_pericia_PF": null, "numero_laudo_SPU": null, "AutoJudicial": null, "area_iinquerito_PF": null, "area_spu": null, "pericia_01": null, "Pericia_02": null, "Pericia_03": null, "Loteamento": "Jardim Maralina", "area_pecunia": null, "Situacao_recuo": null, "valor_m2": null, "valor_total": 0.0, "valor_formatado": "R$ 0,00", "Num_imovel": null, "CPF:": null, "alvara_municipal": null, "obs_pericia_pf": null, "obs_laudo_SPU": null, "obs_alvara": null, "obs_habite_se": null, "obs_pecunia": null, "obs_inquerito_pf": null }, "geometry": { "type": "MultiPolygon", "coordinates": [ [ [ [ 298023.492699666297995, 9227288.433060977607965 ], [ 298023.923226400278509, 9227253.62451190687716 ], [ 298011.937830424809363, 9227254.217419030144811 ], [ 298011.51840875542257, 9227288.890484150499105 ], [ 298023.492699666297995, 9227288.433060977607965 ] ] ] ] } },
{ "type": "Feature", "properties": { "fid": 124, "Endereco": "Rua João Castro de Sena", "Proprietario": null, "Situacao_Ocupacao": null, "Bairro": "Areia Dourada", "Quadra": "E", "Lote": "07", "Municipio": "Cabedelo-PB", "Inquerito_Policial": null, "Area": null, "Habite_se": null, "Fase_investigacao": "7. Sem definição", "Laudo_SPU": null, "Area_invadida": null, "Pericia_PF": null, "Pericia_PF_link": null, "Laudo_SPU_link": null, "habite-se_link": null, "alvara_municipal_link": null, "Inquerito_policial_link": null, "numero_inquerito_policial": null, "numero_alvara_municipal": null, "numero_habite-se": null, "numero_pericia_PF": null, "numero_laudo_SPU": null, "AutoJudicial": null, "area_iinquerito_PF": null, "area_spu": null, "pericia_01": null, "Pericia_02": null, "Pericia_03": null, "Loteamento": "Jardim Maralina", "area_pecunia": null, "Situacao_recuo": null, "valor_m2": null, "valor_total": 0.0, "valor_formatado": "R$ 0,00", "Num_imovel": null, "CPF:": null, "alvara_municipal": null, "obs_pericia_pf": null, "obs_laudo_SPU": null, "obs_alvara": null, "obs_habite_se": null, "obs_pecunia": null, "obs_inquerito_pf": null }, "geometry": { "type": "MultiPolygon", "coordinates": [ [ [ [ 298035.54887251497712, 9227271.02801669202745 ], [ 298035.80861631402513, 9227258.0306117516011 ], [ 298035.908517771807965, 9227253.031609952449799 ], [ 298023.923226400278509, 9227253.62451190687716 ], [ 298023.492699666297995, 9227288.433060977607965 ], [ 298035.4831858301186, 9227287.975019132718444 ], [ 298035.54887251497712, 9227271.02801669202745 ] ] ] ] } },
{ "type": "Feature", "properties": { "fid": 125, "Endereco": "Rodovia BR-230", "Proprietario": null, "Situacao_Ocupacao": null, "Bairro": "Areia Dourada", "Quadra": "E", "Lote": "04", "Municipio": "Cabedelo-PB", "Inquerito_Policial": null, "Area": null, "Habite_se": null, "Fase_investigacao": "7. Sem definição", "Laudo_SPU": null, "Area_invadida": null, "Pericia_PF": null, "Pericia_PF_link": null, "Laudo_SPU_link": null, "habite-se_link": null, "alvara_municipal_link": null, "Inquerito_policial_link": null, "numero_inquerito_policial": null, "numero_alvara_municipal": null, "numero_habite-se": null, "numero_pericia_PF": null, "numero_laudo_SPU": null, "AutoJudicial": null, "area_iinquerito_PF": null, "area_spu": null, "pericia_01": null, "Pericia_02": null, "Pericia_03": null, "Loteamento": "Jardim Maralina", "area_pecunia": null, "Situacao_recuo": null, "valor_m2": null, "valor_total": 0.0, "valor_formatado": "R$ 0,00", "Num_imovel": null, "CPF:": null, "alvara_municipal": null, "obs_pericia_pf": null, "obs_laudo_SPU": null, "obs_alvara": null, "obs_habite_se": null, "obs_pecunia": null, "obs_inquerito_pf": null }, "geometry": { "type": "MultiPolygon", "coordinates": [ [ [ [ 298035.908517771807965, 9227253.031609952449799 ], [ 298036.068360108125489, 9227245.033206889405847 ], [ 298036.148281274479814, 9227241.034005468711257 ], [ 298001.196733021584805, 9227242.875004103407264 ], [ 297999.952486567781307, 9227254.810323579236865 ], [ 298035.908517771807965, 9227253.031609952449799 ] ] ] ] } },
{ "type": "Feature", "properties": { "fid": 126, "Endereco": "Rodovia BR-230", "Proprietario": null, "Situacao_Ocupacao": null, "Bairro": "Areia Dourada", "Quadra": "E", "Lote": "03", "Municipio": "Cabedelo-PB", "Inquerito_Policial": null, "Area": null, "Habite_se": null, "Fase_investigacao": "7. Sem definição", "Laudo_SPU": null, "Area_invadida": null, "Pericia_PF": null, "Pericia_PF_link": null, "Laudo_SPU_link": null, "habite-se_link": null, "alvara_municipal_link": null, "Inquerito_policial_link": null, "numero_inquerito_policial": null, "numero_alvara_municipal": null, "numero_habite-se": null, "numero_pericia_PF": null, "numero_laudo_SPU": null, "AutoJudicial": null, "area_iinquerito_PF": null, "area_spu": null, "pericia_01": null, "Pericia_02": null, "Pericia_03": null, "Loteamento": "Jardim Maralina", "area_pecunia": null, "Situacao_recuo": null, "valor_m2": null, "valor_total": 0.0, "valor_formatado": "R$ 0,00", "Num_imovel": null, "CPF:": null, "alvara_municipal": null, "obs_pericia_pf": null, "obs_laudo_SPU": null, "obs_alvara": null, "obs_habite_se": null, "obs_pecunia": null, "obs_inquerito_pf": null }, "geometry": { "type": "MultiPolygon", "coordinates": [ [ [ [ 298036.148281274479814, 9227241.034005468711257 ], [ 298036.388044777908362, 9227229.036400981247425 ], [ 298002.441360706172418, 9227230.939724389463663 ], [ 298001.196733021177351, 9227242.875004103407264 ], [ 298036.148281274479814, 9227241.034005468711257 ] ] ] ] } },
{ "type": "Feature", "properties": { "fid": 127, "Endereco": "Rodovia BR-230", "Proprietario": null, "Situacao_Ocupacao": null, "Bairro": "Areia Dourada", "Quadra": "E", "Lote": "02", "Municipio": "Cabedelo-PB", "Inquerito_Policial": null, "Area": null, "Habite_se": null, "Fase_investigacao": "7. Sem definição", "Laudo_SPU": null, "Area_invadida": null, "Pericia_PF": null, "Pericia_PF_link": null, "Laudo_SPU_link": null, "habite-se_link": null, "alvara_municipal_link": null, "Inquerito_policial_link": null, "numero_inquerito_policial": null, "numero_alvara_municipal": null, "numero_habite-se": null, "numero_pericia_PF": null, "numero_laudo_SPU": null, "AutoJudicial": null, "area_iinquerito_PF": null, "area_spu": null, "pericia_01": null, "Pericia_02": null, "Pericia_03": null, "Loteamento": "Jardim Maralina", "area_pecunia": null, "Situacao_recuo": null, "valor_m2": null, "valor_total": 0.0, "valor_formatado": "R$ 0,00", "Num_imovel": null, "CPF:": null, "alvara_municipal": null, "obs_pericia_pf": null, "obs_laudo_SPU": null, "obs_alvara": null, "obs_habite_se": null, "obs_pecunia": null, "obs_inquerito_pf": null }, "geometry": { "type": "MultiPolygon", "coordinates": [ [ [ [ 298036.388044777908362, 9227229.036400981247425 ], [ 298036.627808281395119, 9227217.038796491920948 ], [ 298003.686404886597302, 9227219.004488110542297 ], [ 298002.441360706579871, 9227230.939724389463663 ], [ 298036.388044777908362, 9227229.036400981247425 ] ] ] ] } },
{ "type": "Feature", "properties": { "fid": 130, "Endereco": "Avenida Monsenhor José da Silva Coutinho", "Proprietario": null, "Situacao_Ocupacao": null, "Bairro": "Areia Dourada", "Quadra": "01", "Lote": "SN", "Municipio": "Cabedelo-PB", "Inquerito_Policial": null, "Area": null, "Habite_se": null, "Fase_investigacao": "7. Sem definição", "Laudo_SPU": null, "Area_invadida": null, "Pericia_PF": null, "Pericia_PF_link": null, "Laudo_SPU_link": null, "habite-se_link": null, "alvara_municipal_link": null, "Inquerito_policial_link": null, "numero_inquerito_policial": null, "numero_alvara_municipal": null, "numero_habite-se": null, "numero_pericia_PF": null, "numero_laudo_SPU": null, "AutoJudicial": null, "area_iinquerito_PF": null, "area_spu": null, "pericia_01": null, "Pericia_02": null, "Pericia_03": null, "Loteamento": "Jardim Maralina", "area_pecunia": null, "Situacao_recuo": null, "valor_m2": null, "valor_total": 0.0, "valor_formatado": "R$ 0,00", "Num_imovel": null, "CPF:": null, "alvara_municipal": null, "obs_pericia_pf": null, "obs_laudo_SPU": null, "obs_alvara": null, "obs_habite_se": null, "obs_pecunia": null, "obs_inquerito_pf": null }, "geometry": { "type": "MultiPolygon", "coordinates": [ [ [ [ 298035.142659876612015, 9227548.899187278002501 ], [ 298034.857556499075145, 9227522.588043579831719 ], [ 298026.15806721127592, 9227522.682309864088893 ], [ 298026.446396356273908, 9227549.291147792711854 ], [ 298035.142659876612015, 9227548.899187278002501 ] ] ] ] } },
{ "type": "Feature", "properties": { "fid": 131, "Endereco": "Avenida Monsenhor José da Silva Coutinho", "Proprietario": null, "Situacao_Ocupacao": null, "Bairro": "Areia Dourada", "Quadra": "01", "Lote": "SN", "Municipio": "Cabedelo-PB", "Inquerito_Policial": null, "Area": null, "Habite_se": null, "Fase_investigacao": "7. Sem definição", "Laudo_SPU": null, "Area_invadida": null, "Pericia_PF": null, "Pericia_PF_link": null, "Laudo_SPU_link": null, "habite-se_link": null, "alvara_municipal_link": null, "Inquerito_policial_link": null, "numero_inquerito_policial": null, "numero_alvara_municipal": null, "numero_habite-se": null, "numero_pericia_PF": null, "numero_laudo_SPU": null, "AutoJudicial": null, "area_iinquerito_PF": null, "area_spu": null, "pericia_01": null, "Pericia_02": null, "Pericia_03": null, "Loteamento": "Jardim Maralina", "area_pecunia": null, "Situacao_recuo": null, "valor_m2": null, "valor_total": 0.0, "valor_formatado": "R$ 0,00", "Num_imovel": null, "CPF:": null, "alvara_municipal": null, "obs_pericia_pf": null, "obs_laudo_SPU": null, "obs_alvara": null, "obs_habite_se": null, "obs_pecunia": null, "obs_inquerito_pf": null }, "geometry": { "type": "MultiPolygon", "coordinates": [ [ [ [ 298026.446396356273908, 9227549.291147792711854 ], [ 298026.15806721127592, 9227522.682309864088893 ], [ 298018.6585074805771, 9227522.763573903590441 ], [ 298018.949617459380534, 9227549.629044786095619 ], [ 298026.446396356273908, 9227549.291147792711854 ] ] ] ] } },
{ "type": "Feature", "properties": { "fid": 132, "Endereco": "Avenida Monsenhor José da Silva Coutinho", "Proprietario": null, "Situacao_Ocupacao": null, "Bairro": "Areia Dourada", "Quadra": "01", "Lote": "SN", "Municipio": "Cabedelo-PB", "Inquerito_Policial": null, "Area": null, "Habite_se": null, "Fase_investigacao": "7. Sem definição", "Laudo_SPU": null, "Area_invadida": null, "Pericia_PF": null, "Pericia_PF_link": null, "Laudo_SPU_link": null, "habite-se_link": null, "alvara_municipal_link": null, "Inquerito_policial_link": null, "numero_inquerito_policial": null, "numero_alvara_municipal": null, "numero_habite-se": null, "numero_pericia_PF": null, "numero_laudo_SPU": null, "AutoJudicial": null, "area_iinquerito_PF": null, "area_spu": null, "pericia_01": null, "Pericia_02": null, "Pericia_03": null, "Loteamento": "Jardim Maralina", "area_pecunia": null, "Situacao_recuo": null, "valor_m2": null, "valor_total": 0.0, "valor_formatado": "R$ 0,00", "Num_imovel": null, "CPF:": null, "alvara_municipal": null, "obs_pericia_pf": null, "obs_laudo_SPU": null, "obs_alvara": null, "obs_habite_se": null, "obs_pecunia": null, "obs_inquerito_pf": null }, "geometry": { "type": "MultiPolygon", "coordinates": [ [ [ [ 298018.949617459380534, 9227549.629044786095619 ], [ 298018.6585074805771, 9227522.763573903590441 ], [ 298008.259117987123318, 9227522.876260038465261 ], [ 298008.554084055882413, 9227550.097595287486911 ], [ 298018.949617459380534, 9227549.629044786095619 ] ] ] ] } },
{ "type": "Feature", "properties": { "fid": 133, "Endereco": "Avenida Monsenhor José da Silva Coutinho", "Proprietario": null, "Situacao_Ocupacao": null, "Bairro": "Areia Dourada", "Quadra": "01", "Lote": "SN", "Municipio": "Cabedelo-PB", "Inquerito_Policial": null, "Area": null, "Habite_se": null, "Fase_investigacao": "7. Sem definição", "Laudo_SPU": null, "Area_invadida": null, "Pericia_PF": null, "Pericia_PF_link": null, "Laudo_SPU_link": null, "habite-se_link": null, "alvara_municipal_link": null, "Inquerito_policial_link": null, "numero_inquerito_policial": null, "numero_alvara_municipal": null, "numero_habite-se": null, "numero_pericia_PF": null, "numero_laudo_SPU": null, "AutoJudicial": null, "area_iinquerito_PF": null, "area_spu": null, "pericia_01": null, "Pericia_02": null, "Pericia_03": null, "Loteamento": "Jardim Maralina", "area_pecunia": null, "Situacao_recuo": null, "valor_m2": null, "valor_total": 0.0, "valor_formatado": "R$ 0,00", "Num_imovel": null, "CPF:": null, "alvara_municipal": null, "obs_pericia_pf": null, "obs_laudo_SPU": null, "obs_alvara": null, "obs_habite_se": null, "obs_pecunia": null, "obs_inquerito_pf": null }, "geometry": { "type": "MultiPolygon", "coordinates": [ [ [ [ 298008.554084055882413, 9227550.097595287486911 ], [ 298008.259117987123318, 9227522.876260038465261 ], [ 297998.459693272190634, 9227522.982445050030947 ], [ 297998.758292964019347, 9227550.539114024490118 ], [ 298008.554084055882413, 9227550.097595287486911 ] ] ] ] } },
{ "type": "Feature", "properties": { "fid": 134, "Endereco": "Avenida Monsenhor José da Silva Coutinho", "Proprietario": null, "Situacao_Ocupacao": null, "Bairro": "Areia Dourada", "Quadra": "01", "Lote": "SN", "Municipio": "Cabedelo-PB", "Inquerito_Policial": null, "Area": null, "Habite_se": null, "Fase_investigacao": "7. Sem definição", "Laudo_SPU": null, "Area_invadida": null, "Pericia_PF": null, "Pericia_PF_link": null, "Laudo_SPU_link": null, "habite-se_link": null, "alvara_municipal_link": null, "Inquerito_policial_link": null, "numero_inquerito_policial": null, "numero_alvara_municipal": null, "numero_habite-se": null, "numero_pericia_PF": null, "numero_laudo_SPU": null, "AutoJudicial": null, "area_iinquerito_PF": null, "area_spu": null, "pericia_01": null, "Pericia_02": null, "Pericia_03": null, "Loteamento": "Jardim Maralina", "area_pecunia": null, "Situacao_recuo": null, "valor_m2": null, "valor_total": 0.0, "valor_formatado": "R$ 0,00", "Num_imovel": null, "CPF:": null, "alvara_municipal": null, "obs_pericia_pf": null, "obs_laudo_SPU": null, "obs_alvara": null, "obs_habite_se": null, "obs_pecunia": null, "obs_inquerito_pf": null }, "geometry": { "type": "MultiPolygon", "coordinates": [ [ [ [ 297998.758292964019347, 9227550.539114024490118 ], [ 297998.459693272190634, 9227522.982445050030947 ], [ 297993.459986785019282, 9227523.036621075123549 ], [ 297993.760440365993418, 9227550.764378687366843 ], [ 297998.758292964019347, 9227550.539114024490118 ] ] ] ] } },
{ "type": "Feature", "properties": { "fid": 135, "Endereco": "Avenida Monsenhor José da Silva Coutinho", "Proprietario": null, "Situacao_Ocupacao": null, "Bairro": "Areia Dourada", "Quadra": "01", "Lote": "SN", "Municipio": "Cabedelo-PB", "Inquerito_Policial": null, "Area": null, "Habite_se": null, "Fase_investigacao": "7. Sem definição", "Laudo_SPU": null, "Area_invadida": null, "Pericia_PF": null, "Pericia_PF_link": null, "Laudo_SPU_link": null, "habite-se_link": null, "alvara_municipal_link": null, "Inquerito_policial_link": null, "numero_inquerito_policial": null, "numero_alvara_municipal": null, "numero_habite-se": null, "numero_pericia_PF": null, "numero_laudo_SPU": null, "AutoJudicial": null, "area_iinquerito_PF": null, "area_spu": null, "pericia_01": null, "Pericia_02": null, "Pericia_03": null, "Loteamento": "Jardim Maralina", "area_pecunia": null, "Situacao_recuo": null, "valor_m2": null, "valor_total": 0.0, "valor_formatado": "R$ 0,00", "Num_imovel": null, "CPF:": null, "alvara_municipal": null, "obs_pericia_pf": null, "obs_laudo_SPU": null, "obs_alvara": null, "obs_habite_se": null, "obs_pecunia": null, "obs_inquerito_pf": null }, "geometry": { "type": "MultiPolygon", "coordinates": [ [ [ [ 297993.760440365993418, 9227550.764378687366843 ], [ 297993.459986785019282, 9227523.036621075123549 ], [ 297989.460221595072653, 9227523.079961895942688 ], [ 297989.76215828768909, 9227550.944590419530869 ], [ 297993.760440365993418, 9227550.764378687366843 ] ] ] ] } },
{ "type": "Feature", "properties": { "fid": 136, "Endereco": "Rodovia BR-230", "Proprietario": null, "Situacao_Ocupacao": null, "Bairro": "Areia Dourada", "Quadra": "01", "Lote": "04", "Municipio": "Cabedelo-PB", "Inquerito_Policial": null, "Area": null, "Habite_se": null, "Fase_investigacao": "7. Sem definição", "Laudo_SPU": null, "Area_invadida": null, "Pericia_PF": null, "Pericia_PF_link": null, "Laudo_SPU_link": null, "habite-se_link": null, "alvara_municipal_link": null, "Inquerito_policial_link": null, "numero_inquerito_policial": null, "numero_alvara_municipal": null, "numero_habite-se": null, "numero_pericia_PF": null, "numero_laudo_SPU": null, "AutoJudicial": null, "area_iinquerito_PF": null, "area_spu": null, "pericia_01": null, "Pericia_02": null, "Pericia_03": null, "Loteamento": "Jardim Maralina", "area_pecunia": null, "Situacao_recuo": null, "valor_m2": null, "valor_total": 0.0, "valor_formatado": "R$ 0,00", "Num_imovel": null, "CPF:": null, "alvara_municipal": null, "obs_pericia_pf": null, "obs_laudo_SPU": null, "obs_alvara": null, "obs_habite_se": null, "obs_pecunia": null, "obs_inquerito_pf": null }, "geometry": { "type": "MultiPolygon", "coordinates": [ [ [ [ 298058.974430579924956, 9227477.27407225780189 ], [ 298010.177295264904387, 9227477.802830271422863 ], [ 298010.339823342917953, 9227492.801949733868241 ], [ 298059.136958658113144, 9227492.273191716521978 ], [ 298073.426723832497373, 9227492.147519649937749 ], [ 298073.786739529052284, 9227477.195977911353111 ], [ 298058.974430579924956, 9227477.27407225780189 ] ] ] ] } },
{ "type": "Feature", "properties": { "fid": 138, "Endereco": "Rodovia BR-230", "Proprietario": null, "Situacao_Ocupacao": null, "Bairro": "Areia Dourada", "Quadra": "01", "Lote": "03", "Municipio": "Cabedelo-PB", "Inquerito_Policial": null, "Area": null, "Habite_se": null, "Fase_investigacao": "7. Sem definição", "Laudo_SPU": null, "Area_invadida": null, "Pericia_PF": null, "Pericia_PF_link": null, "Laudo_SPU_link": null, "habite-se_link": null, "alvara_municipal_link": null, "Inquerito_policial_link": null, "numero_inquerito_policial": null, "numero_alvara_municipal": null, "numero_habite-se": null, "numero_pericia_PF": null, "numero_laudo_SPU": null, "AutoJudicial": null, "area_iinquerito_PF": null, "area_spu": null, "pericia_01": null, "Pericia_02": null, "Pericia_03": null, "Loteamento": "Jardim Maralina", "area_pecunia": null, "Situacao_recuo": null, "valor_m2": null, "valor_total": 0.0, "valor_formatado": "R$ 0,00", "Num_imovel": null, "CPF:": null, "alvara_municipal": null, "obs_pericia_pf": null, "obs_laudo_SPU": null, "obs_alvara": null, "obs_habite_se": null, "obs_pecunia": null, "obs_inquerito_pf": null }, "geometry": { "type": "MultiPolygon", "coordinates": [ [ [ [ 298059.136958658113144, 9227492.273191716521978 ], [ 298056.130690607300494, 9227492.305767161771655 ], [ 298056.293218685488682, 9227507.304886620491743 ], [ 298073.066128398408182, 9227507.123138034716249 ], [ 298073.426723832497373, 9227492.147519649937749 ], [ 298059.136958658113144, 9227492.273191716521978 ] ] ], [ [ [ 298056.130690607300494, 9227492.305767161771655 ], [ 298010.339823342917953, 9227492.801949733868241 ], [ 298010.502351421106141, 9227507.801069192588329 ], [ 298056.293218685488682, 9227507.304886622354388 ], [ 298056.130690607300494, 9227492.305767161771655 ] ] ] ] } },
{ "type": "Feature", "properties": { "fid": 140, "Endereco": "Rodovia BR-230", "Proprietario": null, "Situacao_Ocupacao": null, "Bairro": "Areia Dourada", "Quadra": "01", "Lote": "SN", "Municipio": "Cabedelo-PB", "Inquerito_Policial": null, "Area": null, "Habite_se": null, "Fase_investigacao": "7. Sem definição", "Laudo_SPU": null, "Area_invadida": null, "Pericia_PF": null, "Pericia_PF_link": null, "Laudo_SPU_link": null, "habite-se_link": null, "alvara_municipal_link": null, "Inquerito_policial_link": null, "numero_inquerito_policial": null, "numero_alvara_municipal": null, "numero_habite-se": null, "numero_pericia_PF": null, "numero_laudo_SPU": null, "AutoJudicial": null, "area_iinquerito_PF": null, "area_spu": null, "pericia_01": null, "Pericia_02": null, "Pericia_03": null, "Loteamento": "Jardim Maralina", "area_pecunia": null, "Situacao_recuo": null, "valor_m2": null, "valor_total": 0.0, "valor_formatado": "R$ 0,00", "Num_imovel": null, "CPF:": null, "alvara_municipal": null, "obs_pericia_pf": null, "obs_laudo_SPU": null, "obs_alvara": null, "obs_habite_se": null, "obs_pecunia": null, "obs_inquerito_pf": null }, "geometry": { "type": "MultiPolygon", "coordinates": [ [ [ [ 298010.148005655617453, 9227475.099799793213606 ], [ 298010.039590182423126, 9227465.094533924013376 ], [ 297972.175899651716463, 9227466.801137173548341 ], [ 297969.948078244284261, 9227476.911702590063214 ], [ 298010.148005655617453, 9227475.099799793213606 ] ] ] ] } },
{ "type": "Feature", "properties": { "fid": 141, "Endereco": "Rodovia BR-230", "Proprietario": null, "Situacao_Ocupacao": null, "Bairro": "Areia Dourada", "Quadra": "01", "Lote": "SN", "Municipio": "Cabedelo-PB", "Inquerito_Policial": null, "Area": null, "Habite_se": null, "Fase_investigacao": "7. Sem definição", "Laudo_SPU": null, "Area_invadida": null, "Pericia_PF": null, "Pericia_PF_link": null, "Laudo_SPU_link": null, "habite-se_link": null, "alvara_municipal_link": null, "Inquerito_policial_link": null, "numero_inquerito_policial": null, "numero_alvara_municipal": null, "numero_habite-se": null, "numero_pericia_PF": null, "numero_laudo_SPU": null, "AutoJudicial": null, "area_iinquerito_PF": null, "area_spu": null, "pericia_01": null, "Pericia_02": null, "Pericia_03": null, "Loteamento": "Jardim Maralina", "area_pecunia": null, "Situacao_recuo": null, "valor_m2": null, "valor_total": 0.0, "valor_formatado": "R$ 0,00", "Num_imovel": null, "CPF:": null, "alvara_municipal": null, "obs_pericia_pf": null, "obs_laudo_SPU": null, "obs_alvara": null, "obs_habite_se": null, "obs_pecunia": null, "obs_inquerito_pf": null }, "geometry": { "type": "MultiPolygon", "coordinates": [ [ [ [ 298010.267262675974052, 9227486.105592250823975 ], [ 298010.148005655617453, 9227475.099799793213606 ], [ 297969.948078244284261, 9227476.911702590063214 ], [ 297967.497474695905112, 9227488.033324547111988 ], [ 298010.267262675974052, 9227486.105592250823975 ] ] ] ] } },
{ "type": "Feature", "properties": { "fid": 142, "Endereco": "Rodovia BR-230", "Proprietario": null, "Situacao_Ocupacao": null, "Bairro": "Areia Dourada", "Quadra": "01", "Lote": "SN", "Municipio": "Cabedelo-PB", "Inquerito_Policial": null, "Area": null, "Habite_se": null, "Fase_investigacao": "7. Sem definição", "Laudo_SPU": null, "Area_invadida": null, "Pericia_PF": null, "Pericia_PF_link": null, "Laudo_SPU_link": null, "habite-se_link": null, "alvara_municipal_link": null, "Inquerito_policial_link": null, "numero_inquerito_policial": null, "numero_alvara_municipal": null, "numero_habite-se": null, "numero_pericia_PF": null, "numero_laudo_SPU": null, "AutoJudicial": null, "area_iinquerito_PF": null, "area_spu": null, "pericia_01": null, "Pericia_02": null, "Pericia_03": null, "Loteamento": "Jardim Maralina", "area_pecunia": null, "Situacao_recuo": null, "valor_m2": null, "valor_total": 0.0, "valor_formatado": "R$ 0,00", "Num_imovel": null, "CPF:": null, "alvara_municipal": null, "obs_pericia_pf": null, "obs_laudo_SPU": null, "obs_alvara": null, "obs_habite_se": null, "obs_pecunia": null, "obs_inquerito_pf": null }, "geometry": { "type": "MultiPolygon", "coordinates": [ [ [ [ 298010.364836601773277, 9227495.110331531614065 ], [ 298010.267262675974052, 9227486.105592250823975 ], [ 297967.497474695905112, 9227488.033324547111988 ], [ 297965.492435429187026, 9227497.132833421230316 ], [ 298010.364836601773277, 9227495.110331531614065 ] ] ] ] } },
{ "type": "Feature", "properties": { "fid": 143, "Endereco": "Rodovia BR-230", "Proprietario": null, "Situacao_Ocupacao": null, "Bairro": "Areia Dourada", "Quadra": "01", "Lote": "SN", "Municipio": "Cabedelo-PB", "Inquerito_Policial": null, "Area": null, "Habite_se": null, "Fase_investigacao": "7. Sem definição", "Laudo_SPU": null, "Area_invadida": null, "Pericia_PF": null, "Pericia_PF_link": null, "Laudo_SPU_link": null, "habite-se_link": null, "alvara_municipal_link": null, "Inquerito_policial_link": null, "numero_inquerito_policial": null, "numero_alvara_municipal": null, "numero_habite-se": null, "numero_pericia_PF": null, "numero_laudo_SPU": null, "AutoJudicial": null, "area_iinquerito_PF": null, "area_spu": null, "pericia_01": null, "Pericia_02": null, "Pericia_03": null, "Loteamento": "Jardim Maralina", "area_pecunia": null, "Situacao_recuo": null, "valor_m2": null, "valor_total": 0.0, "valor_formatado": "R$ 0,00", "Num_imovel": null, "CPF:": null, "alvara_municipal": null, "obs_pericia_pf": null, "obs_laudo_SPU": null, "obs_alvara": null, "obs_habite_se": null, "obs_pecunia": null, "obs_inquerito_pf": null }, "geometry": { "type": "MultiPolygon", "coordinates": [ [ [ [ 298010.484093622188084, 9227506.116123989224434 ], [ 298010.364836601773277, 9227495.110331531614065 ], [ 297965.492435429187026, 9227497.132833421230316 ], [ 297963.041831880924292, 9227508.254455380141735 ], [ 298010.484093622188084, 9227506.116123989224434 ] ] ] ] } },
{ "type": "Feature", "properties": { "fid": 144, "Endereco": "Rodovia BR-230", "Proprietario": null, "Situacao_Ocupacao": null, "Bairro": "Areia Dourada", "Quadra": "01", "Lote": "SN", "Municipio": "Cabedelo-PB", "Inquerito_Policial": null, "Area": null, "Habite_se": null, "Fase_investigacao": "7. Sem definição", "Laudo_SPU": null, "Area_invadida": null, "Pericia_PF": null, "Pericia_PF_link": null, "Laudo_SPU_link": null, "habite-se_link": null, "alvara_municipal_link": null, "Inquerito_policial_link": null, "numero_inquerito_policial": null, "numero_alvara_municipal": null, "numero_habite-se": null, "numero_pericia_PF": null, "numero_laudo_SPU": null, "AutoJudicial": null, "area_iinquerito_PF": null, "area_spu": null, "pericia_01": null, "Pericia_02": null, "Pericia_03": null, "Loteamento": "Jardim Maralina", "area_pecunia": null, "Situacao_recuo": null, "valor_m2": null, "valor_total": 0.0, "valor_formatado": "R$ 0,00", "Num_imovel": null, "CPF:": null, "alvara_municipal": null, "obs_pericia_pf": null, "obs_laudo_SPU": null, "obs_alvara": null, "obs_habite_se": null, "obs_pecunia": null, "obs_inquerito_pf": null }, "geometry": { "type": "MultiPolygon", "coordinates": [ [ [ [ 298010.572994310176, 9227514.320442002266645 ], [ 298010.484093622188084, 9227506.116123989224434 ], [ 297963.041831880924292, 9227508.254455380141735 ], [ 297961.215018326591235, 9227516.545119021087885 ], [ 298010.572994310176, 9227514.320442002266645 ] ] ] ] } },
{ "type": "Feature", "properties": { "fid": 145, "Endereco": "Rodovia BR-230", "Proprietario": null, "Situacao_Ocupacao": null, "Bairro": "Areia Dourada", "Quadra": "01", "Lote": "SN", "Municipio": "Cabedelo-PB", "Inquerito_Policial": null, "Area": null, "Habite_se": null, "Fase_investigacao": "7. Sem definição", "Laudo_SPU": null, "Area_invadida": null, "Pericia_PF": null, "Pericia_PF_link": null, "Laudo_SPU_link": null, "habite-se_link": null, "alvara_municipal_link": null, "Inquerito_policial_link": null, "numero_inquerito_policial": null, "numero_alvara_municipal": null, "numero_habite-se": null, "numero_pericia_PF": null, "numero_laudo_SPU": null, "AutoJudicial": null, "area_iinquerito_PF": null, "area_spu": null, "pericia_01": null, "Pericia_02": null, "Pericia_03": null, "Loteamento": "Jardim Maralina", "area_pecunia": null, "Situacao_recuo": null, "valor_m2": null, "valor_total": 0.0, "valor_formatado": "R$ 0,00", "Num_imovel": null, "CPF:": null, "alvara_municipal": null, "obs_pericia_pf": null, "obs_laudo_SPU": null, "obs_alvara": null, "obs_habite_se": null, "obs_pecunia": null, "obs_inquerito_pf": null }, "geometry": { "type": "MultiPolygon", "coordinates": [ [ [ [ 298010.66542125941487, 9227522.850185718387365 ], [ 298010.572994310176, 9227514.320442002266645 ], [ 297961.215018326591235, 9227516.545119021087885 ], [ 297959.477317628799938, 9227524.431360045447946 ], [ 297989.460221582499798, 9227523.079961895942688 ], [ 298010.66542125941487, 9227522.850185718387365 ] ] ] ] } },
{ "type": "Feature", "properties": { "fid": 146, "Endereco": "Rodovia BR-230", "Proprietario": null, "Situacao_Ocupacao": null, "Bairro": "Areia Dourada", "Quadra": "01", "Lote": "SN", "Municipio": "Cabedelo-PB", "Inquerito_Policial": null, "Area": null, "Habite_se": null, "Fase_investigacao": "7. Sem definição", "Laudo_SPU": null, "Area_invadida": null, "Pericia_PF": null, "Pericia_PF_link": null, "Laudo_SPU_link": null, "habite-se_link": null, "alvara_municipal_link": null, "Inquerito_policial_link": null, "numero_inquerito_policial": null, "numero_alvara_municipal": null, "numero_habite-se": null, "numero_pericia_PF": null, "numero_laudo_SPU": null, "AutoJudicial": null, "area_iinquerito_PF": null, "area_spu": null, "pericia_01": null, "Pericia_02": null, "Pericia_03": null, "Loteamento": "Jardim Maralina", "area_pecunia": null, "Situacao_recuo": null, "valor_m2": null, "valor_total": 0.0, "valor_formatado": "R$ 0,00", "Num_imovel": null, "CPF:": null, "alvara_municipal": null, "obs_pericia_pf": null, "obs_laudo_SPU": null, "obs_alvara": null, "obs_habite_se": null, "obs_pecunia": null, "obs_inquerito_pf": null }, "geometry": { "type": "MultiPolygon", "coordinates": [ [ [ [ 297989.561589662393089, 9227532.434848560020328 ], [ 297989.460221595072653, 9227523.079961895942688 ], [ 297959.477317628799938, 9227524.431360045447946 ], [ 297957.394312834483571, 9227533.884701397269964 ], [ 297989.561589662393089, 9227532.434848560020328 ] ] ] ] } },
{ "type": "Feature", "properties": { "fid": 147, "Endereco": "Rodovia BR-230", "Proprietario": null, "Situacao_Ocupacao": null, "Bairro": "Areia Dourada", "Quadra": "01", "Lote": "SN", "Municipio": "Cabedelo-PB", "Inquerito_Policial": null, "Area": null, "Habite_se": null, "Fase_investigacao": "7. Sem definição", "Laudo_SPU": null, "Area_invadida": null, "Pericia_PF": null, "Pericia_PF_link": null, "Laudo_SPU_link": null, "habite-se_link": null, "alvara_municipal_link": null, "Inquerito_policial_link": null, "numero_inquerito_policial": null, "numero_alvara_municipal": null, "numero_habite-se": null, "numero_pericia_PF": null, "numero_laudo_SPU": null, "AutoJudicial": null, "area_iinquerito_PF": null, "area_spu": null, "pericia_01": null, "Pericia_02": null, "Pericia_03": null, "Loteamento": "Jardim Maralina", "area_pecunia": null, "Situacao_recuo": null, "valor_m2": null, "valor_total": 0.0, "valor_formatado": "R$ 0,00", "Num_imovel": null, "CPF:": null, "alvara_municipal": null, "obs_pericia_pf": null, "obs_laudo_SPU": null, "obs_alvara": null, "obs_habite_se": null, "obs_pecunia": null, "obs_inquerito_pf": null }, "geometry": { "type": "MultiPolygon", "coordinates": [ [ [ [ 297989.653742814611178, 9227540.939324548467994 ], [ 297989.561589662393089, 9227532.434848560020328 ], [ 297957.394312834483571, 9227533.884701397269964 ], [ 297955.500664638180751, 9227542.47868200019002 ], [ 297989.653742814611178, 9227540.939324548467994 ] ] ] ] } },
{ "type": "Feature", "properties": { "fid": 148, "Endereco": "Rodovia BR-230", "Proprietario": null, "Situacao_Ocupacao": null, "Bairro": "Areia Dourada", "Quadra": "01", "Lote": "SN", "Municipio": "Cabedelo-PB", "Inquerito_Policial": null, "Area": null, "Habite_se": null, "Fase_investigacao": "7. Sem definição", "Laudo_SPU": null, "Area_invadida": null, "Pericia_PF": null, "Pericia_PF_link": null, "Laudo_SPU_link": null, "habite-se_link": null, "alvara_municipal_link": null, "Inquerito_policial_link": null, "numero_inquerito_policial": null, "numero_alvara_municipal": null, "numero_habite-se": null, "numero_pericia_PF": null, "numero_laudo_SPU": null, "AutoJudicial": null, "area_iinquerito_PF": null, "area_spu": null, "pericia_01": null, "Pericia_02": null, "Pericia_03": null, "Loteamento": "Jardim Maralina", "area_pecunia": null, "Situacao_recuo": null, "valor_m2": null, "valor_total": 0.0, "valor_formatado": "R$ 0,00", "Num_imovel": null, "CPF:": null, "alvara_municipal": null, "obs_pericia_pf": null, "obs_laudo_SPU": null, "obs_alvara": null, "obs_habite_se": null, "obs_pecunia": null, "obs_inquerito_pf": null }, "geometry": { "type": "MultiPolygon", "coordinates": [ [ [ [ 297989.76215828768909, 9227550.944590419530869 ], [ 297989.653742814611178, 9227540.939324548467994 ], [ 297955.500664638180751, 9227542.47868200019002 ], [ 297953.272843230806757, 9227552.589247418567538 ], [ 297989.76215828768909, 9227550.944590419530869 ] ] ] ] } },
{ "type": "Feature", "properties": { "fid": 149, "Endereco": "Avenida Monsenhor José da Silva Coutinho", "Proprietario": null, "Situacao_Ocupacao": null, "Bairro": "Areia Dourada", "Quadra": "01", "Lote": "SN", "Municipio": "Cabedelo-PB", "Inquerito_Policial": null, "Area": null, "Habite_se": null, "Fase_investigacao": "7. Sem definição", "Laudo_SPU": null, "Area_invadida": null, "Pericia_PF": null, "Pericia_PF_link": null, "Laudo_SPU_link": null, "habite-se_link": null, "alvara_municipal_link": null, "Inquerito_policial_link": null, "numero_inquerito_policial": null, "numero_alvara_municipal": null, "numero_habite-se": null, "numero_pericia_PF": null, "numero_laudo_SPU": null, "AutoJudicial": null, "area_iinquerito_PF": null, "area_spu": null, "pericia_01": null, "Pericia_02": null, "Pericia_03": null, "Loteamento": "Jardim Maralina", "area_pecunia": null, "Situacao_recuo": null, "valor_m2": null, "valor_total": 0.0, "valor_formatado": "R$ 0,00", "Num_imovel": null, "CPF:": null, "alvara_municipal": null, "obs_pericia_pf": null, "obs_laudo_SPU": null, "obs_alvara": null, "obs_habite_se": null, "obs_pecunia": null, "obs_inquerito_pf": null }, "geometry": { "type": "MultiPolygon", "coordinates": [ [ [ [ 298065.429646619828418, 9227547.534083422273397 ], [ 298065.15577781148022, 9227522.259736865758896 ], [ 298053.15648224222241, 9227522.389759324491024 ], [ 298053.434800384915434, 9227548.074718613177538 ], [ 298065.429646619828418, 9227547.534083422273397 ] ] ] ] } },
{ "type": "Feature", "properties": { "fid": 150, "Endereco": "Avenida Monsenhor José da Silva Coutinho", "Proprietario": null, "Situacao_Ocupacao": null, "Bairro": "Areia Dourada", "Quadra": "01", "Lote": "SN", "Municipio": "Cabedelo-PB", "Inquerito_Policial": null, "Area": null, "Habite_se": null, "Fase_investigacao": "7. Sem definição", "Laudo_SPU": null, "Area_invadida": null, "Pericia_PF": null, "Pericia_PF_link": null, "Laudo_SPU_link": null, "habite-se_link": null, "alvara_municipal_link": null, "Inquerito_policial_link": null, "numero_inquerito_policial": null, "numero_alvara_municipal": null, "numero_habite-se": null, "numero_pericia_PF": null, "numero_laudo_SPU": null, "AutoJudicial": null, "area_iinquerito_PF": null, "area_spu": null, "pericia_01": null, "Pericia_02": null, "Pericia_03": null, "Loteamento": "Jardim Maralina", "area_pecunia": null, "Situacao_recuo": null, "valor_m2": null, "valor_total": 0.0, "valor_formatado": "R$ 0,00", "Num_imovel": null, "CPF:": null, "alvara_municipal": null, "obs_pericia_pf": null, "obs_laudo_SPU": null, "obs_alvara": null, "obs_habite_se": null, "obs_pecunia": null, "obs_inquerito_pf": null }, "geometry": { "type": "MultiPolygon", "coordinates": [ [ [ [ 298053.434800384915434, 9227548.074718613177538 ], [ 298053.15648224222241, 9227522.389759324491024 ], [ 298043.557045786816161, 9227522.493777295574546 ], [ 298043.83892339700833, 9227548.507226765155792 ], [ 298053.434800384915434, 9227548.074718613177538 ] ] ] ] } },
{ "type": "Feature", "properties": { "fid": 151, "Endereco": "Avenida Monsenhor José da Silva Coutinho", "Proprietario": null, "Situacao_Ocupacao": null, "Bairro": "Areia Dourada", "Quadra": "01", "Lote": "SN", "Municipio": "Cabedelo-PB", "Inquerito_Policial": null, "Area": null, "Habite_se": null, "Fase_investigacao": "7. Sem definição", "Laudo_SPU": null, "Area_invadida": null, "Pericia_PF": null, "Pericia_PF_link": null, "Laudo_SPU_link": null, "habite-se_link": null, "alvara_municipal_link": null, "Inquerito_policial_link": null, "numero_inquerito_policial": null, "numero_alvara_municipal": null, "numero_habite-se": null, "numero_pericia_PF": null, "numero_laudo_SPU": null, "AutoJudicial": null, "area_iinquerito_PF": null, "area_spu": null, "pericia_01": null, "Pericia_02": null, "Pericia_03": null, "Loteamento": "Jardim Maralina", "area_pecunia": null, "Situacao_recuo": null, "valor_m2": null, "valor_total": 0.0, "valor_formatado": "R$ 0,00", "Num_imovel": null, "CPF:": null, "alvara_municipal": null, "obs_pericia_pf": null, "obs_laudo_SPU": null, "obs_alvara": null, "obs_habite_se": null, "obs_pecunia": null, "obs_inquerito_pf": null }, "geometry": { "type": "MultiPolygon", "coordinates": [ [ [ [ 298043.83892339700833, 9227548.507226765155792 ], [ 298043.557045786816161, 9227522.493777295574546 ], [ 298034.857556499016937, 9227522.588043579831719 ], [ 298035.142659876612015, 9227548.899187281727791 ], [ 298043.83892339700833, 9227548.507226765155792 ] ] ] ] } },
{ "type": "Feature", "properties": { "fid": 155, "Endereco": "Rodovia BR-230", "Proprietario": null, "Situacao_Ocupacao": null, "Bairro": "Areia Dourada", "Quadra": "09", "Lote": "03", "Municipio": "Cabedelo-PB", "Inquerito_Policial": null, "Area": null, "Habite_se": null, "Fase_investigacao": "7. Sem definição", "Laudo_SPU": null, "Area_invadida": null, "Pericia_PF": null, "Pericia_PF_link": null, "Laudo_SPU_link": null, "habite-se_link": null, "alvara_municipal_link": null, "Inquerito_policial_link": null, "numero_inquerito_policial": null, "numero_alvara_municipal": null, "numero_habite-se": null, "numero_pericia_PF": null, "numero_laudo_SPU": null, "AutoJudicial": null, "area_iinquerito_PF": null, "area_spu": null, "pericia_01": null, "Pericia_02": null, "Pericia_03": null, "Loteamento": "Areia Dourada", "area_pecunia": null, "Situacao_recuo": null, "valor_m2": null, "valor_total": 0.0, "valor_formatado": "R$ 0,00", "Num_imovel": null, "CPF:": null, "alvara_municipal": null, "obs_pericia_pf": null, "obs_laudo_SPU": null, "obs_alvara": null, "obs_habite_se": null, "obs_pecunia": null, "obs_inquerito_pf": null }, "geometry": { "type": "MultiPolygon", "coordinates": [ [ [ [ 298080.288912100775633, 9226986.58041357062757 ], [ 298104.379849443794228, 9226989.418770449236035 ], [ 298106.148990845074877, 9226974.508209956809878 ], [ 298081.272928105085157, 9226971.612724622711539 ], [ 298022.678208640601952, 9226964.709185637533665 ], [ 298020.70106179441791, 9226979.559865452349186 ], [ 298080.288912100775633, 9226986.58041357062757 ] ] ] ] } },
{ "type": "Feature", "properties": { "fid": 165, "Endereco": "Avenida Max Zagel", "Proprietario": null, "Situacao_Ocupacao": null, "Bairro": "Camboinha", "Quadra": "01", "Lote": "01", "Municipio": "Cabedelo-PB", "Inquerito_Policial": null, "Area": null, "Habite_se": null, "Fase_investigacao": "7. Sem definição", "Laudo_SPU": null, "Area_invadida": null, "Pericia_PF": null, "Pericia_PF_link": null, "Laudo_SPU_link": null, "habite-se_link": null, "alvara_municipal_link": null, "Inquerito_policial_link": null, "numero_inquerito_policial": null, "numero_alvara_municipal": null, "numero_habite-se": null, "numero_pericia_PF": null, "numero_laudo_SPU": null, "AutoJudicial": null, "area_iinquerito_PF": null, "area_spu": null, "pericia_01": null, "Pericia_02": null, "Pericia_03": null, "Loteamento": "Jardim Camboinha", "area_pecunia": null, "Situacao_recuo": null, "valor_m2": null, "valor_total": 0.0, "valor_formatado": "R$ 0,00", "Num_imovel": null, "CPF:": null, "alvara_municipal": null, "obs_pericia_pf": null, "obs_laudo_SPU": null, "obs_alvara": null, "obs_habite_se": null, "obs_pecunia": null, "obs_inquerito_pf": null }, "geometry": { "type": "MultiPolygon", "coordinates": [ [ [ [ 298281.912238326913211, 9225313.188884433358908 ], [ 298279.106269794690888, 9225298.451244954019785 ], [ 298247.777640253421851, 9225304.99664563126862 ], [ 298250.583608785585966, 9225319.734285110607743 ], [ 298281.912238326913211, 9225313.188884433358908 ] ] ] ] } },
{ "type": "Feature", "properties": { "fid": 189, "Endereco": "Rua Zilda Pessoa Barreto", "Proprietario": null, "Situacao_Ocupacao": null, "Bairro": "Camboinha", "Quadra": "03", "Lote": "11", "Municipio": "Cabedelo-PB", "Inquerito_Policial": null, "Area": null, "Habite_se": null, "Fase_investigacao": "7. Sem definição", "Laudo_SPU": null, "Area_invadida": null, "Pericia_PF": null, "Pericia_PF_link": null, "Laudo_SPU_link": null, "habite-se_link": null, "alvara_municipal_link": null, "Inquerito_policial_link": null, "numero_inquerito_policial": null, "numero_alvara_municipal": null, "numero_habite-se": null, "numero_pericia_PF": null, "numero_laudo_SPU": null, "AutoJudicial": null, "area_iinquerito_PF": null, "area_spu": null, "pericia_01": null, "Pericia_02": null, "Pericia_03": null, "Loteamento": "Jardim Camboinha", "area_pecunia": null, "Situacao_recuo": null, "valor_m2": null, "valor_total": 0.0, "valor_formatado": "R$ 0,00", "Num_imovel": null, "CPF:": null, "alvara_municipal": null, "obs_pericia_pf": null, "obs_laudo_SPU": null, "obs_alvara": null, "obs_habite_se": null, "obs_pecunia": null, "obs_inquerito_pf": null }, "geometry": { "type": "MultiPolygon", "coordinates": [ [ [ [ 298268.449368833680637, 9225709.203835738822818 ], [ 298271.119325818028301, 9225695.453394085168839 ], [ 298239.902486631879583, 9225688.342052910476923 ], [ 298237.232529647590127, 9225702.092494565993547 ], [ 298268.449368833680637, 9225709.203835738822818 ] ] ] ] } },
{ "type": "Feature", "properties": { "fid": 190, "Endereco": "Rua Zilda Pessoa Barreto", "Proprietario": null, "Situacao_Ocupacao": null, "Bairro": "Camboinha", "Quadra": "03", "Lote": "01", "Municipio": "Cabedelo-PB", "Inquerito_Policial": null, "Area": null, "Habite_se": null, "Fase_investigacao": "1. Relatado", "Laudo_SPU": "Sim", "Area_invadida": "Não", "Pericia_PF": null, "Pericia_PF_link": null, "Laudo_SPU_link": null, "habite-se_link": null, "alvara_municipal_link": null, "Inquerito_policial_link": null, "numero_inquerito_policial": null, "numero_alvara_municipal": null, "numero_habite-se": null, "numero_pericia_PF": null, "numero_laudo_SPU": null, "AutoJudicial": null, "area_iinquerito_PF": null, "area_spu": null, "pericia_01": null, "Pericia_02": null, "Pericia_03": null, "Loteamento": "Jardim Camboinha", "area_pecunia": 100.0, "Situacao_recuo": "RECUOU", "valor_m2": 70.0, "valor_total": 7000.0, "valor_formatado": "R$ 7.000,00", "Num_imovel": null, "CPF:": null, "alvara_municipal": null, "obs_pericia_pf": null, "obs_laudo_SPU": null, "obs_alvara": null, "obs_habite_se": null, "obs_pecunia": null, "obs_inquerito_pf": null }, "geometry": { "type": "MultiPolygon", "coordinates": [ [ [ [ 298291.716136839590035, 9225589.378558477386832 ], [ 298295.530361102719326, 9225569.735070403665304 ], [ 298262.978543424687814, 9225569.498950051143765 ], [ 298260.499297653499525, 9225582.267217300832272 ], [ 298291.716136839590035, 9225589.378558477386832 ] ] ] ] } },
{ "type": "Feature", "properties": { "fid": 191, "Endereco": "Rua Zilda Pessoa Barreto", "Proprietario": null, "Situacao_Ocupacao": null, "Bairro": "Camboinha", "Quadra": "04", "Lote": "01", "Municipio": "Cabedelo-PB", "Inquerito_Policial": null, "Area": null, "Habite_se": null, "Fase_investigacao": "7. Sem definição", "Laudo_SPU": null, "Area_invadida": null, "Pericia_PF": null, "Pericia_PF_link": null, "Laudo_SPU_link": null, "habite-se_link": null, "alvara_municipal_link": null, "Inquerito_policial_link": null, "numero_inquerito_policial": null, "numero_alvara_municipal": null, "numero_habite-se": null, "numero_pericia_PF": null, "numero_laudo_SPU": null, "AutoJudicial": null, "area_iinquerito_PF": null, "area_spu": null, "pericia_01": null, "Pericia_02": null, "Pericia_03": null, "Loteamento": "Jardim Camboinha", "area_pecunia": null, "Situacao_recuo": null, "valor_m2": null, "valor_total": 0.0, "valor_formatado": "R$ 0,00", "Num_imovel": null, "CPF:": null, "alvara_municipal": null, "obs_pericia_pf": null, "obs_laudo_SPU": null, "obs_alvara": null, "obs_habite_se": null, "obs_pecunia": null, "obs_inquerito_pf": null }, "geometry": { "type": "MultiPolygon", "coordinates": [ [ [ [ 298244.835279410821386, 9225839.272686831653118 ], [ 298247.011649600113742, 9225827.464510571211576 ], [ 298215.740773040102795, 9225820.584218326956034 ], [ 298213.564402850810438, 9225832.39239458553493 ], [ 298244.835279410821386, 9225839.272686831653118 ] ] ] ] } },
{ "type": "Feature", "properties": { "fid": 192, "Endereco": "Rua Zilda Pessoa Barreto", "Proprietario": null, "Situacao_Ocupacao": null, "Bairro": "Camboinha", "Quadra": "04", "Lote": "02", "Municipio": "Cabedelo-PB", "Inquerito_Policial": null, "Area": null, "Habite_se": null, "Fase_investigacao": "7. Sem definição", "Laudo_SPU": null, "Area_invadida": null, "Pericia_PF": null, "Pericia_PF_link": null, "Laudo_SPU_link": null, "habite-se_link": null, "alvara_municipal_link": null, "Inquerito_policial_link": null, "numero_inquerito_policial": null, "numero_alvara_municipal": null, "numero_habite-se": null, "numero_pericia_PF": null, "numero_laudo_SPU": null, "AutoJudicial": null, "area_iinquerito_PF": null, "area_spu": null, "pericia_01": null, "Pericia_02": null, "Pericia_03": null, "Loteamento": "Jardim Camboinha", "area_pecunia": null, "Situacao_recuo": null, "valor_m2": null, "valor_total": 0.0, "valor_formatado": "R$ 0,00", "Num_imovel": null, "CPF:": null, "alvara_municipal": null, "obs_pericia_pf": null, "obs_laudo_SPU": null, "obs_alvara": null, "obs_habite_se": null, "obs_pecunia": null, "obs_inquerito_pf": null }, "geometry": { "type": "MultiPolygon", "coordinates": [ [ [ [ 298247.011649600113742, 9225827.464510571211576 ], [ 298249.188019789522514, 9225815.656334314495325 ], [ 298217.917143229511566, 9225808.776042068377137 ], [ 298215.740773040102795, 9225820.584218326956034 ], [ 298247.011649600113742, 9225827.464510571211576 ] ] ] ] } },
{ "type": "Feature", "properties": { "fid": 193, "Endereco": "Rua Zilda Pessoa Barreto", "Proprietario": null, "Situacao_Ocupacao": null, "Bairro": "Camboinha", "Quadra": "04", "Lote": "03", "Municipio": "Cabedelo-PB", "Inquerito_Policial": null, "Area": null, "Habite_se": null, "Fase_investigacao": "7. Sem definição", "Laudo_SPU": null, "Area_invadida": null, "Pericia_PF": null, "Pericia_PF_link": null, "Laudo_SPU_link": null, "habite-se_link": null, "alvara_municipal_link": null, "Inquerito_policial_link": null, "numero_inquerito_policial": null, "numero_alvara_municipal": null, "numero_habite-se": null, "numero_pericia_PF": null, "numero_laudo_SPU": null, "AutoJudicial": null, "area_iinquerito_PF": null, "area_spu": null, "pericia_01": null, "Pericia_02": null, "Pericia_03": null, "Loteamento": "Jardim Camboinha", "area_pecunia": null, "Situacao_recuo": null, "valor_m2": null, "valor_total": 0.0, "valor_formatado": "R$ 0,00", "Num_imovel": null, "CPF:": null, "alvara_municipal": null, "obs_pericia_pf": null, "obs_laudo_SPU": null, "obs_alvara": null, "obs_habite_se": null, "obs_pecunia": null, "obs_inquerito_pf": null }, "geometry": { "type": "MultiPolygon", "coordinates": [ [ [ [ 298249.188019789522514, 9225815.656334314495325 ], [ 298251.364389978873078, 9225803.848158054053783 ], [ 298220.093513418920338, 9225796.967865811660886 ], [ 298217.917143229511566, 9225808.776042068377137 ], [ 298249.188019789522514, 9225815.656334314495325 ] ] ] ] } },
{ "type": "Feature", "properties": { "fid": 194, "Endereco": "Rua Zilda Pessoa Barreto", "Proprietario": null, "Situacao_Ocupacao": null, "Bairro": "Camboinha", "Quadra": "04", "Lote": "04", "Municipio": "Cabedelo-PB", "Inquerito_Policial": null, "Area": null, "Habite_se": null, "Fase_investigacao": "7. Sem definição", "Laudo_SPU": null, "Area_invadida": null, "Pericia_PF": null, "Pericia_PF_link": null, "Laudo_SPU_link": null, "habite-se_link": null, "alvara_municipal_link": null, "Inquerito_policial_link": null, "numero_inquerito_policial": null, "numero_alvara_municipal": null, "numero_habite-se": null, "numero_pericia_PF": null, "numero_laudo_SPU": null, "AutoJudicial": null, "area_iinquerito_PF": null, "area_spu": null, "pericia_01": null, "Pericia_02": null, "Pericia_03": null, "Loteamento": "Jardim Camboinha", "area_pecunia": null, "Situacao_recuo": null, "valor_m2": null, "valor_total": 0.0, "valor_formatado": "R$ 0,00", "Num_imovel": null, "CPF:": null, "alvara_municipal": null, "obs_pericia_pf": null, "obs_laudo_SPU": null, "obs_alvara": null, "obs_habite_se": null, "obs_pecunia": null, "obs_inquerito_pf": null }, "geometry": { "type": "MultiPolygon", "coordinates": [ [ [ [ 298251.364389978873078, 9225803.848158054053783 ], [ 298253.540760168223642, 9225792.039981795474887 ], [ 298222.269883608270902, 9225785.159689549356699 ], [ 298220.093513418920338, 9225796.967865811660886 ], [ 298251.364389978873078, 9225803.848158054053783 ] ] ] ] } },
{ "type": "Feature", "properties": { "fid": 195, "Endereco": "Rua Zilda Pessoa Barreto", "Proprietario": null, "Situacao_Ocupacao": null, "Bairro": "Camboinha", "Quadra": "04", "Lote": "05", "Municipio": "Cabedelo-PB", "Inquerito_Policial": null, "Area": null, "Habite_se": null, "Fase_investigacao": "7. Sem definição", "Laudo_SPU": null, "Area_invadida": null, "Pericia_PF": null, "Pericia_PF_link": null, "Laudo_SPU_link": null, "habite-se_link": null, "alvara_municipal_link": null, "Inquerito_policial_link": null, "numero_inquerito_policial": null, "numero_alvara_municipal": null, "numero_habite-se": null, "numero_pericia_PF": null, "numero_laudo_SPU": null, "AutoJudicial": null, "area_iinquerito_PF": null, "area_spu": null, "pericia_01": null, "Pericia_02": null, "Pericia_03": null, "Loteamento": "Jardim Camboinha", "area_pecunia": null, "Situacao_recuo": null, "valor_m2": null, "valor_total": 0.0, "valor_formatado": "R$ 0,00", "Num_imovel": null, "CPF:": null, "alvara_municipal": null, "obs_pericia_pf": null, "obs_laudo_SPU": null, "obs_alvara": null, "obs_habite_se": null, "obs_pecunia": null, "obs_inquerito_pf": null }, "geometry": { "type": "MultiPolygon", "coordinates": [ [ [ [ 298253.540760168223642, 9225792.039981795474887 ], [ 298255.717130357574206, 9225780.23180553689599 ], [ 298224.446253797679674, 9225773.351513290777802 ], [ 298222.269883608270902, 9225785.159689549356699 ], [ 298253.540760168223642, 9225792.039981795474887 ] ] ] ] } },
{ "type": "Feature", "properties": { "fid": 197, "Endereco": "Rua Zilda Pessoa Barreto", "Proprietario": null, "Situacao_Ocupacao": null, "Bairro": "Camboinha", "Quadra": "04", "Lote": "07", "Municipio": "Cabedelo-PB", "Inquerito_Policial": null, "Area": null, "Habite_se": null, "Fase_investigacao": "7. Sem definição", "Laudo_SPU": null, "Area_invadida": null, "Pericia_PF": null, "Pericia_PF_link": null, "Laudo_SPU_link": null, "habite-se_link": null, "alvara_municipal_link": null, "Inquerito_policial_link": null, "numero_inquerito_policial": null, "numero_alvara_municipal": null, "numero_habite-se": null, "numero_pericia_PF": null, "numero_laudo_SPU": null, "AutoJudicial": null, "area_iinquerito_PF": null, "area_spu": null, "pericia_01": null, "Pericia_02": null, "Pericia_03": null, "Loteamento": "Jardim Camboinha", "area_pecunia": null, "Situacao_recuo": null, "valor_m2": null, "valor_total": 0.0, "valor_formatado": "R$ 0,00", "Num_imovel": null, "CPF:": null, "alvara_municipal": null, "obs_pericia_pf": null, "obs_laudo_SPU": null, "obs_alvara": null, "obs_habite_se": null, "obs_pecunia": null, "obs_inquerito_pf": null }, "geometry": { "type": "MultiPolygon", "coordinates": [ [ [ [ 298257.893500546982978, 9225768.423629278317094 ], [ 298260.069870736391749, 9225756.615453019738197 ], [ 298228.798994176497217, 9225749.735160773620009 ], [ 298226.62262398697203, 9225761.543337032198906 ], [ 298257.893500546982978, 9225768.423629278317094 ] ] ] ] } },
{ "type": "Feature", "properties": { "fid": 198, "Endereco": "Rua Zilda Pessoa Barreto", "Proprietario": null, "Situacao_Ocupacao": null, "Bairro": "Camboinha", "Quadra": "04", "Lote": "08", "Municipio": "Cabedelo-PB", "Inquerito_Policial": null, "Area": null, "Habite_se": null, "Fase_investigacao": "7. Sem definição", "Laudo_SPU": null, "Area_invadida": null, "Pericia_PF": null, "Pericia_PF_link": null, "Laudo_SPU_link": null, "habite-se_link": null, "alvara_municipal_link": null, "Inquerito_policial_link": null, "numero_inquerito_policial": null, "numero_alvara_municipal": null, "numero_habite-se": null, "numero_pericia_PF": null, "numero_laudo_SPU": null, "AutoJudicial": null, "area_iinquerito_PF": null, "area_spu": null, "pericia_01": null, "Pericia_02": null, "Pericia_03": null, "Loteamento": "Jardim Camboinha", "area_pecunia": null, "Situacao_recuo": null, "valor_m2": null, "valor_total": 0.0, "valor_formatado": "R$ 0,00", "Num_imovel": null, "CPF:": null, "alvara_municipal": null, "obs_pericia_pf": null, "obs_laudo_SPU": null, "obs_alvara": null, "obs_habite_se": null, "obs_pecunia": null, "obs_inquerito_pf": null }, "geometry": { "type": "MultiPolygon", "coordinates": [ [ [ [ 298260.069870736391749, 9225756.615453019738197 ], [ 298262.246240925800521, 9225744.807276761159301 ], [ 298230.975364365789574, 9225737.926984516903758 ], [ 298228.798994176497217, 9225749.735160773620009 ], [ 298260.069870736391749, 9225756.615453019738197 ] ] ] ] } },
{ "type": "Feature", "properties": { "fid": 199, "Endereco": "Rua Zilda Pessoa Barreto", "Proprietario": null, "Situacao_Ocupacao": null, "Bairro": "Camboinha", "Quadra": "04", "Lote": "09", "Municipio": "Cabedelo-PB", "Inquerito_Policial": null, "Area": null, "Habite_se": null, "Fase_investigacao": "7. Sem definição", "Laudo_SPU": null, "Area_invadida": null, "Pericia_PF": null, "Pericia_PF_link": null, "Laudo_SPU_link": null, "habite-se_link": null, "alvara_municipal_link": null, "Inquerito_policial_link": null, "numero_inquerito_policial": null, "numero_alvara_municipal": null, "numero_habite-se": null, "numero_pericia_PF": null, "numero_laudo_SPU": null, "AutoJudicial": null, "area_iinquerito_PF": null, "area_spu": null, "pericia_01": null, "Pericia_02": null, "Pericia_03": null, "Loteamento": "Jardim Camboinha", "area_pecunia": null, "Situacao_recuo": null, "valor_m2": null, "valor_total": 0.0, "valor_formatado": "R$ 0,00", "Num_imovel": null, "CPF:": null, "alvara_municipal": null, "obs_pericia_pf": null, "obs_laudo_SPU": null, "obs_alvara": null, "obs_habite_se": null, "obs_pecunia": null, "obs_inquerito_pf": null }, "geometry": { "type": "MultiPolygon", "coordinates": [ [ [ [ 298262.246240925800521, 9225744.807276761159301 ], [ 298264.422611115092877, 9225732.999100502580404 ], [ 298233.151734555198345, 9225726.118808256462216 ], [ 298230.975364365789574, 9225737.926984516903758 ], [ 298262.246240925800521, 9225744.807276761159301 ] ] ] ] } },
{ "type": "Feature", "properties": { "fid": 200, "Endereco": "Rua Zilda Pessoa Barreto", "Proprietario": null, "Situacao_Ocupacao": null, "Bairro": "Camboinha", "Quadra": "04", "Lote": "10", "Municipio": "Cabedelo-PB", "Inquerito_Policial": null, "Area": null, "Habite_se": null, "Fase_investigacao": "7. Sem definição", "Laudo_SPU": null, "Area_invadida": null, "Pericia_PF": null, "Pericia_PF_link": null, "Laudo_SPU_link": null, "habite-se_link": null, "alvara_municipal_link": null, "Inquerito_policial_link": null, "numero_inquerito_policial": null, "numero_alvara_municipal": null, "numero_habite-se": null, "numero_pericia_PF": null, "numero_laudo_SPU": null, "AutoJudicial": null, "area_iinquerito_PF": null, "area_spu": null, "pericia_01": null, "Pericia_02": null, "Pericia_03": null, "Loteamento": "Jardim Camboinha", "area_pecunia": null, "Situacao_recuo": null, "valor_m2": null, "valor_total": 0.0, "valor_formatado": "R$ 0,00", "Num_imovel": null, "CPF:": null, "alvara_municipal": null, "obs_pericia_pf": null, "obs_laudo_SPU": null, "obs_alvara": null, "obs_habite_se": null, "obs_pecunia": null, "obs_inquerito_pf": null }, "geometry": { "type": "MultiPolygon", "coordinates": [ [ [ [ 298264.422611115092877, 9225732.999100502580404 ], [ 298266.598981304501649, 9225721.190924242138863 ], [ 298235.328104744607117, 9225714.31063199788332 ], [ 298233.151734555198345, 9225726.118808256462216 ], [ 298264.422611115092877, 9225732.999100502580404 ] ] ] ] } },
{ "type": "Feature", "properties": { "fid": 201, "Endereco": "Rua Zilda Pessoa Barreto", "Proprietario": null, "Situacao_Ocupacao": null, "Bairro": "Camboinha", "Quadra": "05", "Lote": "01", "Municipio": "Cabedelo-PB", "Inquerito_Policial": null, "Area": null, "Habite_se": null, "Fase_investigacao": "7. Sem definição", "Laudo_SPU": null, "Area_invadida": null, "Pericia_PF": null, "Pericia_PF_link": null, "Laudo_SPU_link": null, "habite-se_link": null, "alvara_municipal_link": null, "Inquerito_policial_link": null, "numero_inquerito_policial": null, "numero_alvara_municipal": null, "numero_habite-se": null, "numero_pericia_PF": null, "numero_laudo_SPU": null, "AutoJudicial": null, "area_iinquerito_PF": null, "area_spu": null, "pericia_01": null, "Pericia_02": null, "Pericia_03": null, "Loteamento": "Jardim Camboinha", "area_pecunia": null, "Situacao_recuo": null, "valor_m2": null, "valor_total": 0.0, "valor_formatado": "R$ 0,00", "Num_imovel": null, "CPF:": null, "alvara_municipal": null, "obs_pericia_pf": null, "obs_laudo_SPU": null, "obs_alvara": null, "obs_habite_se": null, "obs_pecunia": null, "obs_inquerito_pf": null }, "geometry": { "type": "MultiPolygon", "coordinates": [ [ [ [ 298239.45632979797665, 9225861.828031834214926 ], [ 298242.609698724991176, 9225850.232568299397826 ], [ 298211.289404809882399, 9225843.459604432806373 ], [ 298208.136035882984288, 9225855.055067967623472 ], [ 298239.45632979797665, 9225861.828031834214926 ] ] ] ] } },
{ "type": "Feature", "properties": { "fid": 202, "Endereco": "Rua Zilda Pessoa Barreto", "Proprietario": null, "Situacao_Ocupacao": null, "Bairro": "Camboinha", "Quadra": "05", "Lote": "02", "Municipio": "Cabedelo-PB", "Inquerito_Policial": null, "Area": null, "Habite_se": null, "Fase_investigacao": "7. Sem definição", "Laudo_SPU": null, "Area_invadida": null, "Pericia_PF": null, "Pericia_PF_link": null, "Laudo_SPU_link": null, "habite-se_link": null, "alvara_municipal_link": null, "Inquerito_policial_link": null, "numero_inquerito_policial": null, "numero_alvara_municipal": null, "numero_habite-se": null, "numero_pericia_PF": null, "numero_laudo_SPU": null, "AutoJudicial": null, "area_iinquerito_PF": null, "area_spu": null, "pericia_01": null, "Pericia_02": null, "Pericia_03": null, "Loteamento": "Jardim Camboinha", "area_pecunia": null, "Situacao_recuo": null, "valor_m2": null, "valor_total": 0.0, "valor_formatado": "R$ 0,00", "Num_imovel": null, "CPF:": null, "alvara_municipal": null, "obs_pericia_pf": null, "obs_laudo_SPU": null, "obs_alvara": null, "obs_habite_se": null, "obs_pecunia": null, "obs_inquerito_pf": null }, "geometry": { "type": "MultiPolygon", "coordinates": [ [ [ [ 298236.302960871194955, 9225873.42349537089467 ], [ 298239.45632979797665, 9225861.828031834214926 ], [ 298208.136035882984288, 9225855.055067967623472 ], [ 298204.982666956086177, 9225866.650531504303217 ], [ 298236.302960871194955, 9225873.42349537089467 ] ] ] ] } },
{ "type": "Feature", "properties": { "fid": 203, "Endereco": "Rua Zilda Pessoa Barreto", "Proprietario": null, "Situacao_Ocupacao": null, "Bairro": "Camboinha", "Quadra": "05", "Lote": "03", "Municipio": "Cabedelo-PB", "Inquerito_Policial": null, "Area": null, "Habite_se": null, "Fase_investigacao": "7. Sem definição", "Laudo_SPU": null, "Area_invadida": null, "Pericia_PF": null, "Pericia_PF_link": null, "Laudo_SPU_link": null, "habite-se_link": null, "alvara_municipal_link": null, "Inquerito_policial_link": null, "numero_inquerito_policial": null, "numero_alvara_municipal": null, "numero_habite-se": null, "numero_pericia_PF": null, "numero_laudo_SPU": null, "AutoJudicial": null, "area_iinquerito_PF": null, "area_spu": null, "pericia_01": null, "Pericia_02": null, "Pericia_03": null, "Loteamento": "Jardim Camboinha", "area_pecunia": null, "Situacao_recuo": null, "valor_m2": null, "valor_total": 0.0, "valor_formatado": "R$ 0,00", "Num_imovel": null, "CPF:": null, "alvara_municipal": null, "obs_pericia_pf": null, "obs_laudo_SPU": null, "obs_alvara": null, "obs_habite_se": null, "obs_pecunia": null, "obs_inquerito_pf": null }, "geometry": { "type": "MultiPolygon", "coordinates": [ [ [ [ 298233.149591944296844, 9225885.018958907574415 ], [ 298236.302960871194955, 9225873.42349537089467 ], [ 298204.982666956086177, 9225866.650531504303217 ], [ 298201.829298029188067, 9225878.245995042845607 ], [ 298233.149591944296844, 9225885.018958907574415 ] ] ] ] } },
{ "type": "Feature", "properties": { "fid": 204, "Endereco": "Rua Zilda Pessoa Barreto", "Proprietario": null, "Situacao_Ocupacao": null, "Bairro": "Camboinha", "Quadra": "05", "Lote": "04", "Municipio": "Cabedelo-PB", "Inquerito_Policial": null, "Area": null, "Habite_se": null, "Fase_investigacao": "7. Sem definição", "Laudo_SPU": null, "Area_invadida": null, "Pericia_PF": null, "Pericia_PF_link": null, "Laudo_SPU_link": null, "habite-se_link": null, "alvara_municipal_link": null, "Inquerito_policial_link": null, "numero_inquerito_policial": null, "numero_alvara_municipal": null, "numero_habite-se": null, "numero_pericia_PF": null, "numero_laudo_SPU": null, "AutoJudicial": null, "area_iinquerito_PF": null, "area_spu": null, "pericia_01": null, "Pericia_02": null, "Pericia_03": null, "Loteamento": "Jardim Camboinha", "area_pecunia": null, "Situacao_recuo": null, "valor_m2": null, "valor_total": 0.0, "valor_formatado": "R$ 0,00", "Num_imovel": null, "CPF:": null, "alvara_municipal": null, "obs_pericia_pf": null, "obs_laudo_SPU": null, "obs_alvara": null, "obs_habite_se": null, "obs_pecunia": null, "obs_inquerito_pf": null }, "geometry": { "type": "MultiPolygon", "coordinates": [ [ [ [ 298229.73381587077165, 9225897.579337289556861 ], [ 298233.149591944296844, 9225885.018958907574415 ], [ 298201.829298029188067, 9225878.245995042845607 ], [ 298198.675929102173541, 9225889.841458575800061 ], [ 298229.73381587077165, 9225897.579337289556861 ] ] ] ] } },
{ "type": "Feature", "properties": { "fid": 205, "Endereco": "Rua Zilda Pessoa Barreto", "Proprietario": null, "Situacao_Ocupacao": null, "Bairro": "Camboinha", "Quadra": "05", "Lote": "05", "Municipio": "Cabedelo-PB", "Inquerito_Policial": null, "Area": null, "Habite_se": null, "Fase_investigacao": "7. Sem definição", "Laudo_SPU": null, "Area_invadida": null, "Pericia_PF": null, "Pericia_PF_link": null, "Laudo_SPU_link": null, "habite-se_link": null, "alvara_municipal_link": null, "Inquerito_policial_link": null, "numero_inquerito_policial": null, "numero_alvara_municipal": null, "numero_habite-se": null, "numero_pericia_PF": null, "numero_laudo_SPU": null, "AutoJudicial": null, "area_iinquerito_PF": null, "area_spu": null, "pericia_01": null, "Pericia_02": null, "Pericia_03": null, "Loteamento": "Jardim Camboinha", "area_pecunia": null, "Situacao_recuo": null, "valor_m2": null, "valor_total": 0.0, "valor_formatado": "R$ 0,00", "Num_imovel": null, "CPF:": null, "alvara_municipal": null, "obs_pericia_pf": null, "obs_laudo_SPU": null, "obs_alvara": null, "obs_habite_se": null, "obs_pecunia": null, "obs_inquerito_pf": null }, "geometry": { "type": "MultiPolygon", "coordinates": [ [ [ [ 298229.73381587077165, 9225897.579337289556861 ], [ 298198.675929102173541, 9225889.841458575800061 ], [ 298195.526196377177257, 9225901.423551190644503 ], [ 298226.584083145775367, 9225909.161429906263947 ], [ 298229.73381587077165, 9225897.579337289556861 ] ] ] ] } },
{ "type": "Feature", "properties": { "fid": 206, "Endereco": "Rua Zilda Pessoa Barreto", "Proprietario": null, "Situacao_Ocupacao": null, "Bairro": "Camboinha", "Quadra": "05", "Lote": "06", "Municipio": "Cabedelo-PB", "Inquerito_Policial": null, "Area": null, "Habite_se": null, "Fase_investigacao": "7. Sem definição", "Laudo_SPU": null, "Area_invadida": null, "Pericia_PF": null, "Pericia_PF_link": null, "Laudo_SPU_link": null, "habite-se_link": null, "alvara_municipal_link": null, "Inquerito_policial_link": null, "numero_inquerito_policial": null, "numero_alvara_municipal": null, "numero_habite-se": null, "numero_pericia_PF": null, "numero_laudo_SPU": null, "AutoJudicial": null, "area_iinquerito_PF": null, "area_spu": null, "pericia_01": null, "Pericia_02": null, "Pericia_03": null, "Loteamento": "Jardim Camboinha", "area_pecunia": null, "Situacao_recuo": null, "valor_m2": null, "valor_total": 0.0, "valor_formatado": "R$ 0,00", "Num_imovel": null, "CPF:": null, "alvara_municipal": null, "obs_pericia_pf": null, "obs_laudo_SPU": null, "obs_alvara": null, "obs_habite_se": null, "obs_pecunia": null, "obs_inquerito_pf": null }, "geometry": { "type": "MultiPolygon", "coordinates": [ [ [ [ 298223.434350420779083, 9225920.743522521108389 ], [ 298226.584083145775367, 9225909.161429906263947 ], [ 298195.526196377177257, 9225901.423551190644503 ], [ 298192.376463652180973, 9225913.005643807351589 ], [ 298223.434350420779083, 9225920.743522521108389 ] ] ] ] } },
{ "type": "Feature", "properties": { "fid": 207, "Endereco": "Rua Zilda Pessoa Barreto", "Proprietario": null, "Situacao_Ocupacao": null, "Bairro": "Camboinha", "Quadra": "05", "Lote": "07", "Municipio": "Cabedelo-PB", "Inquerito_Policial": null, "Area": null, "Habite_se": null, "Fase_investigacao": "7. Sem definição", "Laudo_SPU": null, "Area_invadida": null, "Pericia_PF": null, "Pericia_PF_link": null, "Laudo_SPU_link": null, "habite-se_link": null, "alvara_municipal_link": null, "Inquerito_policial_link": null, "numero_inquerito_policial": null, "numero_alvara_municipal": null, "numero_habite-se": null, "numero_pericia_PF": null, "numero_laudo_SPU": null, "AutoJudicial": null, "area_iinquerito_PF": null, "area_spu": null, "pericia_01": null, "Pericia_02": null, "Pericia_03": null, "Loteamento": "Jardim Camboinha", "area_pecunia": null, "Situacao_recuo": null, "valor_m2": null, "valor_total": 0.0, "valor_formatado": "R$ 0,00", "Num_imovel": null, "CPF:": null, "alvara_municipal": null, "obs_pericia_pf": null, "obs_laudo_SPU": null, "obs_alvara": null, "obs_habite_se": null, "obs_pecunia": null, "obs_inquerito_pf": null }, "geometry": { "type": "MultiPolygon", "coordinates": [ [ [ [ 298220.284617695782799, 9225932.325615134090185 ], [ 298223.434350420779083, 9225920.743522521108389 ], [ 298192.376463652180973, 9225913.005643807351589 ], [ 298189.22673092718469, 9225924.587736420333385 ], [ 298220.284617695782799, 9225932.325615134090185 ] ] ] ] } },
{ "type": "Feature", "properties": { "fid": 208, "Endereco": "Rua Zilda Pessoa Barreto", "Proprietario": null, "Situacao_Ocupacao": null, "Bairro": "Camboinha", "Quadra": "05", "Lote": "08", "Municipio": "Cabedelo-PB", "Inquerito_Policial": null, "Area": null, "Habite_se": null, "Fase_investigacao": "7. Sem definição", "Laudo_SPU": null, "Area_invadida": null, "Pericia_PF": null, "Pericia_PF_link": null, "Laudo_SPU_link": null, "habite-se_link": null, "alvara_municipal_link": null, "Inquerito_policial_link": null, "numero_inquerito_policial": null, "numero_alvara_municipal": null, "numero_habite-se": null, "numero_pericia_PF": null, "numero_laudo_SPU": null, "AutoJudicial": null, "area_iinquerito_PF": null, "area_spu": null, "pericia_01": null, "Pericia_02": null, "Pericia_03": null, "Loteamento": "Jardim Camboinha", "area_pecunia": null, "Situacao_recuo": null, "valor_m2": null, "valor_total": 0.0, "valor_formatado": "R$ 0,00", "Num_imovel": null, "CPF:": null, "alvara_municipal": null, "obs_pericia_pf": null, "obs_laudo_SPU": null, "obs_alvara": null, "obs_habite_se": null, "obs_pecunia": null, "obs_inquerito_pf": null }, "geometry": { "type": "MultiPolygon", "coordinates": [ [ [ [ 298217.134884970786516, 9225943.907707750797272 ], [ 298220.284617695782799, 9225932.325615134090185 ], [ 298189.22673092718469, 9225924.587736420333385 ], [ 298186.076998202188406, 9225936.169829035177827 ], [ 298217.134884970786516, 9225943.907707750797272 ] ] ] ] } },
{ "type": "Feature", "properties": { "fid": 209, "Endereco": "Rua Zilda Pessoa Barreto", "Proprietario": null, "Situacao_Ocupacao": null, "Bairro": "Camboinha", "Quadra": "05", "Lote": "09", "Municipio": "Cabedelo-PB", "Inquerito_Policial": null, "Area": null, "Habite_se": null, "Fase_investigacao": "7. Sem definição", "Laudo_SPU": null, "Area_invadida": null, "Pericia_PF": null, "Pericia_PF_link": null, "Laudo_SPU_link": null, "habite-se_link": null, "alvara_municipal_link": null, "Inquerito_policial_link": null, "numero_inquerito_policial": null, "numero_alvara_municipal": null, "numero_habite-se": null, "numero_pericia_PF": null, "numero_laudo_SPU": null, "AutoJudicial": null, "area_iinquerito_PF": null, "area_spu": null, "pericia_01": null, "Pericia_02": null, "Pericia_03": null, "Loteamento": "Jardim Camboinha", "area_pecunia": null, "Situacao_recuo": null, "valor_m2": null, "valor_total": 0.0, "valor_formatado": "R$ 0,00", "Num_imovel": null, "CPF:": null, "alvara_municipal": null, "obs_pericia_pf": null, "obs_laudo_SPU": null, "obs_alvara": null, "obs_habite_se": null, "obs_pecunia": null, "obs_inquerito_pf": null }, "geometry": { "type": "MultiPolygon", "coordinates": [ [ [ [ 298213.985152245790232, 9225955.489800365641713 ], [ 298217.134884970786516, 9225943.907707750797272 ], [ 298186.076998202188406, 9225936.169829035177827 ], [ 298182.927265477308538, 9225947.751921651884913 ], [ 298213.985152245790232, 9225955.489800365641713 ] ] ] ] } },
{ "type": "Feature", "properties": { "fid": 210, "Endereco": "Rua Zilda Pessoa Barreto", "Proprietario": null, "Situacao_Ocupacao": null, "Bairro": "Camboinha", "Quadra": "05", "Lote": "10", "Municipio": "Cabedelo-PB", "Inquerito_Policial": null, "Area": null, "Habite_se": null, "Fase_investigacao": "7. Sem definição", "Laudo_SPU": null, "Area_invadida": null, "Pericia_PF": null, "Pericia_PF_link": null, "Laudo_SPU_link": null, "habite-se_link": null, "alvara_municipal_link": null, "Inquerito_policial_link": null, "numero_inquerito_policial": null, "numero_alvara_municipal": null, "numero_habite-se": null, "numero_pericia_PF": null, "numero_laudo_SPU": null, "AutoJudicial": null, "area_iinquerito_PF": null, "area_spu": null, "pericia_01": null, "Pericia_02": null, "Pericia_03": null, "Loteamento": "Jardim Camboinha", "area_pecunia": null, "Situacao_recuo": null, "valor_m2": null, "valor_total": 0.0, "valor_formatado": "R$ 0,00", "Num_imovel": null, "CPF:": null, "alvara_municipal": null, "obs_pericia_pf": null, "obs_laudo_SPU": null, "obs_alvara": null, "obs_habite_se": null, "obs_pecunia": null, "obs_inquerito_pf": null }, "geometry": { "type": "MultiPolygon", "coordinates": [ [ [ [ 298210.835419520793948, 9225967.071892980486155 ], [ 298213.985152245790232, 9225955.489800365641713 ], [ 298182.927265477308538, 9225947.751921651884913 ], [ 298179.777532752195839, 9225959.334014266729355 ], [ 298210.835419520793948, 9225967.071892980486155 ] ] ] ] } },
{ "type": "Feature", "properties": { "fid": 214, "Endereco": "Rua Alfredo Nóbrega", "Proprietario": null, "Situacao_Ocupacao": null, "Bairro": "Poço", "Quadra": "A", "Lote": "04", "Municipio": "Cabedelo-PB", "Inquerito_Policial": null, "Area": null, "Habite_se": null, "Fase_investigacao": "7. Sem definição", "Laudo_SPU": null, "Area_invadida": null, "Pericia_PF": null, "Pericia_PF_link": null, "Laudo_SPU_link": null, "habite-se_link": null, "alvara_municipal_link": null, "Inquerito_policial_link": null, "numero_inquerito_policial": null, "numero_alvara_municipal": null, "numero_habite-se": null, "numero_pericia_PF": null, "numero_laudo_SPU": null, "AutoJudicial": null, "area_iinquerito_PF": null, "area_spu": null, "pericia_01": null, "Pericia_02": null, "Pericia_03": null, "Loteamento": "Jardim Nazareth", "area_pecunia": null, "Situacao_recuo": null, "valor_m2": null, "valor_total": 0.0, "valor_formatado": "R$ 0,00", "Num_imovel": null, "CPF:": null, "alvara_municipal": null, "obs_pericia_pf": null, "obs_laudo_SPU": null, "obs_alvara": null, "obs_habite_se": null, "obs_pecunia": null, "obs_inquerito_pf": null }, "geometry": { "type": "MultiPolygon", "coordinates": [ [ [ [ 297956.261168923927471, 9224137.788535103201866 ], [ 297951.691022278624587, 9224123.474311456084251 ], [ 297920.147503523912746, 9224131.532431364059448 ], [ 297924.717650169273838, 9224145.846655014902353 ], [ 297956.261168923927471, 9224137.788535103201866 ] ] ] ] } },
{ "type": "Feature", "properties": { "fid": 215, "Endereco": "Rua Alfredo Nóbrega", "Proprietario": null, "Situacao_Ocupacao": null, "Bairro": "Poço", "Quadra": "A", "Lote": "03", "Municipio": "Cabedelo-PB", "Inquerito_Policial": null, "Area": null, "Habite_se": null, "Fase_investigacao": "7. Sem definição", "Laudo_SPU": null, "Area_invadida": null, "Pericia_PF": null, "Pericia_PF_link": null, "Laudo_SPU_link": null, "habite-se_link": null, "alvara_municipal_link": null, "Inquerito_policial_link": null, "numero_inquerito_policial": null, "numero_alvara_municipal": null, "numero_habite-se": null, "numero_pericia_PF": null, "numero_laudo_SPU": null, "AutoJudicial": null, "area_iinquerito_PF": null, "area_spu": null, "pericia_01": null, "Pericia_02": null, "Pericia_03": null, "Loteamento": "Jardim Nazareth", "area_pecunia": null, "Situacao_recuo": null, "valor_m2": null, "valor_total": 0.0, "valor_formatado": "R$ 0,00", "Num_imovel": null, "CPF:": null, "alvara_municipal": null, "obs_pericia_pf": null, "obs_laudo_SPU": null, "obs_alvara": null, "obs_habite_se": null, "obs_pecunia": null, "obs_inquerito_pf": null }, "geometry": { "type": "MultiPolygon", "coordinates": [ [ [ [ 297960.831315569404978, 9224152.102758750319481 ], [ 297956.261168923927471, 9224137.788535103201866 ], [ 297924.717650169273838, 9224145.846655014902353 ], [ 297929.287796814809553, 9224160.160878662019968 ], [ 297960.831315569404978, 9224152.102758750319481 ] ] ] ] } },
{ "type": "Feature", "properties": { "fid": 216, "Endereco": "Rua Alfredo Nóbrega", "Proprietario": null, "Situacao_Ocupacao": null, "Bairro": "Poço", "Quadra": "A", "Lote": "02", "Municipio": "Cabedelo-PB", "Inquerito_Policial": null, "Area": null, "Habite_se": null, "Fase_investigacao": "7. Sem definição", "Laudo_SPU": null, "Area_invadida": null, "Pericia_PF": null, "Pericia_PF_link": null, "Laudo_SPU_link": null, "habite-se_link": null, "alvara_municipal_link": null, "Inquerito_policial_link": null, "numero_inquerito_policial": null, "numero_alvara_municipal": null, "numero_habite-se": null, "numero_pericia_PF": null, "numero_laudo_SPU": null, "AutoJudicial": null, "area_iinquerito_PF": null, "area_spu": null, "pericia_01": null, "Pericia_02": null, "Pericia_03": null, "Loteamento": "Jardim Nazareth", "area_pecunia": null, "Situacao_recuo": null, "valor_m2": null, "valor_total": 0.0, "valor_formatado": "R$ 0,00", "Num_imovel": null, "CPF:": null, "alvara_municipal": null, "obs_pericia_pf": null, "obs_laudo_SPU": null, "obs_alvara": null, "obs_habite_se": null, "obs_pecunia": null, "obs_inquerito_pf": null }, "geometry": { "type": "MultiPolygon", "coordinates": [ [ [ [ 297965.245644685113803, 9224165.928944019600749 ], [ 297960.831315569404978, 9224152.102758750319481 ], [ 297929.287796814809553, 9224160.160878662019968 ], [ 297933.854344175371807, 9224174.463828936219215 ], [ 297965.245644685113803, 9224165.928944019600749 ] ] ] ] } },
{ "type": "Feature", "properties": { "fid": 217, "Endereco": "Rua Alfredo Nóbrega", "Proprietario": null, "Situacao_Ocupacao": null, "Bairro": "Poço", "Quadra": "A", "Lote": "06", "Municipio": "Cabedelo-PB", "Inquerito_Policial": null, "Area": null, "Habite_se": null, "Fase_investigacao": "7. Sem definição", "Laudo_SPU": null, "Area_invadida": null, "Pericia_PF": null, "Pericia_PF_link": null, "Laudo_SPU_link": null, "habite-se_link": null, "alvara_municipal_link": null, "Inquerito_policial_link": null, "numero_inquerito_policial": null, "numero_alvara_municipal": null, "numero_habite-se": null, "numero_pericia_PF": null, "numero_laudo_SPU": null, "AutoJudicial": null, "area_iinquerito_PF": null, "area_spu": null, "pericia_01": null, "Pericia_02": null, "Pericia_03": null, "Loteamento": "Jardim Nazareth", "area_pecunia": null, "Situacao_recuo": null, "valor_m2": null, "valor_total": 0.0, "valor_formatado": "R$ 0,00", "Num_imovel": null, "CPF:": null, "alvara_municipal": null, "obs_pericia_pf": null, "obs_laudo_SPU": null, "obs_alvara": null, "obs_habite_se": null, "obs_pecunia": null, "obs_inquerito_pf": null }, "geometry": { "type": "MultiPolygon", "coordinates": [ [ [ [ 297948.328018209780566, 9224111.948053712025285 ], [ 297945.805765157798305, 9224103.303360402584076 ], [ 297913.749298220791388, 9224111.492518259212375 ], [ 297916.491386207926553, 9224120.081052448600531 ], [ 297948.328018209780566, 9224111.948053712025285 ] ] ] ] } },
{ "type": "Feature", "properties": { "fid": 227, "Endereco": "Rua Alfredo Nóbrega", "Proprietario": null, "Situacao_Ocupacao": null, "Bairro": "Poço", "Quadra": "A", "Lote": "15", "Municipio": "Cabedelo-PB", "Inquerito_Policial": null, "Area": null, "Habite_se": null, "Fase_investigacao": "7. Sem definição", "Laudo_SPU": null, "Area_invadida": null, "Pericia_PF": null, "Pericia_PF_link": null, "Laudo_SPU_link": null, "habite-se_link": null, "alvara_municipal_link": null, "Inquerito_policial_link": null, "numero_inquerito_policial": null, "numero_alvara_municipal": null, "numero_habite-se": null, "numero_pericia_PF": null, "numero_laudo_SPU": null, "AutoJudicial": null, "area_iinquerito_PF": null, "area_spu": null, "pericia_01": null, "Pericia_02": null, "Pericia_03": null, "Loteamento": "Jardim Nazareth", "area_pecunia": null, "Situacao_recuo": null, "valor_m2": null, "valor_total": 0.0, "valor_formatado": "R$ 0,00", "Num_imovel": null, "CPF:": null, "alvara_municipal": null, "obs_pericia_pf": null, "obs_laudo_SPU": null, "obs_alvara": null, "obs_habite_se": null, "obs_pecunia": null, "obs_inquerito_pf": null }, "geometry": { "type": "MultiPolygon", "coordinates": [ [ [ [ 297926.35158120788401, 9224006.972253473475575 ], [ 297951.623813785321545, 9224002.647144442424178 ], [ 297948.705767771811225, 9223990.972074374556541 ], [ 297924.327322593773715, 9223995.144219944253564 ], [ 297880.957866335986182, 9224002.566501529887319 ], [ 297882.982124950096477, 9224014.39453505538404 ], [ 297926.35158120788401, 9224006.972253473475575 ] ] ] ] } },
{ "type": "Feature", "properties": { "fid": 228, "Endereco": "Rua Alfredo Nóbrega", "Proprietario": null, "Situacao_Ocupacao": null, "Bairro": "Poço", "Quadra": "C", "Lote": "06", "Municipio": "Cabedelo-PB", "Inquerito_Policial": null, "Area": null, "Habite_se": null, "Fase_investigacao": "7. Sem definição", "Laudo_SPU": null, "Area_invadida": null, "Pericia_PF": null, "Pericia_PF_link": null, "Laudo_SPU_link": null, "habite-se_link": null, "alvara_municipal_link": null, "Inquerito_policial_link": null, "numero_inquerito_policial": null, "numero_alvara_municipal": null, "numero_habite-se": null, "numero_pericia_PF": null, "numero_laudo_SPU": null, "AutoJudicial": null, "area_iinquerito_PF": null, "area_spu": null, "pericia_01": null, "Pericia_02": null, "Pericia_03": null, "Loteamento": "Jardim Nazareth", "area_pecunia": null, "Situacao_recuo": null, "valor_m2": null, "valor_total": 0.0, "valor_formatado": "R$ 0,00", "Num_imovel": null, "CPF:": null, "alvara_municipal": null, "obs_pericia_pf": null, "obs_laudo_SPU": null, "obs_alvara": null, "obs_habite_se": null, "obs_pecunia": null, "obs_inquerito_pf": null }, "geometry": { "type": "MultiPolygon", "coordinates": [ [ [ [ 297892.379914284218103, 9223837.308150412514806 ], [ 297898.165347652276978, 9223836.398654634132981 ], [ 297896.470310339878779, 9223821.220912922173738 ], [ 297889.759185414586682, 9223822.009452240541577 ], [ 297851.469071776198689, 9223826.508438697084785 ], [ 297854.343419568671379, 9223843.287656048312783 ], [ 297892.379914284218103, 9223837.308150412514806 ] ] ] ] } },
{ "type": "Feature", "properties": { "fid": 229, "Endereco": "Rua Alfredo Nóbrega", "Proprietario": null, "Situacao_Ocupacao": null, "Bairro": "Poço", "Quadra": "C", "Lote": "07", "Municipio": "Cabedelo-PB", "Inquerito_Policial": null, "Area": null, "Habite_se": null, "Fase_investigacao": "7. Sem definição", "Laudo_SPU": null, "Area_invadida": null, "Pericia_PF": null, "Pericia_PF_link": null, "Laudo_SPU_link": null, "habite-se_link": null, "alvara_municipal_link": null, "Inquerito_policial_link": null, "numero_inquerito_policial": null, "numero_alvara_municipal": null, "numero_habite-se": null, "numero_pericia_PF": null, "numero_laudo_SPU": null, "AutoJudicial": null, "area_iinquerito_PF": null, "area_spu": null, "pericia_01": null, "Pericia_02": null, "Pericia_03": null, "Loteamento": "Jardim Nazareth", "area_pecunia": null, "Situacao_recuo": null, "valor_m2": null, "valor_total": 0.0, "valor_formatado": "R$ 0,00", "Num_imovel": null, "CPF:": null, "alvara_municipal": null, "obs_pericia_pf": null, "obs_laudo_SPU": null, "obs_alvara": null, "obs_habite_se": null, "obs_pecunia": null, "obs_inquerito_pf": null }, "geometry": { "type": "MultiPolygon", "coordinates": [ [ [ [ 297899.92872973671183, 9223852.18837065808475 ], [ 297898.165347652276978, 9223836.398654634132981 ], [ 297892.379914284218103, 9223837.308150412514806 ], [ 297854.343419568671379, 9223843.287656048312783 ], [ 297857.214047938294243, 9223860.045160990208387 ], [ 297899.92872973671183, 9223852.18837065808475 ] ] ] ] } },
{ "type": "Feature", "properties": { "fid": 230, "Endereco": "Rua Alfredo Nóbrega", "Proprietario": null, "Situacao_Ocupacao": null, "Bairro": "Poço", "Quadra": "C", "Lote": "01", "Municipio": "Cabedelo-PB", "Inquerito_Policial": null, "Area": null, "Habite_se": null, "Fase_investigacao": "7. Sem definição", "Laudo_SPU": null, "Area_invadida": null, "Pericia_PF": null, "Pericia_PF_link": null, "Laudo_SPU_link": null, "habite-se_link": null, "alvara_municipal_link": null, "Inquerito_policial_link": null, "numero_inquerito_policial": null, "numero_alvara_municipal": null, "numero_habite-se": null, "numero_pericia_PF": null, "numero_laudo_SPU": null, "AutoJudicial": null, "area_iinquerito_PF": null, "area_spu": null, "pericia_01": null, "Pericia_02": null, "Pericia_03": null, "Loteamento": "Jardim Nazareth", "area_pecunia": null, "Situacao_recuo": null, "valor_m2": null, "valor_total": 0.0, "valor_formatado": "R$ 0,00", "Num_imovel": null, "CPF:": null, "alvara_municipal": null, "obs_pericia_pf": null, "obs_laudo_SPU": null, "obs_alvara": null, "obs_habite_se": null, "obs_pecunia": null, "obs_inquerito_pf": null }, "geometry": { "type": "MultiPolygon", "coordinates": [ [ [ [ 297895.668347927974537, 9223778.32621861808002 ], [ 297902.081377379712649, 9223778.316787522286177 ], [ 297901.538786388526205, 9223768.31757465004921 ], [ 297893.955737076990772, 9223768.328726394101977 ], [ 297853.383300290093757, 9223768.388392804190516 ], [ 297855.095911141077522, 9223778.385885031893849 ], [ 297895.668347927974537, 9223778.32621861808002 ] ] ] ] } },
{ "type": "Feature", "properties": { "fid": 231, "Endereco": "Rua Alfredo Nóbrega", "Proprietario": null, "Situacao_Ocupacao": null, "Bairro": "Poço", "Quadra": "C", "Lote": "02", "Municipio": "Cabedelo-PB", "Inquerito_Policial": null, "Area": null, "Habite_se": null, "Fase_investigacao": "7. Sem definição", "Laudo_SPU": null, "Area_invadida": null, "Pericia_PF": null, "Pericia_PF_link": null, "Laudo_SPU_link": null, "habite-se_link": null, "alvara_municipal_link": null, "Inquerito_policial_link": null, "numero_inquerito_policial": null, "numero_alvara_municipal": null, "numero_habite-se": null, "numero_pericia_PF": null, "numero_laudo_SPU": null, "AutoJudicial": null, "area_iinquerito_PF": null, "area_spu": null, "pericia_01": null, "Pericia_02": null, "Pericia_03": null, "Loteamento": "Jardim Nazareth", "area_pecunia": null, "Situacao_recuo": null, "valor_m2": null, "valor_total": 0.0, "valor_formatado": "R$ 0,00", "Num_imovel": null, "CPF:": null, "alvara_municipal": null, "obs_pericia_pf": null, "obs_laudo_SPU": null, "obs_alvara": null, "obs_habite_se": null, "obs_pecunia": null, "obs_inquerito_pf": null }, "geometry": { "type": "MultiPolygon", "coordinates": [ [ [ [ 297897.500841538596433, 9223789.02353529818356 ], [ 297902.661949740489945, 9223789.015945298597217 ], [ 297902.081377379712649, 9223778.316787522286177 ], [ 297895.668347927974537, 9223778.32621861808002 ], [ 297855.095911141193938, 9223778.385885031893849 ], [ 297856.928404751699418, 9223789.083201710134745 ], [ 297897.500841538596433, 9223789.02353529818356 ] ] ] ] } },
{ "type": "Feature", "properties": { "fid": 232, "Endereco": "Rua Alfredo Nóbrega", "Proprietario": null, "Situacao_Ocupacao": null, "Bairro": "Poço", "Quadra": "C", "Lote": "SN", "Municipio": "Cabedelo-PB", "Inquerito_Policial": null, "Area": null, "Habite_se": null, "Fase_investigacao": "7. Sem definição", "Laudo_SPU": null, "Area_invadida": null, "Pericia_PF": null, "Pericia_PF_link": null, "Laudo_SPU_link": null, "habite-se_link": null, "alvara_municipal_link": null, "Inquerito_policial_link": null, "numero_inquerito_policial": null, "numero_alvara_municipal": null, "numero_habite-se": null, "numero_pericia_PF": null, "numero_laudo_SPU": null, "AutoJudicial": null, "area_iinquerito_PF": null, "area_spu": null, "pericia_01": null, "Pericia_02": null, "Pericia_03": null, "Loteamento": "Jardim Nazareth", "area_pecunia": null, "Situacao_recuo": null, "valor_m2": null, "valor_total": 0.0, "valor_formatado": "R$ 0,00", "Num_imovel": null, "CPF:": null, "alvara_municipal": null, "obs_pericia_pf": null, "obs_laudo_SPU": null, "obs_alvara": null, "obs_habite_se": null, "obs_pecunia": null, "obs_inquerito_pf": null }, "geometry": { "type": "MultiPolygon", "coordinates": [ [ [ [ 297856.928404751699418, 9223789.083201710134745 ], [ 297853.383300289919134, 9223768.388392804190516 ], [ 297841.515862529806327, 9223768.405845230445266 ], [ 297845.060966991528403, 9223789.100654134526849 ], [ 297856.928404751699418, 9223789.083201710134745 ] ] ] ] } },
{ "type": "Feature", "properties": { "fid": 233, "Endereco": "Rua Alfredo Nóbrega", "Proprietario": null, "Situacao_Ocupacao": null, "Bairro": "Poço", "Quadra": "C", "Lote": "03", "Municipio": "Cabedelo-PB", "Inquerito_Policial": null, "Area": null, "Habite_se": null, "Fase_investigacao": "7. Sem definição", "Laudo_SPU": null, "Area_invadida": null, "Pericia_PF": null, "Pericia_PF_link": null, "Laudo_SPU_link": null, "habite-se_link": null, "alvara_municipal_link": null, "Inquerito_policial_link": null, "numero_inquerito_policial": null, "numero_alvara_municipal": null, "numero_habite-se": null, "numero_pericia_PF": null, "numero_laudo_SPU": null, "AutoJudicial": null, "area_iinquerito_PF": null, "area_spu": null, "pericia_01": null, "Pericia_02": null, "Pericia_03": null, "Loteamento": "Jardim Nazareth", "area_pecunia": null, "Situacao_recuo": null, "valor_m2": null, "valor_total": 0.0, "valor_formatado": "R$ 0,00", "Num_imovel": null, "CPF:": null, "alvara_municipal": null, "obs_pericia_pf": null, "obs_laudo_SPU": null, "obs_alvara": null, "obs_habite_se": null, "obs_pecunia": null, "obs_inquerito_pf": null }, "geometry": { "type": "MultiPolygon", "coordinates": [ [ [ [ 297894.291234155476559, 9223803.453811774030328 ], [ 297903.387401676678564, 9223802.385036302730441 ], [ 297902.661949740489945, 9223789.015945298597217 ], [ 297891.820700388285331, 9223789.031888596713543 ], [ 297856.928404751699418, 9223789.083201710134745 ], [ 297845.060966991528403, 9223789.100654134526849 ], [ 297848.442552629683632, 9223808.840909840539098 ], [ 297894.291234155476559, 9223803.453811774030328 ] ] ] ] } },
{ "type": "Feature", "properties": { "fid": 234, "Endereco": "Rua Alfredo Nóbrega", "Proprietario": null, "Situacao_Ocupacao": null, "Bairro": "Poço", "Quadra": "C", "Lote": "05", "Municipio": "Cabedelo-PB", "Inquerito_Policial": null, "Area": null, "Habite_se": null, "Fase_investigacao": "7. Sem definição", "Laudo_SPU": null, "Area_invadida": null, "Pericia_PF": null, "Pericia_PF_link": null, "Laudo_SPU_link": null, "habite-se_link": null, "alvara_municipal_link": null, "Inquerito_policial_link": null, "numero_inquerito_policial": null, "numero_alvara_municipal": null, "numero_habite-se": null, "numero_pericia_PF": null, "numero_laudo_SPU": null, "AutoJudicial": null, "area_iinquerito_PF": null, "area_spu": null, "pericia_01": null, "Pericia_02": null, "Pericia_03": null, "Loteamento": "Jardim Nazareth", "area_pecunia": null, "Situacao_recuo": null, "valor_m2": null, "valor_total": 0.0, "valor_formatado": "R$ 0,00", "Num_imovel": null, "CPF:": null, "alvara_municipal": null, "obs_pericia_pf": null, "obs_laudo_SPU": null, "obs_alvara": null, "obs_habite_se": null, "obs_pecunia": null, "obs_inquerito_pf": null }, "geometry": { "type": "MultiPolygon", "coordinates": [ [ [ [ 297889.759185414412059, 9223822.009452240541577 ], [ 297904.359201818471774, 9223820.293989166617393 ], [ 297903.762006200675387, 9223809.28848740644753 ], [ 297887.899313313420862, 9223811.152311604470015 ], [ 297851.399386806006078, 9223815.440955834463239 ], [ 297853.259258906997275, 9223826.298096472397447 ], [ 297889.759185414412059, 9223822.009452240541577 ] ] ] ] } },
{ "type": "Feature", "properties": { "fid": 235, "Endereco": "Rua Alfredo Nóbrega", "Proprietario": null, "Situacao_Ocupacao": null, "Bairro": "Poço", "Quadra": "C", "Lote": "04", "Municipio": "Cabedelo-PB", "Inquerito_Policial": null, "Area": null, "Habite_se": null, "Fase_investigacao": "7. Sem definição", "Laudo_SPU": null, "Area_invadida": null, "Pericia_PF": null, "Pericia_PF_link": null, "Laudo_SPU_link": null, "habite-se_link": null, "alvara_municipal_link": null, "Inquerito_policial_link": null, "numero_inquerito_policial": null, "numero_alvara_municipal": null, "numero_habite-se": null, "numero_pericia_PF": null, "numero_laudo_SPU": null, "AutoJudicial": null, "area_iinquerito_PF": null, "area_spu": null, "pericia_01": null, "Pericia_02": null, "Pericia_03": null, "Loteamento": "Jardim Nazareth", "area_pecunia": null, "Situacao_recuo": null, "valor_m2": null, "valor_total": 0.0, "valor_formatado": "R$ 0,00", "Num_imovel": null, "CPF:": null, "alvara_municipal": null, "obs_pericia_pf": null, "obs_laudo_SPU": null, "obs_alvara": null, "obs_habite_se": null, "obs_pecunia": null, "obs_inquerito_pf": null }, "geometry": { "type": "MultiPolygon", "coordinates": [ [ [ [ 297887.899313313420862, 9223811.152311604470015 ], [ 297903.762006200675387, 9223809.28848740644753 ], [ 297903.387401676678564, 9223802.385036302730441 ], [ 297894.291234155476559, 9223803.453811774030328 ], [ 297886.732666268304456, 9223804.341923385858536 ], [ 297850.232739760773256, 9223808.63056761585176 ], [ 297851.399386806006078, 9223815.440955834463239 ], [ 297887.899313313420862, 9223811.152311604470015 ] ] ] ] } },
{ "type": "Feature", "properties": { "fid": 236, "Endereco": "Rua Alfredo Nóbrega", "Proprietario": null, "Situacao_Ocupacao": null, "Bairro": "Poço", "Quadra": "C", "Lote": null, "Municipio": "Cabedelo-PB", "Inquerito_Policial": null, "Area": null, "Habite_se": null, "Fase_investigacao": "7. Sem definição", "Laudo_SPU": null, "Area_invadida": null, "Pericia_PF": null, "Pericia_PF_link": null, "Laudo_SPU_link": null, "habite-se_link": null, "alvara_municipal_link": null, "Inquerito_policial_link": null, "numero_inquerito_policial": null, "numero_alvara_municipal": null, "numero_habite-se": null, "numero_pericia_PF": null, "numero_laudo_SPU": null, "AutoJudicial": null, "area_iinquerito_PF": null, "area_spu": null, "pericia_01": null, "Pericia_02": null, "Pericia_03": null, "Loteamento": null, "area_pecunia": null, "Situacao_recuo": null, "valor_m2": null, "valor_total": 0.0, "valor_formatado": "R$ 0,00", "Num_imovel": null, "CPF:": null, "alvara_municipal": null, "obs_pericia_pf": null, "obs_laudo_SPU": null, "obs_alvara": null, "obs_habite_se": null, "obs_pecunia": null, "obs_inquerito_pf": null }, "geometry": { "type": "MultiPolygon", "coordinates": [ [ [ [ 297853.25925890711369, 9223826.298096472397447 ], [ 297851.399386806006078, 9223815.440955834463239 ], [ 297850.232739761006087, 9223808.63056761585176 ], [ 297848.442552629683632, 9223808.840909840539098 ], [ 297851.469071776198689, 9223826.508438697084785 ], [ 297853.25925890711369, 9223826.298096472397447 ] ] ] ] } },
{ "type": "Feature", "properties": { "fid": 239, "Endereco": "Rua Alfredo Nóbrega", "Proprietario": null, "Situacao_Ocupacao": null, "Bairro": "Poço", "Quadra": "B", "Lote": "08", "Municipio": "Cabedelo-PB", "Inquerito_Policial": null, "Area": null, "Habite_se": null, "Fase_investigacao": "7. Sem definição", "Laudo_SPU": null, "Area_invadida": null, "Pericia_PF": null, "Pericia_PF_link": null, "Laudo_SPU_link": null, "habite-se_link": null, "alvara_municipal_link": null, "Inquerito_policial_link": null, "numero_inquerito_policial": null, "numero_alvara_municipal": null, "numero_habite-se": null, "numero_pericia_PF": null, "numero_laudo_SPU": null, "AutoJudicial": null, "area_iinquerito_PF": null, "area_spu": null, "pericia_01": null, "Pericia_02": null, "Pericia_03": null, "Loteamento": "Jardim Nazareth", "area_pecunia": null, "Situacao_recuo": null, "valor_m2": null, "valor_total": 0.0, "valor_formatado": "R$ 0,00", "Num_imovel": null, "CPF:": null, "alvara_municipal": null, "obs_pericia_pf": null, "obs_laudo_SPU": null, "obs_alvara": null, "obs_habite_se": null, "obs_pecunia": null, "obs_inquerito_pf": null }, "geometry": { "type": "MultiPolygon", "coordinates": [ [ [ [ 297906.673301582282875, 9223894.536943996325135 ], [ 297915.162764973181766, 9223892.905451752245426 ], [ 297911.954439374385402, 9223876.210942270234227 ], [ 297902.077168660413008, 9223878.109141230583191 ], [ 297863.103853079024702, 9223885.598974106833339 ], [ 297865.879954860196449, 9223902.376547710970044 ], [ 297906.673301582282875, 9223894.536943996325135 ] ] ] ] } },
{ "type": "Feature", "properties": { "fid": 243, "Endereco": "Rua Alfredo Nóbrega", "Proprietario": null, "Situacao_Ocupacao": null, "Bairro": "Poço", "Quadra": "B", "Lote": "01", "Municipio": "Cabedelo-PB", "Inquerito_Policial": null, "Area": null, "Habite_se": null, "Fase_investigacao": "7. Sem definição", "Laudo_SPU": null, "Area_invadida": null, "Pericia_PF": null, "Pericia_PF_link": null, "Laudo_SPU_link": null, "habite-se_link": null, "alvara_municipal_link": null, "Inquerito_policial_link": null, "numero_inquerito_policial": null, "numero_alvara_municipal": null, "numero_habite-se": null, "numero_pericia_PF": null, "numero_laudo_SPU": null, "AutoJudicial": null, "area_iinquerito_PF": null, "area_spu": null, "pericia_01": null, "Pericia_02": null, "Pericia_03": null, "Loteamento": "Jardim Nazareth", "area_pecunia": null, "Situacao_recuo": null, "valor_m2": null, "valor_total": 0.0, "valor_formatado": "R$ 0,00", "Num_imovel": null, "CPF:": null, "alvara_municipal": null, "obs_pericia_pf": null, "obs_laudo_SPU": null, "obs_alvara": null, "obs_habite_se": null, "obs_pecunia": null, "obs_inquerito_pf": null }, "geometry": { "type": "MultiPolygon", "coordinates": [ [ [ [ 297925.614434782415628, 9223987.72762805595994 ], [ 297922.625792271399405, 9223973.953571813181043 ], [ 297878.440498793905135, 9223978.287111129611731 ], [ 297880.730953823192976, 9223992.129643162712455 ], [ 297925.614434782415628, 9223987.72762805595994 ] ] ] ] } },
{ "type": "Feature", "properties": { "fid": 246, "Endereco": "Rua Alfredo Nóbrega", "Proprietario": null, "Situacao_Ocupacao": null, "Bairro": "Poço", "Quadra": "D", "Lote": "06", "Municipio": "Cabedelo-PB", "Inquerito_Policial": null, "Area": null, "Habite_se": null, "Fase_investigacao": "7. Sem definição", "Laudo_SPU": null, "Area_invadida": null, "Pericia_PF": null, "Pericia_PF_link": null, "Laudo_SPU_link": null, "habite-se_link": null, "alvara_municipal_link": null, "Inquerito_policial_link": null, "numero_inquerito_policial": null, "numero_alvara_municipal": null, "numero_habite-se": null, "numero_pericia_PF": null, "numero_laudo_SPU": null, "AutoJudicial": null, "area_iinquerito_PF": null, "area_spu": null, "pericia_01": null, "Pericia_02": null, "Pericia_03": null, "Loteamento": "Jardim Nazareth", "area_pecunia": null, "Situacao_recuo": null, "valor_m2": null, "valor_total": 0.0, "valor_formatado": "R$ 0,00", "Num_imovel": null, "CPF:": null, "alvara_municipal": null, "obs_pericia_pf": null, "obs_laudo_SPU": null, "obs_alvara": null, "obs_habite_se": null, "obs_pecunia": null, "obs_inquerito_pf": null }, "geometry": { "type": "MultiPolygon", "coordinates": [ [ [ [ 297880.997314866399392, 9223686.586095774546266 ], [ 297879.067161497310735, 9223672.701882829889655 ], [ 297829.446134462719783, 9223677.071147579699755 ], [ 297831.376287831924856, 9223690.95536052621901 ], [ 297880.997314866399392, 9223686.586095774546266 ] ] ] ] } },
{ "type": "Feature", "properties": { "fid": 247, "Endereco": "Rua Alfredo Nóbrega", "Proprietario": null, "Situacao_Ocupacao": null, "Bairro": "Poço", "Quadra": "D", "Lote": "05", "Municipio": "Cabedelo-PB", "Inquerito_Policial": null, "Area": null, "Habite_se": null, "Fase_investigacao": "7. Sem definição", "Laudo_SPU": null, "Area_invadida": null, "Pericia_PF": null, "Pericia_PF_link": null, "Laudo_SPU_link": null, "habite-se_link": null, "alvara_municipal_link": null, "Inquerito_policial_link": null, "numero_inquerito_policial": null, "numero_alvara_municipal": null, "numero_habite-se": null, "numero_pericia_PF": null, "numero_laudo_SPU": null, "AutoJudicial": null, "area_iinquerito_PF": null, "area_spu": null, "pericia_01": null, "Pericia_02": null, "Pericia_03": null, "Loteamento": "Jardim Nazareth", "area_pecunia": null, "Situacao_recuo": null, "valor_m2": null, "valor_total": 0.0, "valor_formatado": "R$ 0,00", "Num_imovel": null, "CPF:": null, "alvara_municipal": null, "obs_pericia_pf": null, "obs_laudo_SPU": null, "obs_alvara": null, "obs_habite_se": null, "obs_pecunia": null, "obs_inquerito_pf": null }, "geometry": { "type": "MultiPolygon", "coordinates": [ [ [ [ 297882.65173203998711, 9223698.48684972897172 ], [ 297880.997314866399392, 9223686.586095774546266 ], [ 297831.376287831924856, 9223690.95536052621901 ], [ 297833.030705005396158, 9223702.856114480644464 ], [ 297882.65173203998711, 9223698.48684972897172 ] ] ] ] } },
{ "type": "Feature", "properties": { "fid": 248, "Endereco": "Rua Alfredo Nóbrega", "Proprietario": null, "Situacao_Ocupacao": null, "Bairro": "Poço", "Quadra": "D", "Lote": "04", "Municipio": "Cabedelo-PB", "Inquerito_Policial": null, "Area": null, "Habite_se": null, "Fase_investigacao": "7. Sem definição", "Laudo_SPU": null, "Area_invadida": null, "Pericia_PF": null, "Pericia_PF_link": null, "Laudo_SPU_link": null, "habite-se_link": null, "alvara_municipal_link": null, "Inquerito_policial_link": null, "numero_inquerito_policial": null, "numero_alvara_municipal": null, "numero_habite-se": null, "numero_pericia_PF": null, "numero_laudo_SPU": null, "AutoJudicial": null, "area_iinquerito_PF": null, "area_spu": null, "pericia_01": null, "Pericia_02": null, "Pericia_03": null, "Loteamento": "Jardim Nazareth", "area_pecunia": null, "Situacao_recuo": null, "valor_m2": null, "valor_total": 0.0, "valor_formatado": "R$ 0,00", "Num_imovel": null, "CPF:": null, "alvara_municipal": null, "obs_pericia_pf": null, "obs_laudo_SPU": null, "obs_alvara": null, "obs_habite_se": null, "obs_pecunia": null, "obs_inquerito_pf": null }, "geometry": { "type": "MultiPolygon", "coordinates": [ [ [ [ 297884.581885409075767, 9223712.371062677353621 ], [ 297882.65173203998711, 9223698.48684972897172 ], [ 297833.030705005396158, 9223702.856114480644464 ], [ 297834.960858374484815, 9223716.740327429026365 ], [ 297884.581885409075767, 9223712.371062677353621 ] ] ] ] } },
{ "type": "Feature", "properties": { "fid": 251, "Endereco": "Rua Alfredo Nóbrega", "Proprietario": null, "Situacao_Ocupacao": null, "Bairro": "Poço", "Quadra": "D", "Lote": "01", "Municipio": "Cabedelo-PB", "Inquerito_Policial": null, "Area": null, "Habite_se": null, "Fase_investigacao": "7. Sem definição", "Laudo_SPU": null, "Area_invadida": null, "Pericia_PF": null, "Pericia_PF_link": null, "Laudo_SPU_link": null, "habite-se_link": null, "alvara_municipal_link": null, "Inquerito_policial_link": null, "numero_inquerito_policial": null, "numero_alvara_municipal": null, "numero_habite-se": null, "numero_pericia_PF": null, "numero_laudo_SPU": null, "AutoJudicial": null, "area_iinquerito_PF": null, "area_spu": null, "pericia_01": null, "Pericia_02": null, "Pericia_03": null, "Loteamento": "Jardim Nazareth", "area_pecunia": null, "Situacao_recuo": null, "valor_m2": null, "valor_total": 0.0, "valor_formatado": "R$ 0,00", "Num_imovel": null, "CPF:": null, "alvara_municipal": null, "obs_pericia_pf": null, "obs_laudo_SPU": null, "obs_alvara": null, "obs_habite_se": null, "obs_pecunia": null, "obs_inquerito_pf": null }, "geometry": { "type": "MultiPolygon", "coordinates": [ [ [ [ 297902.855608307989314, 9223756.789065154269338 ], [ 297900.643763179599773, 9223741.857013285160065 ], [ 297888.738608557498083, 9223742.271706987172365 ], [ 297838.752231064019725, 9223744.012888574972749 ], [ 297840.828708251472563, 9223758.9496557302773 ], [ 297902.855608307989314, 9223756.789065154269338 ] ] ] ] } },
{ "type": "Feature", "properties": { "fid": 252, "Endereco": "Rua Alfredo Nóbrega", "Proprietario": null, "Situacao_Ocupacao": null, "Bairro": "Poço", "Quadra": "D", "Lote": "12", "Municipio": "Cabedelo-PB", "Inquerito_Policial": null, "Area": null, "Habite_se": null, "Fase_investigacao": "7. Sem definição", "Laudo_SPU": null, "Area_invadida": null, "Pericia_PF": null, "Pericia_PF_link": null, "Laudo_SPU_link": null, "habite-se_link": null, "alvara_municipal_link": null, "Inquerito_policial_link": null, "numero_inquerito_policial": null, "numero_alvara_municipal": null, "numero_habite-se": null, "numero_pericia_PF": null, "numero_laudo_SPU": null, "AutoJudicial": null, "area_iinquerito_PF": null, "area_spu": null, "pericia_01": null, "Pericia_02": null, "Pericia_03": null, "Loteamento": "Jardim Nazareth", "area_pecunia": null, "Situacao_recuo": null, "valor_m2": null, "valor_total": 0.0, "valor_formatado": "R$ 0,00", "Num_imovel": null, "CPF:": null, "alvara_municipal": null, "obs_pericia_pf": null, "obs_laudo_SPU": null, "obs_alvara": null, "obs_habite_se": null, "obs_pecunia": null, "obs_inquerito_pf": null }, "geometry": { "type": "MultiPolygon", "coordinates": [ [ [ [ 297870.597983717394527, 9223611.780367646366358 ], [ 297869.083353225083556, 9223600.885144174098969 ], [ 297827.483409065112937, 9223606.668278779834509 ], [ 297828.998039557307493, 9223617.563502250239253 ], [ 297870.597983717394527, 9223611.780367646366358 ] ] ] ] } },
{ "type": "Feature", "properties": { "fid": 253, "Endereco": "Rua Alfredo Nóbrega", "Proprietario": null, "Situacao_Ocupacao": null, "Bairro": "Poço", "Quadra": "D", "Lote": "13", "Municipio": "Cabedelo-PB", "Inquerito_Policial": null, "Area": null, "Habite_se": null, "Fase_investigacao": "7. Sem definição", "Laudo_SPU": null, "Area_invadida": null, "Pericia_PF": null, "Pericia_PF_link": null, "Laudo_SPU_link": null, "habite-se_link": null, "alvara_municipal_link": null, "Inquerito_policial_link": null, "numero_inquerito_policial": null, "numero_alvara_municipal": null, "numero_habite-se": null, "numero_pericia_PF": null, "numero_laudo_SPU": null, "AutoJudicial": null, "area_iinquerito_PF": null, "area_spu": null, "pericia_01": null, "Pericia_02": null, "Pericia_03": null, "Loteamento": "Jardim Nazareth", "area_pecunia": null, "Situacao_recuo": null, "valor_m2": null, "valor_total": 0.0, "valor_formatado": "R$ 0,00", "Num_imovel": null, "CPF:": null, "alvara_municipal": null, "obs_pericia_pf": null, "obs_laudo_SPU": null, "obs_alvara": null, "obs_habite_se": null, "obs_pecunia": null, "obs_inquerito_pf": null }, "geometry": { "type": "MultiPolygon", "coordinates": [ [ [ [ 297869.083353225199971, 9223600.885144174098969 ], [ 297867.844110095291398, 9223591.970870425924659 ], [ 297826.095094902208075, 9223596.681689225137234 ], [ 297827.483409064880107, 9223606.668278779834509 ], [ 297869.083353225199971, 9223600.885144174098969 ] ] ] ] } },
{ "type": "Feature", "properties": { "fid": 254, "Endereco": "Rua Alfredo Nóbrega", "Proprietario": null, "Situacao_Ocupacao": null, "Bairro": "Poço", "Quadra": "D", "Lote": "14", "Municipio": "Cabedelo-PB", "Inquerito_Policial": null, "Area": null, "Habite_se": null, "Fase_investigacao": "7. Sem definição", "Laudo_SPU": null, "Area_invadida": null, "Pericia_PF": null, "Pericia_PF_link": null, "Laudo_SPU_link": null, "habite-se_link": null, "alvara_municipal_link": null, "Inquerito_policial_link": null, "numero_inquerito_policial": null, "numero_alvara_municipal": null, "numero_habite-se": null, "numero_pericia_PF": null, "numero_laudo_SPU": null, "AutoJudicial": null, "area_iinquerito_PF": null, "area_spu": null, "pericia_01": null, "Pericia_02": null, "Pericia_03": null, "Loteamento": "Jardim Nazareth", "area_pecunia": null, "Situacao_recuo": null, "valor_m2": null, "valor_total": 0.0, "valor_formatado": "R$ 0,00", "Num_imovel": null, "CPF:": null, "alvara_municipal": null, "obs_pericia_pf": null, "obs_laudo_SPU": null, "obs_alvara": null, "obs_habite_se": null, "obs_pecunia": null, "obs_inquerito_pf": null }, "geometry": { "type": "MultiPolygon", "coordinates": [ [ [ [ 297867.844110095291398, 9223591.970870425924659 ], [ 297866.604455328604672, 9223583.053635643795133 ], [ 297824.855440135404933, 9223587.764454441145062 ], [ 297826.095094902208075, 9223596.681689225137234 ], [ 297867.844110095291398, 9223591.970870425924659 ] ] ] ] } },
{ "type": "Feature", "properties": { "fid": 255, "Endereco": "Rua Alfredo Nóbrega", "Proprietario": null, "Situacao_Ocupacao": null, "Bairro": "Poço", "Quadra": "D", "Lote": "11", "Municipio": "Cabedelo-PB", "Inquerito_Policial": null, "Area": null, "Habite_se": null, "Fase_investigacao": "7. Sem definição", "Laudo_SPU": null, "Area_invadida": null, "Pericia_PF": null, "Pericia_PF_link": null, "Laudo_SPU_link": null, "habite-se_link": null, "alvara_municipal_link": null, "Inquerito_policial_link": null, "numero_inquerito_policial": null, "numero_alvara_municipal": null, "numero_habite-se": null, "numero_pericia_PF": null, "numero_laudo_SPU": null, "AutoJudicial": null, "area_iinquerito_PF": null, "area_spu": null, "pericia_01": null, "Pericia_02": null, "Pericia_03": null, "Loteamento": "Jardim Nazareth", "area_pecunia": null, "Situacao_recuo": null, "valor_m2": null, "valor_total": 0.0, "valor_formatado": "R$ 0,00", "Num_imovel": null, "CPF:": null, "alvara_municipal": null, "obs_pericia_pf": null, "obs_laudo_SPU": null, "obs_alvara": null, "obs_habite_se": null, "obs_pecunia": null, "obs_inquerito_pf": null }, "geometry": { "type": "MultiPolygon", "coordinates": [ [ [ [ 297872.821736667188816, 9223627.776536647230387 ], [ 297870.597983717278112, 9223611.780367646366358 ], [ 297828.998039557191078, 9223617.563502250239253 ], [ 297831.221792507101782, 9223633.559671254828572 ], [ 297872.821736667188816, 9223627.776536647230387 ] ] ] ] } },
{ "type": "Feature", "properties": { "fid": 256, "Endereco": "Rua Alfredo Nóbrega", "Proprietario": null, "Situacao_Ocupacao": null, "Bairro": "Poço", "Quadra": "D", "Lote": "10", "Municipio": "Cabedelo-PB", "Inquerito_Policial": null, "Area": null, "Habite_se": null, "Fase_investigacao": "7. Sem definição", "Laudo_SPU": null, "Area_invadida": null, "Pericia_PF": null, "Pericia_PF_link": null, "Laudo_SPU_link": null, "habite-se_link": null, "alvara_municipal_link": null, "Inquerito_policial_link": null, "numero_inquerito_policial": null, "numero_alvara_municipal": null, "numero_habite-se": null, "numero_pericia_PF": null, "numero_laudo_SPU": null, "AutoJudicial": null, "area_iinquerito_PF": null, "area_spu": null, "pericia_01": null, "Pericia_02": null, "Pericia_03": null, "Loteamento": "Jardim Nazareth", "area_pecunia": null, "Situacao_recuo": null, "valor_m2": null, "valor_total": 0.0, "valor_formatado": "R$ 0,00", "Num_imovel": null, "CPF:": null, "alvara_municipal": null, "obs_pericia_pf": null, "obs_laudo_SPU": null, "obs_alvara": null, "obs_habite_se": null, "obs_pecunia": null, "obs_inquerito_pf": null }, "geometry": { "type": "MultiPolygon", "coordinates": [ [ [ [ 297874.476153840776533, 9223639.677290603518486 ], [ 297872.821736667188816, 9223627.776536647230387 ], [ 297831.221792507101782, 9223633.559671254828572 ], [ 297832.585035540221725, 9223643.365916123613715 ], [ 297874.476153840776533, 9223639.677290603518486 ] ] ] ] } },
{ "type": "Feature", "properties": { "fid": 257, "Endereco": "Rua Alfredo Nóbrega", "Proprietario": null, "Situacao_Ocupacao": null, "Bairro": "Poço", "Quadra": "D", "Lote": "09", "Municipio": "Cabedelo-PB", "Inquerito_Policial": null, "Area": null, "Habite_se": null, "Fase_investigacao": "7. Sem definição", "Laudo_SPU": null, "Area_invadida": null, "Pericia_PF": null, "Pericia_PF_link": null, "Laudo_SPU_link": null, "habite-se_link": null, "alvara_municipal_link": null, "Inquerito_policial_link": null, "numero_inquerito_policial": null, "numero_alvara_municipal": null, "numero_habite-se": null, "numero_pericia_PF": null, "numero_laudo_SPU": null, "AutoJudicial": null, "area_iinquerito_PF": null, "area_spu": null, "pericia_01": null, "Pericia_02": null, "Pericia_03": null, "Loteamento": "Jardim Nazareth", "area_pecunia": null, "Situacao_recuo": null, "valor_m2": null, "valor_total": 0.0, "valor_formatado": "R$ 0,00", "Num_imovel": null, "CPF:": null, "alvara_municipal": null, "obs_pericia_pf": null, "obs_laudo_SPU": null, "obs_alvara": null, "obs_habite_se": null, "obs_pecunia": null, "obs_inquerito_pf": null }, "geometry": { "type": "MultiPolygon", "coordinates": [ [ [ [ 297876.034063345927279, 9223650.883833911269903 ], [ 297874.476153840776533, 9223639.677290603518486 ], [ 297832.585035540221725, 9223643.365916123613715 ], [ 297834.142945045314264, 9223654.572459429502487 ], [ 297876.034063345927279, 9223650.883833911269903 ] ] ] ] } },
{ "type": "Feature", "properties": { "fid": 258, "Endereco": "Rua Alfredo Nóbrega", "Proprietario": null, "Situacao_Ocupacao": null, "Bairro": "Poço", "Quadra": "D", "Lote": "08", "Municipio": "Cabedelo-PB", "Inquerito_Policial": null, "Area": null, "Habite_se": null, "Fase_investigacao": "7. Sem definição", "Laudo_SPU": null, "Area_invadida": null, "Pericia_PF": null, "Pericia_PF_link": null, "Laudo_SPU_link": null, "habite-se_link": null, "alvara_municipal_link": null, "Inquerito_policial_link": null, "numero_inquerito_policial": null, "numero_alvara_municipal": null, "numero_habite-se": null, "numero_pericia_PF": null, "numero_laudo_SPU": null, "AutoJudicial": null, "area_iinquerito_PF": null, "area_spu": null, "pericia_01": null, "Pericia_02": null, "Pericia_03": null, "Loteamento": "Jardim Nazareth", "area_pecunia": null, "Situacao_recuo": null, "valor_m2": null, "valor_total": 0.0, "valor_formatado": "R$ 0,00", "Num_imovel": null, "CPF:": null, "alvara_municipal": null, "obs_pericia_pf": null, "obs_laudo_SPU": null, "obs_alvara": null, "obs_habite_se": null, "obs_pecunia": null, "obs_inquerito_pf": null }, "geometry": { "type": "MultiPolygon", "coordinates": [ [ [ [ 297877.550612421589904, 9223661.792858369648457 ], [ 297876.034063345927279, 9223650.883833911269903 ], [ 297834.142945045314264, 9223654.572459429502487 ], [ 297835.659494120976888, 9223665.481483887881041 ], [ 297877.550612421589904, 9223661.792858369648457 ] ] ] ] } },
{ "type": "Feature", "properties": { "fid": 259, "Endereco": "Rua Alfredo Nóbrega", "Proprietario": null, "Situacao_Ocupacao": null, "Bairro": "Poço", "Quadra": "D", "Lote": "07", "Municipio": "Cabedelo-PB", "Inquerito_Policial": null, "Area": null, "Habite_se": null, "Fase_investigacao": "7. Sem definição", "Laudo_SPU": null, "Area_invadida": null, "Pericia_PF": null, "Pericia_PF_link": null, "Laudo_SPU_link": null, "habite-se_link": null, "alvara_municipal_link": null, "Inquerito_policial_link": null, "numero_inquerito_policial": null, "numero_alvara_municipal": null, "numero_habite-se": null, "numero_pericia_PF": null, "numero_laudo_SPU": null, "AutoJudicial": null, "area_iinquerito_PF": null, "area_spu": null, "pericia_01": null, "Pericia_02": null, "Pericia_03": null, "Loteamento": "Jardim Nazareth", "area_pecunia": null, "Situacao_recuo": null, "valor_m2": null, "valor_total": 0.0, "valor_formatado": "R$ 0,00", "Num_imovel": null, "CPF:": null, "alvara_municipal": null, "obs_pericia_pf": null, "obs_laudo_SPU": null, "obs_alvara": null, "obs_habite_se": null, "obs_pecunia": null, "obs_inquerito_pf": null }, "geometry": { "type": "MultiPolygon", "coordinates": [ [ [ [ 297879.067161497310735, 9223672.701882829889655 ], [ 297877.550612421589904, 9223661.792858369648457 ], [ 297835.659494120976888, 9223665.481483887881041 ], [ 297837.176043196697719, 9223676.390508346259594 ], [ 297879.067161497310735, 9223672.701882829889655 ] ] ] ] } },
{ "type": "Feature", "properties": { "fid": 260, "Endereco": "Rua Alfredo Nóbrega", "Proprietario": null, "Situacao_Ocupacao": null, "Bairro": "Poço", "Quadra": "D", "Lote": "15", "Municipio": "Cabedelo-PB", "Inquerito_Policial": null, "Area": null, "Habite_se": null, "Fase_investigacao": "7. Sem definição", "Laudo_SPU": null, "Area_invadida": null, "Pericia_PF": null, "Pericia_PF_link": null, "Laudo_SPU_link": null, "habite-se_link": null, "alvara_municipal_link": null, "Inquerito_policial_link": null, "numero_inquerito_policial": null, "numero_alvara_municipal": null, "numero_habite-se": null, "numero_pericia_PF": null, "numero_laudo_SPU": null, "AutoJudicial": null, "area_iinquerito_PF": null, "area_spu": null, "pericia_01": null, "Pericia_02": null, "Pericia_03": null, "Loteamento": "Jardim Nazareth", "area_pecunia": null, "Situacao_recuo": null, "valor_m2": null, "valor_total": 0.0, "valor_formatado": "R$ 0,00", "Num_imovel": null, "CPF:": null, "alvara_municipal": null, "obs_pericia_pf": null, "obs_laudo_SPU": null, "obs_alvara": null, "obs_habite_se": null, "obs_pecunia": null, "obs_inquerito_pf": null }, "geometry": { "type": "MultiPolygon", "coordinates": [ [ [ [ 297829.100671142106876, 9223587.285436818376184 ], [ 297828.326975054282229, 9223564.793551383540034 ], [ 297817.829928758786991, 9223565.059958459809422 ], [ 297818.635082461812999, 9223588.466338731348515 ], [ 297829.100671142106876, 9223587.285436818376184 ] ] ] ] } },
{ "type": "Feature", "properties": { "fid": 261, "Endereco": "Rua Alfredo Nóbrega", "Proprietario": null, "Situacao_Ocupacao": null, "Bairro": "Poço", "Quadra": "D", "Lote": "16", "Municipio": "Cabedelo-PB", "Inquerito_Policial": null, "Area": null, "Habite_se": null, "Fase_investigacao": "7. Sem definição", "Laudo_SPU": null, "Area_invadida": null, "Pericia_PF": null, "Pericia_PF_link": null, "Laudo_SPU_link": null, "habite-se_link": null, "alvara_municipal_link": null, "Inquerito_policial_link": null, "numero_inquerito_policial": null, "numero_alvara_municipal": null, "numero_habite-se": null, "numero_pericia_PF": null, "numero_laudo_SPU": null, "AutoJudicial": null, "area_iinquerito_PF": null, "area_spu": null, "pericia_01": null, "Pericia_02": null, "Pericia_03": null, "Loteamento": "Jardim Nazareth", "area_pecunia": null, "Situacao_recuo": null, "valor_m2": null, "valor_total": 0.0, "valor_formatado": "R$ 0,00", "Num_imovel": null, "CPF:": null, "alvara_municipal": null, "obs_pericia_pf": null, "obs_laudo_SPU": null, "obs_alvara": null, "obs_habite_se": null, "obs_pecunia": null, "obs_inquerito_pf": null }, "geometry": { "type": "MultiPolygon", "coordinates": [ [ [ [ 297866.604455328604672, 9223583.053635643795133 ], [ 297864.521465877012815, 9223568.07002367824316 ], [ 297828.592108226905111, 9223572.501157818362117 ], [ 297829.100671142106876, 9223587.285436818376184 ], [ 297866.604455328604672, 9223583.053635643795133 ] ] ] ] } },
{ "type": "Feature", "properties": { "fid": 266, "Endereco": "Avenida Max Zagel", "Proprietario": null, "Situacao_Ocupacao": null, "Bairro": "Camboinha", "Quadra": "17", "Lote": "01", "Municipio": "Cabedelo-PB", "Inquerito_Policial": null, "Area": null, "Habite_se": null, "Fase_investigacao": "7. Sem definição", "Laudo_SPU": null, "Area_invadida": null, "Pericia_PF": null, "Pericia_PF_link": null, "Laudo_SPU_link": null, "habite-se_link": null, "alvara_municipal_link": null, "Inquerito_policial_link": null, "numero_inquerito_policial": null, "numero_alvara_municipal": null, "numero_habite-se": null, "numero_pericia_PF": null, "numero_laudo_SPU": null, "AutoJudicial": null, "area_iinquerito_PF": null, "area_spu": null, "pericia_01": null, "Pericia_02": null, "Pericia_03": null, "Loteamento": "Jardim Jericó", "area_pecunia": null, "Situacao_recuo": null, "valor_m2": null, "valor_total": 0.0, "valor_formatado": "R$ 0,00", "Num_imovel": null, "CPF:": null, "alvara_municipal": null, "obs_pericia_pf": null, "obs_laudo_SPU": null, "obs_alvara": null, "obs_habite_se": null, "obs_pecunia": null, "obs_inquerito_pf": null }, "geometry": { "type": "MultiPolygon", "coordinates": [ [ [ [ 298157.822402013989631, 9224865.831590918824077 ], [ 298154.021437006711494, 9224851.3207086622715 ], [ 298123.004058995400555, 9224859.193548219278455 ], [ 298126.805024002678692, 9224873.704430477693677 ], [ 298157.822402013989631, 9224865.831590918824077 ] ] ] ] } },
{ "type": "Feature", "properties": { "fid": 267, "Endereco": "Avenida Max Zagel", "Proprietario": null, "Situacao_Ocupacao": null, "Bairro": "Camboinha", "Quadra": "17", "Lote": "02", "Municipio": "Cabedelo-PB", "Inquerito_Policial": null, "Area": null, "Habite_se": null, "Fase_investigacao": "7. Sem definição", "Laudo_SPU": null, "Area_invadida": null, "Pericia_PF": null, "Pericia_PF_link": null, "Laudo_SPU_link": null, "habite-se_link": null, "alvara_municipal_link": null, "Inquerito_policial_link": null, "numero_inquerito_policial": null, "numero_alvara_municipal": null, "numero_habite-se": null, "numero_pericia_PF": null, "numero_laudo_SPU": null, "AutoJudicial": null, "area_iinquerito_PF": null, "area_spu": null, "pericia_01": null, "Pericia_02": null, "Pericia_03": null, "Loteamento": "Jardim Jericó", "area_pecunia": null, "Situacao_recuo": null, "valor_m2": null, "valor_total": 0.0, "valor_formatado": "R$ 0,00", "Num_imovel": null, "CPF:": null, "alvara_municipal": null, "obs_pericia_pf": null, "obs_laudo_SPU": null, "obs_alvara": null, "obs_habite_se": null, "obs_pecunia": null, "obs_inquerito_pf": null }, "geometry": { "type": "MultiPolygon", "coordinates": [ [ [ [ 298154.021437006711494, 9224851.3207086622715 ], [ 298150.22047199937515, 9224836.809826400130987 ], [ 298119.203093988122419, 9224844.682665962725878 ], [ 298123.004058995400555, 9224859.193548219278455 ], [ 298154.021437006711494, 9224851.3207086622715 ] ] ] ] } },
{ "type": "Feature", "properties": { "fid": 268, "Endereco": "Avenida Max Zagel", "Proprietario": null, "Situacao_Ocupacao": null, "Bairro": "Camboinha", "Quadra": "17", "Lote": "03", "Municipio": "Cabedelo-PB", "Inquerito_Policial": null, "Area": null, "Habite_se": null, "Fase_investigacao": "7. Sem definição", "Laudo_SPU": null, "Area_invadida": null, "Pericia_PF": null, "Pericia_PF_link": null, "Laudo_SPU_link": null, "habite-se_link": null, "alvara_municipal_link": null, "Inquerito_policial_link": null, "numero_inquerito_policial": null, "numero_alvara_municipal": null, "numero_habite-se": null, "numero_pericia_PF": null, "numero_laudo_SPU": null, "AutoJudicial": null, "area_iinquerito_PF": null, "area_spu": null, "pericia_01": null, "Pericia_02": null, "Pericia_03": null, "Loteamento": "Jardim Jericó", "area_pecunia": null, "Situacao_recuo": null, "valor_m2": null, "valor_total": 0.0, "valor_formatado": "R$ 0,00", "Num_imovel": null, "CPF:": null, "alvara_municipal": null, "obs_pericia_pf": null, "obs_laudo_SPU": null, "obs_alvara": null, "obs_habite_se": null, "obs_pecunia": null, "obs_inquerito_pf": null }, "geometry": { "type": "MultiPolygon", "coordinates": [ [ [ [ 298150.22047199937515, 9224836.809826400130987 ], [ 298147.179699993575923, 9224825.201120596379042 ], [ 298116.162321982323192, 9224833.073960155248642 ], [ 298119.203093988122419, 9224844.682665962725878 ], [ 298150.22047199937515, 9224836.809826400130987 ] ] ] ] } },
{ "type": "Feature", "properties": { "fid": 269, "Endereco": "Avenida Max Zagel", "Proprietario": null, "Situacao_Ocupacao": null, "Bairro": "Camboinha", "Quadra": "17", "Lote": "04", "Municipio": "Cabedelo-PB", "Inquerito_Policial": null, "Area": null, "Habite_se": null, "Fase_investigacao": "7. Sem definição", "Laudo_SPU": null, "Area_invadida": null, "Pericia_PF": null, "Pericia_PF_link": null, "Laudo_SPU_link": null, "habite-se_link": null, "alvara_municipal_link": null, "Inquerito_policial_link": null, "numero_inquerito_policial": null, "numero_alvara_municipal": null, "numero_habite-se": null, "numero_pericia_PF": null, "numero_laudo_SPU": null, "AutoJudicial": null, "area_iinquerito_PF": null, "area_spu": null, "pericia_01": null, "Pericia_02": null, "Pericia_03": null, "Loteamento": "Jardim Jericó", "area_pecunia": null, "Situacao_recuo": null, "valor_m2": null, "valor_total": 0.0, "valor_formatado": "R$ 0,00", "Num_imovel": null, "CPF:": null, "alvara_municipal": null, "obs_pericia_pf": null, "obs_laudo_SPU": null, "obs_alvara": null, "obs_habite_se": null, "obs_pecunia": null, "obs_inquerito_pf": null }, "geometry": { "type": "MultiPolygon", "coordinates": [ [ [ [ 298147.179699993575923, 9224825.201120596379042 ], [ 298144.138927987718489, 9224813.592414792627096 ], [ 298113.121549976523966, 9224821.465254349634051 ], [ 298116.162321982323192, 9224833.073960155248642 ], [ 298147.179699993575923, 9224825.201120596379042 ] ] ] ] } },
{ "type": "Feature", "properties": { "fid": 270, "Endereco": "Avenida Max Zagel", "Proprietario": null, "Situacao_Ocupacao": null, "Bairro": "Camboinha", "Quadra": "16", "Lote": "09", "Municipio": "Cabedelo-PB", "Inquerito_Policial": null, "Area": null, "Habite_se": null, "Fase_investigacao": "7. Sem definição", "Laudo_SPU": null, "Area_invadida": null, "Pericia_PF": null, "Pericia_PF_link": null, "Laudo_SPU_link": null, "habite-se_link": null, "alvara_municipal_link": null, "Inquerito_policial_link": null, "numero_inquerito_policial": null, "numero_alvara_municipal": null, "numero_habite-se": null, "numero_pericia_PF": null, "numero_laudo_SPU": null, "AutoJudicial": null, "area_iinquerito_PF": null, "area_spu": null, "pericia_01": null, "Pericia_02": null, "Pericia_03": null, "Loteamento": "Jardim Jericó", "area_pecunia": null, "Situacao_recuo": null, "valor_m2": null, "valor_total": 0.0, "valor_formatado": "R$ 0,00", "Num_imovel": null, "CPF:": null, "alvara_municipal": null, "obs_pericia_pf": null, "obs_laudo_SPU": null, "obs_alvara": null, "obs_habite_se": null, "obs_pecunia": null, "obs_inquerito_pf": null }, "geometry": { "type": "MultiPolygon", "coordinates": [ [ [ [ 298166.517954274895601, 9224895.722251953557134 ], [ 298162.442061466979794, 9224881.254744820296764 ], [ 298131.085688180522993, 9224887.960895234718919 ], [ 298135.161580988497008, 9224902.428402369841933 ], [ 298166.517954274895601, 9224895.722251953557134 ] ] ] ] } },
{ "type": "Feature", "properties": { "fid": 271, "Endereco": "Avenida Max Zagel", "Proprietario": null, "Situacao_Ocupacao": null, "Bairro": "Camboinha", "Quadra": "16", "Lote": "08", "Municipio": "Cabedelo-PB", "Inquerito_Policial": null, "Area": null, "Habite_se": null, "Fase_investigacao": "7. Sem definição", "Laudo_SPU": null, "Area_invadida": null, "Pericia_PF": null, "Pericia_PF_link": null, "Laudo_SPU_link": null, "habite-se_link": null, "alvara_municipal_link": null, "Inquerito_policial_link": null, "numero_inquerito_policial": null, "numero_alvara_municipal": null, "numero_habite-se": null, "numero_pericia_PF": null, "numero_laudo_SPU": null, "AutoJudicial": null, "area_iinquerito_PF": null, "area_spu": null, "pericia_01": null, "Pericia_02": null, "Pericia_03": null, "Loteamento": "Jardim Jericó", "area_pecunia": null, "Situacao_recuo": null, "valor_m2": null, "valor_total": 0.0, "valor_formatado": "R$ 0,00", "Num_imovel": null, "CPF:": null, "alvara_municipal": null, "obs_pericia_pf": null, "obs_laudo_SPU": null, "obs_alvara": null, "obs_habite_se": null, "obs_pecunia": null, "obs_inquerito_pf": null }, "geometry": { "type": "MultiPolygon", "coordinates": [ [ [ [ 298170.593847082927823, 9224910.189759086817503 ], [ 298166.517954274895601, 9224895.722251953557134 ], [ 298135.161580988497008, 9224902.428402369841933 ], [ 298139.237473796412814, 9224916.895909501239657 ], [ 298170.593847082927823, 9224910.189759086817503 ] ] ] ] } },
{ "type": "Feature", "properties": { "fid": 272, "Endereco": "Avenida Max Zagel", "Proprietario": null, "Situacao_Ocupacao": null, "Bairro": "Camboinha", "Quadra": "16", "Lote": "07", "Municipio": "Cabedelo-PB", "Inquerito_Policial": null, "Area": null, "Habite_se": null, "Fase_investigacao": "7. Sem definição", "Laudo_SPU": null, "Area_invadida": null, "Pericia_PF": null, "Pericia_PF_link": null, "Laudo_SPU_link": null, "habite-se_link": null, "alvara_municipal_link": null, "Inquerito_policial_link": null, "numero_inquerito_policial": null, "numero_alvara_municipal": null, "numero_habite-se": null, "numero_pericia_PF": null, "numero_laudo_SPU": null, "AutoJudicial": null, "area_iinquerito_PF": null, "area_spu": null, "pericia_01": null, "Pericia_02": null, "Pericia_03": null, "Loteamento": "Jardim Jericó", "area_pecunia": null, "Situacao_recuo": null, "valor_m2": null, "valor_total": 0.0, "valor_formatado": "R$ 0,00", "Num_imovel": null, "CPF:": null, "alvara_municipal": null, "obs_pericia_pf": null, "obs_laudo_SPU": null, "obs_alvara": null, "obs_habite_se": null, "obs_pecunia": null, "obs_inquerito_pf": null }, "geometry": { "type": "MultiPolygon", "coordinates": [ [ [ [ 298173.854561329295393, 9224921.763764794915915 ], [ 298170.593847082927823, 9224910.189759086817503 ], [ 298139.237473796412814, 9224916.895909501239657 ], [ 298142.498188042780384, 9224928.469915207475424 ], [ 298173.854561329295393, 9224921.763764794915915 ] ] ] ] } },
{ "type": "Feature", "properties": { "fid": 280, "Endereco": "Avenida Max Zagel", "Proprietario": null, "Situacao_Ocupacao": null, "Bairro": "Camboinha", "Quadra": "03", "Lote": "08", "Municipio": "Cabedelo-PB", "Inquerito_Policial": null, "Area": null, "Habite_se": null, "Fase_investigacao": "7. Sem definição", "Laudo_SPU": null, "Area_invadida": null, "Pericia_PF": null, "Pericia_PF_link": null, "Laudo_SPU_link": null, "habite-se_link": null, "alvara_municipal_link": null, "Inquerito_policial_link": null, "numero_inquerito_policial": null, "numero_alvara_municipal": null, "numero_habite-se": null, "numero_pericia_PF": null, "numero_laudo_SPU": null, "AutoJudicial": null, "area_iinquerito_PF": null, "area_spu": null, "pericia_01": null, "Pericia_02": null, "Pericia_03": null, "Loteamento": "Jardim Jericó", "area_pecunia": null, "Situacao_recuo": null, "valor_m2": null, "valor_total": 0.0, "valor_formatado": "R$ 0,00", "Num_imovel": null, "CPF:": null, "alvara_municipal": null, "obs_pericia_pf": null, "obs_laudo_SPU": null, "obs_alvara": null, "obs_habite_se": null, "obs_pecunia": null, "obs_inquerito_pf": null }, "geometry": { "type": "MultiPolygon", "coordinates": [ [ [ [ 298206.757698481203988, 9225039.881512811407447 ], [ 298224.420132245693821, 9225035.850501462817192 ], [ 298221.082573135383427, 9225021.226524598896503 ], [ 298202.789394933613949, 9225025.401487685739994 ], [ 298171.562572941184044, 9225032.528233384713531 ], [ 298175.530876488715876, 9225047.008258510380983 ], [ 298206.757698481203988, 9225039.881512811407447 ] ] ] ] } },
{ "type": "Feature", "properties": { "fid": 282, "Endereco": "Avenida Max Zagel", "Proprietario": null, "Situacao_Ocupacao": null, "Bairro": "Camboinha", "Quadra": "03", "Lote": "06", "Municipio": "Cabedelo-PB", "Inquerito_Policial": null, "Area": null, "Habite_se": null, "Fase_investigacao": "7. Sem definição", "Laudo_SPU": null, "Area_invadida": null, "Pericia_PF": null, "Pericia_PF_link": null, "Laudo_SPU_link": null, "habite-se_link": null, "alvara_municipal_link": null, "Inquerito_policial_link": null, "numero_inquerito_policial": null, "numero_alvara_municipal": null, "numero_habite-se": null, "numero_pericia_PF": null, "numero_laudo_SPU": null, "AutoJudicial": null, "area_iinquerito_PF": null, "area_spu": null, "pericia_01": null, "Pericia_02": null, "Pericia_03": null, "Loteamento": "Jardim Jericó", "area_pecunia": null, "Situacao_recuo": null, "valor_m2": null, "valor_total": 0.0, "valor_formatado": "R$ 0,00", "Num_imovel": null, "CPF:": null, "alvara_municipal": null, "obs_pericia_pf": null, "obs_laudo_SPU": null, "obs_alvara": null, "obs_habite_se": null, "obs_pecunia": null, "obs_inquerito_pf": null }, "geometry": { "type": "MultiPolygon", "coordinates": [ [ [ [ 298213.106984157289844, 9225063.049553010612726 ], [ 298261.340702647925355, 9225052.041406042873859 ], [ 298258.011275485216174, 9225040.4927116073668 ], [ 298209.932341319217812, 9225051.465532910078764 ], [ 298178.705519326671492, 9225058.5922786090523 ], [ 298181.880162164801732, 9225070.176298711448908 ], [ 298213.106984157289844, 9225063.049553010612726 ] ] ] ] } },
{ "type": "Feature", "properties": { "fid": 288, "Endereco": "Avenida Max Zagel", "Proprietario": null, "Situacao_Ocupacao": null, "Bairro": "Camboinha", "Quadra": "02", "Lote": "01", "Municipio": "Cabedelo-PB", "Inquerito_Policial": null, "Area": null, "Habite_se": null, "Fase_investigacao": "7. Sem definição", "Laudo_SPU": null, "Area_invadida": null, "Pericia_PF": null, "Pericia_PF_link": null, "Laudo_SPU_link": null, "habite-se_link": null, "alvara_municipal_link": null, "Inquerito_policial_link": null, "numero_inquerito_policial": null, "numero_alvara_municipal": null, "numero_habite-se": null, "numero_pericia_PF": null, "numero_laudo_SPU": null, "AutoJudicial": null, "area_iinquerito_PF": null, "area_spu": null, "pericia_01": null, "Pericia_02": null, "Pericia_03": null, "Loteamento": "Jardim Jericó", "area_pecunia": null, "Situacao_recuo": null, "valor_m2": null, "valor_total": 0.0, "valor_formatado": "R$ 0,00", "Num_imovel": null, "CPF:": null, "alvara_municipal": null, "obs_pericia_pf": null, "obs_laudo_SPU": null, "obs_alvara": null, "obs_habite_se": null, "obs_pecunia": null, "obs_inquerito_pf": null }, "geometry": { "type": "MultiPolygon", "coordinates": [ [ [ [ 298267.540920841507614, 9225255.391681805253029 ], [ 298263.467794913100079, 9225240.932135967537761 ], [ 298232.193460368027445, 9225247.929269358515739 ], [ 298236.266586296376772, 9225262.388815194368362 ], [ 298267.540920841507614, 9225255.391681805253029 ] ] ] ] } },
{ "type": "Feature", "properties": { "fid": 289, "Endereco": "Avenida Max Zagel", "Proprietario": null, "Situacao_Ocupacao": null, "Bairro": "Camboinha", "Quadra": "02", "Lote": "02", "Municipio": "Cabedelo-PB", "Inquerito_Policial": null, "Area": null, "Habite_se": null, "Fase_investigacao": "7. Sem definição", "Laudo_SPU": null, "Area_invadida": null, "Pericia_PF": null, "Pericia_PF_link": null, "Laudo_SPU_link": null, "habite-se_link": null, "alvara_municipal_link": null, "Inquerito_policial_link": null, "numero_inquerito_policial": null, "numero_alvara_municipal": null, "numero_habite-se": null, "numero_pericia_PF": null, "numero_laudo_SPU": null, "AutoJudicial": null, "area_iinquerito_PF": null, "area_spu": null, "pericia_01": null, "Pericia_02": null, "Pericia_03": null, "Loteamento": "Jardim Jericó", "area_pecunia": null, "Situacao_recuo": null, "valor_m2": null, "valor_total": 0.0, "valor_formatado": "R$ 0,00", "Num_imovel": null, "CPF:": null, "alvara_municipal": null, "obs_pericia_pf": null, "obs_laudo_SPU": null, "obs_alvara": null, "obs_habite_se": null, "obs_pecunia": null, "obs_inquerito_pf": null }, "geometry": { "type": "MultiPolygon", "coordinates": [ [ [ [ 298263.467794913100079, 9225240.932135967537761 ], [ 298259.394668984692544, 9225226.472590131685138 ], [ 298228.12033443961991, 9225233.469723520800471 ], [ 298232.193460368027445, 9225247.929269358515739 ], [ 298263.467794913100079, 9225240.932135967537761 ] ] ] ] } },
{ "type": "Feature", "properties": { "fid": 293, "Endereco": "Avenida Max Zagel", "Proprietario": null, "Situacao_Ocupacao": null, "Bairro": "Camboinha", "Quadra": "02", "Lote": "06", "Municipio": "Cabedelo-PB", "Inquerito_Policial": null, "Area": null, "Habite_se": null, "Fase_investigacao": "7. Sem definição", "Laudo_SPU": null, "Area_invadida": null, "Pericia_PF": null, "Pericia_PF_link": null, "Laudo_SPU_link": null, "habite-se_link": null, "alvara_municipal_link": null, "Inquerito_policial_link": null, "numero_inquerito_policial": null, "numero_alvara_municipal": null, "numero_habite-se": null, "numero_pericia_PF": null, "numero_laudo_SPU": null, "AutoJudicial": null, "area_iinquerito_PF": null, "area_spu": null, "pericia_01": null, "Pericia_02": null, "Pericia_03": null, "Loteamento": "Jardim Jericó", "area_pecunia": null, "Situacao_recuo": null, "valor_m2": null, "valor_total": 0.0, "valor_formatado": "R$ 0,00", "Num_imovel": null, "CPF:": null, "alvara_municipal": null, "obs_pericia_pf": null, "obs_laudo_SPU": null, "obs_alvara": null, "obs_habite_se": null, "obs_pecunia": null, "obs_inquerito_pf": null }, "geometry": { "type": "MultiPolygon", "coordinates": [ [ [ [ 298247.175291199586354, 9225183.093952622264624 ], [ 298243.102165271178819, 9225168.634406786412001 ], [ 298211.82783072598977, 9225175.631540175527334 ], [ 298215.900956654397305, 9225190.091086011379957 ], [ 298247.175291199586354, 9225183.093952622264624 ] ] ] ] } },
{ "type": "Feature", "properties": { "fid": 294, "Endereco": "Avenida Max Zagel", "Proprietario": null, "Situacao_Ocupacao": null, "Bairro": "Camboinha", "Quadra": "02", "Lote": "07", "Municipio": "Cabedelo-PB", "Inquerito_Policial": null, "Area": null, "Habite_se": null, "Fase_investigacao": "7. Sem definição", "Laudo_SPU": null, "Area_invadida": null, "Pericia_PF": null, "Pericia_PF_link": null, "Laudo_SPU_link": null, "habite-se_link": null, "alvara_municipal_link": null, "Inquerito_policial_link": null, "numero_inquerito_policial": null, "numero_alvara_municipal": null, "numero_habite-se": null, "numero_pericia_PF": null, "numero_laudo_SPU": null, "AutoJudicial": null, "area_iinquerito_PF": null, "area_spu": null, "pericia_01": null, "Pericia_02": null, "Pericia_03": null, "Loteamento": "Jardim Jericó", "area_pecunia": null, "Situacao_recuo": null, "valor_m2": null, "valor_total": 0.0, "valor_formatado": "R$ 0,00", "Num_imovel": null, "CPF:": null, "alvara_municipal": null, "obs_pericia_pf": null, "obs_laudo_SPU": null, "obs_alvara": null, "obs_habite_se": null, "obs_pecunia": null, "obs_inquerito_pf": null }, "geometry": { "type": "MultiPolygon", "coordinates": [ [ [ [ 298243.102165271178819, 9225168.634406786412001 ], [ 298239.029039342713077, 9225154.174860948696733 ], [ 298207.754704797582235, 9225161.171994339674711 ], [ 298211.82783072598977, 9225175.631540175527334 ], [ 298243.102165271178819, 9225168.634406786412001 ] ] ] ] } },
{ "type": "Feature", "properties": { "fid": 315, "Endereco": "Rua Vitorino Cardoso", "Proprietario": null, "Situacao_Ocupacao": null, "Bairro": "Poço", "Quadra": "E", "Lote": "Igreja", "Municipio": "Cabedelo-PB", "Inquerito_Policial": null, "Area": null, "Habite_se": null, "Fase_investigacao": "7. Sem definição", "Laudo_SPU": null, "Area_invadida": null, "Pericia_PF": null, "Pericia_PF_link": null, "Laudo_SPU_link": null, "habite-se_link": null, "alvara_municipal_link": null, "Inquerito_policial_link": null, "numero_inquerito_policial": null, "numero_alvara_municipal": null, "numero_habite-se": null, "numero_pericia_PF": null, "numero_laudo_SPU": null, "AutoJudicial": null, "area_iinquerito_PF": null, "area_spu": null, "pericia_01": null, "Pericia_02": null, "Pericia_03": null, "Loteamento": "Jardim Nazareth", "area_pecunia": null, "Situacao_recuo": null, "valor_m2": null, "valor_total": 0.0, "valor_formatado": "R$ 0,00", "Num_imovel": null, "CPF:": null, "alvara_municipal": null, "obs_pericia_pf": null, "obs_laudo_SPU": null, "obs_alvara": null, "obs_habite_se": null, "obs_pecunia": null, "obs_inquerito_pf": null }, "geometry": { "type": "MultiPolygon", "coordinates": [ [ [ [ 297870.269662234699354, 9223540.399464830756187 ], [ 297868.787081718328409, 9223522.297867996618152 ], [ 297848.000858016195707, 9223526.847311459481716 ], [ 297851.84938537661219, 9223544.431077757850289 ], [ 297870.269662234699354, 9223540.399464830756187 ] ] ] ] } },
{ "type": "Feature", "properties": { "fid": 316, "Endereco": "Rua Vitorino Cardoso", "Proprietario": null, "Situacao_Ocupacao": null, "Bairro": "Poço", "Quadra": "E", "Lote": "01", "Municipio": "Cabedelo-PB", "Inquerito_Policial": null, "Area": null, "Habite_se": null, "Fase_investigacao": "7. Sem definição", "Laudo_SPU": null, "Area_invadida": null, "Pericia_PF": null, "Pericia_PF_link": null, "Laudo_SPU_link": null, "habite-se_link": null, "alvara_municipal_link": null, "Inquerito_policial_link": null, "numero_inquerito_policial": null, "numero_alvara_municipal": null, "numero_habite-se": null, "numero_pericia_PF": null, "numero_laudo_SPU": null, "AutoJudicial": null, "area_iinquerito_PF": null, "area_spu": null, "pericia_01": null, "Pericia_02": null, "Pericia_03": null, "Loteamento": "Jardim Nazareth", "area_pecunia": null, "Situacao_recuo": null, "valor_m2": null, "valor_total": 0.0, "valor_formatado": "R$ 0,00", "Num_imovel": null, "CPF:": null, "alvara_municipal": null, "obs_pericia_pf": null, "obs_laudo_SPU": null, "obs_alvara": null, "obs_habite_se": null, "obs_pecunia": null, "obs_inquerito_pf": null }, "geometry": { "type": "MultiPolygon", "coordinates": [ [ [ [ 297851.84938537661219, 9223544.431077757850289 ], [ 297847.119917785283178, 9223522.822331072762609 ], [ 297826.507883610785939, 9223524.698652643710375 ], [ 297826.27524911070941, 9223550.028443045914173 ], [ 297851.84938537661219, 9223544.431077757850289 ] ] ] ] } },
{ "type": "Feature", "properties": { "fid": 321, "Endereco": "Rua Vitorino Cardoso", "Proprietario": null, "Situacao_Ocupacao": null, "Bairro": "Poço", "Quadra": "P", "Lote": "02", "Municipio": "Cabedelo-PB", "Inquerito_Policial": null, "Area": null, "Habite_se": null, "Fase_investigacao": "7. Sem definição", "Laudo_SPU": null, "Area_invadida": null, "Pericia_PF": null, "Pericia_PF_link": null, "Laudo_SPU_link": null, "habite-se_link": null, "alvara_municipal_link": null, "Inquerito_policial_link": null, "numero_inquerito_policial": null, "numero_alvara_municipal": null, "numero_habite-se": null, "numero_pericia_PF": null, "numero_laudo_SPU": null, "AutoJudicial": null, "area_iinquerito_PF": null, "area_spu": null, "pericia_01": null, "Pericia_02": null, "Pericia_03": null, "Loteamento": "Monsenhor Pieres", "area_pecunia": null, "Situacao_recuo": null, "valor_m2": null, "valor_total": 0.0, "valor_formatado": "R$ 0,00", "Num_imovel": null, "CPF:": null, "alvara_municipal": null, "obs_pericia_pf": null, "obs_laudo_SPU": null, "obs_alvara": null, "obs_habite_se": null, "obs_pecunia": null, "obs_inquerito_pf": null }, "geometry": { "type": "MultiPolygon", "coordinates": [ [ [ [ 297846.164629370498005, 9223284.034198114648461 ], [ 297879.588006365695037, 9223280.3098150100559 ], [ 297879.142625943990424, 9223270.297551732510328 ], [ 297844.887907507712953, 9223274.114571617916226 ], [ 297805.128188000118826, 9223278.545016435906291 ], [ 297806.404909862903878, 9223288.464642932638526 ], [ 297846.164629370498005, 9223284.034198114648461 ] ] ] ] } },
{ "type": "Feature", "properties": { "fid": 325, "Endereco": "Rodovia BR-230", "Proprietario": null, "Situacao_Ocupacao": null, "Bairro": "Areia Dourada", "Quadra": "E", "Lote": "01", "Municipio": "Cabedelo-PB", "Inquerito_Policial": null, "Area": null, "Habite_se": null, "Fase_investigacao": "7. Sem definição", "Laudo_SPU": null, "Area_invadida": null, "Pericia_PF": null, "Pericia_PF_link": null, "Laudo_SPU_link": null, "habite-se_link": null, "alvara_municipal_link": null, "Inquerito_policial_link": null, "numero_inquerito_policial": null, "numero_alvara_municipal": null, "numero_habite-se": null, "numero_pericia_PF": null, "numero_laudo_SPU": null, "AutoJudicial": null, "area_iinquerito_PF": null, "area_spu": null, "pericia_01": null, "Pericia_02": null, "Pericia_03": null, "Loteamento": "Jardim Maralina", "area_pecunia": null, "Situacao_recuo": null, "valor_m2": null, "valor_total": 0.0, "valor_formatado": "R$ 0,00", "Num_imovel": null, "CPF:": null, "alvara_municipal": null, "obs_pericia_pf": null, "obs_laudo_SPU": null, "obs_alvara": null, "obs_habite_se": null, "obs_pecunia": null, "obs_inquerito_pf": null }, "geometry": { "type": "MultiPolygon", "coordinates": [ [ [ [ 298036.627808281395119, 9227217.038796491920948 ], [ 298036.867571784823667, 9227205.041192004457116 ], [ 298004.931905513978563, 9227207.069299455732107 ], [ 298003.686404886597302, 9227219.004488110542297 ], [ 298036.627808281395119, 9227217.038796491920948 ] ] ] ] } },
{ "type": "Feature", "properties": { "fid": 524, "Endereco": "Rua Vitorino Cardoso", "Proprietario": null, "Situacao_Ocupacao": null, "Bairro": "Poço", "Quadra": "P", "Lote": "06", "Municipio": "Cabedelo-PB", "Inquerito_Policial": null, "Area": null, "Habite_se": null, "Fase_investigacao": "7. Sem definição", "Laudo_SPU": null, "Area_invadida": null, "Pericia_PF": null, "Pericia_PF_link": null, "Laudo_SPU_link": null, "habite-se_link": null, "alvara_municipal_link": null, "Inquerito_policial_link": null, "numero_inquerito_policial": null, "numero_alvara_municipal": null, "numero_habite-se": null, "numero_pericia_PF": null, "numero_laudo_SPU": null, "AutoJudicial": null, "area_iinquerito_PF": null, "area_spu": null, "pericia_01": null, "Pericia_02": null, "Pericia_03": null, "Loteamento": "Monsenhor Pieres", "area_pecunia": null, "Situacao_recuo": null, "valor_m2": null, "valor_total": 0.0, "valor_formatado": "R$ 0,00", "Num_imovel": null, "CPF:": null, "alvara_municipal": null, "obs_pericia_pf": null, "obs_laudo_SPU": null, "obs_alvara": null, "obs_habite_se": null, "obs_pecunia": null, "obs_inquerito_pf": null }, "geometry": { "type": "MultiPolygon", "coordinates": [ [ [ [ 297840.483217008644715, 9223239.891859643161297 ], [ 297840.483217081287876, 9223239.891860203817487 ], [ 297877.606063489802182, 9223235.755243433639407 ], [ 297877.138414206390735, 9223225.242366977035999 ], [ 297839.132801797823049, 9223229.476356636732817 ], [ 297839.132928858569358, 9223229.477336632087827 ], [ 297799.382939617382362, 9223233.906697204336524 ], [ 297800.72349757340271, 9223244.322305025532842 ], [ 297840.483217080996837, 9223239.891860205680132 ], [ 297840.483217008644715, 9223239.891859643161297 ] ] ] ] } },
{ "type": "Feature", "properties": { "fid": 525, "Endereco": "Rua Vitorino Cardoso", "Proprietario": null, "Situacao_Ocupacao": null, "Bairro": "Poço", "Quadra": "P", "Lote": "05", "Municipio": "Cabedelo-PB", "Inquerito_Policial": null, "Area": null, "Habite_se": null, "Fase_investigacao": "7. Sem definição", "Laudo_SPU": null, "Area_invadida": null, "Pericia_PF": null, "Pericia_PF_link": null, "Laudo_SPU_link": null, "habite-se_link": null, "alvara_municipal_link": null, "Inquerito_policial_link": null, "numero_inquerito_policial": null, "numero_alvara_municipal": null, "numero_habite-se": null, "numero_pericia_PF": null, "numero_laudo_SPU": null, "AutoJudicial": null, "area_iinquerito_PF": null, "area_spu": null, "pericia_01": null, "Pericia_02": null, "Pericia_03": null, "Loteamento": "Monsenhor Pieres", "area_pecunia": null, "Situacao_recuo": null, "valor_m2": null, "valor_total": 0.0, "valor_formatado": "R$ 0,00", "Num_imovel": null, "CPF:": null, "alvara_municipal": null, "obs_pericia_pf": null, "obs_laudo_SPU": null, "obs_alvara": null, "obs_habite_se": null, "obs_pecunia": null, "obs_inquerito_pf": null }, "geometry": { "type": "MultiPolygon", "coordinates": [ [ [ [ 297800.72349757340271, 9223244.322305025532842 ], [ 297802.12789162248373, 9223255.233894171193242 ], [ 297841.887611130077858, 9223250.803449351340532 ], [ 297841.888851470779628, 9223250.813086310401559 ], [ 297878.09641464240849, 9223246.778459992259741 ], [ 297877.606063489802182, 9223235.755243433639407 ], [ 297840.483217080996837, 9223239.891860205680132 ], [ 297800.72349757340271, 9223244.322305025532842 ] ] ] ] } },
{ "type": "Feature", "properties": { "fid": 526, "Endereco": "Rua Vitorino Cardoso", "Proprietario": null, "Situacao_Ocupacao": null, "Bairro": "Poço", "Quadra": "P", "Lote": "04", "Municipio": "Cabedelo-PB", "Inquerito_Policial": null, "Area": null, "Habite_se": null, "Fase_investigacao": "7. Sem definição", "Laudo_SPU": null, "Area_invadida": null, "Pericia_PF": null, "Pericia_PF_link": null, "Laudo_SPU_link": null, "habite-se_link": null, "alvara_municipal_link": null, "Inquerito_policial_link": null, "numero_inquerito_policial": null, "numero_alvara_municipal": null, "numero_habite-se": null, "numero_pericia_PF": null, "numero_laudo_SPU": null, "AutoJudicial": null, "area_iinquerito_PF": null, "area_spu": null, "pericia_01": null, "Pericia_02": null, "Pericia_03": null, "Loteamento": "Monsenhor Pieres", "area_pecunia": null, "Situacao_recuo": null, "valor_m2": null, "valor_total": 0.0, "valor_formatado": "R$ 0,00", "Num_imovel": null, "CPF:": null, "alvara_municipal": null, "obs_pericia_pf": null, "obs_laudo_SPU": null, "obs_alvara": null, "obs_habite_se": null, "obs_pecunia": null, "obs_inquerito_pf": null }, "geometry": { "type": "MultiPolygon", "coordinates": [ [ [ [ 297841.887611130077858, 9223250.803449351340532 ], [ 297802.12789162248373, 9223255.233894171193242 ], [ 297803.40461348532699, 9223265.153520666062832 ], [ 297843.164332992921118, 9223260.723075846210122 ], [ 297878.541362375020981, 9223256.780996311455965 ], [ 297878.09641464240849, 9223246.778459992259741 ], [ 297841.888851470779628, 9223250.813086310401559 ], [ 297841.946302410797216, 9223251.259457508102059 ], [ 297841.887611130077858, 9223250.803449351340532 ] ] ] ] } },
{ "type": "Feature", "properties": { "fid": 527, "Endereco": "Rua Vitorino Cardoso", "Proprietario": null, "Situacao_Ocupacao": null, "Bairro": "Poço", "Quadra": "P", "Lote": "03", "Municipio": "Cabedelo-PB", "Inquerito_Policial": null, "Area": null, "Habite_se": null, "Fase_investigacao": "7. Sem definição", "Laudo_SPU": null, "Area_invadida": null, "Pericia_PF": null, "Pericia_PF_link": null, "Laudo_SPU_link": null, "habite-se_link": null, "alvara_municipal_link": null, "Inquerito_policial_link": null, "numero_inquerito_policial": null, "numero_alvara_municipal": null, "numero_habite-se": null, "numero_pericia_PF": null, "numero_laudo_SPU": null, "AutoJudicial": null, "area_iinquerito_PF": null, "area_spu": null, "pericia_01": null, "Pericia_02": null, "Pericia_03": null, "Loteamento": "Monsenhor Pieres", "area_pecunia": null, "Situacao_recuo": null, "valor_m2": null, "valor_total": 0.0, "valor_formatado": "R$ 0,00", "Num_imovel": null, "CPF:": null, "alvara_municipal": null, "obs_pericia_pf": null, "obs_laudo_SPU": null, "obs_alvara": null, "obs_habite_se": null, "obs_pecunia": null, "obs_inquerito_pf": null }, "geometry": { "type": "MultiPolygon", "coordinates": [ [ [ [ 297844.283873401640449, 9223269.421464294195175 ], [ 297844.887907507421914, 9223274.114571614190936 ], [ 297879.142625943990424, 9223270.297551732510328 ], [ 297878.541362375020981, 9223256.780996311455965 ], [ 297843.164332992571872, 9223260.723075846210122 ], [ 297803.40461348532699, 9223265.153520666062832 ], [ 297805.128188000118826, 9223278.545016435906291 ], [ 297844.887907507712953, 9223274.114571617916226 ], [ 297844.283873401640449, 9223269.421464294195175 ] ] ] ] } },
{ "type": "Feature", "properties": { "fid": 528, "Endereco": "Rua Vitorino Cardoso", "Proprietario": null, "Situacao_Ocupacao": null, "Bairro": "Poço", "Quadra": "P", "Lote": "01", "Municipio": "Cabedelo-PB", "Inquerito_Policial": null, "Area": null, "Habite_se": null, "Fase_investigacao": "7. Sem definição", "Laudo_SPU": null, "Area_invadida": null, "Pericia_PF": null, "Pericia_PF_link": null, "Laudo_SPU_link": null, "habite-se_link": null, "alvara_municipal_link": null, "Inquerito_policial_link": null, "numero_inquerito_policial": null, "numero_alvara_municipal": null, "numero_habite-se": null, "numero_pericia_PF": null, "numero_laudo_SPU": null, "AutoJudicial": null, "area_iinquerito_PF": null, "area_spu": null, "pericia_01": null, "Pericia_02": null, "Pericia_03": null, "Loteamento": "Monsenhor Pieres", "area_pecunia": null, "Situacao_recuo": null, "valor_m2": null, "valor_total": 0.0, "valor_formatado": "R$ 0,00", "Num_imovel": null, "CPF:": null, "alvara_municipal": null, "obs_pericia_pf": null, "obs_laudo_SPU": null, "obs_alvara": null, "obs_habite_se": null, "obs_pecunia": null, "obs_inquerito_pf": null }, "geometry": { "type": "MultiPolygon", "coordinates": [ [ [ [ 297806.404909862903878, 9223288.464642932638526 ], [ 297807.681631725688931, 9223298.384269427508116 ], [ 297847.441351233283058, 9223293.953824607655406 ], [ 297880.033386787225027, 9223290.322078285738826 ], [ 297879.588006365695037, 9223280.3098150100559 ], [ 297846.164629370498005, 9223284.034198114648461 ], [ 297806.404909862903878, 9223288.464642932638526 ] ] ] ] } },
{ "type": "Feature", "properties": { "fid": 529, "Endereco": "Rua Vitorino Cardoso", "Proprietario": null, "Situacao_Ocupacao": null, "Bairro": "Poço", "Quadra": "B", "Lote": "05", "Municipio": "Cabedelo-PB", "Inquerito_Policial": null, "Area": null, "Habite_se": null, "Fase_investigacao": "7. Sem definição", "Laudo_SPU": null, "Area_invadida": null, "Pericia_PF": null, "Pericia_PF_link": null, "Laudo_SPU_link": null, "habite-se_link": null, "alvara_municipal_link": null, "Inquerito_policial_link": null, "numero_inquerito_policial": null, "numero_alvara_municipal": null, "numero_habite-se": null, "numero_pericia_PF": null, "numero_laudo_SPU": null, "AutoJudicial": null, "area_iinquerito_PF": null, "area_spu": null, "pericia_01": null, "Pericia_02": null, "Pericia_03": null, "Loteamento": "Leonor viana", "area_pecunia": null, "Situacao_recuo": null, "valor_m2": null, "valor_total": 0.0, "valor_formatado": "R$ 0,00", "Num_imovel": null, "CPF:": null, "alvara_municipal": null, "obs_pericia_pf": null, "obs_laudo_SPU": null, "obs_alvara": null, "obs_habite_se": null, "obs_pecunia": null, "obs_inquerito_pf": null }, "geometry": { "type": "MultiPolygon", "coordinates": [ [ [ [ 297848.596666838391684, 9223303.394694406539202 ], [ 297880.55324548878707, 9223299.842445893213153 ], [ 297880.033386787225027, 9223290.322078285738826 ], [ 297849.533966678020079, 9223293.720643453299999 ], [ 297849.533966677845456, 9223293.720643455162644 ], [ 297807.681631725688931, 9223298.384269427508116 ], [ 297808.838935365609359, 9223307.814108142629266 ], [ 297848.596666838391684, 9223303.394694406539202 ] ] ] ] } },
{ "type": "Feature", "properties": { "fid": 530, "Endereco": "Rua Vitorino Cardoso", "Proprietario": null, "Situacao_Ocupacao": null, "Bairro": "Poço", "Quadra": "B", "Lote": "04", "Municipio": "Cabedelo-PB", "Inquerito_Policial": null, "Area": null, "Habite_se": null, "Fase_investigacao": "7. Sem definição", "Laudo_SPU": null, "Area_invadida": null, "Pericia_PF": null, "Pericia_PF_link": null, "Laudo_SPU_link": null, "habite-se_link": null, "alvara_municipal_link": null, "Inquerito_policial_link": null, "numero_inquerito_policial": null, "numero_alvara_municipal": null, "numero_habite-se": null, "numero_pericia_PF": null, "numero_laudo_SPU": null, "AutoJudicial": null, "area_iinquerito_PF": null, "area_spu": null, "pericia_01": null, "Pericia_02": null, "Pericia_03": null, "Loteamento": "Leonor viana", "area_pecunia": null, "Situacao_recuo": null, "valor_m2": null, "valor_total": 0.0, "valor_formatado": "R$ 0,00", "Num_imovel": null, "CPF:": null, "alvara_municipal": null, "obs_pericia_pf": null, "obs_laudo_SPU": null, "obs_alvara": null, "obs_habite_se": null, "obs_pecunia": null, "obs_inquerito_pf": null }, "geometry": { "type": "MultiPolygon", "coordinates": [ [ [ [ 297808.838935365609359, 9223307.814108142629266 ], [ 297809.813506851671264, 9223315.755024956539273 ], [ 297848.576019020983949, 9223311.435699433088303 ], [ 297880.989071825402789, 9223307.823897242546082 ], [ 297880.55324548878707, 9223299.842445893213153 ], [ 297848.596666838391684, 9223303.394694406539202 ], [ 297808.838935365609359, 9223307.814108142629266 ] ] ] ] } },
{ "type": "Feature", "properties": { "fid": 531, "Endereco": "Rua Vitorino Cardoso", "Proprietario": null, "Situacao_Ocupacao": null, "Bairro": "Poço", "Quadra": "B", "Lote": "03", "Municipio": "Cabedelo-PB", "Inquerito_Policial": null, "Area": null, "Habite_se": null, "Fase_investigacao": "7. Sem definição", "Laudo_SPU": null, "Area_invadida": null, "Pericia_PF": null, "Pericia_PF_link": null, "Laudo_SPU_link": null, "habite-se_link": null, "alvara_municipal_link": null, "Inquerito_policial_link": null, "numero_inquerito_policial": null, "numero_alvara_municipal": null, "numero_habite-se": null, "numero_pericia_PF": null, "numero_laudo_SPU": null, "AutoJudicial": null, "area_iinquerito_PF": null, "area_spu": null, "pericia_01": null, "Pericia_02": null, "Pericia_03": null, "Loteamento": "Leonor viana", "area_pecunia": null, "Situacao_recuo": null, "valor_m2": null, "valor_total": 0.0, "valor_formatado": "R$ 0,00", "Num_imovel": null, "CPF:": null, "alvara_municipal": null, "obs_pericia_pf": null, "obs_laudo_SPU": null, "obs_alvara": null, "obs_habite_se": null, "obs_pecunia": null, "obs_inquerito_pf": null }, "geometry": { "type": "MultiPolygon", "coordinates": [ [ [ [ 297809.813506851671264, 9223315.755024956539273 ], [ 297811.336274798784871, 9223328.162707475945354 ], [ 297850.098786967981141, 9223323.843381952494383 ], [ 297881.671703995612916, 9223320.325196500867605 ], [ 297880.989071825402789, 9223307.823897242546082 ], [ 297848.576019020925742, 9223311.435699433088303 ], [ 297809.813506851671264, 9223315.755024956539273 ] ] ] ] } },
{ "type": "Feature", "properties": { "fid": 532, "Endereco": "Rua Vitorino Cardoso", "Proprietario": null, "Situacao_Ocupacao": null, "Bairro": "Poço", "Quadra": "B", "Lote": "02", "Municipio": "Cabedelo-PB", "Inquerito_Policial": null, "Area": null, "Habite_se": null, "Fase_investigacao": "7. Sem definição", "Laudo_SPU": null, "Area_invadida": null, "Pericia_PF": null, "Pericia_PF_link": null, "Laudo_SPU_link": null, "habite-se_link": null, "alvara_municipal_link": null, "Inquerito_policial_link": null, "numero_inquerito_policial": null, "numero_alvara_municipal": null, "numero_habite-se": null, "numero_pericia_PF": null, "numero_laudo_SPU": null, "AutoJudicial": null, "area_iinquerito_PF": null, "area_spu": null, "pericia_01": null, "Pericia_02": null, "Pericia_03": null, "Loteamento": "Leonor viana", "area_pecunia": null, "Situacao_recuo": null, "valor_m2": null, "valor_total": 0.0, "valor_formatado": "R$ 0,00", "Num_imovel": null, "CPF:": null, "alvara_municipal": null, "obs_pericia_pf": null, "obs_laudo_SPU": null, "obs_alvara": null, "obs_habite_se": null, "obs_pecunia": null, "obs_inquerito_pf": null }, "geometry": { "type": "MultiPolygon", "coordinates": [ [ [ [ 297811.336274798784871, 9223328.162707475945354 ], [ 297812.493578438705299, 9223337.592546192929149 ], [ 297851.256090607785154, 9223333.273220671340823 ], [ 297882.190504445228726, 9223329.826183937489986 ], [ 297881.671703995612916, 9223320.325196500867605 ], [ 297850.098786967981141, 9223323.843381952494383 ], [ 297811.336274798784871, 9223328.162707475945354 ] ] ] ] } },
{ "type": "Feature", "properties": { "fid": 533, "Endereco": "Rua Vitorino Cardoso", "Proprietario": null, "Situacao_Ocupacao": null, "Bairro": "Poço", "Quadra": "B", "Lote": "01", "Municipio": "Cabedelo-PB", "Inquerito_Policial": null, "Area": null, "Habite_se": null, "Fase_investigacao": "7. Sem definição", "Laudo_SPU": null, "Area_invadida": null, "Pericia_PF": null, "Pericia_PF_link": null, "Laudo_SPU_link": null, "habite-se_link": null, "alvara_municipal_link": null, "Inquerito_policial_link": null, "numero_inquerito_policial": null, "numero_alvara_municipal": null, "numero_habite-se": null, "numero_pericia_PF": null, "numero_laudo_SPU": null, "AutoJudicial": null, "area_iinquerito_PF": null, "area_spu": null, "pericia_01": null, "Pericia_02": null, "Pericia_03": null, "Loteamento": "Leonor viana", "area_pecunia": null, "Situacao_recuo": null, "valor_m2": null, "valor_total": 0.0, "valor_formatado": "R$ 0,00", "Num_imovel": null, "CPF:": null, "alvara_municipal": null, "obs_pericia_pf": null, "obs_laudo_SPU": null, "obs_alvara": null, "obs_habite_se": null, "obs_pecunia": null, "obs_inquerito_pf": null }, "geometry": { "type": "MultiPolygon", "coordinates": [ [ [ [ 297812.493578438705299, 9223337.592546192929149 ], [ 297813.894524950010236, 9223349.007614109665155 ], [ 297852.657037119206507, 9223344.688288586214185 ], [ 297882.86637885752134, 9223342.203725835308433 ], [ 297882.190504445228726, 9223329.826183937489986 ], [ 297851.256090607785154, 9223333.273220671340823 ], [ 297812.493578438705299, 9223337.592546192929149 ] ] ] ] } },
{ "type": "Feature", "properties": { "fid": 534, "Endereco": "Rua Vitorino Cardoso", "Proprietario": null, "Situacao_Ocupacao": null, "Bairro": "Poço", "Quadra": "A", "Lote": "04", "Municipio": "Cabedelo-PB", "Inquerito_Policial": null, "Area": null, "Habite_se": null, "Fase_investigacao": "7. Sem definição", "Laudo_SPU": null, "Area_invadida": null, "Pericia_PF": null, "Pericia_PF_link": null, "Laudo_SPU_link": null, "habite-se_link": null, "alvara_municipal_link": null, "Inquerito_policial_link": null, "numero_inquerito_policial": null, "numero_alvara_municipal": null, "numero_habite-se": null, "numero_pericia_PF": null, "numero_laudo_SPU": null, "AutoJudicial": null, "area_iinquerito_PF": null, "area_spu": null, "pericia_01": null, "Pericia_02": null, "Pericia_03": null, "Loteamento": "Leonor Viana", "area_pecunia": null, "Situacao_recuo": null, "valor_m2": null, "valor_total": 0.0, "valor_formatado": "R$ 0,00", "Num_imovel": null, "CPF:": null, "alvara_municipal": null, "obs_pericia_pf": null, "obs_laudo_SPU": null, "obs_alvara": null, "obs_habite_se": null, "obs_pecunia": null, "obs_inquerito_pf": null }, "geometry": { "type": "MultiPolygon", "coordinates": [ [ [ [ 297815.533169294008985, 9223360.294610181823373 ], [ 297816.397920937277377, 9223368.249230816960335 ], [ 297852.905707744415849, 9223363.566839249804616 ], [ 297883.857848481275141, 9223359.597000062465668 ], [ 297883.07634706312092, 9223351.631701968610287 ], [ 297852.040956100972835, 9223355.612218610942364 ], [ 297815.533169294008985, 9223360.294610181823373 ] ] ] ] } },
{ "type": "Feature", "properties": { "fid": 535, "Endereco": "Rua Vitorino Cardoso", "Proprietario": null, "Situacao_Ocupacao": null, "Bairro": "Poço", "Quadra": "A", "Lote": "03", "Municipio": "Cabedelo-PB", "Inquerito_Policial": null, "Area": null, "Habite_se": null, "Fase_investigacao": "7. Sem definição", "Laudo_SPU": null, "Area_invadida": null, "Pericia_PF": null, "Pericia_PF_link": null, "Laudo_SPU_link": null, "habite-se_link": null, "alvara_municipal_link": null, "Inquerito_policial_link": null, "numero_inquerito_policial": null, "numero_alvara_municipal": null, "numero_habite-se": null, "numero_pericia_PF": null, "numero_laudo_SPU": null, "AutoJudicial": null, "area_iinquerito_PF": null, "area_spu": null, "pericia_01": null, "Pericia_02": null, "Pericia_03": null, "Loteamento": "Leonor Viana", "area_pecunia": null, "Situacao_recuo": null, "valor_m2": null, "valor_total": 0.0, "valor_formatado": "R$ 0,00", "Num_imovel": null, "CPF:": null, "alvara_municipal": null, "obs_pericia_pf": null, "obs_laudo_SPU": null, "obs_alvara": null, "obs_habite_se": null, "obs_pecunia": null, "obs_inquerito_pf": null }, "geometry": { "type": "MultiPolygon", "coordinates": [ [ [ [ 297816.397920937277377, 9223368.249230816960335 ], [ 297817.446432304801419, 9223377.894208339974284 ], [ 297853.954219111823477, 9223373.211816769093275 ], [ 297884.805418949981686, 9223369.254923993721604 ], [ 297883.857848481275141, 9223359.597000062465668 ], [ 297852.905707744415849, 9223363.566839249804616 ], [ 297816.397920937277377, 9223368.249230816960335 ] ] ] ] } },
{ "type": "Feature", "properties": { "fid": 536, "Endereco": "Rua Vitorino Cardoso", "Proprietario": null, "Situacao_Ocupacao": null, "Bairro": "Poço", "Quadra": "A", "Lote": "02", "Municipio": "Cabedelo-PB", "Inquerito_Policial": null, "Area": null, "Habite_se": null, "Fase_investigacao": "7. Sem definição", "Laudo_SPU": null, "Area_invadida": null, "Pericia_PF": null, "Pericia_PF_link": null, "Laudo_SPU_link": null, "habite-se_link": null, "alvara_municipal_link": null, "Inquerito_policial_link": null, "numero_inquerito_policial": null, "numero_alvara_municipal": null, "numero_habite-se": null, "numero_pericia_PF": null, "numero_laudo_SPU": null, "AutoJudicial": null, "area_iinquerito_PF": null, "area_spu": null, "pericia_01": null, "Pericia_02": null, "Pericia_03": null, "Loteamento": "Leonor Viana", "area_pecunia": null, "Situacao_recuo": null, "valor_m2": null, "valor_total": 0.0, "valor_formatado": "R$ 0,00", "Num_imovel": null, "CPF:": null, "alvara_municipal": null, "obs_pericia_pf": null, "obs_laudo_SPU": null, "obs_alvara": null, "obs_habite_se": null, "obs_pecunia": null, "obs_inquerito_pf": null }, "geometry": { "type": "MultiPolygon", "coordinates": [ [ [ [ 297853.954219111823477, 9223373.211816769093275 ], [ 297821.216258116473909, 9223377.410700514912605 ], [ 297822.048581573180854, 9223385.067022878676653 ], [ 297854.786542568472214, 9223380.868139138445258 ], [ 297853.954219111823477, 9223373.211816769093275 ] ] ], [ [ [ 297881.674024922191165, 9223369.656548257917166 ], [ 297853.954219111823477, 9223373.211816769093275 ], [ 297854.78654256882146, 9223380.868139138445258 ], [ 297882.426220037625171, 9223377.323147678747773 ], [ 297881.674024922191165, 9223369.656548257917166 ] ] ] ] } },
{ "type": "Feature", "properties": { "fid": 537, "Endereco": "Rua Vitorino Cardoso", "Proprietario": null, "Situacao_Ocupacao": null, "Bairro": "Poço", "Quadra": "A", "Lote": "01", "Municipio": "Cabedelo-PB", "Inquerito_Policial": null, "Area": null, "Habite_se": null, "Fase_investigacao": "7. Sem definição", "Laudo_SPU": null, "Area_invadida": null, "Pericia_PF": null, "Pericia_PF_link": null, "Laudo_SPU_link": null, "habite-se_link": null, "alvara_municipal_link": null, "Inquerito_policial_link": null, "numero_inquerito_policial": null, "numero_alvara_municipal": null, "numero_habite-se": null, "numero_pericia_PF": null, "numero_laudo_SPU": null, "AutoJudicial": null, "area_iinquerito_PF": null, "area_spu": null, "pericia_01": null, "Pericia_02": null, "Pericia_03": null, "Loteamento": "Leonor Viana", "area_pecunia": null, "Situacao_recuo": null, "valor_m2": null, "valor_total": 0.0, "valor_formatado": "R$ 0,00", "Num_imovel": null, "CPF:": null, "alvara_municipal": null, "obs_pericia_pf": null, "obs_laudo_SPU": null, "obs_alvara": null, "obs_habite_se": null, "obs_pecunia": null, "obs_inquerito_pf": null }, "geometry": { "type": "MultiPolygon", "coordinates": [ [ [ [ 297854.786542568472214, 9223380.868139138445258 ], [ 297822.048581573180854, 9223385.067022878676653 ], [ 297823.29166206048103, 9223396.501790046691895 ], [ 297856.02962305577239, 9223392.302906302735209 ], [ 297854.786542568472214, 9223380.868139138445258 ] ] ], [ [ [ 297882.426220037625171, 9223377.323147678747773 ], [ 297854.78654256882146, 9223380.868139138445258 ], [ 297856.02962305577239, 9223392.302906302735209 ], [ 297883.549628324399237, 9223388.773263670504093 ], [ 297882.426220037625171, 9223377.323147678747773 ] ] ] ] } },
{ "type": "Feature", "properties": { "fid": 538, "Endereco": "Rua Vitorino Cardoso", "Proprietario": null, "Situacao_Ocupacao": null, "Bairro": "Poço", "Quadra": "A", "Lote": "SN", "Municipio": "Cabedelo-PB", "Inquerito_Policial": null, "Area": null, "Habite_se": null, "Fase_investigacao": "7. Sem definição", "Laudo_SPU": null, "Area_invadida": null, "Pericia_PF": null, "Pericia_PF_link": null, "Laudo_SPU_link": null, "habite-se_link": null, "alvara_municipal_link": null, "Inquerito_policial_link": null, "numero_inquerito_policial": null, "numero_alvara_municipal": null, "numero_habite-se": null, "numero_pericia_PF": null, "numero_laudo_SPU": null, "AutoJudicial": null, "area_iinquerito_PF": null, "area_spu": null, "pericia_01": null, "Pericia_02": null, "Pericia_03": null, "Loteamento": "Leonor Viana", "area_pecunia": null, "Situacao_recuo": null, "valor_m2": null, "valor_total": 0.0, "valor_formatado": "R$ 0,00", "Num_imovel": null, "CPF:": null, "alvara_municipal": null, "obs_pericia_pf": null, "obs_laudo_SPU": null, "obs_alvara": null, "obs_habite_se": null, "obs_pecunia": null, "obs_inquerito_pf": null }, "geometry": { "type": "MultiPolygon", "coordinates": [ [ [ [ 297823.29166206048103, 9223396.501790046691895 ], [ 297824.69688348082127, 9223409.428048582747579 ], [ 297857.43484447611263, 9223405.229164838790894 ], [ 297857.434844476287253, 9223405.229164840653539 ], [ 297879.988119500805624, 9223402.336541811004281 ], [ 297878.718179696588777, 9223389.392932411283255 ], [ 297856.02962305577239, 9223392.302906302735209 ], [ 297823.29166206048103, 9223396.501790046691895 ] ] ] ] } },
{ "type": "Feature", "properties": { "fid": 539, "Endereco": "Rua Vitorino Cardoso", "Proprietario": null, "Situacao_Ocupacao": null, "Bairro": "Poço", "Quadra": "A", "Lote": "6A", "Municipio": "Cabedelo-PB", "Inquerito_Policial": null, "Area": null, "Habite_se": null, "Fase_investigacao": "7. Sem definição", "Laudo_SPU": null, "Area_invadida": null, "Pericia_PF": null, "Pericia_PF_link": null, "Laudo_SPU_link": null, "habite-se_link": null, "alvara_municipal_link": null, "Inquerito_policial_link": null, "numero_inquerito_policial": null, "numero_alvara_municipal": null, "numero_habite-se": null, "numero_pericia_PF": null, "numero_laudo_SPU": null, "AutoJudicial": null, "area_iinquerito_PF": null, "area_spu": null, "pericia_01": null, "Pericia_02": null, "Pericia_03": null, "Loteamento": "Leonor Viana", "area_pecunia": null, "Situacao_recuo": null, "valor_m2": null, "valor_total": 0.0, "valor_formatado": "R$ 0,00", "Num_imovel": null, "CPF:": null, "alvara_municipal": null, "obs_pericia_pf": null, "obs_laudo_SPU": null, "obs_alvara": null, "obs_habite_se": null, "obs_pecunia": null, "obs_inquerito_pf": null }, "geometry": { "type": "MultiPolygon", "coordinates": [ [ [ [ 297858.426903900224715, 9223405.101925937458873 ], [ 297824.69688348082127, 9223409.428048582747579 ], [ 297826.642574678116944, 9223427.325945019721985 ], [ 297860.372595097520389, 9223422.999822372570634 ], [ 297881.74649769050302, 9223420.258462512865663 ], [ 297879.988119500805624, 9223402.336541811004281 ], [ 297858.426903900632169, 9223405.101925941184163 ], [ 297858.426903900224715, 9223405.101925937458873 ] ] ] ] } },
{ "type": "Feature", "properties": { "fid": 540, "Endereco": "Rua Vitorino Cardoso", "Proprietario": null, "Situacao_Ocupacao": null, "Bairro": "Poço", "Quadra": "A", "Lote": "01", "Municipio": "Cabedelo-PB", "Inquerito_Policial": null, "Area": null, "Habite_se": null, "Fase_investigacao": "7. Sem definição", "Laudo_SPU": null, "Area_invadida": null, "Pericia_PF": null, "Pericia_PF_link": null, "Laudo_SPU_link": null, "habite-se_link": null, "alvara_municipal_link": null, "Inquerito_policial_link": null, "numero_inquerito_policial": null, "numero_alvara_municipal": null, "numero_habite-se": null, "numero_pericia_PF": null, "numero_laudo_SPU": null, "AutoJudicial": null, "area_iinquerito_PF": null, "area_spu": null, "pericia_01": null, "Pericia_02": null, "Pericia_03": null, "Loteamento": "Vitorino Cardoso", "area_pecunia": null, "Situacao_recuo": null, "valor_m2": null, "valor_total": 0.0, "valor_formatado": "R$ 0,00", "Num_imovel": null, "CPF:": null, "alvara_municipal": null, "obs_pericia_pf": null, "obs_laudo_SPU": null, "obs_alvara": null, "obs_habite_se": null, "obs_pecunia": null, "obs_inquerito_pf": null }, "geometry": { "type": "MultiPolygon", "coordinates": [ [ [ [ 297857.513264775974676, 9223439.776787282899022 ], [ 297857.513264776091091, 9223439.776787282899022 ], [ 297883.556554084876552, 9223436.999901475384831 ], [ 297882.703577229811344, 9223427.034166207537055 ], [ 297856.696720007108524, 9223429.807167390361428 ], [ 297856.696720006177202, 9223429.807167379185557 ], [ 297826.856857525999658, 9223432.988865727558732 ], [ 297827.673402295913547, 9223442.958485631272197 ], [ 297857.513264775974676, 9223439.776787282899022 ] ] ] ] } },
{ "type": "Feature", "properties": { "fid": 541, "Endereco": "Rua Vitorino Cardoso", "Proprietario": null, "Situacao_Ocupacao": null, "Bairro": "Poço", "Quadra": "A", "Lote": "89", "Municipio": "Cabedelo-PB", "Inquerito_Policial": null, "Area": null, "Habite_se": null, "Fase_investigacao": "7. Sem definição", "Laudo_SPU": null, "Area_invadida": null, "Pericia_PF": null, "Pericia_PF_link": null, "Laudo_SPU_link": null, "habite-se_link": null, "alvara_municipal_link": null, "Inquerito_policial_link": null, "numero_inquerito_policial": null, "numero_alvara_municipal": null, "numero_habite-se": null, "numero_pericia_PF": null, "numero_laudo_SPU": null, "AutoJudicial": null, "area_iinquerito_PF": null, "area_spu": null, "pericia_01": null, "Pericia_02": null, "Pericia_03": null, "Loteamento": "Vitorino Cardoso", "area_pecunia": null, "Situacao_recuo": null, "valor_m2": null, "valor_total": 0.0, "valor_formatado": "R$ 0,00", "Num_imovel": null, "CPF:": null, "alvara_municipal": null, "obs_pericia_pf": null, "obs_laudo_SPU": null, "obs_alvara": null, "obs_habite_se": null, "obs_pecunia": null, "obs_inquerito_pf": null }, "geometry": { "type": "MultiPolygon", "coordinates": [ [ [ [ 297857.513264775974676, 9223439.776787282899022 ], [ 297827.673402295913547, 9223442.958485631272197 ], [ 297828.489947065711021, 9223452.928105534985662 ], [ 297858.329809545888565, 9223449.746407184749842 ], [ 297884.409530943026766, 9223446.965636780485511 ], [ 297883.556554084876552, 9223436.999901475384831 ], [ 297857.513264775974676, 9223439.776787282899022 ] ] ] ] } },
{ "type": "Feature", "properties": { "fid": 542, "Endereco": "Rua Vitorino Cardoso", "Proprietario": null, "Situacao_Ocupacao": null, "Bairro": "Poço", "Quadra": "A", "Lote": "88", "Municipio": "Cabedelo-PB", "Inquerito_Policial": null, "Area": null, "Habite_se": null, "Fase_investigacao": "7. Sem definição", "Laudo_SPU": null, "Area_invadida": null, "Pericia_PF": null, "Pericia_PF_link": null, "Laudo_SPU_link": null, "habite-se_link": null, "alvara_municipal_link": null, "Inquerito_policial_link": null, "numero_inquerito_policial": null, "numero_alvara_municipal": null, "numero_habite-se": null, "numero_pericia_PF": null, "numero_laudo_SPU": null, "AutoJudicial": null, "area_iinquerito_PF": null, "area_spu": null, "pericia_01": null, "Pericia_02": null, "Pericia_03": null, "Loteamento": "Vitorino Cardoso", "area_pecunia": null, "Situacao_recuo": null, "valor_m2": null, "valor_total": 0.0, "valor_formatado": "R$ 0,00", "Num_imovel": null, "CPF:": null, "alvara_municipal": null, "obs_pericia_pf": null, "obs_laudo_SPU": null, "obs_alvara": null, "obs_habite_se": null, "obs_pecunia": null, "obs_inquerito_pf": null }, "geometry": { "type": "MultiPolygon", "coordinates": [ [ [ [ 297859.187181554036215, 9223460.214508080855012 ], [ 297885.305156643094961, 9223457.429658837616444 ], [ 297884.409530943026766, 9223446.965636780485511 ], [ 297858.329809545888565, 9223449.746407184749842 ], [ 297828.489947065711021, 9223452.928105534985662 ], [ 297829.347319073975086, 9223463.396206431090832 ], [ 297859.187181554210838, 9223460.214508082717657 ], [ 297859.187181554036215, 9223460.214508080855012 ] ] ] ] } },
{ "type": "Feature", "properties": { "fid": 543, "Endereco": "Rua Vitorino Cardoso", "Proprietario": null, "Situacao_Ocupacao": null, "Bairro": "Poço", "Quadra": "A", "Lote": "87", "Municipio": "Cabedelo-PB", "Inquerito_Policial": null, "Area": null, "Habite_se": null, "Fase_investigacao": "7. Sem definição", "Laudo_SPU": null, "Area_invadida": null, "Pericia_PF": null, "Pericia_PF_link": null, "Laudo_SPU_link": null, "habite-se_link": null, "alvara_municipal_link": null, "Inquerito_policial_link": null, "numero_inquerito_policial": null, "numero_alvara_municipal": null, "numero_habite-se": null, "numero_pericia_PF": null, "numero_laudo_SPU": null, "AutoJudicial": null, "area_iinquerito_PF": null, "area_spu": null, "pericia_01": null, "Pericia_02": null, "Pericia_03": null, "Loteamento": "Vitorino Cardoso", "area_pecunia": null, "Situacao_recuo": null, "valor_m2": null, "valor_total": 0.0, "valor_formatado": "R$ 0,00", "Num_imovel": null, "CPF:": null, "alvara_municipal": null, "obs_pericia_pf": null, "obs_laudo_SPU": null, "obs_alvara": null, "obs_habite_se": null, "obs_pecunia": null, "obs_inquerito_pf": null }, "geometry": { "type": "MultiPolygon", "coordinates": [ [ [ [ 297829.347319073975086, 9223463.396206431090832 ], [ 297830.000554889906198, 9223471.371902354061604 ], [ 297859.840417370083742, 9223468.190204005688429 ], [ 297885.987538130022585, 9223465.402247086167336 ], [ 297885.305156643094961, 9223457.429658837616444 ], [ 297859.187181553978007, 9223460.214508080855012 ], [ 297859.18718155415263, 9223460.214508082717657 ], [ 297829.347319073975086, 9223463.396206431090832 ] ] ] ] } },
{ "type": "Feature", "properties": { "fid": 544, "Endereco": "Rua Vitorino Cardoso", "Proprietario": null, "Situacao_Ocupacao": null, "Bairro": "Poço", "Quadra": "A", "Lote": "86", "Municipio": "Cabedelo-PB", "Inquerito_Policial": null, "Area": null, "Habite_se": null, "Fase_investigacao": "7. Sem definição", "Laudo_SPU": null, "Area_invadida": null, "Pericia_PF": null, "Pericia_PF_link": null, "Laudo_SPU_link": null, "habite-se_link": null, "alvara_municipal_link": null, "Inquerito_policial_link": null, "numero_inquerito_policial": null, "numero_alvara_municipal": null, "numero_habite-se": null, "numero_pericia_PF": null, "numero_laudo_SPU": null, "AutoJudicial": null, "area_iinquerito_PF": null, "area_spu": null, "pericia_01": null, "Pericia_02": null, "Pericia_03": null, "Loteamento": "Vitorino Cardoso", "area_pecunia": null, "Situacao_recuo": null, "valor_m2": null, "valor_total": 0.0, "valor_formatado": "R$ 0,00", "Num_imovel": null, "CPF:": null, "alvara_municipal": null, "obs_pericia_pf": null, "obs_laudo_SPU": null, "obs_alvara": null, "obs_habite_se": null, "obs_pecunia": null, "obs_inquerito_pf": null }, "geometry": { "type": "MultiPolygon", "coordinates": [ [ [ [ 297830.000554889906198, 9223471.371902354061604 ], [ 297830.735445182828698, 9223480.344560267403722 ], [ 297860.575307663006242, 9223477.162861915305257 ], [ 297886.755217302474193, 9223474.371408861130476 ], [ 297885.987538130022585, 9223465.402247086167336 ], [ 297859.840417370025534, 9223468.190204005688429 ], [ 297830.000554889906198, 9223471.371902354061604 ] ] ] ] } },
{ "type": "Feature", "properties": { "fid": 545, "Endereco": "Rua Vitorino Cardoso", "Proprietario": null, "Situacao_Ocupacao": null, "Bairro": "Poço", "Quadra": "A", "Lote": "85", "Municipio": "Cabedelo-PB", "Inquerito_Policial": null, "Area": null, "Habite_se": null, "Fase_investigacao": "7. Sem definição", "Laudo_SPU": null, "Area_invadida": null, "Pericia_PF": null, "Pericia_PF_link": null, "Laudo_SPU_link": null, "habite-se_link": null, "alvara_municipal_link": null, "Inquerito_policial_link": null, "numero_inquerito_policial": null, "numero_alvara_municipal": null, "numero_habite-se": null, "numero_pericia_PF": null, "numero_laudo_SPU": null, "AutoJudicial": null, "area_iinquerito_PF": null, "area_spu": null, "pericia_01": null, "Pericia_02": null, "Pericia_03": null, "Loteamento": "Vitorino Cardoso", "area_pecunia": null, "Situacao_recuo": null, "valor_m2": null, "valor_total": 0.0, "valor_formatado": "R$ 0,00", "Num_imovel": null, "CPF:": null, "alvara_municipal": null, "obs_pericia_pf": null, "obs_laudo_SPU": null, "obs_alvara": null, "obs_habite_se": null, "obs_pecunia": null, "obs_inquerito_pf": null }, "geometry": { "type": "MultiPolygon", "coordinates": [ [ [ [ 297830.735445182828698, 9223480.344560267403722 ], [ 297831.540507945988793, 9223490.173990374431014 ], [ 297861.390326331777032, 9223487.02141522988677 ], [ 297887.60100808867719, 9223484.253185864537954 ], [ 297886.755217302474193, 9223474.371408861130476 ], [ 297860.575307663006242, 9223477.162861915305257 ], [ 297830.735445182828698, 9223480.344560267403722 ] ] ] ] } },
{ "type": "Feature", "properties": { "fid": 546, "Endereco": "Rua Vitorino Cardoso", "Proprietario": null, "Situacao_Ocupacao": null, "Bairro": "Poço", "Quadra": "E", "Lote": "04", "Municipio": "Cabedelo-PB", "Inquerito_Policial": null, "Area": null, "Habite_se": null, "Fase_investigacao": "7. Sem definição", "Laudo_SPU": null, "Area_invadida": null, "Pericia_PF": null, "Pericia_PF_link": null, "Laudo_SPU_link": null, "habite-se_link": null, "alvara_municipal_link": null, "Inquerito_policial_link": null, "numero_inquerito_policial": null, "numero_alvara_municipal": null, "numero_habite-se": null, "numero_pericia_PF": null, "numero_laudo_SPU": null, "AutoJudicial": null, "area_iinquerito_PF": null, "area_spu": null, "pericia_01": null, "Pericia_02": null, "Pericia_03": null, "Loteamento": "Jardim Nazareth", "area_pecunia": null, "Situacao_recuo": null, "valor_m2": null, "valor_total": 0.0, "valor_formatado": "R$ 0,00", "Num_imovel": null, "CPF:": null, "alvara_municipal": null, "obs_pericia_pf": null, "obs_laudo_SPU": null, "obs_alvara": null, "obs_habite_se": null, "obs_pecunia": null, "obs_inquerito_pf": null }, "geometry": { "type": "MultiPolygon", "coordinates": [ [ [ [ 297865.859167542017531, 9223486.549440577626228 ], [ 297831.540507945988793, 9223490.173990374431014 ], [ 297832.438685629982501, 9223501.140308994799852 ], [ 297866.757345225894824, 9223497.515759194269776 ], [ 297885.740774979814887, 9223495.510832799598575 ], [ 297887.60100808867719, 9223484.253185864537954 ], [ 297865.859167542017531, 9223486.549440577626228 ] ] ] ] } },
{ "type": "Feature", "properties": { "fid": 547, "Endereco": "Rua Vitorino Cardoso", "Proprietario": null, "Situacao_Ocupacao": null, "Bairro": "Poço", "Quadra": "E", "Lote": "03", "Municipio": "Cabedelo-PB", "Inquerito_Policial": null, "Area": null, "Habite_se": null, "Fase_investigacao": "7. Sem definição", "Laudo_SPU": null, "Area_invadida": null, "Pericia_PF": null, "Pericia_PF_link": null, "Laudo_SPU_link": null, "habite-se_link": null, "alvara_municipal_link": null, "Inquerito_policial_link": null, "numero_inquerito_policial": null, "numero_alvara_municipal": null, "numero_habite-se": null, "numero_pericia_PF": null, "numero_laudo_SPU": null, "AutoJudicial": null, "area_iinquerito_PF": null, "area_spu": null, "pericia_01": null, "Pericia_02": null, "Pericia_03": null, "Loteamento": "Jardim Nazareth", "area_pecunia": null, "Situacao_recuo": null, "valor_m2": null, "valor_total": 0.0, "valor_formatado": "R$ 0,00", "Num_imovel": null, "CPF:": null, "alvara_municipal": null, "obs_pericia_pf": null, "obs_laudo_SPU": null, "obs_alvara": null, "obs_habite_se": null, "obs_pecunia": null, "obs_inquerito_pf": null }, "geometry": { "type": "MultiPolygon", "coordinates": [ [ [ [ 297867.622861903277226, 9223508.083302592858672 ], [ 297886.644912055926397, 9223506.07429732196033 ], [ 297885.740774979814887, 9223495.510832799598575 ], [ 297826.71870042901719, 9223501.744422659277916 ], [ 297826.620711141324136, 9223512.41372630558908 ], [ 297867.622861903277226, 9223508.083302592858672 ] ] ] ] } },
{ "type": "Feature", "properties": { "fid": 549, "Endereco": "Rua Alfredo Nóbrega", "Proprietario": null, "Situacao_Ocupacao": null, "Bairro": "Poço", "Quadra": "D", "Lote": "02", "Municipio": "Cabedelo-PB", "Inquerito_Policial": null, "Area": null, "Habite_se": null, "Fase_investigacao": "7. Sem definição", "Laudo_SPU": null, "Area_invadida": null, "Pericia_PF": null, "Pericia_PF_link": null, "Laudo_SPU_link": null, "habite-se_link": null, "alvara_municipal_link": null, "Inquerito_policial_link": null, "numero_inquerito_policial": null, "numero_alvara_municipal": null, "numero_habite-se": null, "numero_pericia_PF": null, "numero_laudo_SPU": null, "AutoJudicial": null, "area_iinquerito_PF": null, "area_spu": null, "pericia_01": null, "Pericia_02": null, "Pericia_03": null, "Loteamento": "Jardim Nazareth", "area_pecunia": null, "Situacao_recuo": null, "valor_m2": null, "valor_total": 0.0, "valor_formatado": "R$ 0,00", "Num_imovel": null, "CPF:": null, "alvara_municipal": null, "obs_pericia_pf": null, "obs_laudo_SPU": null, "obs_alvara": null, "obs_habite_se": null, "obs_pecunia": null, "obs_inquerito_pf": null }, "geometry": { "type": "MultiPolygon", "coordinates": [ [ [ [ 297836.891011743573472, 9223730.624540375545621 ], [ 297838.752231064019725, 9223744.012888574972749 ], [ 297888.738608557498083, 9223742.271706987172365 ], [ 297900.643763179599773, 9223741.857013285160065 ], [ 297900.0266090168152, 9223725.065281404182315 ], [ 297886.512038778222632, 9223726.255275623872876 ], [ 297836.891011743573472, 9223730.624540375545621 ] ] ] ] } },
{ "type": "Feature", "properties": { "fid": 550, "Endereco": "Rua Alfredo Nóbrega", "Proprietario": null, "Situacao_Ocupacao": null, "Bairro": "Poço", "Quadra": "B", "Lote": "09", "Municipio": "Cabedelo-PB", "Inquerito_Policial": null, "Area": null, "Habite_se": null, "Fase_investigacao": "7. Sem definição", "Laudo_SPU": null, "Area_invadida": null, "Pericia_PF": null, "Pericia_PF_link": null, "Laudo_SPU_link": null, "habite-se_link": null, "alvara_municipal_link": null, "Inquerito_policial_link": null, "numero_inquerito_policial": null, "numero_alvara_municipal": null, "numero_habite-se": null, "numero_pericia_PF": null, "numero_laudo_SPU": null, "AutoJudicial": null, "area_iinquerito_PF": null, "area_spu": null, "pericia_01": null, "Pericia_02": null, "Pericia_03": null, "Loteamento": "Jardim Nazareth", "area_pecunia": null, "Situacao_recuo": null, "valor_m2": null, "valor_total": 0.0, "valor_formatado": "R$ 0,00", "Num_imovel": null, "CPF:": null, "alvara_municipal": null, "obs_pericia_pf": null, "obs_laudo_SPU": null, "obs_alvara": null, "obs_habite_se": null, "obs_pecunia": null, "obs_inquerito_pf": null }, "geometry": { "type": "MultiPolygon", "coordinates": [ [ [ [ 297902.077168660413008, 9223878.109141230583191 ], [ 297902.077168659889139, 9223878.109141226857901 ], [ 297905.436341630178504, 9223877.463580442592502 ], [ 297903.058406186522916, 9223865.090002827346325 ], [ 297898.670623082725797, 9223865.933240352198482 ], [ 297861.046271758677904, 9223873.163831319659948 ], [ 297863.103853079024702, 9223885.598974106833339 ], [ 297902.077168660413008, 9223878.109141230583191 ] ] ] ] } },
{ "type": "Feature", "properties": { "fid": 551, "Endereco": "Rua Alfredo Nóbrega", "Proprietario": null, "Situacao_Ocupacao": null, "Bairro": "Poço", "Quadra": "B", "Lote": "07", "Municipio": "Cabedelo-PB", "Inquerito_Policial": null, "Area": null, "Habite_se": null, "Fase_investigacao": "7. Sem definição", "Laudo_SPU": null, "Area_invadida": null, "Pericia_PF": null, "Pericia_PF_link": null, "Laudo_SPU_link": null, "habite-se_link": null, "alvara_municipal_link": null, "Inquerito_policial_link": null, "numero_inquerito_policial": null, "numero_alvara_municipal": null, "numero_habite-se": null, "numero_pericia_PF": null, "numero_laudo_SPU": null, "AutoJudicial": null, "area_iinquerito_PF": null, "area_spu": null, "pericia_01": null, "Pericia_02": null, "Pericia_03": null, "Loteamento": "Jardim Nazareth", "area_pecunia": null, "Situacao_recuo": null, "valor_m2": null, "valor_total": 0.0, "valor_formatado": "R$ 0,00", "Num_imovel": null, "CPF:": null, "alvara_municipal": null, "obs_pericia_pf": null, "obs_laudo_SPU": null, "obs_alvara": null, "obs_habite_se": null, "obs_pecunia": null, "obs_inquerito_pf": null }, "geometry": { "type": "MultiPolygon", "coordinates": [ [ [ [ 297909.187656651425641, 9223903.523918451741338 ], [ 297931.932941513892729, 9223899.152763986960053 ], [ 297929.602700788003858, 9223890.130406714975834 ], [ 297915.162764973181766, 9223892.905451752245426 ], [ 297906.673301582282875, 9223894.536943996325135 ], [ 297865.879954860196449, 9223902.376547710970044 ], [ 297867.398645834706258, 9223911.554867384955287 ], [ 297909.187656651425641, 9223903.523918451741338 ] ] ] ] } },
{ "type": "Feature", "properties": { "fid": 552, "Endereco": "Rua Alfredo Nóbrega", "Proprietario": null, "Situacao_Ocupacao": null, "Bairro": "Poço", "Quadra": "B", "Lote": "06", "Municipio": "Cabedelo-PB", "Inquerito_Policial": null, "Area": null, "Habite_se": null, "Fase_investigacao": "7. Sem definição", "Laudo_SPU": null, "Area_invadida": null, "Pericia_PF": null, "Pericia_PF_link": null, "Laudo_SPU_link": null, "habite-se_link": null, "alvara_municipal_link": null, "Inquerito_policial_link": null, "numero_inquerito_policial": null, "numero_alvara_municipal": null, "numero_habite-se": null, "numero_pericia_PF": null, "numero_laudo_SPU": null, "AutoJudicial": null, "area_iinquerito_PF": null, "area_spu": null, "pericia_01": null, "Pericia_02": null, "Pericia_03": null, "Loteamento": "Jardim Nazareth", "area_pecunia": null, "Situacao_recuo": null, "valor_m2": null, "valor_total": 0.0, "valor_formatado": "R$ 0,00", "Num_imovel": null, "CPF:": null, "alvara_municipal": null, "obs_pericia_pf": null, "obs_laudo_SPU": null, "obs_alvara": null, "obs_habite_se": null, "obs_pecunia": null, "obs_inquerito_pf": null }, "geometry": { "type": "MultiPolygon", "coordinates": [ [ [ [ 297912.171445544809103, 9223914.188774382695556 ], [ 297934.132002930098679, 9223907.667213818058372 ], [ 297931.932941513892729, 9223899.152763986960053 ], [ 297909.187656651309226, 9223903.523918451741338 ], [ 297867.398645834706258, 9223911.554867384955287 ], [ 297869.911042353021912, 9223926.738718997687101 ], [ 297912.171445544809103, 9223914.188774382695556 ] ] ] ] } },
{ "type": "Feature", "properties": { "fid": 553, "Endereco": "Rua Alfredo Nóbrega", "Proprietario": null, "Situacao_Ocupacao": null, "Bairro": "Poço", "Quadra": "B", "Lote": "05", "Municipio": "Cabedelo-PB", "Inquerito_Policial": null, "Area": null, "Habite_se": null, "Fase_investigacao": "7. Sem definição", "Laudo_SPU": null, "Area_invadida": null, "Pericia_PF": null, "Pericia_PF_link": null, "Laudo_SPU_link": null, "habite-se_link": null, "alvara_municipal_link": null, "Inquerito_policial_link": null, "numero_inquerito_policial": null, "numero_alvara_municipal": null, "numero_habite-se": null, "numero_pericia_PF": null, "numero_laudo_SPU": null, "AutoJudicial": null, "area_iinquerito_PF": null, "area_spu": null, "pericia_01": null, "Pericia_02": null, "Pericia_03": null, "Loteamento": "Jardim Nazareth", "area_pecunia": null, "Situacao_recuo": null, "valor_m2": null, "valor_total": 0.0, "valor_formatado": "R$ 0,00", "Num_imovel": null, "CPF:": null, "alvara_municipal": null, "obs_pericia_pf": null, "obs_laudo_SPU": null, "obs_alvara": null, "obs_habite_se": null, "obs_pecunia": null, "obs_inquerito_pf": null }, "geometry": { "type": "MultiPolygon", "coordinates": [ [ [ [ 297915.509435194602702, 9223925.918816734105349 ], [ 297937.145608157210518, 9223919.335460249334574 ], [ 297934.132002930098679, 9223907.667213818058372 ], [ 297912.171445544576272, 9223914.188774382695556 ], [ 297869.911042353021912, 9223926.738718997687101 ], [ 297871.96757692709798, 9223939.167535696178675 ], [ 297915.509435194602702, 9223925.918816734105349 ] ] ] ] } },
{ "type": "Feature", "properties": { "fid": 554, "Endereco": "Rua Alfredo Nóbrega", "Proprietario": null, "Situacao_Ocupacao": null, "Bairro": "Poço", "Quadra": "B", "Lote": "04", "Municipio": "Cabedelo-PB", "Inquerito_Policial": null, "Area": null, "Habite_se": null, "Fase_investigacao": "7. Sem definição", "Laudo_SPU": null, "Area_invadida": null, "Pericia_PF": null, "Pericia_PF_link": null, "Laudo_SPU_link": null, "habite-se_link": null, "alvara_municipal_link": null, "Inquerito_policial_link": null, "numero_inquerito_policial": null, "numero_alvara_municipal": null, "numero_habite-se": null, "numero_pericia_PF": null, "numero_laudo_SPU": null, "AutoJudicial": null, "area_iinquerito_PF": null, "area_spu": null, "pericia_01": null, "Pericia_02": null, "Pericia_03": null, "Loteamento": "Jardim Nazareth", "area_pecunia": null, "Situacao_recuo": null, "valor_m2": null, "valor_total": 0.0, "valor_formatado": "R$ 0,00", "Num_imovel": null, "CPF:": null, "alvara_municipal": null, "obs_pericia_pf": null, "obs_laudo_SPU": null, "obs_alvara": null, "obs_habite_se": null, "obs_pecunia": null, "obs_inquerito_pf": null }, "geometry": { "type": "MultiPolygon", "coordinates": [ [ [ [ 297915.509435194311664, 9223925.918816734105349 ], [ 297871.96757692709798, 9223939.167535696178675 ], [ 297873.859588735271245, 9223950.602047061547637 ], [ 297917.745659006701317, 9223946.297854514792562 ], [ 297940.996560751576908, 9223944.017487252131104 ], [ 297937.145608157210518, 9223919.335460249334574 ], [ 297915.509435194311664, 9223925.918816734105349 ] ] ] ] } },
{ "type": "Feature", "properties": { "fid": 555, "Endereco": "Rua Alfredo Nóbrega", "Proprietario": null, "Situacao_Ocupacao": null, "Bairro": "Poço", "Quadra": "B", "Lote": "03", "Municipio": "Cabedelo-PB", "Inquerito_Policial": null, "Area": null, "Habite_se": null, "Fase_investigacao": "7. Sem definição", "Laudo_SPU": null, "Area_invadida": null, "Pericia_PF": null, "Pericia_PF_link": null, "Laudo_SPU_link": null, "habite-se_link": null, "alvara_municipal_link": null, "Inquerito_policial_link": null, "numero_inquerito_policial": null, "numero_alvara_municipal": null, "numero_habite-se": null, "numero_pericia_PF": null, "numero_laudo_SPU": null, "AutoJudicial": null, "area_iinquerito_PF": null, "area_spu": null, "pericia_01": null, "Pericia_02": null, "Pericia_03": null, "Loteamento": "Jardim Nazareth", "area_pecunia": null, "Situacao_recuo": null, "valor_m2": null, "valor_total": 0.0, "valor_formatado": "R$ 0,00", "Num_imovel": null, "CPF:": null, "alvara_municipal": null, "obs_pericia_pf": null, "obs_laudo_SPU": null, "obs_alvara": null, "obs_habite_se": null, "obs_pecunia": null, "obs_inquerito_pf": null }, "geometry": { "type": "MultiPolygon", "coordinates": [ [ [ [ 297917.745659006701317, 9223946.297854514792562 ], [ 297873.859588735504076, 9223950.602047061547637 ], [ 297876.150043764675502, 9223964.444579096511006 ], [ 297920.185725638875738, 9223960.125713162124157 ], [ 297943.158277755195741, 9223957.872645465657115 ], [ 297940.996560751576908, 9223944.017487252131104 ], [ 297917.745659006701317, 9223946.297854514792562 ] ] ] ] } },
{ "type": "Feature", "properties": { "fid": 556, "Endereco": "Rua Alfredo Nóbrega", "Proprietario": null, "Situacao_Ocupacao": null, "Bairro": "Poço", "Quadra": "B", "Lote": "02", "Municipio": "Cabedelo-PB", "Inquerito_Policial": null, "Area": null, "Habite_se": null, "Fase_investigacao": "7. Sem definição", "Laudo_SPU": null, "Area_invadida": null, "Pericia_PF": null, "Pericia_PF_link": null, "Laudo_SPU_link": null, "habite-se_link": null, "alvara_municipal_link": null, "Inquerito_policial_link": null, "numero_inquerito_policial": null, "numero_alvara_municipal": null, "numero_habite-se": null, "numero_pericia_PF": null, "numero_laudo_SPU": null, "AutoJudicial": null, "area_iinquerito_PF": null, "area_spu": null, "pericia_01": null, "Pericia_02": null, "Pericia_03": null, "Loteamento": "Jardim Nazareth", "area_pecunia": null, "Situacao_recuo": null, "valor_m2": null, "valor_total": 0.0, "valor_formatado": "R$ 0,00", "Num_imovel": null, "CPF:": null, "alvara_municipal": null, "obs_pericia_pf": null, "obs_laudo_SPU": null, "obs_alvara": null, "obs_habite_se": null, "obs_pecunia": null, "obs_inquerito_pf": null }, "geometry": { "type": "MultiPolygon", "coordinates": [ [ [ [ 297922.625792270875536, 9223973.953571811318398 ], [ 297945.319994757010136, 9223971.727803662419319 ], [ 297943.158277755195741, 9223957.872645465657115 ], [ 297920.185725639283191, 9223960.125713163986802 ], [ 297920.185725638875738, 9223960.125713162124157 ], [ 297876.150043764675502, 9223964.444579096511006 ], [ 297878.440498794021551, 9223978.287111129611731 ], [ 297922.625792271224782, 9223973.953571813181043 ], [ 297922.625792270875536, 9223973.953571811318398 ] ] ] ] } },
{ "type": "Feature", "properties": { "fid": 557, "Endereco": "Rua Alfredo Nóbrega", "Proprietario": null, "Situacao_Ocupacao": null, "Bairro": "Poço", "Quadra": "A", "Lote": "14", "Municipio": "Cabedelo-PB", "Inquerito_Policial": null, "Area": null, "Habite_se": null, "Fase_investigacao": "7. Sem definição", "Laudo_SPU": null, "Area_invadida": null, "Pericia_PF": null, "Pericia_PF_link": null, "Laudo_SPU_link": null, "habite-se_link": null, "alvara_municipal_link": null, "Inquerito_policial_link": null, "numero_inquerito_policial": null, "numero_alvara_municipal": null, "numero_habite-se": null, "numero_pericia_PF": null, "numero_laudo_SPU": null, "AutoJudicial": null, "area_iinquerito_PF": null, "area_spu": null, "pericia_01": null, "Pericia_02": null, "Pericia_03": null, "Loteamento": "Jardim Nazareth", "area_pecunia": null, "Situacao_recuo": null, "valor_m2": null, "valor_total": 0.0, "valor_formatado": "R$ 0,00", "Num_imovel": null, "CPF:": null, "alvara_municipal": null, "obs_pericia_pf": null, "obs_laudo_SPU": null, "obs_alvara": null, "obs_habite_se": null, "obs_pecunia": null, "obs_inquerito_pf": null }, "geometry": { "type": "MultiPolygon", "coordinates": [ [ [ [ 297884.646049921691883, 9224014.109769675880671 ], [ 297887.208315831492655, 9224022.802111554890871 ], [ 297923.929807216685731, 9224016.517567712813616 ], [ 297953.812348297680728, 9224011.403447004035115 ], [ 297951.623813785321545, 9224002.647144442424178 ], [ 297921.367541306302883, 9224007.825225833803415 ], [ 297921.367541306826752, 9224007.82522583566606 ], [ 297884.646049921691883, 9224014.109769675880671 ] ] ] ] } },
{ "type": "Feature", "properties": { "fid": 558, "Endereco": "Rua Alfredo Nóbrega", "Proprietario": null, "Situacao_Ocupacao": null, "Bairro": "Poço", "Quadra": "A", "Lote": "13", "Municipio": "Cabedelo-PB", "Inquerito_Policial": null, "Area": null, "Habite_se": null, "Fase_investigacao": "7. Sem definição", "Laudo_SPU": null, "Area_invadida": null, "Pericia_PF": null, "Pericia_PF_link": null, "Laudo_SPU_link": null, "habite-se_link": null, "alvara_municipal_link": null, "Inquerito_policial_link": null, "numero_inquerito_policial": null, "numero_alvara_municipal": null, "numero_habite-se": null, "numero_pericia_PF": null, "numero_laudo_SPU": null, "AutoJudicial": null, "area_iinquerito_PF": null, "area_spu": null, "pericia_01": null, "Pericia_02": null, "Pericia_03": null, "Loteamento": "Jardim Nazareth", "area_pecunia": null, "Situacao_recuo": null, "valor_m2": null, "valor_total": 0.0, "valor_formatado": "R$ 0,00", "Num_imovel": null, "CPF:": null, "alvara_municipal": null, "obs_pericia_pf": null, "obs_laudo_SPU": null, "obs_alvara": null, "obs_habite_se": null, "obs_pecunia": null, "obs_inquerito_pf": null }, "geometry": { "type": "MultiPolygon", "coordinates": [ [ [ [ 297926.47620914678555, 9224025.156091941520572 ], [ 297926.476209147309419, 9224025.156091943383217 ], [ 297955.402721690421458, 9224017.766513489186764 ], [ 297953.812348297680728, 9224011.403447004035115 ], [ 297923.929807216685731, 9224016.517567712813616 ], [ 297887.208315831492655, 9224022.802111554890871 ], [ 297890.603518404706847, 9224034.320143859833479 ], [ 297926.47620914678555, 9224025.156091941520572 ] ] ] ] } },
{ "type": "Feature", "properties": { "fid": 559, "Endereco": "Rua Alfredo Nóbrega", "Proprietario": null, "Situacao_Ocupacao": null, "Bairro": "Poço", "Quadra": "A", "Lote": "12", "Municipio": "Cabedelo-PB", "Inquerito_Policial": null, "Area": null, "Habite_se": null, "Fase_investigacao": "7. Sem definição", "Laudo_SPU": null, "Area_invadida": null, "Pericia_PF": null, "Pericia_PF_link": null, "Laudo_SPU_link": null, "habite-se_link": null, "alvara_municipal_link": null, "Inquerito_policial_link": null, "numero_inquerito_policial": null, "numero_alvara_municipal": null, "numero_habite-se": null, "numero_pericia_PF": null, "numero_laudo_SPU": null, "AutoJudicial": null, "area_iinquerito_PF": null, "area_spu": null, "pericia_01": null, "Pericia_02": null, "Pericia_03": null, "Loteamento": "Jardim Nazareth", "area_pecunia": null, "Situacao_recuo": null, "valor_m2": null, "valor_total": 0.0, "valor_formatado": "R$ 0,00", "Num_imovel": null, "CPF:": null, "alvara_municipal": null, "obs_pericia_pf": null, "obs_laudo_SPU": null, "obs_alvara": null, "obs_habite_se": null, "obs_pecunia": null, "obs_inquerito_pf": null }, "geometry": { "type": "MultiPolygon", "coordinates": [ [ [ [ 297927.541155601327773, 9224028.768862430006266 ], [ 297929.729944946418982, 9224036.194206230342388 ], [ 297958.191270020790398, 9224028.923464754596353 ], [ 297955.402721690421458, 9224017.766513489186764 ], [ 297926.476209147425834, 9224025.156091943383217 ], [ 297926.476209146901965, 9224025.156091941520572 ], [ 297890.603518404706847, 9224034.320143859833479 ], [ 297893.857254203991033, 9224045.35825814679265 ], [ 297929.729944946127944, 9224036.194206230342388 ], [ 297927.541155601327773, 9224028.768862430006266 ] ] ] ] } },
{ "type": "Feature", "properties": { "fid": 560, "Endereco": "Rua Alfredo Nóbrega", "Proprietario": null, "Situacao_Ocupacao": null, "Bairro": "Poço", "Quadra": "A", "Lote": "11", "Municipio": "Cabedelo-PB", "Inquerito_Policial": null, "Area": null, "Habite_se": null, "Fase_investigacao": "7. Sem definição", "Laudo_SPU": null, "Area_invadida": null, "Pericia_PF": null, "Pericia_PF_link": null, "Laudo_SPU_link": null, "habite-se_link": null, "alvara_municipal_link": null, "Inquerito_policial_link": null, "numero_inquerito_policial": null, "numero_alvara_municipal": null, "numero_habite-se": null, "numero_pericia_PF": null, "numero_laudo_SPU": null, "AutoJudicial": null, "area_iinquerito_PF": null, "area_spu": null, "pericia_01": null, "Pericia_02": null, "Pericia_03": null, "Loteamento": "Jardim Nazareth", "area_pecunia": null, "Situacao_recuo": null, "valor_m2": null, "valor_total": 0.0, "valor_formatado": "R$ 0,00", "Num_imovel": null, "CPF:": null, "alvara_municipal": null, "obs_pericia_pf": null, "obs_laudo_SPU": null, "obs_alvara": null, "obs_habite_se": null, "obs_pecunia": null, "obs_inquerito_pf": null }, "geometry": { "type": "MultiPolygon", "coordinates": [ [ [ [ 297929.729944946127944, 9224036.194206230342388 ], [ 297893.857254203991033, 9224045.35825814679265 ], [ 297897.818323873099871, 9224058.795962501317263 ], [ 297933.691014615294989, 9224049.631910583004355 ], [ 297961.586024510790594, 9224042.505840204656124 ], [ 297958.191270020790398, 9224028.923464754596353 ], [ 297929.729944946127944, 9224036.194206230342388 ] ] ] ] } },
{ "type": "Feature", "properties": { "fid": 561, "Endereco": "Rua Alfredo Nóbrega", "Proprietario": null, "Situacao_Ocupacao": null, "Bairro": "Poço", "Quadra": "A", "Lote": "10", "Municipio": "Cabedelo-PB", "Inquerito_Policial": null, "Area": null, "Habite_se": null, "Fase_investigacao": "7. Sem definição", "Laudo_SPU": null, "Area_invadida": null, "Pericia_PF": null, "Pericia_PF_link": null, "Laudo_SPU_link": null, "habite-se_link": null, "alvara_municipal_link": null, "Inquerito_policial_link": null, "numero_inquerito_policial": null, "numero_alvara_municipal": null, "numero_habite-se": null, "numero_pericia_PF": null, "numero_laudo_SPU": null, "AutoJudicial": null, "area_iinquerito_PF": null, "area_spu": null, "pericia_01": null, "Pericia_02": null, "Pericia_03": null, "Loteamento": "Jardim Nazareth", "area_pecunia": null, "Situacao_recuo": null, "valor_m2": null, "valor_total": 0.0, "valor_formatado": "R$ 0,00", "Num_imovel": null, "CPF:": null, "alvara_municipal": null, "obs_pericia_pf": null, "obs_laudo_SPU": null, "obs_alvara": null, "obs_habite_se": null, "obs_pecunia": null, "obs_inquerito_pf": null }, "geometry": { "type": "MultiPolygon", "coordinates": [ [ [ [ 297897.818323873099871, 9224058.795962501317263 ], [ 297902.062327090010513, 9224073.193502880632877 ], [ 297937.935017832205631, 9224064.02945096231997 ], [ 297970.156976798607502, 9224055.7980164475739 ], [ 297966.44430094351992, 9224041.264742963016033 ], [ 297933.691014615178574, 9224049.631910583004355 ], [ 297897.818323873099871, 9224058.795962501317263 ] ] ] ] } },
{ "type": "Feature", "properties": { "fid": 562, "Endereco": "Rua Alfredo Nóbrega", "Proprietario": null, "Situacao_Ocupacao": null, "Bairro": "Poço", "Quadra": "A", "Lote": "09", "Municipio": "Cabedelo-PB", "Inquerito_Policial": null, "Area": null, "Habite_se": null, "Fase_investigacao": "7. Sem definição", "Laudo_SPU": null, "Area_invadida": null, "Pericia_PF": null, "Pericia_PF_link": null, "Laudo_SPU_link": null, "habite-se_link": null, "alvara_municipal_link": null, "Inquerito_policial_link": null, "numero_inquerito_policial": null, "numero_alvara_municipal": null, "numero_habite-se": null, "numero_pericia_PF": null, "numero_laudo_SPU": null, "AutoJudicial": null, "area_iinquerito_PF": null, "area_spu": null, "pericia_01": null, "Pericia_02": null, "Pericia_03": null, "Loteamento": "Jardim Nazareth", "area_pecunia": null, "Situacao_recuo": null, "valor_m2": null, "valor_total": 0.0, "valor_formatado": "R$ 0,00", "Num_imovel": null, "CPF:": null, "alvara_municipal": null, "obs_pericia_pf": null, "obs_laudo_SPU": null, "obs_alvara": null, "obs_habite_se": null, "obs_pecunia": null, "obs_inquerito_pf": null }, "geometry": { "type": "MultiPolygon", "coordinates": [ [ [ [ 297937.9350178319728, 9224064.02945096231997 ], [ 297902.062327090301551, 9224073.193502880632877 ], [ 297905.860592708108015, 9224085.640682879835367 ], [ 297940.493010728212539, 9224076.793471526354551 ], [ 297973.374629201192874, 9224068.393520124256611 ], [ 297970.156976798607502, 9224055.7980164475739 ], [ 297937.9350178319728, 9224064.02945096231997 ] ] ] ] } },
{ "type": "Feature", "properties": { "fid": 563, "Endereco": "Rua Alfredo Nóbrega", "Proprietario": null, "Situacao_Ocupacao": null, "Bairro": "Poço", "Quadra": "A", "Lote": "08", "Municipio": "Cabedelo-PB", "Inquerito_Policial": null, "Area": null, "Habite_se": null, "Fase_investigacao": "7. Sem definição", "Laudo_SPU": null, "Area_invadida": null, "Pericia_PF": null, "Pericia_PF_link": null, "Laudo_SPU_link": null, "habite-se_link": null, "alvara_municipal_link": null, "Inquerito_policial_link": null, "numero_inquerito_policial": null, "numero_alvara_municipal": null, "numero_habite-se": null, "numero_pericia_PF": null, "numero_laudo_SPU": null, "AutoJudicial": null, "area_iinquerito_PF": null, "area_spu": null, "pericia_01": null, "Pericia_02": null, "Pericia_03": null, "Loteamento": "Jardim Nazareth", "area_pecunia": null, "Situacao_recuo": null, "valor_m2": null, "valor_total": 0.0, "valor_formatado": "R$ 0,00", "Num_imovel": null, "CPF:": null, "alvara_municipal": null, "obs_pericia_pf": null, "obs_laudo_SPU": null, "obs_alvara": null, "obs_habite_se": null, "obs_pecunia": null, "obs_inquerito_pf": null }, "geometry": { "type": "MultiPolygon", "coordinates": [ [ [ [ 297940.493010728096124, 9224076.793471526354551 ], [ 297905.860592708108015, 9224085.640682879835367 ], [ 297908.782335490395781, 9224095.215436721220613 ], [ 297942.460697553877253, 9224086.611948886886239 ], [ 297975.849746435706038, 9224078.082369115203619 ], [ 297973.374629201192874, 9224068.393520124256611 ], [ 297940.493010728096124, 9224076.793471526354551 ] ] ] ] } },
{ "type": "Feature", "properties": { "fid": 564, "Endereco": "Rua Alfredo Nóbrega", "Proprietario": null, "Situacao_Ocupacao": null, "Bairro": "Poço", "Quadra": "A", "Lote": "07", "Municipio": "Cabedelo-PB", "Inquerito_Policial": null, "Area": null, "Habite_se": null, "Fase_investigacao": "7. Sem definição", "Laudo_SPU": null, "Area_invadida": null, "Pericia_PF": null, "Pericia_PF_link": null, "Laudo_SPU_link": null, "habite-se_link": null, "alvara_municipal_link": null, "Inquerito_policial_link": null, "numero_inquerito_policial": null, "numero_alvara_municipal": null, "numero_habite-se": null, "numero_pericia_PF": null, "numero_laudo_SPU": null, "AutoJudicial": null, "area_iinquerito_PF": null, "area_spu": null, "pericia_01": null, "Pericia_02": null, "Pericia_03": null, "Loteamento": "Jardim Nazareth", "area_pecunia": null, "Situacao_recuo": null, "valor_m2": null, "valor_total": 0.0, "valor_formatado": "R$ 0,00", "Num_imovel": null, "CPF:": null, "alvara_municipal": null, "obs_pericia_pf": null, "obs_laudo_SPU": null, "obs_alvara": null, "obs_habite_se": null, "obs_pecunia": null, "obs_inquerito_pf": null }, "geometry": { "type": "MultiPolygon", "coordinates": [ [ [ [ 297942.460697553877253, 9224086.611948886886239 ], [ 297908.782335490395781, 9224095.215436721220613 ], [ 297913.749298220791388, 9224111.492518259212375 ], [ 297945.805765157798305, 9224103.303360402584076 ], [ 297980.057445733516943, 9224094.553412398323417 ], [ 297975.849746435706038, 9224078.082369115203619 ], [ 297942.460697553877253, 9224086.611948886886239 ] ] ] ] } },
{ "type": "Feature", "properties": { "fid": 565, "Endereco": "Rua Alfredo Nóbrega", "Proprietario": null, "Situacao_Ocupacao": null, "Bairro": "Poço", "Quadra": "A", "Lote": "05", "Municipio": "Cabedelo-PB", "Inquerito_Policial": null, "Area": null, "Habite_se": null, "Fase_investigacao": "7. Sem definição", "Laudo_SPU": null, "Area_invadida": null, "Pericia_PF": null, "Pericia_PF_link": null, "Laudo_SPU_link": null, "habite-se_link": null, "alvara_municipal_link": null, "Inquerito_policial_link": null, "numero_inquerito_policial": null, "numero_alvara_municipal": null, "numero_habite-se": null, "numero_pericia_PF": null, "numero_laudo_SPU": null, "AutoJudicial": null, "area_iinquerito_PF": null, "area_spu": null, "pericia_01": null, "Pericia_02": null, "Pericia_03": null, "Loteamento": "Jardim Nazareth", "area_pecunia": null, "Situacao_recuo": null, "valor_m2": null, "valor_total": 0.0, "valor_formatado": "R$ 0,00", "Num_imovel": null, "CPF:": null, "alvara_municipal": null, "obs_pericia_pf": null, "obs_laudo_SPU": null, "obs_alvara": null, "obs_habite_se": null, "obs_pecunia": null, "obs_inquerito_pf": null }, "geometry": { "type": "MultiPolygon", "coordinates": [ [ [ [ 297948.328018209780566, 9224111.948053712025285 ], [ 297916.491386207926553, 9224120.081052448600531 ], [ 297920.147503523679916, 9224131.532431364059448 ], [ 297951.691022278100718, 9224123.474311456084251 ], [ 297962.1092268860084, 9224120.812872741371393 ], [ 297959.139086204697378, 9224109.18625396490097 ], [ 297948.328018209780566, 9224111.948053712025285 ] ] ] ] } },
{ "type": "Feature", "properties": { "fid": 566, "Endereco": "Rua Alfredo Nóbrega", "Proprietario": null, "Situacao_Ocupacao": null, "Bairro": "Poço", "Quadra": "A", "Lote": "01", "Municipio": "Cabedelo-PB", "Inquerito_Policial": null, "Area": null, "Habite_se": null, "Fase_investigacao": "7. Sem definição", "Laudo_SPU": null, "Area_invadida": null, "Pericia_PF": null, "Pericia_PF_link": null, "Laudo_SPU_link": null, "habite-se_link": null, "alvara_municipal_link": null, "Inquerito_policial_link": null, "numero_inquerito_policial": null, "numero_alvara_municipal": null, "numero_habite-se": null, "numero_pericia_PF": null, "numero_laudo_SPU": null, "AutoJudicial": null, "area_iinquerito_PF": null, "area_spu": null, "pericia_01": null, "Pericia_02": null, "Pericia_03": null, "Loteamento": "Jardim Nazareth", "area_pecunia": null, "Situacao_recuo": null, "valor_m2": null, "valor_total": 0.0, "valor_formatado": "R$ 0,00", "Num_imovel": null, "CPF:": null, "alvara_municipal": null, "obs_pericia_pf": null, "obs_laudo_SPU": null, "obs_alvara": null, "obs_habite_se": null, "obs_pecunia": null, "obs_inquerito_pf": null }, "geometry": { "type": "MultiPolygon", "coordinates": [ [ [ [ 297933.854344175604638, 9224174.463828936219215 ], [ 297938.42089153669076, 9224188.766779214143753 ], [ 297969.812192046025302, 9224180.231894291937351 ], [ 297997.409606821078341, 9224172.728517390787601 ], [ 297993.474168169486802, 9224158.253976898267865 ], [ 297965.245644684822764, 9224165.928944019600749 ], [ 297933.854344175604638, 9224174.463828936219215 ] ] ] ] } },
{ "type": "Feature", "properties": { "fid": 567, "Endereco": "Rua Alfredo Nóbrega", "Proprietario": null, "Situacao_Ocupacao": null, "Bairro": "Camboinha", "Quadra": "A", "Lote": "03", "Municipio": "Cabedelo-PB", "Inquerito_Policial": null, "Area": null, "Habite_se": null, "Fase_investigacao": "7. Sem definição", "Laudo_SPU": null, "Area_invadida": null, "Pericia_PF": null, "Pericia_PF_link": null, "Laudo_SPU_link": null, "habite-se_link": null, "alvara_municipal_link": null, "Inquerito_policial_link": null, "numero_inquerito_policial": null, "numero_alvara_municipal": null, "numero_habite-se": null, "numero_pericia_PF": null, "numero_laudo_SPU": null, "AutoJudicial": null, "area_iinquerito_PF": null, "area_spu": null, "pericia_01": null, "Pericia_02": null, "Pericia_03": null, "Loteamento": "Jardim Atlântico", "area_pecunia": null, "Situacao_recuo": null, "valor_m2": null, "valor_total": 0.0, "valor_formatado": "R$ 0,00", "Num_imovel": null, "CPF:": null, "alvara_municipal": null, "obs_pericia_pf": null, "obs_laudo_SPU": null, "obs_alvara": null, "obs_habite_se": null, "obs_pecunia": null, "obs_inquerito_pf": null }, "geometry": { "type": "MultiPolygon", "coordinates": [ [ [ [ 297951.574357454082929, 9224231.908838298171759 ], [ 297955.210899670608342, 9224246.580281734466553 ], [ 297983.432686145824846, 9224235.743606265634298 ], [ 297984.474395067722071, 9224235.343608144670725 ], [ 297981.092635317414533, 9224226.30279097519815 ], [ 297983.260367199603934, 9224225.481888819485903 ], [ 297981.391403278685175, 9224220.459610970690846 ], [ 297979.796143929183017, 9224221.072162831202149 ], [ 297951.574357454082929, 9224231.908838298171759 ] ] ] ] } },
{ "type": "Feature", "properties": { "fid": 568, "Endereco": "Rua Alfredo Nóbrega", "Proprietario": null, "Situacao_Ocupacao": null, "Bairro": "Camboinha", "Quadra": "A", "Lote": "04", "Municipio": "Cabedelo-PB", "Inquerito_Policial": null, "Area": null, "Habite_se": null, "Fase_investigacao": "7. Sem definição", "Laudo_SPU": null, "Area_invadida": null, "Pericia_PF": null, "Pericia_PF_link": null, "Laudo_SPU_link": null, "habite-se_link": null, "alvara_municipal_link": null, "Inquerito_policial_link": null, "numero_inquerito_policial": null, "numero_alvara_municipal": null, "numero_habite-se": null, "numero_pericia_PF": null, "numero_laudo_SPU": null, "AutoJudicial": null, "area_iinquerito_PF": null, "area_spu": null, "pericia_01": null, "Pericia_02": null, "Pericia_03": null, "Loteamento": "Jardim Atlântico", "area_pecunia": null, "Situacao_recuo": null, "valor_m2": null, "valor_total": 0.0, "valor_formatado": "R$ 0,00", "Num_imovel": null, "CPF:": null, "alvara_municipal": null, "obs_pericia_pf": null, "obs_laudo_SPU": null, "obs_alvara": null, "obs_habite_se": null, "obs_pecunia": null, "obs_inquerito_pf": null }, "geometry": { "type": "MultiPolygon", "coordinates": [ [ [ [ 297987.069228362408467, 9224250.415049700066447 ], [ 297987.06922836258309, 9224250.415049700066447 ], [ 297989.729798903979827, 9224249.393436858430505 ], [ 297984.474395067722071, 9224235.343608144670725 ], [ 297983.432686145592015, 9224235.743606265634298 ], [ 297955.210899670608342, 9224246.580281734466553 ], [ 297958.847441887308378, 9224261.251725170761347 ], [ 297987.069228362408467, 9224250.415049700066447 ] ] ] ] } },
{ "type": "Feature", "properties": { "fid": 569, "Endereco": "Rua Alfredo Nóbrega", "Proprietario": null, "Situacao_Ocupacao": null, "Bairro": "Camboinha", "Quadra": "A", "Lote": "05", "Municipio": "Cabedelo-PB", "Inquerito_Policial": null, "Area": null, "Habite_se": null, "Fase_investigacao": "7. Sem definição", "Laudo_SPU": null, "Area_invadida": null, "Pericia_PF": null, "Pericia_PF_link": null, "Laudo_SPU_link": null, "habite-se_link": null, "alvara_municipal_link": null, "Inquerito_policial_link": null, "numero_inquerito_policial": null, "numero_alvara_municipal": null, "numero_habite-se": null, "numero_pericia_PF": null, "numero_laudo_SPU": null, "AutoJudicial": null, "area_iinquerito_PF": null, "area_spu": null, "pericia_01": null, "Pericia_02": null, "Pericia_03": null, "Loteamento": "Jardim Atlântico", "area_pecunia": null, "Situacao_recuo": null, "valor_m2": null, "valor_total": 0.0, "valor_formatado": "R$ 0,00", "Num_imovel": null, "CPF:": null, "alvara_municipal": null, "obs_pericia_pf": null, "obs_laudo_SPU": null, "obs_alvara": null, "obs_habite_se": null, "obs_pecunia": null, "obs_inquerito_pf": null }, "geometry": { "type": "MultiPolygon", "coordinates": [ [ [ [ 297990.705770578992087, 9224265.086493134498596 ], [ 297994.985202739073429, 9224263.443265566602349 ], [ 297989.729798903979827, 9224249.393436858430505 ], [ 297987.069228362408467, 9224250.415049700066447 ], [ 297958.847441887308378, 9224261.251725170761347 ], [ 297962.483984103891999, 9224275.923168608918786 ], [ 297990.705770578992087, 9224265.086493134498596 ] ] ] ] } },
{ "type": "Feature", "properties": { "fid": 570, "Endereco": "Rua Alfredo Nóbrega", "Proprietario": null, "Situacao_Ocupacao": null, "Bairro": "Camboinha", "Quadra": "A", "Lote": "06", "Municipio": "Cabedelo-PB", "Inquerito_Policial": null, "Area": null, "Habite_se": null, "Fase_investigacao": "7. Sem definição", "Laudo_SPU": null, "Area_invadida": null, "Pericia_PF": null, "Pericia_PF_link": null, "Laudo_SPU_link": null, "habite-se_link": null, "alvara_municipal_link": null, "Inquerito_policial_link": null, "numero_inquerito_policial": null, "numero_alvara_municipal": null, "numero_habite-se": null, "numero_pericia_PF": null, "numero_laudo_SPU": null, "AutoJudicial": null, "area_iinquerito_PF": null, "area_spu": null, "pericia_01": null, "Pericia_02": null, "Pericia_03": null, "Loteamento": "Jardim Atlântico", "area_pecunia": null, "Situacao_recuo": null, "valor_m2": null, "valor_total": 0.0, "valor_formatado": "R$ 0,00", "Num_imovel": null, "CPF:": null, "alvara_municipal": null, "obs_pericia_pf": null, "obs_laudo_SPU": null, "obs_alvara": null, "obs_habite_se": null, "obs_pecunia": null, "obs_inquerito_pf": null }, "geometry": { "type": "MultiPolygon", "coordinates": [ [ [ [ 297962.483984103891999, 9224275.923168608918786 ], [ 297966.120526320475619, 9224290.594612043350935 ], [ 297994.342312795575708, 9224279.757936572656035 ], [ 298018.701042906090152, 9224270.404607595875859 ], [ 298013.324076406075619, 9224256.401456834748387 ], [ 297994.985202739073429, 9224263.443265566602349 ], [ 297990.705770578992087, 9224265.086493134498596 ], [ 297962.483984103891999, 9224275.923168608918786 ] ] ] ] } },
{ "type": "Feature", "properties": { "fid": 571, "Endereco": "Rua Alfredo Nóbrega", "Proprietario": null, "Situacao_Ocupacao": null, "Bairro": "Camboinha", "Quadra": "A", "Lote": "07", "Municipio": "Cabedelo-PB", "Inquerito_Policial": null, "Area": null, "Habite_se": null, "Fase_investigacao": "7. Sem definição", "Laudo_SPU": null, "Area_invadida": null, "Pericia_PF": null, "Pericia_PF_link": null, "Laudo_SPU_link": null, "habite-se_link": null, "alvara_municipal_link": null, "Inquerito_policial_link": null, "numero_inquerito_policial": null, "numero_alvara_municipal": null, "numero_habite-se": null, "numero_pericia_PF": null, "numero_laudo_SPU": null, "AutoJudicial": null, "area_iinquerito_PF": null, "area_spu": null, "pericia_01": null, "Pericia_02": null, "Pericia_03": null, "Loteamento": "Jardim Atlântico", "area_pecunia": null, "Situacao_recuo": null, "valor_m2": null, "valor_total": 0.0, "valor_formatado": "R$ 0,00", "Num_imovel": null, "CPF:": null, "alvara_municipal": null, "obs_pericia_pf": null, "obs_laudo_SPU": null, "obs_alvara": null, "obs_habite_se": null, "obs_pecunia": null, "obs_inquerito_pf": null }, "geometry": { "type": "MultiPolygon", "coordinates": [ [ [ [ 297966.120526320475619, 9224290.594612043350935 ], [ 297969.757068537117448, 9224305.266055475920439 ], [ 297997.978855012275744, 9224294.429380007088184 ], [ 298005.496010411181487, 9224291.542922990396619 ], [ 298000.240606575622223, 9224277.493094280362129 ], [ 297994.342312795401085, 9224279.757936572656035 ], [ 297966.120526320475619, 9224290.594612043350935 ] ] ] ] } },
{ "type": "Feature", "properties": { "fid": 572, "Endereco": "Avenida Max Zagel", "Proprietario": null, "Situacao_Ocupacao": null, "Bairro": "Camboinha", "Quadra": "B", "Lote": "01", "Municipio": "Cabedelo-PB", "Inquerito_Policial": null, "Area": null, "Habite_se": null, "Fase_investigacao": "7. Sem definição", "Laudo_SPU": null, "Area_invadida": null, "Pericia_PF": null, "Pericia_PF_link": null, "Laudo_SPU_link": null, "habite-se_link": null, "alvara_municipal_link": null, "Inquerito_policial_link": null, "numero_inquerito_policial": null, "numero_alvara_municipal": null, "numero_habite-se": null, "numero_pericia_PF": null, "numero_laudo_SPU": null, "AutoJudicial": null, "area_iinquerito_PF": null, "area_spu": null, "pericia_01": null, "Pericia_02": null, "Pericia_03": null, "Loteamento": "Jardim Atlântico", "area_pecunia": null, "Situacao_recuo": null, "valor_m2": null, "valor_total": 0.0, "valor_formatado": "R$ 0,00", "Num_imovel": null, "CPF:": null, "alvara_municipal": null, "obs_pericia_pf": null, "obs_laudo_SPU": null, "obs_alvara": null, "obs_habite_se": null, "obs_pecunia": null, "obs_inquerito_pf": null }, "geometry": { "type": "MultiPolygon", "coordinates": [ [ [ [ 298004.629450311185792, 9224320.306755306199193 ], [ 298007.017533843871206, 9224319.344297792762518 ], [ 298003.336875084496569, 9224304.655294021591544 ], [ 298000.796546819328796, 9224305.679109977558255 ], [ 297972.746018902980722, 9224316.984175734221935 ], [ 297976.578922395128757, 9224331.611821059137583 ], [ 298004.629450311185792, 9224320.306755306199193 ] ] ] ] } },
{ "type": "Feature", "properties": { "fid": 573, "Endereco": "Avenida Max Zagel", "Proprietario": null, "Situacao_Ocupacao": null, "Bairro": "Camboinha", "Quadra": "B", "Lote": "02", "Municipio": "Cabedelo-PB", "Inquerito_Policial": null, "Area": null, "Habite_se": null, "Fase_investigacao": "7. Sem definição", "Laudo_SPU": null, "Area_invadida": null, "Pericia_PF": null, "Pericia_PF_link": null, "Laudo_SPU_link": null, "habite-se_link": null, "alvara_municipal_link": null, "Inquerito_policial_link": null, "numero_inquerito_policial": null, "numero_alvara_municipal": null, "numero_habite-se": null, "numero_pericia_PF": null, "numero_laudo_SPU": null, "AutoJudicial": null, "area_iinquerito_PF": null, "area_spu": null, "pericia_01": null, "Pericia_02": null, "Pericia_03": null, "Loteamento": "Jardim Atlântico", "area_pecunia": null, "Situacao_recuo": null, "valor_m2": null, "valor_total": 0.0, "valor_formatado": "R$ 0,00", "Num_imovel": null, "CPF:": null, "alvara_municipal": null, "obs_pericia_pf": null, "obs_laudo_SPU": null, "obs_alvara": null, "obs_habite_se": null, "obs_pecunia": null, "obs_inquerito_pf": null }, "geometry": { "type": "MultiPolygon", "coordinates": [ [ [ [ 298008.462353803333826, 9224334.934400634840131 ], [ 298008.462353803799488, 9224334.934400636702776 ], [ 298012.940935036400333, 9224333.129420157521963 ], [ 298009.405617377080489, 9224318.381840277463198 ], [ 298004.629450311302207, 9224320.306755306199193 ], [ 297976.578922395186964, 9224331.611821064725518 ], [ 297980.411825887393206, 9224346.239466389641166 ], [ 298008.462353803333826, 9224334.934400634840131 ] ] ] ] } },
{ "type": "Feature", "properties": { "fid": 574, "Endereco": "Avenida Max Zagel", "Proprietario": null, "Situacao_Ocupacao": null, "Bairro": "Camboinha", "Quadra": "B", "Lote": "03", "Municipio": "Cabedelo-PB", "Inquerito_Policial": null, "Area": null, "Habite_se": null, "Fase_investigacao": "7. Sem definição", "Laudo_SPU": null, "Area_invadida": null, "Pericia_PF": null, "Pericia_PF_link": null, "Laudo_SPU_link": null, "habite-se_link": null, "alvara_municipal_link": null, "Inquerito_policial_link": null, "numero_inquerito_policial": null, "numero_alvara_municipal": null, "numero_habite-se": null, "numero_pericia_PF": null, "numero_laudo_SPU": null, "AutoJudicial": null, "area_iinquerito_PF": null, "area_spu": null, "pericia_01": null, "Pericia_02": null, "Pericia_03": null, "Loteamento": "Jardim Atlântico", "area_pecunia": null, "Situacao_recuo": null, "valor_m2": null, "valor_total": 0.0, "valor_formatado": "R$ 0,00", "Num_imovel": null, "CPF:": null, "alvara_municipal": null, "obs_pericia_pf": null, "obs_laudo_SPU": null, "obs_alvara": null, "obs_habite_se": null, "obs_pecunia": null, "obs_inquerito_pf": null }, "geometry": { "type": "MultiPolygon", "coordinates": [ [ [ [ 298012.295257295481861, 9224349.562045963481069 ], [ 298016.476252694090363, 9224347.877000030130148 ], [ 298012.940935036400333, 9224333.129420157521963 ], [ 298008.462353803974111, 9224334.934400636702776 ], [ 298008.462353803508449, 9224334.934400634840131 ], [ 297980.411825887393206, 9224346.239466389641166 ], [ 297984.244729379424825, 9224360.867111720144749 ], [ 298012.295257295481861, 9224349.562045963481069 ] ] ] ] } },
{ "type": "Feature", "properties": { "fid": 575, "Endereco": "Avenida Max Zagel", "Proprietario": null, "Situacao_Ocupacao": null, "Bairro": "Camboinha", "Quadra": "B", "Lote": "04", "Municipio": "Cabedelo-PB", "Inquerito_Policial": null, "Area": null, "Habite_se": null, "Fase_investigacao": "7. Sem definição", "Laudo_SPU": null, "Area_invadida": null, "Pericia_PF": null, "Pericia_PF_link": null, "Laudo_SPU_link": null, "habite-se_link": null, "alvara_municipal_link": null, "Inquerito_policial_link": null, "numero_inquerito_policial": null, "numero_alvara_municipal": null, "numero_habite-se": null, "numero_pericia_PF": null, "numero_laudo_SPU": null, "AutoJudicial": null, "area_iinquerito_PF": null, "area_spu": null, "pericia_01": null, "Pericia_02": null, "Pericia_03": null, "Loteamento": "Jardim Atlântico", "area_pecunia": null, "Situacao_recuo": null, "valor_m2": null, "valor_total": 0.0, "valor_formatado": "R$ 0,00", "Num_imovel": null, "CPF:": null, "alvara_municipal": null, "obs_pericia_pf": null, "obs_laudo_SPU": null, "obs_alvara": null, "obs_habite_se": null, "obs_pecunia": null, "obs_inquerito_pf": null }, "geometry": { "type": "MultiPolygon", "coordinates": [ [ [ [ 298016.128160787688103, 9224364.189691292122006 ], [ 298020.011570353177376, 9224362.624579910188913 ], [ 298016.476252694090363, 9224347.877000030130148 ], [ 298012.295257295307238, 9224349.562045963481069 ], [ 297984.244729379424825, 9224360.867111720144749 ], [ 297988.077632871398237, 9224375.494757043197751 ], [ 298016.128160787688103, 9224364.189691292122006 ] ] ] ] } },
{ "type": "Feature", "properties": { "fid": 576, "Endereco": "Avenida Max Zagel", "Proprietario": null, "Situacao_Ocupacao": null, "Bairro": "Camboinha", "Quadra": "B", "Lote": "05", "Municipio": "Cabedelo-PB", "Inquerito_Policial": null, "Area": null, "Habite_se": null, "Fase_investigacao": "7. Sem definição", "Laudo_SPU": null, "Area_invadida": null, "Pericia_PF": null, "Pericia_PF_link": null, "Laudo_SPU_link": null, "habite-se_link": null, "alvara_municipal_link": null, "Inquerito_policial_link": null, "numero_inquerito_policial": null, "numero_alvara_municipal": null, "numero_habite-se": null, "numero_pericia_PF": null, "numero_laudo_SPU": null, "AutoJudicial": null, "area_iinquerito_PF": null, "area_spu": null, "pericia_01": null, "Pericia_02": null, "Pericia_03": null, "Loteamento": "Jardim Atlântico", "area_pecunia": null, "Situacao_recuo": null, "valor_m2": null, "valor_total": 0.0, "valor_formatado": "R$ 0,00", "Num_imovel": null, "CPF:": null, "alvara_municipal": null, "obs_pericia_pf": null, "obs_laudo_SPU": null, "obs_alvara": null, "obs_habite_se": null, "obs_pecunia": null, "obs_inquerito_pf": null }, "geometry": { "type": "MultiPolygon", "coordinates": [ [ [ [ 298016.128160787688103, 9224364.189691292122006 ], [ 297988.077632871398237, 9224375.494757043197751 ], [ 297991.910536363720894, 9224390.122402371838689 ], [ 298019.961064279894345, 9224378.817336617037654 ], [ 298025.147990859171841, 9224376.726875210180879 ], [ 298020.011570353177376, 9224362.624579910188913 ], [ 298016.128160787688103, 9224364.189691292122006 ] ] ] ] } },
{ "type": "Feature", "properties": { "fid": 577, "Endereco": "Avenida Max Zagel", "Proprietario": null, "Situacao_Ocupacao": null, "Bairro": "Camboinha", "Quadra": "B", "Lote": "06", "Municipio": "Cabedelo-PB", "Inquerito_Policial": null, "Area": null, "Habite_se": null, "Fase_investigacao": "7. Sem definição", "Laudo_SPU": null, "Area_invadida": null, "Pericia_PF": null, "Pericia_PF_link": null, "Laudo_SPU_link": null, "habite-se_link": null, "alvara_municipal_link": null, "Inquerito_policial_link": null, "numero_inquerito_policial": null, "numero_alvara_municipal": null, "numero_habite-se": null, "numero_pericia_PF": null, "numero_laudo_SPU": null, "AutoJudicial": null, "area_iinquerito_PF": null, "area_spu": null, "pericia_01": null, "Pericia_02": null, "Pericia_03": null, "Loteamento": "Jardim Atlântico", "area_pecunia": null, "Situacao_recuo": null, "valor_m2": null, "valor_total": 0.0, "valor_formatado": "R$ 0,00", "Num_imovel": null, "CPF:": null, "alvara_municipal": null, "obs_pericia_pf": null, "obs_laudo_SPU": null, "obs_alvara": null, "obs_habite_se": null, "obs_pecunia": null, "obs_inquerito_pf": null }, "geometry": { "type": "MultiPolygon", "coordinates": [ [ [ [ 297994.736546332889702, 9224400.741007421165705 ], [ 298023.695822638110258, 9224393.023077199235559 ], [ 298025.645377316628583, 9224392.503501819446683 ], [ 298030.436265864700545, 9224391.246094513684511 ], [ 298025.147990859171841, 9224376.726875210180879 ], [ 298019.961064279894345, 9224378.817336617037654 ], [ 298019.961064279777929, 9224378.817336617037654 ], [ 297991.910536363604479, 9224390.122402371838689 ], [ 297994.736546332889702, 9224400.741007421165705 ] ] ] ] } },
{ "type": "Feature", "properties": { "fid": 578, "Endereco": "Avenida Max Zagel", "Proprietario": null, "Situacao_Ocupacao": null, "Bairro": "Camboinha", "Quadra": "04", "Lote": "01", "Municipio": "Cabedelo-PB", "Inquerito_Policial": null, "Area": null, "Habite_se": null, "Fase_investigacao": "7. Sem definição", "Laudo_SPU": null, "Area_invadida": null, "Pericia_PF": null, "Pericia_PF_link": null, "Laudo_SPU_link": null, "habite-se_link": null, "alvara_municipal_link": null, "Inquerito_policial_link": null, "numero_inquerito_policial": null, "numero_alvara_municipal": null, "numero_habite-se": null, "numero_pericia_PF": null, "numero_laudo_SPU": null, "AutoJudicial": null, "area_iinquerito_PF": null, "area_spu": null, "pericia_01": null, "Pericia_02": null, "Pericia_03": null, "Loteamento": "Jardim Atlântico", "area_pecunia": null, "Situacao_recuo": null, "valor_m2": null, "valor_total": 0.0, "valor_formatado": "R$ 0,00", "Num_imovel": null, "CPF:": null, "alvara_municipal": null, "obs_pericia_pf": null, "obs_laudo_SPU": null, "obs_alvara": null, "obs_habite_se": null, "obs_pecunia": null, "obs_inquerito_pf": null }, "geometry": { "type": "MultiPolygon", "coordinates": [ [ [ [ 297994.736546332889702, 9224400.741007421165705 ], [ 297997.799678247713018, 9224411.406025070697069 ], [ 298028.773210628598463, 9224403.322670506313443 ], [ 298052.109137131890748, 9224397.23254925198853 ], [ 298048.967047164682299, 9224386.382541636005044 ], [ 298025.645377316628583, 9224392.503501819446683 ], [ 297994.736546332889702, 9224400.741007421165705 ] ] ] ] } },
{ "type": "Feature", "properties": { "fid": 579, "Endereco": "Avenida Max Zagel", "Proprietario": null, "Situacao_Ocupacao": null, "Bairro": "Camboinha", "Quadra": "04", "Lote": "02", "Municipio": "Cabedelo-PB", "Inquerito_Policial": null, "Area": null, "Habite_se": null, "Fase_investigacao": "7. Sem definição", "Laudo_SPU": null, "Area_invadida": null, "Pericia_PF": null, "Pericia_PF_link": null, "Laudo_SPU_link": null, "habite-se_link": null, "alvara_municipal_link": null, "Inquerito_policial_link": null, "numero_inquerito_policial": null, "numero_alvara_municipal": null, "numero_habite-se": null, "numero_pericia_PF": null, "numero_laudo_SPU": null, "AutoJudicial": null, "area_iinquerito_PF": null, "area_spu": null, "pericia_01": null, "Pericia_02": null, "Pericia_03": null, "Loteamento": "Jardim Atlântico", "area_pecunia": null, "Situacao_recuo": null, "valor_m2": null, "valor_total": 0.0, "valor_formatado": "R$ 0,00", "Num_imovel": null, "CPF:": null, "alvara_municipal": null, "obs_pericia_pf": null, "obs_laudo_SPU": null, "obs_alvara": null, "obs_habite_se": null, "obs_pecunia": null, "obs_inquerito_pf": null }, "geometry": { "type": "MultiPolygon", "coordinates": [ [ [ [ 298032.107083517708816, 9224414.854529656469822 ], [ 298055.448287878476549, 9224408.763031005859375 ], [ 298052.109137131890748, 9224397.23254925198853 ], [ 298028.77321062842384, 9224403.322670506313443 ], [ 297997.799678247713018, 9224411.406025070697069 ], [ 298001.133551136823371, 9224422.937884215265512 ], [ 298032.107083517708816, 9224414.854529656469822 ] ] ] ] } },
{ "type": "Feature", "properties": { "fid": 580, "Endereco": "Avenida Max Zagel", "Proprietario": null, "Situacao_Ocupacao": null, "Bairro": "Camboinha", "Quadra": "04", "Lote": "03", "Municipio": "Cabedelo-PB", "Inquerito_Policial": null, "Area": null, "Habite_se": null, "Fase_investigacao": "7. Sem definição", "Laudo_SPU": null, "Area_invadida": null, "Pericia_PF": null, "Pericia_PF_link": null, "Laudo_SPU_link": null, "habite-se_link": null, "alvara_municipal_link": null, "Inquerito_policial_link": null, "numero_inquerito_policial": null, "numero_alvara_municipal": null, "numero_habite-se": null, "numero_pericia_PF": null, "numero_laudo_SPU": null, "AutoJudicial": null, "area_iinquerito_PF": null, "area_spu": null, "pericia_01": null, "Pericia_02": null, "Pericia_03": null, "Loteamento": "Jardim Atlântico", "area_pecunia": null, "Situacao_recuo": null, "valor_m2": null, "valor_total": 0.0, "valor_formatado": "R$ 0,00", "Num_imovel": null, "CPF:": null, "alvara_municipal": null, "obs_pericia_pf": null, "obs_laudo_SPU": null, "obs_alvara": null, "obs_habite_se": null, "obs_pecunia": null, "obs_inquerito_pf": null }, "geometry": { "type": "MultiPolygon", "coordinates": [ [ [ [ 298035.440956406702753, 9224426.386388801038265 ], [ 298058.787438625295181, 9224420.293512752279639 ], [ 298055.448287878476549, 9224408.763031005859375 ], [ 298032.1070835175924, 9224414.854529656469822 ], [ 298001.133551136823371, 9224422.937884215265512 ], [ 298004.467424025700893, 9224434.469743361696601 ], [ 298035.440956406702753, 9224426.386388801038265 ] ] ] ] } },
{ "type": "Feature", "properties": { "fid": 581, "Endereco": "Avenida Max Zagel", "Proprietario": null, "Situacao_Ocupacao": null, "Bairro": "Camboinha", "Quadra": "04", "Lote": "04", "Municipio": "Cabedelo-PB", "Inquerito_Policial": null, "Area": null, "Habite_se": null, "Fase_investigacao": "7. Sem definição", "Laudo_SPU": null, "Area_invadida": null, "Pericia_PF": null, "Pericia_PF_link": null, "Laudo_SPU_link": null, "habite-se_link": null, "alvara_municipal_link": null, "Inquerito_policial_link": null, "numero_inquerito_policial": null, "numero_alvara_municipal": null, "numero_habite-se": null, "numero_pericia_PF": null, "numero_laudo_SPU": null, "AutoJudicial": null, "area_iinquerito_PF": null, "area_spu": null, "pericia_01": null, "Pericia_02": null, "Pericia_03": null, "Loteamento": "Jardim Atlântico", "area_pecunia": null, "Situacao_recuo": null, "valor_m2": null, "valor_total": 0.0, "valor_formatado": "R$ 0,00", "Num_imovel": null, "CPF:": null, "alvara_municipal": null, "obs_pericia_pf": null, "obs_laudo_SPU": null, "obs_alvara": null, "obs_habite_se": null, "obs_pecunia": null, "obs_inquerito_pf": null }, "geometry": { "type": "MultiPolygon", "coordinates": [ [ [ [ 298039.608297518105246, 9224440.801212733611465 ], [ 298062.961377058119979, 9224434.706614943221211 ], [ 298058.787438625295181, 9224420.293512752279639 ], [ 298035.440956406702753, 9224426.386388801038265 ], [ 298004.467424025700893, 9224434.469743361696601 ], [ 298008.634765137219802, 9224448.884567292407155 ], [ 298039.608297518105246, 9224440.801212733611465 ] ] ] ] } },
{ "type": "Feature", "properties": { "fid": 582, "Endereco": "Avenida Max Zagel", "Proprietario": "Severino Marcondes Meira", "Situacao_Ocupacao": "Irregular", "Bairro": "Camboinha", "Quadra": "03", "Lote": "01", "Municipio": "Cabedelo-PB", "Inquerito_Policial": "Sim", "Area": null, "Habite_se": null, "Fase_investigacao": "1. Relatado", "Laudo_SPU": "Sim", "Area_invadida": "Sim", "Pericia_PF": "Sim", "Pericia_PF_link": null, "Laudo_SPU_link": "C:\\Users\\Windows 11\\Documents\\MPF\\Laudos\\Relatorio SPU.pdf", "habite-se_link": null, "alvara_municipal_link": null, "Inquerito_policial_link": "C:\\Users\\Windows 11\\Documents\\MPF\\Laudos\\Laudo teste.pdf", "numero_inquerito_policial": "0800929-2022.2024.4.05.8200", "numero_alvara_municipal": null, "numero_habite-se": null, "numero_pericia_PF": "633/2024", "numero_laudo_SPU": "570/2025", "AutoJudicial": null, "area_iinquerito_PF": "415", "area_spu": null, "pericia_01": null, "Pericia_02": null, "Pericia_03": null, "Loteamento": "Jardim Atlântico", "area_pecunia": 415.0, "Situacao_recuo": "Não Recuado", "valor_m2": null, "valor_total": 66400.0, "valor_formatado": "R$ 66.400,00", "Num_imovel": "845", "CPF:": "008.269.364-15", "alvara_municipal": null, "obs_pericia_pf": "Informação do Loteamento divergente do município. Laudo PF diz Loteamento Jardim Jericó e base municipal informa Jardim Atlântico.", "obs_laudo_SPU": null, "obs_alvara": null, "obs_habite_se": null, "obs_pecunia": null, "obs_inquerito_pf": "Informação do Loteamento divergente do município. Laudo PF diz Loteamento Jardim Jericó e base municipal informa Jardim Atlântico." }, "geometry": { "type": "MultiPolygon", "coordinates": [ [ [ [ 298012.046756448224187, 9224460.351079406216741 ], [ 298016.112678835226689, 9224474.794965926557779 ], [ 298047.144990172702819, 9224466.939214564859867 ], [ 298073.593662503873929, 9224460.243799854069948 ], [ 298069.184056932979729, 9224445.886915866285563 ], [ 298043.079067785700317, 9224452.495328040793538 ], [ 298012.046756448224187, 9224460.351079406216741 ] ] ] ] } },
{ "type": "Feature", "properties": { "fid": 583, "Endereco": "Avenida Max Zagel", "Proprietario": null, "Situacao_Ocupacao": null, "Bairro": "Camboinha", "Quadra": "03", "Lote": "02", "Municipio": "Cabedelo-PB", "Inquerito_Policial": null, "Area": null, "Habite_se": null, "Fase_investigacao": "4. Recusado ANPP", "Laudo_SPU": null, "Area_invadida": null, "Pericia_PF": null, "Pericia_PF_link": null, "Laudo_SPU_link": null, "habite-se_link": null, "alvara_municipal_link": null, "Inquerito_policial_link": null, "numero_inquerito_policial": null, "numero_alvara_municipal": null, "numero_habite-se": null, "numero_pericia_PF": null, "numero_laudo_SPU": null, "AutoJudicial": null, "area_iinquerito_PF": null, "area_spu": null, "pericia_01": null, "Pericia_02": null, "Pericia_03": null, "Loteamento": "Jardim Atlântico", "area_pecunia": null, "Situacao_recuo": null, "valor_m2": null, "valor_total": 0.0, "valor_formatado": "R$ 0,00", "Num_imovel": null, "CPF:": null, "alvara_municipal": null, "obs_pericia_pf": null, "obs_laudo_SPU": null, "obs_alvara": null, "obs_habite_se": null, "obs_pecunia": null, "obs_inquerito_pf": null }, "geometry": { "type": "MultiPolygon", "coordinates": [ [ [ [ 298016.112678835226689, 9224474.794965926557779 ], [ 298019.365416744607501, 9224486.350075144320726 ], [ 298050.397728082083631, 9224478.494323780760169 ], [ 298077.121346963220276, 9224471.729307051748037 ], [ 298073.593662503873929, 9224460.243799854069948 ], [ 298047.144990172702819, 9224466.939214564859867 ], [ 298016.112678835226689, 9224474.794965926557779 ] ] ] ] } },
{ "type": "Feature", "properties": { "fid": 584, "Endereco": "Avenida Max Zagel", "Proprietario": null, "Situacao_Ocupacao": null, "Bairro": "Camboinha", "Quadra": "03", "Lote": "03", "Municipio": "Cabedelo-PB", "Inquerito_Policial": null, "Area": null, "Habite_se": null, "Fase_investigacao": "6. Arquivado", "Laudo_SPU": null, "Area_invadida": null, "Pericia_PF": null, "Pericia_PF_link": null, "Laudo_SPU_link": null, "habite-se_link": null, "alvara_municipal_link": null, "Inquerito_policial_link": null, "numero_inquerito_policial": null, "numero_alvara_municipal": null, "numero_habite-se": null, "numero_pericia_PF": null, "numero_laudo_SPU": null, "AutoJudicial": null, "area_iinquerito_PF": null, "area_spu": null, "pericia_01": null, "Pericia_02": null, "Pericia_03": null, "Loteamento": "Jardim Atlântico", "area_pecunia": null, "Situacao_recuo": null, "valor_m2": null, "valor_total": 0.0, "valor_formatado": "R$ 0,00", "Num_imovel": null, "CPF:": null, "alvara_municipal": null, "obs_pericia_pf": null, "obs_laudo_SPU": null, "obs_alvara": null, "obs_habite_se": null, "obs_pecunia": null, "obs_inquerito_pf": null }, "geometry": { "type": "MultiPolygon", "coordinates": [ [ [ [ 298053.650465991580859, 9224490.049433000385761 ], [ 298053.650465990591329, 9224490.049432996660471 ], [ 298080.649031420296524, 9224483.214814240112901 ], [ 298077.121346963220276, 9224471.729307051748037 ], [ 298050.397728082025424, 9224478.494323780760169 ], [ 298019.365416744607501, 9224486.350075144320726 ], [ 298022.618154654104728, 9224497.905184362083673 ], [ 298053.650465991580859, 9224490.049433000385761 ] ] ] ] } },
{ "type": "Feature", "properties": { "fid": 585, "Endereco": "Avenida Max Zagel", "Proprietario": null, "Situacao_Ocupacao": null, "Bairro": "Camboinha", "Quadra": "03", "Lote": "04", "Municipio": "Cabedelo-PB", "Inquerito_Policial": null, "Area": null, "Habite_se": null, "Fase_investigacao": "2. ANPP", "Laudo_SPU": null, "Area_invadida": null, "Pericia_PF": null, "Pericia_PF_link": null, "Laudo_SPU_link": null, "habite-se_link": null, "alvara_municipal_link": null, "Inquerito_policial_link": null, "numero_inquerito_policial": null, "numero_alvara_municipal": null, "numero_habite-se": null, "numero_pericia_PF": null, "numero_laudo_SPU": null, "AutoJudicial": null, "area_iinquerito_PF": null, "area_spu": null, "pericia_01": null, "Pericia_02": null, "Pericia_03": null, "Loteamento": "Jardim Atlântico", "area_pecunia": null, "Situacao_recuo": null, "valor_m2": null, "valor_total": 0.0, "valor_formatado": "R$ 0,00", "Num_imovel": null, "CPF:": null, "alvara_municipal": null, "obs_pericia_pf": null, "obs_laudo_SPU": null, "obs_alvara": null, "obs_habite_se": null, "obs_pecunia": null, "obs_inquerito_pf": null }, "geometry": { "type": "MultiPolygon", "coordinates": [ [ [ [ 298053.650465991580859, 9224490.049433000385761 ], [ 298022.618154654104728, 9224497.905184362083673 ], [ 298025.870892563310917, 9224509.460293579846621 ], [ 298056.903203901078086, 9224501.604542212560773 ], [ 298079.972297282598447, 9224495.764659397304058 ], [ 298076.753115765051916, 9224484.201055463403463 ], [ 298053.650465991580859, 9224490.049433000385761 ] ] ] ] } },
{ "type": "Feature", "properties": { "fid": 586, "Endereco": "Avenida Max Zagel", "Proprietario": null, "Situacao_Ocupacao": null, "Bairro": "Camboinha", "Quadra": "03", "Lote": "05", "Municipio": "Cabedelo-PB", "Inquerito_Policial": null, "Area": null, "Habite_se": null, "Fase_investigacao": "7. Sem definição", "Laudo_SPU": null, "Area_invadida": null, "Pericia_PF": null, "Pericia_PF_link": null, "Laudo_SPU_link": null, "habite-se_link": null, "alvara_municipal_link": null, "Inquerito_policial_link": null, "numero_inquerito_policial": null, "numero_alvara_municipal": null, "numero_habite-se": null, "numero_pericia_PF": null, "numero_laudo_SPU": null, "AutoJudicial": null, "area_iinquerito_PF": null, "area_spu": null, "pericia_01": null, "Pericia_02": null, "Pericia_03": null, "Loteamento": "Jardim Atlântico", "area_pecunia": null, "Situacao_recuo": null, "valor_m2": null, "valor_total": 0.0, "valor_formatado": "R$ 0,00", "Num_imovel": null, "CPF:": null, "alvara_municipal": null, "obs_pericia_pf": null, "obs_laudo_SPU": null, "obs_alvara": null, "obs_habite_se": null, "obs_pecunia": null, "obs_inquerito_pf": null }, "geometry": { "type": "MultiPolygon", "coordinates": [ [ [ [ 298025.870892563310917, 9224509.460293579846621 ], [ 298029.123630472808145, 9224521.015402795746922 ], [ 298060.155941810400691, 9224513.159651432186365 ], [ 298083.208902417623904, 9224507.323852585628629 ], [ 298079.972297282598447, 9224495.764659397304058 ], [ 298056.903203901078086, 9224501.604542212560773 ], [ 298025.870892563310917, 9224509.460293579846621 ] ] ] ] } },
{ "type": "Feature", "properties": { "fid": 587, "Endereco": "Avenida Max Zagel", "Proprietario": null, "Situacao_Ocupacao": null, "Bairro": "Camboinha", "Quadra": "03", "Lote": "06", "Municipio": "Cabedelo-PB", "Inquerito_Policial": null, "Area": null, "Habite_se": null, "Fase_investigacao": "7. Sem definição", "Laudo_SPU": null, "Area_invadida": null, "Pericia_PF": null, "Pericia_PF_link": null, "Laudo_SPU_link": null, "habite-se_link": null, "alvara_municipal_link": null, "Inquerito_policial_link": null, "numero_inquerito_policial": null, "numero_alvara_municipal": null, "numero_habite-se": null, "numero_pericia_PF": null, "numero_laudo_SPU": null, "AutoJudicial": null, "area_iinquerito_PF": null, "area_spu": null, "pericia_01": null, "Pericia_02": null, "Pericia_03": null, "Loteamento": "Jardim Atlântico", "area_pecunia": null, "Situacao_recuo": null, "valor_m2": null, "valor_total": 0.0, "valor_formatado": "R$ 0,00", "Num_imovel": null, "CPF:": null, "alvara_municipal": null, "obs_pericia_pf": null, "obs_laudo_SPU": null, "obs_alvara": null, "obs_habite_se": null, "obs_pecunia": null, "obs_inquerito_pf": null }, "geometry": { "type": "MultiPolygon", "coordinates": [ [ [ [ 298060.155941810400691, 9224513.159651432186365 ], [ 298029.123630472808145, 9224521.015402795746922 ], [ 298032.376368382188957, 9224532.570512011647224 ], [ 298063.408679719897918, 9224524.714760646224022 ], [ 298086.68250242958311, 9224518.823051121085882 ], [ 298083.208902417623904, 9224507.323852585628629 ], [ 298060.155941810400691, 9224513.159651432186365 ] ] ] ] } },
{ "type": "Feature", "properties": { "fid": 588, "Endereco": "Avenida Max Zagel", "Proprietario": null, "Situacao_Ocupacao": null, "Bairro": "Camboinha", "Quadra": "03", "Lote": "08", "Municipio": "Cabedelo-PB", "Inquerito_Policial": null, "Area": null, "Habite_se": null, "Fase_investigacao": "7. Sem definição", "Laudo_SPU": null, "Area_invadida": null, "Pericia_PF": null, "Pericia_PF_link": null, "Laudo_SPU_link": null, "habite-se_link": null, "alvara_municipal_link": null, "Inquerito_policial_link": null, "numero_inquerito_policial": "", "numero_alvara_municipal": null, "numero_habite-se": null, "numero_pericia_PF": null, "numero_laudo_SPU": null, "AutoJudicial": null, "area_iinquerito_PF": null, "area_spu": null, "pericia_01": null, "Pericia_02": null, "Pericia_03": null, "Loteamento": "Jardim Atlântico", "area_pecunia": null, "Situacao_recuo": null, "valor_m2": null, "valor_total": 0.0, "valor_formatado": "R$ 0,00", "Num_imovel": null, "CPF:": null, "alvara_municipal": null, "obs_pericia_pf": null, "obs_laudo_SPU": null, "obs_alvara": null, "obs_habite_se": null, "obs_pecunia": null, "obs_inquerito_pf": null }, "geometry": { "type": "MultiPolygon", "coordinates": [ [ [ [ 298066.661417629104108, 9224536.269869865849614 ], [ 298035.629106291627977, 9224544.125621229410172 ], [ 298038.881844201008789, 9224555.680730443447828 ], [ 298069.914155538193882, 9224547.824979081749916 ], [ 298069.91415553871775, 9224547.824979083612561 ], [ 298093.629702451522462, 9224541.821448186412454 ], [ 298090.156102439796086, 9224530.322249649092555 ], [ 298066.661417629278731, 9224536.269869865849614 ], [ 298067.879986463463865, 9224540.598744912073016 ], [ 298066.661417629104108, 9224536.269869865849614 ] ] ] ] } },
{ "type": "Feature", "properties": { "fid": 589, "Endereco": "Avenida Max Zagel", "Proprietario": null, "Situacao_Ocupacao": null, "Bairro": "Camboinha", "Quadra": "03", "Lote": "09", "Municipio": "Cabedelo-PB", "Inquerito_Policial": null, "Area": null, "Habite_se": null, "Fase_investigacao": "7. Sem definição", "Laudo_SPU": null, "Area_invadida": null, "Pericia_PF": null, "Pericia_PF_link": null, "Laudo_SPU_link": null, "habite-se_link": null, "alvara_municipal_link": null, "Inquerito_policial_link": null, "numero_inquerito_policial": null, "numero_alvara_municipal": null, "numero_habite-se": null, "numero_pericia_PF": null, "numero_laudo_SPU": null, "AutoJudicial": null, "area_iinquerito_PF": null, "area_spu": null, "pericia_01": null, "Pericia_02": null, "Pericia_03": null, "Loteamento": "Jardim Atlântico", "area_pecunia": null, "Situacao_recuo": null, "valor_m2": null, "valor_total": 0.0, "valor_formatado": "R$ 0,00", "Num_imovel": null, "CPF:": null, "alvara_municipal": null, "obs_pericia_pf": null, "obs_laudo_SPU": null, "obs_alvara": null, "obs_habite_se": null, "obs_pecunia": null, "obs_inquerito_pf": null }, "geometry": { "type": "MultiPolygon", "coordinates": [ [ [ [ 298069.91415553848492, 9224547.824979081749916 ], [ 298038.881844201008789, 9224555.680730443447828 ], [ 298042.134582110389601, 9224567.235839661210775 ], [ 298073.166893447516486, 9224559.380088299512863 ], [ 298073.166893448506016, 9224559.380088303238153 ], [ 298097.103302463772707, 9224553.320646721869707 ], [ 298093.629702451522462, 9224541.821448186412454 ], [ 298069.914155539008789, 9224547.824979083612561 ], [ 298069.91415553848492, 9224547.824979081749916 ] ] ] ] } },
{ "type": "Feature", "properties": { "fid": 590, "Endereco": "Avenida Max Zagel", "Proprietario": null, "Situacao_Ocupacao": null, "Bairro": "Camboinha", "Quadra": "02", "Lote": "03", "Municipio": "Cabedelo-PB", "Inquerito_Policial": null, "Area": null, "Habite_se": null, "Fase_investigacao": "7. Sem definição", "Laudo_SPU": null, "Area_invadida": null, "Pericia_PF": null, "Pericia_PF_link": null, "Laudo_SPU_link": null, "habite-se_link": null, "alvara_municipal_link": null, "Inquerito_policial_link": null, "numero_inquerito_policial": null, "numero_alvara_municipal": null, "numero_habite-se": null, "numero_pericia_PF": null, "numero_laudo_SPU": null, "AutoJudicial": null, "area_iinquerito_PF": null, "area_spu": null, "pericia_01": null, "Pericia_02": null, "Pericia_03": null, "Loteamento": "Jardim Atlântico", "area_pecunia": null, "Situacao_recuo": null, "valor_m2": null, "valor_total": 0.0, "valor_formatado": "R$ 0,00", "Num_imovel": null, "CPF:": null, "alvara_municipal": null, "obs_pericia_pf": null, "obs_laudo_SPU": null, "obs_alvara": null, "obs_habite_se": null, "obs_pecunia": null, "obs_inquerito_pf": null }, "geometry": { "type": "MultiPolygon", "coordinates": [ [ [ [ 298056.712145912984852, 9224619.530759315937757 ], [ 298059.958873148192652, 9224631.087558837607503 ], [ 298090.995266350684687, 9224623.247949574142694 ], [ 298114.808106799318921, 9224617.232966991141438 ], [ 298111.764499276003335, 9224605.624860625714064 ], [ 298087.748539115593303, 9224611.691150050610304 ], [ 298056.712145912984852, 9224619.530759315937757 ] ] ] ] } },
{ "type": "Feature", "properties": { "fid": 591, "Endereco": "Avenida Max Zagel", "Proprietario": null, "Situacao_Ocupacao": null, "Bairro": "Camboinha", "Quadra": "02", "Lote": "04", "Municipio": "Cabedelo-PB", "Inquerito_Policial": null, "Area": null, "Habite_se": null, "Fase_investigacao": "7. Sem definição", "Laudo_SPU": null, "Area_invadida": null, "Pericia_PF": null, "Pericia_PF_link": null, "Laudo_SPU_link": null, "habite-se_link": null, "alvara_municipal_link": null, "Inquerito_policial_link": null, "numero_inquerito_policial": null, "numero_alvara_municipal": null, "numero_habite-se": null, "numero_pericia_PF": null, "numero_laudo_SPU": null, "AutoJudicial": null, "area_iinquerito_PF": null, "area_spu": null, "pericia_01": null, "Pericia_02": null, "Pericia_03": null, "Loteamento": "Jardim Atlântico", "area_pecunia": null, "Situacao_recuo": null, "valor_m2": null, "valor_total": 0.0, "valor_formatado": "R$ 0,00", "Num_imovel": null, "CPF:": null, "alvara_municipal": null, "obs_pericia_pf": null, "obs_laudo_SPU": null, "obs_alvara": null, "obs_habite_se": null, "obs_pecunia": null, "obs_inquerito_pf": null }, "geometry": { "type": "MultiPolygon", "coordinates": [ [ [ [ 298059.958873148192652, 9224631.087558837607503 ], [ 298063.205600383284036, 9224642.644358359277248 ], [ 298094.241993585892487, 9224634.80474909581244 ], [ 298117.327345033816528, 9224628.973525928333402 ], [ 298114.108947749773506, 9224617.409570431336761 ], [ 298090.995266350684687, 9224623.247949574142694 ], [ 298059.958873148192652, 9224631.087558837607503 ] ] ] ] } },
{ "type": "Feature", "properties": { "fid": 592, "Endereco": "Avenida Max Zagel", "Proprietario": null, "Situacao_Ocupacao": null, "Bairro": "Camboinha", "Quadra": "02", "Lote": "05", "Municipio": "Cabedelo-PB", "Inquerito_Policial": null, "Area": null, "Habite_se": null, "Fase_investigacao": "7. Sem definição", "Laudo_SPU": null, "Area_invadida": null, "Pericia_PF": null, "Pericia_PF_link": null, "Laudo_SPU_link": null, "habite-se_link": null, "alvara_municipal_link": null, "Inquerito_policial_link": null, "numero_inquerito_policial": null, "numero_alvara_municipal": null, "numero_habite-se": null, "numero_pericia_PF": null, "numero_laudo_SPU": null, "AutoJudicial": null, "area_iinquerito_PF": null, "area_spu": null, "pericia_01": null, "Pericia_02": null, "Pericia_03": null, "Loteamento": "Jardim Atlântico", "area_pecunia": null, "Situacao_recuo": null, "valor_m2": null, "valor_total": 0.0, "valor_formatado": "R$ 0,00", "Num_imovel": null, "CPF:": null, "alvara_municipal": null, "obs_pericia_pf": null, "obs_laudo_SPU": null, "obs_alvara": null, "obs_habite_se": null, "obs_pecunia": null, "obs_inquerito_pf": null }, "geometry": { "type": "MultiPolygon", "coordinates": [ [ [ [ 298094.241993585892487, 9224634.80474909581244 ], [ 298063.205600383284036, 9224642.644358359277248 ], [ 298066.452327618375421, 9224654.201157879084349 ], [ 298097.488720820925664, 9224646.36154861561954 ], [ 298120.545742317801341, 9224640.537481430917978 ], [ 298117.327345033816528, 9224628.973525928333402 ], [ 298094.241993585892487, 9224634.80474909581244 ] ] ] ] } },
{ "type": "Feature", "properties": { "fid": 593, "Endereco": "Avenida Max Zagel", "Proprietario": null, "Situacao_Ocupacao": null, "Bairro": "Camboinha", "Quadra": "02", "Lote": "06", "Municipio": "Cabedelo-PB", "Inquerito_Policial": null, "Area": null, "Habite_se": null, "Fase_investigacao": "7. Sem definição", "Laudo_SPU": null, "Area_invadida": null, "Pericia_PF": null, "Pericia_PF_link": null, "Laudo_SPU_link": null, "habite-se_link": null, "alvara_municipal_link": null, "Inquerito_policial_link": null, "numero_inquerito_policial": null, "numero_alvara_municipal": null, "numero_habite-se": null, "numero_pericia_PF": null, "numero_laudo_SPU": null, "AutoJudicial": null, "area_iinquerito_PF": null, "area_spu": null, "pericia_01": null, "Pericia_02": null, "Pericia_03": null, "Loteamento": "Jardim Atlântico", "area_pecunia": null, "Situacao_recuo": null, "valor_m2": null, "valor_total": 0.0, "valor_formatado": "R$ 0,00", "Num_imovel": null, "CPF:": null, "alvara_municipal": null, "obs_pericia_pf": null, "obs_laudo_SPU": null, "obs_alvara": null, "obs_habite_se": null, "obs_pecunia": null, "obs_inquerito_pf": null }, "geometry": { "type": "MultiPolygon", "coordinates": [ [ [ [ 298097.488720820925664, 9224646.36154861561954 ], [ 298066.452327618375421, 9224654.201157879084349 ], [ 298069.699054853525013, 9224665.757957402616739 ], [ 298100.735448055900633, 9224657.918348141014576 ], [ 298123.764139602892101, 9224652.10143693163991 ], [ 298120.545742317801341, 9224640.537481430917978 ], [ 298097.488720820925664, 9224646.36154861561954 ] ] ] ] } },
{ "type": "Feature", "properties": { "fid": 594, "Endereco": "Avenida Max Zagel", "Proprietario": null, "Situacao_Ocupacao": null, "Bairro": "Camboinha", "Quadra": "02", "Lote": "07", "Municipio": "Cabedelo-PB", "Inquerito_Policial": null, "Area": null, "Habite_se": null, "Fase_investigacao": "7. Sem definição", "Laudo_SPU": null, "Area_invadida": null, "Pericia_PF": null, "Pericia_PF_link": null, "Laudo_SPU_link": null, "habite-se_link": null, "alvara_municipal_link": null, "Inquerito_policial_link": null, "numero_inquerito_policial": null, "numero_alvara_municipal": null, "numero_habite-se": null, "numero_pericia_PF": null, "numero_laudo_SPU": null, "AutoJudicial": null, "area_iinquerito_PF": null, "area_spu": null, "pericia_01": null, "Pericia_02": null, "Pericia_03": null, "Loteamento": "Jardim Atlântico", "area_pecunia": null, "Situacao_recuo": null, "valor_m2": null, "valor_total": 0.0, "valor_formatado": "R$ 0,00", "Num_imovel": null, "CPF:": null, "alvara_municipal": null, "obs_pericia_pf": null, "obs_laudo_SPU": null, "obs_alvara": null, "obs_habite_se": null, "obs_pecunia": null, "obs_inquerito_pf": null }, "geometry": { "type": "MultiPolygon", "coordinates": [ [ [ [ 298100.735448055900633, 9224657.918348141014576 ], [ 298069.699054853525013, 9224665.757957402616739 ], [ 298072.945782088674605, 9224677.31475692242384 ], [ 298103.982175291108433, 9224669.475147662684321 ], [ 298126.982536885712761, 9224663.665392426773906 ], [ 298123.764139602892101, 9224652.10143693163991 ], [ 298100.735448055900633, 9224657.918348141014576 ] ] ] ] } },
{ "type": "Feature", "properties": { "fid": 595, "Endereco": "Avenida Max Zagel", "Proprietario": null, "Situacao_Ocupacao": null, "Bairro": "Camboinha", "Quadra": "02", "Lote": "08", "Municipio": "Cabedelo-PB", "Inquerito_Policial": null, "Area": null, "Habite_se": null, "Fase_investigacao": "7. Sem definição", "Laudo_SPU": null, "Area_invadida": null, "Pericia_PF": null, "Pericia_PF_link": null, "Laudo_SPU_link": null, "habite-se_link": null, "alvara_municipal_link": null, "Inquerito_policial_link": null, "numero_inquerito_policial": null, "numero_alvara_municipal": null, "numero_habite-se": null, "numero_pericia_PF": null, "numero_laudo_SPU": null, "AutoJudicial": null, "area_iinquerito_PF": null, "area_spu": null, "pericia_01": null, "Pericia_02": null, "Pericia_03": null, "Loteamento": "Jardim Atlântico", "area_pecunia": null, "Situacao_recuo": null, "valor_m2": null, "valor_total": 0.0, "valor_formatado": "R$ 0,00", "Num_imovel": null, "CPF:": null, "alvara_municipal": null, "obs_pericia_pf": null, "obs_laudo_SPU": null, "obs_alvara": null, "obs_habite_se": null, "obs_pecunia": null, "obs_inquerito_pf": null }, "geometry": { "type": "MultiPolygon", "coordinates": [ [ [ [ 298107.228902526199818, 9224681.031947180628777 ], [ 298107.228902526374441, 9224681.031947180628777 ], [ 298130.02614440722391, 9224675.2734987847507 ], [ 298126.982536885712761, 9224663.665392426773906 ], [ 298103.982175290817395, 9224669.475147662684321 ], [ 298072.945782088674605, 9224677.31475692242384 ], [ 298076.192509323707782, 9224688.871556447818875 ], [ 298107.228902526199818, 9224681.031947180628777 ] ] ] ] } },
{ "type": "Feature", "properties": { "fid": 596, "Endereco": "Avenida Max Zagel", "Proprietario": null, "Situacao_Ocupacao": null, "Bairro": "Camboinha", "Quadra": "02", "Lote": "09", "Municipio": "Cabedelo-PB", "Inquerito_Policial": null, "Area": null, "Habite_se": null, "Fase_investigacao": "7. Sem definição", "Laudo_SPU": null, "Area_invadida": null, "Pericia_PF": null, "Pericia_PF_link": null, "Laudo_SPU_link": null, "habite-se_link": null, "alvara_municipal_link": null, "Inquerito_policial_link": null, "numero_inquerito_policial": null, "numero_alvara_municipal": null, "numero_habite-se": null, "numero_pericia_PF": null, "numero_laudo_SPU": null, "AutoJudicial": null, "area_iinquerito_PF": null, "area_spu": null, "pericia_01": null, "Pericia_02": null, "Pericia_03": null, "Loteamento": "Jardim Atlântico", "area_pecunia": null, "Situacao_recuo": null, "valor_m2": null, "valor_total": 0.0, "valor_formatado": "R$ 0,00", "Num_imovel": null, "CPF:": null, "alvara_municipal": null, "obs_pericia_pf": null, "obs_laudo_SPU": null, "obs_alvara": null, "obs_habite_se": null, "obs_pecunia": null, "obs_inquerito_pf": null }, "geometry": { "type": "MultiPolygon", "coordinates": [ [ [ [ 298107.228902526199818, 9224681.031947180628777 ], [ 298076.192509323707782, 9224688.871556447818875 ], [ 298079.439236558915582, 9224700.428355967625976 ], [ 298110.475629761407617, 9224692.588746702298522 ], [ 298133.069751928618643, 9224686.881605144590139 ], [ 298130.02614440722391, 9224675.2734987847507 ], [ 298107.228902526199818, 9224681.031947180628777 ] ] ] ] } },
{ "type": "Feature", "properties": { "fid": 597, "Endereco": "Avenida Max Zagel", "Proprietario": null, "Situacao_Ocupacao": null, "Bairro": "Camboinha", "Quadra": "02", "Lote": "10", "Municipio": "Cabedelo-PB", "Inquerito_Policial": null, "Area": null, "Habite_se": null, "Fase_investigacao": "7. Sem definição", "Laudo_SPU": null, "Area_invadida": null, "Pericia_PF": null, "Pericia_PF_link": null, "Laudo_SPU_link": null, "habite-se_link": null, "alvara_municipal_link": null, "Inquerito_policial_link": null, "numero_inquerito_policial": null, "numero_alvara_municipal": null, "numero_habite-se": null, "numero_pericia_PF": null, "numero_laudo_SPU": null, "AutoJudicial": null, "area_iinquerito_PF": null, "area_spu": null, "pericia_01": null, "Pericia_02": null, "Pericia_03": null, "Loteamento": "Jardim Atlântico", "area_pecunia": null, "Situacao_recuo": null, "valor_m2": null, "valor_total": 0.0, "valor_formatado": "R$ 0,00", "Num_imovel": null, "CPF:": null, "alvara_municipal": null, "obs_pericia_pf": null, "obs_laudo_SPU": null, "obs_alvara": null, "obs_habite_se": null, "obs_pecunia": null, "obs_inquerito_pf": null }, "geometry": { "type": "MultiPolygon", "coordinates": [ [ [ [ 298079.439236558915582, 9224700.428355967625976 ], [ 298083.497645603027195, 9224714.874355370178819 ], [ 298114.534038805693854, 9224707.034746104851365 ], [ 298136.874261330580339, 9224701.391738094389439 ], [ 298133.069751928618643, 9224686.881605144590139 ], [ 298110.475629761407617, 9224692.588746702298522 ], [ 298079.439236558915582, 9224700.428355967625976 ] ] ] ] } },
{ "type": "Feature", "properties": { "fid": 598, "Endereco": "Avenida Max Zagel", "Proprietario": null, "Situacao_Ocupacao": null, "Bairro": "Camboinha", "Quadra": "01", "Lote": "01", "Municipio": "Cabedelo-PB", "Inquerito_Policial": null, "Area": null, "Habite_se": null, "Fase_investigacao": "7. Sem definição", "Laudo_SPU": null, "Area_invadida": null, "Pericia_PF": null, "Pericia_PF_link": null, "Laudo_SPU_link": null, "habite-se_link": null, "alvara_municipal_link": null, "Inquerito_policial_link": null, "numero_inquerito_policial": null, "numero_alvara_municipal": null, "numero_habite-se": null, "numero_pericia_PF": null, "numero_laudo_SPU": null, "AutoJudicial": null, "area_iinquerito_PF": null, "area_spu": null, "pericia_01": null, "Pericia_02": null, "Pericia_03": null, "Loteamento": "Jardim Atlântico", "area_pecunia": null, "Situacao_recuo": null, "valor_m2": null, "valor_total": 0.0, "valor_formatado": "R$ 0,00", "Num_imovel": null, "CPF:": null, "alvara_municipal": null, "obs_pericia_pf": null, "obs_laudo_SPU": null, "obs_alvara": null, "obs_habite_se": null, "obs_pecunia": null, "obs_inquerito_pf": null }, "geometry": { "type": "MultiPolygon", "coordinates": [ [ [ [ 298086.874449329101481, 9224725.988048663362861 ], [ 298090.85128276020987, 9224740.454291945323348 ], [ 298121.873785503674299, 9224732.580151624977589 ], [ 298144.042440400691703, 9224726.953297443687916 ], [ 298140.094628728576936, 9224712.479687847197056 ], [ 298117.896952072624117, 9224718.113908339291811 ], [ 298086.874449329101481, 9224725.988048663362861 ] ] ] ] } },
{ "type": "Feature", "properties": { "fid": 599, "Endereco": "Avenida Max Zagel", "Proprietario": null, "Situacao_Ocupacao": null, "Bairro": "Camboinha", "Quadra": "01", "Lote": "02", "Municipio": "Cabedelo-PB", "Inquerito_Policial": null, "Area": null, "Habite_se": null, "Fase_investigacao": "7. Sem definição", "Laudo_SPU": null, "Area_invadida": null, "Pericia_PF": null, "Pericia_PF_link": null, "Laudo_SPU_link": null, "habite-se_link": null, "alvara_municipal_link": null, "Inquerito_policial_link": null, "numero_inquerito_policial": null, "numero_alvara_municipal": null, "numero_habite-se": null, "numero_pericia_PF": null, "numero_laudo_SPU": null, "AutoJudicial": null, "area_iinquerito_PF": null, "area_spu": null, "pericia_01": null, "Pericia_02": null, "Pericia_03": null, "Loteamento": "Jardim Atlântico", "area_pecunia": null, "Situacao_recuo": null, "valor_m2": null, "valor_total": 0.0, "valor_formatado": "R$ 0,00", "Num_imovel": null, "CPF:": null, "alvara_municipal": null, "obs_pericia_pf": null, "obs_laudo_SPU": null, "obs_alvara": null, "obs_habite_se": null, "obs_pecunia": null, "obs_inquerito_pf": null }, "geometry": { "type": "MultiPolygon", "coordinates": [ [ [ [ 298125.055252248886973, 9224744.153146255761385 ], [ 298147.200689737976063, 9224738.53218512237072 ], [ 298144.042440400691703, 9224726.953297443687916 ], [ 298121.873785503674299, 9224732.580151624977589 ], [ 298090.85128276020987, 9224740.454291945323348 ], [ 298094.032749505306128, 9224752.027286576107144 ], [ 298125.055252248886973, 9224744.153146255761385 ] ] ] ] } },
{ "type": "Feature", "properties": { "fid": 600, "Endereco": "Avenida Max Zagel", "Proprietario": null, "Situacao_Ocupacao": null, "Bairro": "Camboinha", "Quadra": "01", "Lote": "03", "Municipio": "Cabedelo-PB", "Inquerito_Policial": null, "Area": null, "Habite_se": null, "Fase_investigacao": "7. Sem definição", "Laudo_SPU": null, "Area_invadida": null, "Pericia_PF": null, "Pericia_PF_link": null, "Laudo_SPU_link": null, "habite-se_link": null, "alvara_municipal_link": null, "Inquerito_policial_link": null, "numero_inquerito_policial": null, "numero_alvara_municipal": null, "numero_habite-se": null, "numero_pericia_PF": null, "numero_laudo_SPU": null, "AutoJudicial": null, "area_iinquerito_PF": null, "area_spu": null, "pericia_01": null, "Pericia_02": null, "Pericia_03": null, "Loteamento": "Jardim Atlântico", "area_pecunia": null, "Situacao_recuo": null, "valor_m2": null, "valor_total": 0.0, "valor_formatado": "R$ 0,00", "Num_imovel": null, "CPF:": null, "alvara_municipal": null, "obs_pericia_pf": null, "obs_laudo_SPU": null, "obs_alvara": null, "obs_habite_se": null, "obs_pecunia": null, "obs_inquerito_pf": null }, "geometry": { "type": "MultiPolygon", "coordinates": [ [ [ [ 298128.236718994099647, 9224755.726140886545181 ], [ 298150.358939076017123, 9224750.111072799190879 ], [ 298147.200689737976063, 9224738.53218512237072 ], [ 298125.055252248886973, 9224744.153146255761385 ], [ 298094.032749505306128, 9224752.027286576107144 ], [ 298097.214216250518803, 9224763.600281205028296 ], [ 298128.236718994099647, 9224755.726140886545181 ] ] ] ] } },
{ "type": "Feature", "properties": { "fid": 601, "Endereco": "Avenida Max Zagel", "Proprietario": null, "Situacao_Ocupacao": null, "Bairro": "Camboinha", "Quadra": "01", "Lote": "04", "Municipio": "Cabedelo-PB", "Inquerito_Policial": null, "Area": null, "Habite_se": null, "Fase_investigacao": "7. Sem definição", "Laudo_SPU": null, "Area_invadida": null, "Pericia_PF": null, "Pericia_PF_link": null, "Laudo_SPU_link": null, "habite-se_link": null, "alvara_municipal_link": null, "Inquerito_policial_link": null, "numero_inquerito_policial": null, "numero_alvara_municipal": null, "numero_habite-se": null, "numero_pericia_PF": null, "numero_laudo_SPU": null, "AutoJudicial": null, "area_iinquerito_PF": null, "area_spu": null, "pericia_01": null, "Pericia_02": null, "Pericia_03": null, "Loteamento": "Jardim Atlântico", "area_pecunia": null, "Situacao_recuo": null, "valor_m2": null, "valor_total": 0.0, "valor_formatado": "R$ 0,00", "Num_imovel": null, "CPF:": null, "alvara_municipal": null, "obs_pericia_pf": null, "obs_laudo_SPU": null, "obs_alvara": null, "obs_habite_se": null, "obs_pecunia": null, "obs_inquerito_pf": null }, "geometry": { "type": "MultiPolygon", "coordinates": [ [ [ [ 298131.418185739312321, 9224767.299135513603687 ], [ 298153.517188411671668, 9224761.689960474148393 ], [ 298150.358939076017123, 9224750.111072799190879 ], [ 298128.236718994099647, 9224755.726140886545181 ], [ 298097.214216250518803, 9224763.600281205028296 ], [ 298100.395682995789684, 9224775.173275832086802 ], [ 298131.418185739312321, 9224767.299135513603687 ] ] ] ] } },
{ "type": "Feature", "properties": { "fid": 602, "Endereco": "Avenida Max Zagel", "Proprietario": null, "Situacao_Ocupacao": null, "Bairro": "Camboinha", "Quadra": "16", "Lote": "06", "Municipio": "Cabedelo-PB", "Inquerito_Policial": null, "Area": null, "Habite_se": null, "Fase_investigacao": "7. Sem definição", "Laudo_SPU": null, "Area_invadida": null, "Pericia_PF": null, "Pericia_PF_link": null, "Laudo_SPU_link": null, "habite-se_link": null, "alvara_municipal_link": null, "Inquerito_policial_link": null, "numero_inquerito_policial": null, "numero_alvara_municipal": null, "numero_habite-se": null, "numero_pericia_PF": null, "numero_laudo_SPU": null, "AutoJudicial": null, "area_iinquerito_PF": null, "area_spu": null, "pericia_01": null, "Pericia_02": null, "Pericia_03": null, "Loteamento": "Jardim Jericó", "area_pecunia": null, "Situacao_recuo": null, "valor_m2": null, "valor_total": 0.0, "valor_formatado": "R$ 0,00", "Num_imovel": null, "CPF:": null, "alvara_municipal": null, "obs_pericia_pf": null, "obs_laudo_SPU": null, "obs_alvara": null, "obs_habite_se": null, "obs_pecunia": null, "obs_inquerito_pf": null }, "geometry": { "type": "MultiPolygon", "coordinates": [ [ [ [ 298142.498188042780384, 9224928.469915207475424 ], [ 298145.758902289089747, 9224940.04392091371119 ], [ 298177.115275575604755, 9224933.337770501151681 ], [ 298177.115275576128624, 9224933.337770503014326 ], [ 298198.719998600776307, 9224928.717193987220526 ], [ 298195.829054697882384, 9224917.064105929806828 ], [ 298173.854561329295393, 9224921.763764794915915 ], [ 298142.498188042780384, 9224928.469915207475424 ] ] ] ] } },
{ "type": "Feature", "properties": { "fid": 603, "Endereco": "Avenida Max Zagel", "Proprietario": null, "Situacao_Ocupacao": null, "Bairro": "Camboinha", "Quadra": "16", "Lote": "05", "Municipio": "Cabedelo-PB", "Inquerito_Policial": null, "Area": null, "Habite_se": null, "Fase_investigacao": "7. Sem definição", "Laudo_SPU": null, "Area_invadida": null, "Pericia_PF": null, "Pericia_PF_link": null, "Laudo_SPU_link": null, "habite-se_link": null, "alvara_municipal_link": null, "Inquerito_policial_link": null, "numero_inquerito_policial": null, "numero_alvara_municipal": null, "numero_habite-se": null, "numero_pericia_PF": null, "numero_laudo_SPU": null, "AutoJudicial": null, "area_iinquerito_PF": null, "area_spu": null, "pericia_01": null, "Pericia_02": null, "Pericia_03": null, "Loteamento": "Jardim Jericó", "area_pecunia": null, "Situacao_recuo": null, "valor_m2": null, "valor_total": 0.0, "valor_formatado": "R$ 0,00", "Num_imovel": null, "CPF:": null, "alvara_municipal": null, "obs_pericia_pf": null, "obs_laudo_SPU": null, "obs_alvara": null, "obs_habite_se": null, "obs_pecunia": null, "obs_inquerito_pf": null }, "geometry": { "type": "MultiPolygon", "coordinates": [ [ [ [ 298180.375989821972325, 9224944.911776209250093 ], [ 298180.375989821506664, 9224944.911776205524802 ], [ 298201.610942497907672, 9224940.370282024145126 ], [ 298198.719998600776307, 9224928.717193987220526 ], [ 298177.115275576128624, 9224933.337770503014326 ], [ 298177.115275575604755, 9224933.337770501151681 ], [ 298145.758902289089747, 9224940.04392091371119 ], [ 298149.019616535399109, 9224951.617926621809602 ], [ 298180.375989821972325, 9224944.911776209250093 ] ] ] ] } },
{ "type": "Feature", "properties": { "fid": 604, "Endereco": "Avenida Max Zagel", "Proprietario": null, "Situacao_Ocupacao": null, "Bairro": "Camboinha", "Quadra": "16", "Lote": "04", "Municipio": "Cabedelo-PB", "Inquerito_Policial": null, "Area": null, "Habite_se": null, "Fase_investigacao": "7. Sem definição", "Laudo_SPU": null, "Area_invadida": null, "Pericia_PF": null, "Pericia_PF_link": null, "Laudo_SPU_link": null, "habite-se_link": null, "alvara_municipal_link": null, "Inquerito_policial_link": null, "numero_inquerito_policial": null, "numero_alvara_municipal": null, "numero_habite-se": null, "numero_pericia_PF": null, "numero_laudo_SPU": null, "AutoJudicial": null, "area_iinquerito_PF": null, "area_spu": null, "pericia_01": null, "Pericia_02": null, "Pericia_03": null, "Loteamento": "Jardim Jericó", "area_pecunia": null, "Situacao_recuo": null, "valor_m2": null, "valor_total": 0.0, "valor_formatado": "R$ 0,00", "Num_imovel": null, "CPF:": null, "alvara_municipal": null, "obs_pericia_pf": null, "obs_laudo_SPU": null, "obs_alvara": null, "obs_habite_se": null, "obs_pecunia": null, "obs_inquerito_pf": null }, "geometry": { "type": "MultiPolygon", "coordinates": [ [ [ [ 298180.375989821972325, 9224944.911776209250093 ], [ 298149.019616535399109, 9224951.617926621809602 ], [ 298152.280330781824887, 9224963.191932328045368 ], [ 298183.636704068281688, 9224956.485781913623214 ], [ 298204.501886400219519, 9224952.023370081558824 ], [ 298201.610942497907672, 9224940.370282024145126 ], [ 298180.375989821972325, 9224944.911776209250093 ] ] ] ] } },
{ "type": "Feature", "properties": { "fid": 605, "Endereco": "Avenida Max Zagel", "Proprietario": null, "Situacao_Ocupacao": null, "Bairro": "Camboinha", "Quadra": "16", "Lote": "03", "Municipio": "Cabedelo-PB", "Inquerito_Policial": null, "Area": null, "Habite_se": null, "Fase_investigacao": "7. Sem definição", "Laudo_SPU": null, "Area_invadida": null, "Pericia_PF": null, "Pericia_PF_link": null, "Laudo_SPU_link": null, "habite-se_link": null, "alvara_municipal_link": null, "Inquerito_policial_link": null, "numero_inquerito_policial": null, "numero_alvara_municipal": null, "numero_habite-se": null, "numero_pericia_PF": null, "numero_laudo_SPU": null, "AutoJudicial": null, "area_iinquerito_PF": null, "area_spu": null, "pericia_01": null, "Pericia_02": null, "Pericia_03": null, "Loteamento": "Jardim Jericó", "area_pecunia": null, "Situacao_recuo": null, "valor_m2": null, "valor_total": 0.0, "valor_formatado": "R$ 0,00", "Num_imovel": null, "CPF:": null, "alvara_municipal": null, "obs_pericia_pf": null, "obs_laudo_SPU": null, "obs_alvara": null, "obs_habite_se": null, "obs_pecunia": null, "obs_inquerito_pf": null }, "geometry": { "type": "MultiPolygon", "coordinates": [ [ [ [ 298152.280330781824887, 9224963.191932328045368 ], [ 298155.541045028192457, 9224974.76593803614378 ], [ 298186.897418314707465, 9224968.05978761985898 ], [ 298207.392830301076174, 9224963.67645813152194 ], [ 298204.501886400219519, 9224952.023370081558824 ], [ 298183.636704068281688, 9224956.485781913623214 ], [ 298152.280330781824887, 9224963.191932328045368 ] ] ] ] } },
{ "type": "Feature", "properties": { "fid": 606, "Endereco": "Avenida Max Zagel", "Proprietario": null, "Situacao_Ocupacao": null, "Bairro": "Camboinha", "Quadra": "16", "Lote": "02", "Municipio": "Cabedelo-PB", "Inquerito_Policial": null, "Area": null, "Habite_se": null, "Fase_investigacao": "7. Sem definição", "Laudo_SPU": null, "Area_invadida": null, "Pericia_PF": null, "Pericia_PF_link": null, "Laudo_SPU_link": null, "habite-se_link": null, "alvara_municipal_link": null, "Inquerito_policial_link": null, "numero_inquerito_policial": null, "numero_alvara_municipal": null, "numero_habite-se": null, "numero_pericia_PF": null, "numero_laudo_SPU": null, "AutoJudicial": null, "area_iinquerito_PF": null, "area_spu": null, "pericia_01": null, "Pericia_02": null, "Pericia_03": null, "Loteamento": "Jardim Jericó", "area_pecunia": null, "Situacao_recuo": null, "valor_m2": null, "valor_total": 0.0, "valor_formatado": "R$ 0,00", "Num_imovel": null, "CPF:": null, "alvara_municipal": null, "obs_pericia_pf": null, "obs_laudo_SPU": null, "obs_alvara": null, "obs_habite_se": null, "obs_pecunia": null, "obs_inquerito_pf": null }, "geometry": { "type": "MultiPolygon", "coordinates": [ [ [ [ 298155.541045028192457, 9224974.76593803614378 ], [ 298159.616937836108264, 9224989.233445167541504 ], [ 298190.973311121808365, 9224982.527294753119349 ], [ 298190.973311122797895, 9224982.52729475684464 ], [ 298209.44381664681714, 9224978.577029617503285 ], [ 298207.392830301309004, 9224963.67645813152194 ], [ 298186.89741831459105, 9224968.05978761985898 ], [ 298155.541045028192457, 9224974.76593803614378 ] ] ] ] } },
{ "type": "Feature", "properties": { "fid": 607, "Endereco": "Avenida Max Zagel", "Proprietario": null, "Situacao_Ocupacao": null, "Bairro": "Camboinha", "Quadra": "16", "Lote": "01", "Municipio": "Cabedelo-PB", "Inquerito_Policial": null, "Area": null, "Habite_se": null, "Fase_investigacao": "7. Sem definição", "Laudo_SPU": null, "Area_invadida": null, "Pericia_PF": null, "Pericia_PF_link": null, "Laudo_SPU_link": null, "habite-se_link": null, "alvara_municipal_link": null, "Inquerito_policial_link": null, "numero_inquerito_policial": null, "numero_alvara_municipal": null, "numero_habite-se": null, "numero_pericia_PF": null, "numero_laudo_SPU": null, "AutoJudicial": null, "area_iinquerito_PF": null, "area_spu": null, "pericia_01": null, "Pericia_02": null, "Pericia_03": null, "Loteamento": "Jardim Jericó", "area_pecunia": null, "Situacao_recuo": null, "valor_m2": null, "valor_total": 0.0, "valor_formatado": "R$ 0,00", "Num_imovel": null, "CPF:": null, "alvara_municipal": null, "obs_pericia_pf": null, "obs_laudo_SPU": null, "obs_alvara": null, "obs_habite_se": null, "obs_pecunia": null, "obs_inquerito_pf": null }, "geometry": { "type": "MultiPolygon", "coordinates": [ [ [ [ 298194.371039533929434, 9224994.587636461481452 ], [ 298195.04920393077191, 9224996.994801886379719 ], [ 298211.494802991801407, 9224993.477601097896695 ], [ 298209.44381664681714, 9224978.577029617503285 ], [ 298190.973311123612802, 9224982.52729475684464 ], [ 298190.973311122623272, 9224982.527294753119349 ], [ 298159.616937836108264, 9224989.233445167541504 ], [ 298163.692830644082278, 9225003.700952300801873 ], [ 298195.049203930597287, 9224996.994801886379719 ], [ 298194.371039533929434, 9224994.587636461481452 ] ] ] ] } },
{ "type": "Feature", "properties": { "fid": 608, "Endereco": "Avenida Max Zagel", "Proprietario": null, "Situacao_Ocupacao": null, "Bairro": "Camboinha", "Quadra": "03", "Lote": "09", "Municipio": "Cabedelo-PB", "Inquerito_Policial": null, "Area": null, "Habite_se": null, "Fase_investigacao": "7. Sem definição", "Laudo_SPU": null, "Area_invadida": null, "Pericia_PF": null, "Pericia_PF_link": null, "Laudo_SPU_link": null, "habite-se_link": null, "alvara_municipal_link": null, "Inquerito_policial_link": null, "numero_inquerito_policial": null, "numero_alvara_municipal": null, "numero_habite-se": null, "numero_pericia_PF": null, "numero_laudo_SPU": null, "AutoJudicial": null, "area_iinquerito_PF": null, "area_spu": null, "pericia_01": null, "Pericia_02": null, "Pericia_03": null, "Loteamento": "Jardim Jericó", "area_pecunia": null, "Situacao_recuo": null, "valor_m2": null, "valor_total": 0.0, "valor_formatado": "R$ 0,00", "Num_imovel": null, "CPF:": null, "alvara_municipal": null, "obs_pericia_pf": null, "obs_laudo_SPU": null, "obs_alvara": null, "obs_habite_se": null, "obs_pecunia": null, "obs_inquerito_pf": null }, "geometry": { "type": "MultiPolygon", "coordinates": [ [ [ [ 298198.821091386023909, 9225010.921462561935186 ], [ 298167.594269393477589, 9225018.048208260908723 ], [ 298171.562572941184044, 9225032.528233384713531 ], [ 298202.789394933613949, 9225025.401487685739994 ], [ 298221.082573135383427, 9225021.226524598896503 ], [ 298217.745014027808793, 9225006.602547744289041 ], [ 298198.821091386023909, 9225010.921462561935186 ] ] ] ] } },
{ "type": "Feature", "properties": { "fid": 609, "Endereco": "Avenida Max Zagel", "Proprietario": null, "Situacao_Ocupacao": null, "Bairro": "Camboinha", "Quadra": "03", "Lote": "07", "Municipio": "Cabedelo-PB", "Inquerito_Policial": null, "Area": null, "Habite_se": null, "Fase_investigacao": "7. Sem definição", "Laudo_SPU": null, "Area_invadida": null, "Pericia_PF": null, "Pericia_PF_link": null, "Laudo_SPU_link": null, "habite-se_link": null, "alvara_municipal_link": null, "Inquerito_policial_link": null, "numero_inquerito_policial": null, "numero_alvara_municipal": null, "numero_habite-se": null, "numero_pericia_PF": null, "numero_laudo_SPU": null, "AutoJudicial": null, "area_iinquerito_PF": null, "area_spu": null, "pericia_01": null, "Pericia_02": null, "Pericia_03": null, "Loteamento": "Jardim Jericó", "area_pecunia": null, "Situacao_recuo": null, "valor_m2": null, "valor_total": 0.0, "valor_formatado": "R$ 0,00", "Num_imovel": null, "CPF:": null, "alvara_municipal": null, "obs_pericia_pf": null, "obs_laudo_SPU": null, "obs_alvara": null, "obs_habite_se": null, "obs_pecunia": null, "obs_inquerito_pf": null }, "geometry": { "type": "MultiPolygon", "coordinates": [ [ [ [ 298206.757698481203988, 9225039.881512811407447 ], [ 298175.530876488715876, 9225047.008258510380983 ], [ 298178.705519326671492, 9225058.5922786090523 ], [ 298209.932341319217812, 9225051.465532910078764 ], [ 298258.011275485216174, 9225040.4927116073668 ], [ 298254.681848328211345, 9225028.944017190486193 ], [ 298206.757698481203988, 9225039.881512811407447 ] ] ], [ [ [ 298254.681848328211345, 9225028.944017190486193 ], [ 298224.420132245693821, 9225035.850501462817192 ], [ 298206.757698481203988, 9225039.881512811407447 ], [ 298254.681848328211345, 9225028.944017190486193 ] ] ] ] } },
{ "type": "Feature", "properties": { "fid": 610, "Endereco": "Avenida Max Zagel", "Proprietario": null, "Situacao_Ocupacao": null, "Bairro": "Camboinha", "Quadra": "03", "Lote": "05", "Municipio": "Cabedelo-PB", "Inquerito_Policial": null, "Area": null, "Habite_se": null, "Fase_investigacao": "7. Sem definição", "Laudo_SPU": null, "Area_invadida": null, "Pericia_PF": null, "Pericia_PF_link": null, "Laudo_SPU_link": null, "habite-se_link": null, "alvara_municipal_link": null, "Inquerito_policial_link": null, "numero_inquerito_policial": null, "numero_alvara_municipal": null, "numero_habite-se": null, "numero_pericia_PF": null, "numero_laudo_SPU": null, "AutoJudicial": null, "area_iinquerito_PF": null, "area_spu": null, "pericia_01": null, "Pericia_02": null, "Pericia_03": null, "Loteamento": "Jardim Jericó", "area_pecunia": null, "Situacao_recuo": null, "valor_m2": null, "valor_total": 0.0, "valor_formatado": "R$ 0,00", "Num_imovel": null, "CPF:": null, "alvara_municipal": null, "obs_pericia_pf": null, "obs_laudo_SPU": null, "obs_alvara": null, "obs_habite_se": null, "obs_pecunia": null, "obs_inquerito_pf": null }, "geometry": { "type": "MultiPolygon", "coordinates": [ [ [ [ 298181.880162164801732, 9225070.176298711448908 ], [ 298185.054805002815556, 9225081.76031880825758 ], [ 298216.281626995303668, 9225074.633573109284043 ], [ 298264.67012980801519, 9225063.590100470930338 ], [ 298261.340702647925355, 9225052.041406042873859 ], [ 298213.106984157289844, 9225063.049553010612726 ], [ 298181.880162164801732, 9225070.176298711448908 ] ] ] ] } },
{ "type": "Feature", "properties": { "fid": 611, "Endereco": "Avenida Max Zagel", "Proprietario": null, "Situacao_Ocupacao": null, "Bairro": "Camboinha", "Quadra": "03", "Lote": "04", "Municipio": "Cabedelo-PB", "Inquerito_Policial": null, "Area": null, "Habite_se": null, "Fase_investigacao": "7. Sem definição", "Laudo_SPU": null, "Area_invadida": null, "Pericia_PF": null, "Pericia_PF_link": null, "Laudo_SPU_link": null, "habite-se_link": null, "alvara_municipal_link": null, "Inquerito_policial_link": null, "numero_inquerito_policial": null, "numero_alvara_municipal": null, "numero_habite-se": null, "numero_pericia_PF": null, "numero_laudo_SPU": null, "AutoJudicial": null, "area_iinquerito_PF": null, "area_spu": null, "pericia_01": null, "Pericia_02": null, "Pericia_03": null, "Loteamento": "Jardim Jericó", "area_pecunia": null, "Situacao_recuo": null, "valor_m2": null, "valor_total": 0.0, "valor_formatado": "R$ 0,00", "Num_imovel": null, "CPF:": null, "alvara_municipal": null, "obs_pericia_pf": null, "obs_laudo_SPU": null, "obs_alvara": null, "obs_habite_se": null, "obs_pecunia": null, "obs_inquerito_pf": null }, "geometry": { "type": "MultiPolygon", "coordinates": [ [ [ [ 298219.456269833317492, 9225086.217593209818006 ], [ 298219.456269833492115, 9225086.217593209818006 ], [ 298267.999556969618425, 9225075.138794900849462 ], [ 298264.67012980801519, 9225063.590100470930338 ], [ 298216.281626995187253, 9225074.633573109284043 ], [ 298185.054805002815556, 9225081.76031880825758 ], [ 298188.229447840771172, 9225093.344338908791542 ], [ 298219.456269833317492, 9225086.217593209818006 ] ] ] ] } },
{ "type": "Feature", "properties": { "fid": 612, "Endereco": "Avenida Max Zagel", "Proprietario": null, "Situacao_Ocupacao": null, "Bairro": "Camboinha", "Quadra": "03", "Lote": "03", "Municipio": "Cabedelo-PB", "Inquerito_Policial": null, "Area": null, "Habite_se": null, "Fase_investigacao": "7. Sem definição", "Laudo_SPU": null, "Area_invadida": null, "Pericia_PF": null, "Pericia_PF_link": null, "Laudo_SPU_link": null, "habite-se_link": null, "alvara_municipal_link": null, "Inquerito_policial_link": null, "numero_inquerito_policial": null, "numero_alvara_municipal": null, "numero_habite-se": null, "numero_pericia_PF": null, "numero_laudo_SPU": null, "AutoJudicial": null, "area_iinquerito_PF": null, "area_spu": null, "pericia_01": null, "Pericia_02": null, "Pericia_03": null, "Loteamento": "Jardim Jericó", "area_pecunia": null, "Situacao_recuo": null, "valor_m2": null, "valor_total": 0.0, "valor_formatado": "R$ 0,00", "Num_imovel": null, "CPF:": null, "alvara_municipal": null, "obs_pericia_pf": null, "obs_laudo_SPU": null, "obs_alvara": null, "obs_habite_se": null, "obs_pecunia": null, "obs_inquerito_pf": null }, "geometry": { "type": "MultiPolygon", "coordinates": [ [ [ [ 298219.456269833317492, 9225086.217593209818006 ], [ 298188.229447840771172, 9225093.344338908791542 ], [ 298191.404090678726789, 9225104.928359007462859 ], [ 298222.630912671273109, 9225097.801613308489323 ], [ 298271.328984126797877, 9225086.687489317730069 ], [ 298267.999556969618425, 9225075.138794900849462 ], [ 298219.456269833317492, 9225086.217593209818006 ] ] ] ] } },
{ "type": "Feature", "properties": { "fid": 613, "Endereco": "Avenida Max Zagel", "Proprietario": null, "Situacao_Ocupacao": null, "Bairro": "Camboinha", "Quadra": "03", "Lote": "02", "Municipio": "Cabedelo-PB", "Inquerito_Policial": null, "Area": null, "Habite_se": null, "Fase_investigacao": "7. Sem definição", "Laudo_SPU": null, "Area_invadida": null, "Pericia_PF": null, "Pericia_PF_link": null, "Laudo_SPU_link": null, "habite-se_link": null, "alvara_municipal_link": null, "Inquerito_policial_link": null, "numero_inquerito_policial": null, "numero_alvara_municipal": null, "numero_habite-se": null, "numero_pericia_PF": null, "numero_laudo_SPU": null, "AutoJudicial": null, "area_iinquerito_PF": null, "area_spu": null, "pericia_01": null, "Pericia_02": null, "Pericia_03": null, "Loteamento": "Jardim Jericó", "area_pecunia": null, "Situacao_recuo": null, "valor_m2": null, "valor_total": 0.0, "valor_formatado": "R$ 0,00", "Num_imovel": null, "CPF:": null, "alvara_municipal": null, "obs_pericia_pf": null, "obs_laudo_SPU": null, "obs_alvara": null, "obs_habite_se": null, "obs_pecunia": null, "obs_inquerito_pf": null }, "geometry": { "type": "MultiPolygon", "coordinates": [ [ [ [ 298222.630912671273109, 9225097.801613308489323 ], [ 298191.404090678726789, 9225104.928359007462859 ], [ 298195.372394226375036, 9225119.408384133130312 ], [ 298226.599216218863148, 9225112.281638434156775 ], [ 298226.599216219387017, 9225112.281638436019421 ], [ 298275.490768083021976, 9225101.123357370495796 ], [ 298271.328984126797877, 9225086.687489317730069 ], [ 298222.63091267098207, 9225097.801613306626678 ], [ 298222.630912671273109, 9225097.801613308489323 ] ] ] ] } },
{ "type": "Feature", "properties": { "fid": 614, "Endereco": "Avenida Max Zagel", "Proprietario": null, "Situacao_Ocupacao": null, "Bairro": "Camboinha", "Quadra": "03", "Lote": "01", "Municipio": "Cabedelo-PB", "Inquerito_Policial": null, "Area": null, "Habite_se": null, "Fase_investigacao": "7. Sem definição", "Laudo_SPU": null, "Area_invadida": null, "Pericia_PF": null, "Pericia_PF_link": null, "Laudo_SPU_link": null, "habite-se_link": null, "alvara_municipal_link": null, "Inquerito_policial_link": null, "numero_inquerito_policial": null, "numero_alvara_municipal": null, "numero_habite-se": null, "numero_pericia_PF": null, "numero_laudo_SPU": null, "AutoJudicial": null, "area_iinquerito_PF": null, "area_spu": null, "pericia_01": null, "Pericia_02": null, "Pericia_03": null, "Loteamento": "Jardim Jericó", "area_pecunia": null, "Situacao_recuo": null, "valor_m2": null, "valor_total": 0.0, "valor_formatado": "R$ 0,00", "Num_imovel": null, "CPF:": null, "alvara_municipal": null, "obs_pericia_pf": null, "obs_laudo_SPU": null, "obs_alvara": null, "obs_habite_se": null, "obs_pecunia": null, "obs_inquerito_pf": null }, "geometry": { "type": "MultiPolygon", "coordinates": [ [ [ [ 298226.599216218921356, 9225112.281638434156775 ], [ 298195.372394226375036, 9225119.408384133130312 ], [ 298199.340697774081491, 9225133.888409255072474 ], [ 298230.567519766511396, 9225126.761663557961583 ], [ 298279.652552028885111, 9225115.559225389733911 ], [ 298275.490768083021976, 9225101.123357370495796 ], [ 298226.599216219445225, 9225112.281638436019421 ], [ 298226.599216218921356, 9225112.281638434156775 ] ] ] ] } },
{ "type": "Feature", "properties": { "fid": 615, "Endereco": "Avenida Max Zagel", "Proprietario": null, "Situacao_Ocupacao": null, "Bairro": "Camboinha", "Quadra": "02", "Lote": "08", "Municipio": "Cabedelo-PB", "Inquerito_Policial": null, "Area": null, "Habite_se": null, "Fase_investigacao": "7. Sem definição", "Laudo_SPU": null, "Area_invadida": null, "Pericia_PF": null, "Pericia_PF_link": null, "Laudo_SPU_link": null, "habite-se_link": null, "alvara_municipal_link": null, "Inquerito_policial_link": null, "numero_inquerito_policial": null, "numero_alvara_municipal": null, "numero_habite-se": null, "numero_pericia_PF": null, "numero_laudo_SPU": null, "AutoJudicial": null, "area_iinquerito_PF": null, "area_spu": null, "pericia_01": null, "Pericia_02": null, "Pericia_03": null, "Loteamento": "Jardim Jericó", "area_pecunia": null, "Situacao_recuo": null, "valor_m2": null, "valor_total": 0.0, "valor_formatado": "R$ 0,00", "Num_imovel": null, "CPF:": null, "alvara_municipal": null, "obs_pericia_pf": null, "obs_laudo_SPU": null, "obs_alvara": null, "obs_habite_se": null, "obs_pecunia": null, "obs_inquerito_pf": null }, "geometry": { "type": "MultiPolygon", "coordinates": [ [ [ [ 298239.029039342713077, 9225154.174860948696733 ], [ 298239.029039342305623, 9225154.174860946834087 ], [ 298261.237890406278893, 9225149.20598484762013 ], [ 298257.962848090508487, 9225134.567880464717746 ], [ 298234.955913411220536, 9225139.715315103530884 ], [ 298234.955913413898088, 9225139.71531511284411 ], [ 298203.6815788691747, 9225146.712448501959443 ], [ 298207.754704797582235, 9225161.171994339674711 ], [ 298239.029039342713077, 9225154.174860948696733 ] ] ] ] } },
{ "type": "Feature", "properties": { "fid": 616, "Endereco": "Avenida Max Zagel", "Proprietario": null, "Situacao_Ocupacao": null, "Bairro": "Camboinha", "Quadra": "02", "Lote": "05", "Municipio": "Cabedelo-PB", "Inquerito_Policial": null, "Area": null, "Habite_se": null, "Fase_investigacao": "7. Sem definição", "Laudo_SPU": null, "Area_invadida": null, "Pericia_PF": null, "Pericia_PF_link": null, "Laudo_SPU_link": null, "habite-se_link": null, "alvara_municipal_link": null, "Inquerito_policial_link": null, "numero_inquerito_policial": null, "numero_alvara_municipal": null, "numero_habite-se": null, "numero_pericia_PF": null, "numero_laudo_SPU": null, "AutoJudicial": null, "area_iinquerito_PF": null, "area_spu": null, "pericia_01": null, "Pericia_02": null, "Pericia_03": null, "Loteamento": "Jardim Jericó", "area_pecunia": null, "Situacao_recuo": null, "valor_m2": null, "valor_total": 0.0, "valor_formatado": "R$ 0,00", "Num_imovel": null, "CPF:": null, "alvara_municipal": null, "obs_pericia_pf": null, "obs_laudo_SPU": null, "obs_alvara": null, "obs_habite_se": null, "obs_pecunia": null, "obs_inquerito_pf": null }, "geometry": { "type": "MultiPolygon", "coordinates": [ [ [ [ 298251.248417127353605, 9225197.553498456254601 ], [ 298272.980533487803768, 9225192.691284138709307 ], [ 298269.705491151311435, 9225178.053179839625955 ], [ 298247.175291199586354, 9225183.093952622264624 ], [ 298215.900956654397305, 9225190.091086011379957 ], [ 298219.97408258280484, 9225204.550631849095225 ], [ 298251.248417127877474, 9225197.553498458117247 ], [ 298251.248417127353605, 9225197.553498456254601 ] ] ] ] } },
{ "type": "Feature", "properties": { "fid": 617, "Endereco": "Avenida Max Zagel", "Proprietario": null, "Situacao_Ocupacao": null, "Bairro": "Camboinha", "Quadra": "02", "Lote": "04", "Municipio": "Cabedelo-PB", "Inquerito_Policial": null, "Area": null, "Habite_se": null, "Fase_investigacao": "7. Sem definição", "Laudo_SPU": null, "Area_invadida": null, "Pericia_PF": null, "Pericia_PF_link": null, "Laudo_SPU_link": null, "habite-se_link": null, "alvara_municipal_link": null, "Inquerito_policial_link": null, "numero_inquerito_policial": null, "numero_alvara_municipal": null, "numero_habite-se": null, "numero_pericia_PF": null, "numero_laudo_SPU": null, "AutoJudicial": null, "area_iinquerito_PF": null, "area_spu": null, "pericia_01": null, "Pericia_02": null, "Pericia_03": null, "Loteamento": "Jardim Jericó", "area_pecunia": null, "Situacao_recuo": null, "valor_m2": null, "valor_total": 0.0, "valor_formatado": "R$ 0,00", "Num_imovel": null, "CPF:": null, "alvara_municipal": null, "obs_pericia_pf": null, "obs_laudo_SPU": null, "obs_alvara": null, "obs_habite_se": null, "obs_pecunia": null, "obs_inquerito_pf": null }, "geometry": { "type": "MultiPolygon", "coordinates": [ [ [ [ 298219.97408258280484, 9225204.550631849095225 ], [ 298224.047208511212375, 9225219.010177684947848 ], [ 298255.321543056285009, 9225212.01304429769516 ], [ 298276.255575828312431, 9225207.32938845641911 ], [ 298272.980533487803768, 9225192.691284138709307 ], [ 298251.248417127295397, 9225197.553498456254601 ], [ 298251.248417127819266, 9225197.553498458117247 ], [ 298219.97408258280484, 9225204.550631849095225 ] ] ] ] } },
{ "type": "Feature", "properties": { "fid": 618, "Endereco": "Avenida Max Zagel", "Proprietario": null, "Situacao_Ocupacao": null, "Bairro": "Camboinha", "Quadra": "02", "Lote": "03", "Municipio": "Cabedelo-PB", "Inquerito_Policial": null, "Area": null, "Habite_se": null, "Fase_investigacao": "7. Sem definição", "Laudo_SPU": null, "Area_invadida": null, "Pericia_PF": null, "Pericia_PF_link": null, "Laudo_SPU_link": null, "habite-se_link": null, "alvara_municipal_link": null, "Inquerito_policial_link": null, "numero_inquerito_policial": null, "numero_alvara_municipal": null, "numero_habite-se": null, "numero_pericia_PF": null, "numero_laudo_SPU": null, "AutoJudicial": null, "area_iinquerito_PF": null, "area_spu": null, "pericia_01": null, "Pericia_02": null, "Pericia_03": null, "Loteamento": "Jardim Jericó", "area_pecunia": null, "Situacao_recuo": null, "valor_m2": null, "valor_total": 0.0, "valor_formatado": "R$ 0,00", "Num_imovel": null, "CPF:": null, "alvara_municipal": null, "obs_pericia_pf": null, "obs_laudo_SPU": null, "obs_alvara": null, "obs_habite_se": null, "obs_pecunia": null, "obs_inquerito_pf": null }, "geometry": { "type": "MultiPolygon", "coordinates": [ [ [ [ 298224.047208511212375, 9225219.010177684947848 ], [ 298228.12033443961991, 9225233.469723520800471 ], [ 298259.394668984692544, 9225226.472590131685138 ], [ 298279.530618165328633, 9225221.967492759227753 ], [ 298276.255575828312431, 9225207.32938845641911 ], [ 298255.321543056226801, 9225212.01304429769516 ], [ 298224.047208511212375, 9225219.010177684947848 ] ] ] ] } },
{ "type": "Feature", "properties": { "fid": 619, "Endereco": "Avenida Max Zagel", "Proprietario": null, "Situacao_Ocupacao": null, "Bairro": "Camboinha", "Quadra": "01", "Lote": "01", "Municipio": "Cabedelo-PB", "Inquerito_Policial": null, "Area": null, "Habite_se": null, "Fase_investigacao": "7. Sem definição", "Laudo_SPU": null, "Area_invadida": null, "Pericia_PF": null, "Pericia_PF_link": null, "Laudo_SPU_link": null, "habite-se_link": null, "alvara_municipal_link": null, "Inquerito_policial_link": null, "numero_inquerito_policial": null, "numero_alvara_municipal": null, "numero_habite-se": null, "numero_pericia_PF": null, "numero_laudo_SPU": null, "AutoJudicial": null, "area_iinquerito_PF": null, "area_spu": null, "pericia_01": null, "Pericia_02": null, "Pericia_03": null, "Loteamento": "Jardim Jericó", "area_pecunia": null, "Situacao_recuo": null, "valor_m2": null, "valor_total": 0.0, "valor_formatado": "R$ 0,00", "Num_imovel": null, "CPF:": null, "alvara_municipal": null, "obs_pericia_pf": null, "obs_laudo_SPU": null, "obs_alvara": null, "obs_habite_se": null, "obs_pecunia": null, "obs_inquerito_pf": null }, "geometry": { "type": "MultiPolygon", "coordinates": [ [ [ [ 298275.370794842019677, 9225283.907804584130645 ], [ 298275.3707948421943, 9225283.907804584130645 ], [ 298312.356511933321599, 9225276.180484838783741 ], [ 298309.042643215914723, 9225261.548959482461214 ], [ 298240.245846780075226, 9225275.922476764768362 ], [ 298244.011743516777642, 9225290.459561198949814 ], [ 298275.370794842019677, 9225283.907804584130645 ] ] ] ] } },
{ "type": "Feature", "properties": { "fid": 620, "Endereco": "Avenida Max Zagel", "Proprietario": null, "Situacao_Ocupacao": null, "Bairro": "Camboinha", "Quadra": "01", "Lote": "02", "Municipio": "Cabedelo-PB", "Inquerito_Policial": null, "Area": null, "Habite_se": null, "Fase_investigacao": "7. Sem definição", "Laudo_SPU": null, "Area_invadida": null, "Pericia_PF": null, "Pericia_PF_link": null, "Laudo_SPU_link": null, "habite-se_link": null, "alvara_municipal_link": null, "Inquerito_policial_link": null, "numero_inquerito_policial": null, "numero_alvara_municipal": null, "numero_habite-se": null, "numero_pericia_PF": null, "numero_laudo_SPU": null, "AutoJudicial": null, "area_iinquerito_PF": null, "area_spu": null, "pericia_01": null, "Pericia_02": null, "Pericia_03": null, "Loteamento": "Jardim Jericó", "area_pecunia": null, "Situacao_recuo": null, "valor_m2": null, "valor_total": 0.0, "valor_formatado": "R$ 0,00", "Num_imovel": null, "CPF:": null, "alvara_municipal": null, "obs_pericia_pf": null, "obs_laudo_SPU": null, "obs_alvara": null, "obs_habite_se": null, "obs_pecunia": null, "obs_inquerito_pf": null }, "geometry": { "type": "MultiPolygon", "coordinates": [ [ [ [ 298244.011743516777642, 9225290.459561198949814 ], [ 298247.777640253421851, 9225304.99664563126862 ], [ 298279.136691578722093, 9225298.444889018312097 ], [ 298315.670380648807622, 9225290.812010187655687 ], [ 298312.356511933321599, 9225276.180484838783741 ], [ 298275.370794842019677, 9225283.907804584130645 ], [ 298244.011743516777642, 9225290.459561198949814 ] ] ] ] } },
{ "type": "Feature", "properties": { "fid": 621, "Endereco": "Avenida Max Zagel", "Proprietario": null, "Situacao_Ocupacao": null, "Bairro": "Camboinha", "Quadra": "01", "Lote": "02", "Municipio": "Cabedelo-PB", "Inquerito_Policial": null, "Area": null, "Habite_se": null, "Fase_investigacao": "7. Sem definição", "Laudo_SPU": null, "Area_invadida": null, "Pericia_PF": null, "Pericia_PF_link": null, "Laudo_SPU_link": null, "habite-se_link": null, "alvara_municipal_link": null, "Inquerito_policial_link": null, "numero_inquerito_policial": null, "numero_alvara_municipal": null, "numero_habite-se": null, "numero_pericia_PF": null, "numero_laudo_SPU": null, "AutoJudicial": null, "area_iinquerito_PF": null, "area_spu": null, "pericia_01": null, "Pericia_02": null, "Pericia_03": null, "Loteamento": "Jardim Camboinha", "area_pecunia": null, "Situacao_recuo": null, "valor_m2": null, "valor_total": 0.0, "valor_formatado": "R$ 0,00", "Num_imovel": null, "CPF:": null, "alvara_municipal": null, "obs_pericia_pf": null, "obs_laudo_SPU": null, "obs_alvara": null, "obs_habite_se": null, "obs_pecunia": null, "obs_inquerito_pf": null }, "geometry": { "type": "MultiPolygon", "coordinates": [ [ [ [ 298250.583608785585966, 9225319.734285110607743 ], [ 298253.389577317982912, 9225334.471924589946866 ], [ 298284.718206859310158, 9225327.92652391269803 ], [ 298312.623421529599, 9225322.096367482095957 ], [ 298309.418981573020574, 9225307.441979492083192 ], [ 298281.912238326796796, 9225313.188884433358908 ], [ 298250.583608785585966, 9225319.734285110607743 ] ] ] ] } },
{ "type": "Feature", "properties": { "fid": 622, "Endereco": "Avenida Max Zagel", "Proprietario": null, "Situacao_Ocupacao": null, "Bairro": "Camboinha", "Quadra": "01", "Lote": "03", "Municipio": "Cabedelo-PB", "Inquerito_Policial": null, "Area": null, "Habite_se": null, "Fase_investigacao": "7. Sem definição", "Laudo_SPU": null, "Area_invadida": null, "Pericia_PF": null, "Pericia_PF_link": null, "Laudo_SPU_link": null, "habite-se_link": null, "alvara_municipal_link": null, "Inquerito_policial_link": null, "numero_inquerito_policial": null, "numero_alvara_municipal": null, "numero_habite-se": null, "numero_pericia_PF": null, "numero_laudo_SPU": null, "AutoJudicial": null, "area_iinquerito_PF": null, "area_spu": null, "pericia_01": null, "Pericia_02": null, "Pericia_03": null, "Loteamento": "Jardim Camboinha", "area_pecunia": null, "Situacao_recuo": null, "valor_m2": null, "valor_total": 0.0, "valor_formatado": "R$ 0,00", "Num_imovel": null, "CPF:": null, "alvara_municipal": null, "obs_pericia_pf": null, "obs_laudo_SPU": null, "obs_alvara": null, "obs_habite_se": null, "obs_pecunia": null, "obs_inquerito_pf": null }, "geometry": { "type": "MultiPolygon", "coordinates": [ [ [ [ 298255.370436740689911, 9225349.381951747462153 ], [ 298317.987953845178708, 9225336.299453565850854 ], [ 298316.589230303477962, 9225321.267802432179451 ], [ 298284.717932022118475, 9225327.925080401822925 ], [ 298253.389577317982912, 9225334.471924589946866 ], [ 298255.370436740689911, 9225349.381951747462153 ] ] ] ] } },
{ "type": "Feature", "properties": { "fid": 623, "Endereco": "Avenida Max Zagel", "Proprietario": null, "Situacao_Ocupacao": null, "Bairro": "Camboinha", "Quadra": "01", "Lote": "04", "Municipio": "Cabedelo-PB", "Inquerito_Policial": null, "Area": null, "Habite_se": null, "Fase_investigacao": "7. Sem definição", "Laudo_SPU": null, "Area_invadida": null, "Pericia_PF": null, "Pericia_PF_link": null, "Laudo_SPU_link": null, "habite-se_link": null, "alvara_municipal_link": null, "Inquerito_policial_link": null, "numero_inquerito_policial": null, "numero_alvara_municipal": null, "numero_habite-se": null, "numero_pericia_PF": null, "numero_laudo_SPU": null, "AutoJudicial": null, "area_iinquerito_PF": null, "area_spu": null, "pericia_01": null, "Pericia_02": null, "Pericia_03": null, "Loteamento": "Jardim Camboinha", "area_pecunia": null, "Situacao_recuo": null, "valor_m2": null, "valor_total": 0.0, "valor_formatado": "R$ 0,00", "Num_imovel": null, "CPF:": null, "alvara_municipal": null, "obs_pericia_pf": null, "obs_laudo_SPU": null, "obs_alvara": null, "obs_habite_se": null, "obs_pecunia": null, "obs_inquerito_pf": null }, "geometry": { "type": "MultiPolygon", "coordinates": [ [ [ [ 298317.987953845178708, 9225336.299453565850854 ], [ 298255.370436740689911, 9225349.381951747462153 ], [ 298257.351296163513325, 9225364.291978904977441 ], [ 298288.760640423977748, 9225357.72971473261714 ], [ 298309.774996802618261, 9225353.339245552197099 ], [ 298319.386677387577947, 9225351.331104706972837 ], [ 298317.987953845178708, 9225336.299453565850854 ] ] ] ] } },
{ "type": "Feature", "properties": { "fid": 624, "Endereco": "Avenida Max Zagel", "Proprietario": null, "Situacao_Ocupacao": null, "Bairro": "Camboinha", "Quadra": "01", "Lote": "05", "Municipio": "Cabedelo-PB", "Inquerito_Policial": null, "Area": null, "Habite_se": null, "Fase_investigacao": "7. Sem definição", "Laudo_SPU": null, "Area_invadida": null, "Pericia_PF": null, "Pericia_PF_link": null, "Laudo_SPU_link": null, "habite-se_link": null, "alvara_municipal_link": null, "Inquerito_policial_link": null, "numero_inquerito_policial": null, "numero_alvara_municipal": null, "numero_habite-se": null, "numero_pericia_PF": null, "numero_laudo_SPU": null, "AutoJudicial": null, "area_iinquerito_PF": null, "area_spu": null, "pericia_01": null, "Pericia_02": null, "Pericia_03": null, "Loteamento": "Jardim Camboinha", "area_pecunia": null, "Situacao_recuo": null, "valor_m2": null, "valor_total": 0.0, "valor_formatado": "R$ 0,00", "Num_imovel": null, "CPF:": null, "alvara_municipal": null, "obs_pericia_pf": null, "obs_laudo_SPU": null, "obs_alvara": null, "obs_habite_se": null, "obs_pecunia": null, "obs_inquerito_pf": null }, "geometry": { "type": "MultiPolygon", "coordinates": [ [ [ [ 298288.760640423977748, 9225357.72971473261714 ], [ 298257.351296163513325, 9225364.291978904977441 ], [ 298259.332155586220324, 9225379.202006062492728 ], [ 298300.649124137125909, 9225370.569770373404026 ], [ 298312.104799160500988, 9225368.176369063556194 ], [ 298309.774996802618261, 9225353.339245552197099 ], [ 298288.760640423977748, 9225357.72971473261714 ] ] ] ] } },
{ "type": "Feature", "properties": { "fid": 625, "Endereco": "Avenida Max Zagel", "Proprietario": null, "Situacao_Ocupacao": null, "Bairro": "Camboinha", "Quadra": "01", "Lote": "06", "Municipio": "Cabedelo-PB", "Inquerito_Policial": null, "Area": null, "Habite_se": null, "Fase_investigacao": "7. Sem definição", "Laudo_SPU": null, "Area_invadida": null, "Pericia_PF": null, "Pericia_PF_link": null, "Laudo_SPU_link": null, "habite-se_link": null, "alvara_municipal_link": null, "Inquerito_policial_link": null, "numero_inquerito_policial": null, "numero_alvara_municipal": null, "numero_habite-se": null, "numero_pericia_PF": null, "numero_laudo_SPU": null, "AutoJudicial": null, "area_iinquerito_PF": null, "area_spu": null, "pericia_01": null, "Pericia_02": null, "Pericia_03": null, "Loteamento": "Jardim Camboinha", "area_pecunia": null, "Situacao_recuo": null, "valor_m2": null, "valor_total": 0.0, "valor_formatado": "R$ 0,00", "Num_imovel": null, "CPF:": null, "alvara_municipal": null, "obs_pericia_pf": null, "obs_laudo_SPU": null, "obs_alvara": null, "obs_habite_se": null, "obs_pecunia": null, "obs_inquerito_pf": null }, "geometry": { "type": "MultiPolygon", "coordinates": [ [ [ [ 298290.741499846801162, 9225372.639741888269782 ], [ 298259.332155586220324, 9225379.202006062492728 ], [ 298261.313015008985531, 9225394.112033221870661 ], [ 298292.722359269624576, 9225387.549769047647715 ], [ 298302.391964981274214, 9225385.529526071622968 ], [ 298300.649124137125909, 9225370.569770373404026 ], [ 298290.741499846801162, 9225372.639741888269782 ] ] ] ] } },
{ "type": "Feature", "properties": { "fid": 626, "Endereco": "Avenida Max Zagel", "Proprietario": null, "Situacao_Ocupacao": null, "Bairro": "Camboinha", "Quadra": "01", "Lote": "07", "Municipio": "Cabedelo-PB", "Inquerito_Policial": null, "Area": null, "Habite_se": null, "Fase_investigacao": "7. Sem definição", "Laudo_SPU": null, "Area_invadida": null, "Pericia_PF": null, "Pericia_PF_link": null, "Laudo_SPU_link": null, "habite-se_link": null, "alvara_municipal_link": null, "Inquerito_policial_link": null, "numero_inquerito_policial": null, "numero_alvara_municipal": null, "numero_habite-se": null, "numero_pericia_PF": null, "numero_laudo_SPU": null, "AutoJudicial": null, "area_iinquerito_PF": null, "area_spu": null, "pericia_01": null, "Pericia_02": null, "Pericia_03": null, "Loteamento": "Jardim Camboinha", "area_pecunia": null, "Situacao_recuo": null, "valor_m2": null, "valor_total": 0.0, "valor_formatado": "R$ 0,00", "Num_imovel": null, "CPF:": null, "alvara_municipal": null, "obs_pericia_pf": null, "obs_laudo_SPU": null, "obs_alvara": null, "obs_habite_se": null, "obs_pecunia": null, "obs_inquerito_pf": null }, "geometry": { "type": "MultiPolygon", "coordinates": [ [ [ [ 298261.313015008985531, 9225394.112033221870661 ], [ 298263.293874431692529, 9225409.022060377523303 ], [ 298294.703218692389783, 9225402.459796205163002 ], [ 298304.13480582612101, 9225400.489281771704555 ], [ 298302.391964981274214, 9225385.529526071622968 ], [ 298292.722359269624576, 9225387.549769047647715 ], [ 298261.313015008985531, 9225394.112033221870661 ] ] ] ] } },
{ "type": "Feature", "properties": { "fid": 627, "Endereco": "Avenida Max Zagel", "Proprietario": null, "Situacao_Ocupacao": null, "Bairro": "Camboinha", "Quadra": "02", "Lote": "09", "Municipio": "Cabedelo-PB", "Inquerito_Policial": null, "Area": null, "Habite_se": null, "Fase_investigacao": "3. Aceito ANPP", "Laudo_SPU": null, "Area_invadida": null, "Pericia_PF": null, "Pericia_PF_link": null, "Laudo_SPU_link": null, "habite-se_link": null, "alvara_municipal_link": null, "Inquerito_policial_link": null, "numero_inquerito_policial": null, "numero_alvara_municipal": null, "numero_habite-se": null, "numero_pericia_PF": null, "numero_laudo_SPU": null, "AutoJudicial": null, "area_iinquerito_PF": null, "area_spu": null, "pericia_01": null, "Pericia_02": null, "Pericia_03": null, "Loteamento": "Jardim Camboinha", "area_pecunia": null, "Situacao_recuo": null, "valor_m2": null, "valor_total": 0.0, "valor_formatado": "R$ 0,00", "Num_imovel": null, "CPF:": null, "alvara_municipal": null, "obs_pericia_pf": null, "obs_laudo_SPU": null, "obs_alvara": null, "obs_habite_se": null, "obs_pecunia": null, "obs_inquerito_pf": null }, "geometry": { "type": "MultiPolygon", "coordinates": [ [ [ [ 298265.702366731886286, 9225421.103061534464359 ], [ 298265.44311394757824, 9225436.134420271962881 ], [ 298297.475308925902937, 9225434.543708916753531 ], [ 298307.657606887281872, 9225434.038058366626501 ], [ 298306.59786610561423, 9225412.698031321167946 ], [ 298297.820979305077344, 9225414.50189726613462 ], [ 298265.702366731886286, 9225421.103061534464359 ] ] ] ] } },
{ "type": "Feature", "properties": { "fid": 628, "Endereco": "Avenida Max Zagel", "Proprietario": null, "Situacao_Ocupacao": null, "Bairro": "Camboinha", "Quadra": "02", "Lote": "08", "Municipio": "Cabedelo-PB", "Inquerito_Policial": null, "Area": null, "Habite_se": null, "Fase_investigacao": "7. Sem definição", "Laudo_SPU": null, "Area_invadida": null, "Pericia_PF": null, "Pericia_PF_link": null, "Laudo_SPU_link": null, "habite-se_link": null, "alvara_municipal_link": null, "Inquerito_policial_link": null, "numero_inquerito_policial": null, "numero_alvara_municipal": null, "numero_habite-se": null, "numero_pericia_PF": null, "numero_laudo_SPU": null, "AutoJudicial": null, "area_iinquerito_PF": null, "area_spu": null, "pericia_01": null, "Pericia_02": null, "Pericia_03": null, "Loteamento": "Jardim Camboinha", "area_pecunia": null, "Situacao_recuo": null, "valor_m2": null, "valor_total": 0.0, "valor_formatado": "R$ 0,00", "Num_imovel": null, "CPF:": null, "alvara_municipal": null, "obs_pericia_pf": null, "obs_laudo_SPU": null, "obs_alvara": null, "obs_habite_se": null, "obs_pecunia": null, "obs_inquerito_pf": null }, "geometry": { "type": "MultiPolygon", "coordinates": [ [ [ [ 298265.44311394757824, 9225436.134420271962881 ], [ 298265.183861163211986, 9225451.165779009461403 ], [ 298297.216056141478475, 9225449.575067652389407 ], [ 298304.941285694774706, 9225449.191434549167752 ], [ 298304.197305978101213, 9225434.209896106272936 ], [ 298297.475308925902937, 9225434.543708916753531 ], [ 298265.44311394757824, 9225436.134420271962881 ] ] ] ] } },
{ "type": "Feature", "properties": { "fid": 629, "Endereco": "Avenida Max Zagel", "Proprietario": null, "Situacao_Ocupacao": null, "Bairro": "Camboinha", "Quadra": "02", "Lote": "07", "Municipio": "Cabedelo-PB", "Inquerito_Policial": null, "Area": null, "Habite_se": null, "Fase_investigacao": "7. Sem definição", "Laudo_SPU": null, "Area_invadida": "Não", "Pericia_PF": null, "Pericia_PF_link": null, "Laudo_SPU_link": null, "habite-se_link": null, "alvara_municipal_link": null, "Inquerito_policial_link": null, "numero_inquerito_policial": null, "numero_alvara_municipal": null, "numero_habite-se": null, "numero_pericia_PF": null, "numero_laudo_SPU": null, "AutoJudicial": null, "area_iinquerito_PF": null, "area_spu": null, "pericia_01": null, "Pericia_02": null, "Pericia_03": null, "Loteamento": "Jardim Camboinha", "area_pecunia": null, "Situacao_recuo": null, "valor_m2": null, "valor_total": 0.0, "valor_formatado": "R$ 0,00", "Num_imovel": null, "CPF:": null, "alvara_municipal": null, "obs_pericia_pf": null, "obs_laudo_SPU": null, "obs_alvara": null, "obs_habite_se": null, "obs_pecunia": null, "obs_inquerito_pf": null }, "geometry": { "type": "MultiPolygon", "coordinates": [ [ [ [ 298297.216056141478475, 9225449.575067652389407 ], [ 298265.183861163211986, 9225451.165779009461403 ], [ 298264.92460837867111, 9225466.19713774882257 ], [ 298296.956803357112221, 9225464.606426393613219 ], [ 298308.627623926789965, 9225464.026856157928705 ], [ 298308.401586605526973, 9225449.019596807658672 ], [ 298304.941285694774706, 9225449.191434549167752 ], [ 298297.216056141478475, 9225449.575067652389407 ] ] ], [ [ [ 298308.401586605526973, 9225449.019596807658672 ], [ 298304.941285694774706, 9225449.191434549167752 ], [ 298297.216056141478475, 9225449.575067652389407 ], [ 298308.401586605526973, 9225449.019596807658672 ] ] ] ] } },
{ "type": "Feature", "properties": { "fid": 630, "Endereco": "Avenida Max Zagel", "Proprietario": null, "Situacao_Ocupacao": null, "Bairro": "Camboinha", "Quadra": "02", "Lote": "06", "Municipio": "Cabedelo-PB", "Inquerito_Policial": null, "Area": null, "Habite_se": null, "Fase_investigacao": "7. Sem definição", "Laudo_SPU": null, "Area_invadida": null, "Pericia_PF": null, "Pericia_PF_link": null, "Laudo_SPU_link": null, "habite-se_link": null, "alvara_municipal_link": null, "Inquerito_policial_link": null, "numero_inquerito_policial": null, "numero_alvara_municipal": null, "numero_habite-se": null, "numero_pericia_PF": null, "numero_laudo_SPU": null, "AutoJudicial": null, "area_iinquerito_PF": null, "area_spu": null, "pericia_01": null, "Pericia_02": null, "Pericia_03": null, "Loteamento": "Jardim Camboinha", "area_pecunia": null, "Situacao_recuo": null, "valor_m2": null, "valor_total": 0.0, "valor_formatado": "R$ 0,00", "Num_imovel": null, "CPF:": null, "alvara_municipal": null, "obs_pericia_pf": null, "obs_laudo_SPU": null, "obs_alvara": null, "obs_habite_se": null, "obs_pecunia": null, "obs_inquerito_pf": null }, "geometry": { "type": "MultiPolygon", "coordinates": [ [ [ [ 298296.956803357112221, 9225464.606426393613219 ], [ 298264.92460837867111, 9225466.19713774882257 ], [ 298264.665355594421271, 9225481.228496484458447 ], [ 298296.69755057268776, 9225479.637785129249096 ], [ 298309.06505033490248, 9225479.023617966100574 ], [ 298308.627623926789965, 9225464.026856157928705 ], [ 298296.956803357054014, 9225464.606426395475864 ], [ 298296.956803357112221, 9225464.606426393613219 ] ] ] ] } },
{ "type": "Feature", "properties": { "fid": 631, "Endereco": "Avenida Max Zagel", "Proprietario": null, "Situacao_Ocupacao": null, "Bairro": "Camboinha", "Quadra": "02", "Lote": "05", "Municipio": "Cabedelo-PB", "Inquerito_Policial": null, "Area": null, "Habite_se": null, "Fase_investigacao": "7. Sem definição", "Laudo_SPU": null, "Area_invadida": null, "Pericia_PF": null, "Pericia_PF_link": null, "Laudo_SPU_link": null, "habite-se_link": null, "alvara_municipal_link": null, "Inquerito_policial_link": null, "numero_inquerito_policial": null, "numero_alvara_municipal": null, "numero_habite-se": null, "numero_pericia_PF": null, "numero_laudo_SPU": null, "AutoJudicial": null, "area_iinquerito_PF": null, "area_spu": null, "pericia_01": null, "Pericia_02": null, "Pericia_03": null, "Loteamento": "Jardim Camboinha", "area_pecunia": null, "Situacao_recuo": null, "valor_m2": null, "valor_total": 0.0, "valor_formatado": "R$ 0,00", "Num_imovel": null, "CPF:": null, "alvara_municipal": null, "obs_pericia_pf": null, "obs_laudo_SPU": null, "obs_alvara": null, "obs_habite_se": null, "obs_pecunia": null, "obs_inquerito_pf": null }, "geometry": { "type": "MultiPolygon", "coordinates": [ [ [ [ 298264.665355594421271, 9225481.228496484458447 ], [ 298264.408374207094312, 9225496.128160644322634 ], [ 298296.410938577610068, 9225496.255418486893177 ], [ 298309.569194659590721, 9225496.307742144912481 ], [ 298309.06505033490248, 9225479.023617966100574 ], [ 298296.69755057268776, 9225479.637785129249096 ], [ 298264.665355594421271, 9225481.228496484458447 ] ] ] ] } },
{ "type": "Feature", "properties": { "fid": 632, "Endereco": "Avenida Max Zagel", "Proprietario": null, "Situacao_Ocupacao": null, "Bairro": "Camboinha", "Quadra": "02", "Lote": "04", "Municipio": "Cabedelo-PB", "Inquerito_Policial": null, "Area": null, "Habite_se": null, "Fase_investigacao": "6. Arquivado", "Laudo_SPU": null, "Area_invadida": null, "Pericia_PF": null, "Pericia_PF_link": null, "Laudo_SPU_link": null, "habite-se_link": null, "alvara_municipal_link": null, "Inquerito_policial_link": null, "numero_inquerito_policial": null, "numero_alvara_municipal": null, "numero_habite-se": null, "numero_pericia_PF": null, "numero_laudo_SPU": null, "AutoJudicial": null, "area_iinquerito_PF": null, "area_spu": null, "pericia_01": null, "Pericia_02": null, "Pericia_03": null, "Loteamento": "Jardim Camboinha", "area_pecunia": null, "Situacao_recuo": null, "valor_m2": null, "valor_total": 0.0, "valor_formatado": "R$ 0,00", "Num_imovel": null, "CPF:": null, "alvara_municipal": null, "obs_pericia_pf": null, "obs_laudo_SPU": null, "obs_alvara": null, "obs_habite_se": null, "obs_pecunia": null, "obs_inquerito_pf": null }, "geometry": { "type": "MultiPolygon", "coordinates": [ [ [ [ 298264.408374207094312, 9225496.128160644322634 ], [ 298264.115030297194608, 9225513.136107362806797 ], [ 298296.143292710126843, 9225511.77340436540544 ], [ 298309.999320062925108, 9225511.183873476460576 ], [ 298310.327055958274286, 9225496.310755770653486 ], [ 298309.569194659590721, 9225496.307742144912481 ], [ 298296.410938577610068, 9225496.255418486893177 ], [ 298264.408374207094312, 9225496.128160644322634 ] ] ] ] } },
{ "type": "Feature", "properties": { "fid": 633, "Endereco": "Avenida Max Zagel", "Proprietario": null, "Situacao_Ocupacao": null, "Bairro": "Camboinha", "Quadra": "02", "Lote": "03", "Municipio": "Cabedelo-PB", "Inquerito_Policial": null, "Area": null, "Habite_se": null, "Fase_investigacao": "7. Sem definição", "Laudo_SPU": null, "Area_invadida": null, "Pericia_PF": null, "Pericia_PF_link": null, "Laudo_SPU_link": null, "habite-se_link": null, "alvara_municipal_link": null, "Inquerito_policial_link": null, "numero_inquerito_policial": null, "numero_alvara_municipal": null, "numero_habite-se": null, "numero_pericia_PF": null, "numero_laudo_SPU": null, "AutoJudicial": null, "area_iinquerito_PF": null, "area_spu": null, "pericia_01": null, "Pericia_02": null, "Pericia_03": null, "Loteamento": "Jardim Camboinha", "area_pecunia": null, "Situacao_recuo": null, "valor_m2": null, "valor_total": 0.0, "valor_formatado": "R$ 0,00", "Num_imovel": null, "CPF:": null, "alvara_municipal": null, "obs_pericia_pf": null, "obs_laudo_SPU": null, "obs_alvara": null, "obs_habite_se": null, "obs_pecunia": null, "obs_inquerito_pf": null }, "geometry": { "type": "MultiPolygon", "coordinates": [ [ [ [ 298264.115030297194608, 9225513.136107362806797 ], [ 298263.85589415137656, 9225528.16070344671607 ], [ 298295.884156564308796, 9225526.798000449314713 ], [ 298309.668178765103221, 9225526.211533157154918 ], [ 298309.999320062925108, 9225511.183873476460576 ], [ 298296.143292710126843, 9225511.77340436540544 ], [ 298264.115030297194608, 9225513.136107362806797 ] ] ] ] } },
{ "type": "Feature", "properties": { "fid": 634, "Endereco": "Avenida Max Zagel", "Proprietario": null, "Situacao_Ocupacao": null, "Bairro": "Camboinha", "Quadra": "02", "Lote": "02", "Municipio": "Cabedelo-PB", "Inquerito_Policial": null, "Area": null, "Habite_se": null, "Fase_investigacao": "7. Sem definição", "Laudo_SPU": null, "Area_invadida": null, "Pericia_PF": null, "Pericia_PF_link": null, "Laudo_SPU_link": null, "habite-se_link": null, "alvara_municipal_link": null, "Inquerito_policial_link": null, "numero_inquerito_policial": null, "numero_alvara_municipal": null, "numero_habite-se": null, "numero_pericia_PF": null, "numero_laudo_SPU": null, "AutoJudicial": null, "area_iinquerito_PF": null, "area_spu": null, "pericia_01": null, "Pericia_02": null, "Pericia_03": null, "Loteamento": "Jardim Camboinha", "area_pecunia": null, "Situacao_recuo": null, "valor_m2": null, "valor_total": 0.0, "valor_formatado": "R$ 0,00", "Num_imovel": null, "CPF:": null, "alvara_municipal": null, "obs_pericia_pf": null, "obs_laudo_SPU": null, "obs_alvara": null, "obs_habite_se": null, "obs_pecunia": null, "obs_inquerito_pf": null }, "geometry": { "type": "MultiPolygon", "coordinates": [ [ [ [ 298295.884156564308796, 9225526.798000449314713 ], [ 298263.85589415137656, 9225528.16070344671607 ], [ 298263.596758005674928, 9225543.185299530625343 ], [ 298295.625020418490749, 9225541.822596531361341 ], [ 298319.20928115962306, 9225540.204097827896476 ], [ 298318.277159539808054, 9225525.585416795685887 ], [ 298309.668178765103221, 9225526.211533157154918 ], [ 298295.884156564308796, 9225526.798000449314713 ] ] ] ] } },
{ "type": "Feature", "properties": { "fid": 635, "Endereco": "Avenida Max Zagel", "Proprietario": null, "Situacao_Ocupacao": null, "Bairro": "Camboinha", "Quadra": "02", "Lote": "01", "Municipio": "Cabedelo-PB", "Inquerito_Policial": null, "Area": null, "Habite_se": null, "Fase_investigacao": "4. Recusado ANPP", "Laudo_SPU": null, "Area_invadida": null, "Pericia_PF": null, "Pericia_PF_link": null, "Laudo_SPU_link": null, "habite-se_link": null, "alvara_municipal_link": null, "Inquerito_policial_link": null, "numero_inquerito_policial": null, "numero_alvara_municipal": null, "numero_habite-se": null, "numero_pericia_PF": null, "numero_laudo_SPU": null, "AutoJudicial": null, "area_iinquerito_PF": null, "area_spu": null, "pericia_01": null, "Pericia_02": null, "Pericia_03": null, "Loteamento": "Jardim Camboinha", "area_pecunia": null, "Situacao_recuo": null, "valor_m2": null, "valor_total": 0.0, "valor_formatado": "R$ 0,00", "Num_imovel": null, "CPF:": null, "alvara_municipal": null, "obs_pericia_pf": null, "obs_laudo_SPU": null, "obs_alvara": null, "obs_habite_se": null, "obs_pecunia": null, "obs_inquerito_pf": null }, "geometry": { "type": "MultiPolygon", "coordinates": [ [ [ [ 298263.596758005674928, 9225543.185299530625343 ], [ 298263.337621859915089, 9225558.209895612671971 ], [ 298295.314057043695357, 9225559.852111831307411 ], [ 298319.628076749795582, 9225561.100808795541525 ], [ 298319.20928115962306, 9225540.204097827896476 ], [ 298295.628738361119758, 9225541.607031909748912 ], [ 298295.625020418490749, 9225541.822596531361341 ], [ 298263.596758005674928, 9225543.185299530625343 ] ] ] ] } },
{ "type": "Feature", "properties": { "fid": 636, "Endereco": "Rua Zilda Pessoa Barreto", "Proprietario": null, "Situacao_Ocupacao": null, "Bairro": "Camboinha", "Quadra": "03", "Lote": "02", "Municipio": "Cabedelo-PB", "Inquerito_Policial": null, "Area": null, "Habite_se": null, "Fase_investigacao": "7. Sem definição", "Laudo_SPU": null, "Area_invadida": null, "Pericia_PF": null, "Pericia_PF_link": null, "Laudo_SPU_link": null, "habite-se_link": null, "alvara_municipal_link": null, "Inquerito_policial_link": null, "numero_inquerito_policial": null, "numero_alvara_municipal": null, "numero_habite-se": null, "numero_pericia_PF": null, "numero_laudo_SPU": null, "AutoJudicial": null, "area_iinquerito_PF": null, "area_spu": null, "pericia_01": null, "Pericia_02": null, "Pericia_03": null, "Loteamento": "Jardim Camboinha", "area_pecunia": null, "Situacao_recuo": null, "valor_m2": null, "valor_total": 0.0, "valor_formatado": "R$ 0,00", "Num_imovel": null, "CPF:": null, "alvara_municipal": null, "obs_pericia_pf": null, "obs_laudo_SPU": null, "obs_alvara": null, "obs_habite_se": null, "obs_pecunia": null, "obs_inquerito_pf": null }, "geometry": { "type": "MultiPolygon", "coordinates": [ [ [ [ 298291.716136839590035, 9225589.378558477386832 ], [ 298260.499297653499525, 9225582.267217300832272 ], [ 298258.210763095528819, 9225594.053310146555305 ], [ 298289.427602281619329, 9225601.164651323109865 ], [ 298311.246629143424798, 9225606.135127136483788 ], [ 298313.741432873473968, 9225594.396023366600275 ], [ 298291.716136839590035, 9225589.378558477386832 ] ] ] ] } },
{ "type": "Feature", "properties": { "fid": 637, "Endereco": "Rua Zilda Pessoa Barreto", "Proprietario": null, "Situacao_Ocupacao": null, "Bairro": "Camboinha", "Quadra": "03", "Lote": "03", "Municipio": "Cabedelo-PB", "Inquerito_Policial": null, "Area": null, "Habite_se": null, "Fase_investigacao": "7. Sem definição", "Laudo_SPU": null, "Area_invadida": null, "Pericia_PF": null, "Pericia_PF_link": null, "Laudo_SPU_link": null, "habite-se_link": null, "alvara_municipal_link": null, "Inquerito_policial_link": null, "numero_inquerito_policial": null, "numero_alvara_municipal": null, "numero_habite-se": null, "numero_pericia_PF": null, "numero_laudo_SPU": null, "AutoJudicial": null, "area_iinquerito_PF": null, "area_spu": null, "pericia_01": null, "Pericia_02": null, "Pericia_03": null, "Loteamento": "Jardim Camboinha", "area_pecunia": null, "Situacao_recuo": null, "valor_m2": null, "valor_total": 0.0, "valor_formatado": "R$ 0,00", "Num_imovel": null, "CPF:": null, "alvara_municipal": null, "obs_pericia_pf": null, "obs_laudo_SPU": null, "obs_alvara": null, "obs_habite_se": null, "obs_pecunia": null, "obs_inquerito_pf": null }, "geometry": { "type": "MultiPolygon", "coordinates": [ [ [ [ 298258.210763095528819, 9225594.053310146555305 ], [ 298255.92222853761632, 9225605.839402992278337 ], [ 298287.139242988603655, 9225612.949841544032097 ], [ 298308.752148756000679, 9225617.872709445655346 ], [ 298311.246629143424798, 9225606.135127136483788 ], [ 298289.427602281619329, 9225601.164651323109865 ], [ 298258.210763095528819, 9225594.053310146555305 ] ] ] ] } },
{ "type": "Feature", "properties": { "fid": 638, "Endereco": "Rua Zilda Pessoa Barreto", "Proprietario": null, "Situacao_Ocupacao": null, "Bairro": "Camboinha", "Quadra": "03", "Lote": "04", "Municipio": "Cabedelo-PB", "Inquerito_Policial": null, "Area": null, "Habite_se": null, "Fase_investigacao": "7. Sem definição", "Laudo_SPU": null, "Area_invadida": null, "Pericia_PF": null, "Pericia_PF_link": null, "Laudo_SPU_link": null, "habite-se_link": null, "alvara_municipal_link": null, "Inquerito_policial_link": null, "numero_inquerito_policial": null, "numero_alvara_municipal": null, "numero_habite-se": null, "numero_pericia_PF": null, "numero_laudo_SPU": null, "AutoJudicial": null, "area_iinquerito_PF": null, "area_spu": null, "pericia_01": null, "Pericia_02": null, "Pericia_03": null, "Loteamento": "Jardim Camboinha", "area_pecunia": null, "Situacao_recuo": null, "valor_m2": null, "valor_total": 0.0, "valor_formatado": "R$ 0,00", "Num_imovel": null, "CPF:": null, "alvara_municipal": null, "obs_pericia_pf": null, "obs_laudo_SPU": null, "obs_alvara": null, "obs_habite_se": null, "obs_pecunia": null, "obs_inquerito_pf": null }, "geometry": { "type": "MultiPolygon", "coordinates": [ [ [ [ 298287.13906772370683, 9225612.950744168832898 ], [ 298255.922228537499905, 9225605.839402992278337 ], [ 298253.633693979587406, 9225617.625495836138725 ], [ 298284.850533165794332, 9225624.736837014555931 ], [ 298306.257021684315987, 9225629.613334672525525 ], [ 298308.752148756000679, 9225617.872709445655346 ], [ 298287.13906772370683, 9225612.950744168832898 ] ] ] ] } },
{ "type": "Feature", "properties": { "fid": 639, "Endereco": "Rua Zilda Pessoa Barreto", "Proprietario": null, "Situacao_Ocupacao": null, "Bairro": "Camboinha", "Quadra": "03", "Lote": "05", "Municipio": "Cabedelo-PB", "Inquerito_Policial": null, "Area": null, "Habite_se": null, "Fase_investigacao": "7. Sem definição", "Laudo_SPU": null, "Area_invadida": null, "Pericia_PF": null, "Pericia_PF_link": null, "Laudo_SPU_link": null, "habite-se_link": null, "alvara_municipal_link": null, "Inquerito_policial_link": null, "numero_inquerito_policial": null, "numero_alvara_municipal": null, "numero_habite-se": null, "numero_pericia_PF": null, "numero_laudo_SPU": null, "AutoJudicial": null, "area_iinquerito_PF": null, "area_spu": null, "pericia_01": null, "Pericia_02": null, "Pericia_03": null, "Loteamento": "Jardim Camboinha", "area_pecunia": null, "Situacao_recuo": null, "valor_m2": null, "valor_total": 0.0, "valor_formatado": "R$ 0,00", "Num_imovel": null, "CPF:": null, "alvara_municipal": null, "obs_pericia_pf": null, "obs_laudo_SPU": null, "obs_alvara": null, "obs_habite_se": null, "obs_pecunia": null, "obs_inquerito_pf": null }, "geometry": { "type": "MultiPolygon", "coordinates": [ [ [ [ 298253.633693979587406, 9225617.625495836138725 ], [ 298251.345159421674907, 9225629.411588681861758 ], [ 298282.56199860770721, 9225636.522929858416319 ], [ 298303.762217953510117, 9225641.352438444271684 ], [ 298306.257021684315987, 9225629.613334672525525 ], [ 298284.850533165794332, 9225624.736837014555931 ], [ 298253.633693979587406, 9225617.625495836138725 ] ] ] ] } },
{ "type": "Feature", "properties": { "fid": 640, "Endereco": "Rua Zilda Pessoa Barreto", "Proprietario": null, "Situacao_Ocupacao": null, "Bairro": "Camboinha", "Quadra": "03", "Lote": "06", "Municipio": "Cabedelo-PB", "Inquerito_Policial": null, "Area": null, "Habite_se": null, "Fase_investigacao": "7. Sem definição", "Laudo_SPU": null, "Area_invadida": null, "Pericia_PF": null, "Pericia_PF_link": null, "Laudo_SPU_link": null, "habite-se_link": null, "alvara_municipal_link": null, "Inquerito_policial_link": null, "numero_inquerito_policial": null, "numero_alvara_municipal": null, "numero_habite-se": null, "numero_pericia_PF": null, "numero_laudo_SPU": null, "AutoJudicial": null, "area_iinquerito_PF": null, "area_spu": null, "pericia_01": null, "Pericia_02": null, "Pericia_03": null, "Loteamento": "Jardim Camboinha", "area_pecunia": null, "Situacao_recuo": null, "valor_m2": null, "valor_total": 0.0, "valor_formatado": "R$ 0,00", "Num_imovel": null, "CPF:": null, "alvara_municipal": null, "obs_pericia_pf": null, "obs_laudo_SPU": null, "obs_alvara": null, "obs_habite_se": null, "obs_pecunia": null, "obs_inquerito_pf": null }, "geometry": { "type": "MultiPolygon", "coordinates": [ [ [ [ 298280.273464050143957, 9225648.309022702276707 ], [ 298301.267414225323591, 9225653.091542204841971 ], [ 298303.762217953510117, 9225641.352438444271684 ], [ 298282.561998607823625, 9225636.522929858416319 ], [ 298251.345159421674907, 9225629.411588681861758 ], [ 298249.056624863704201, 9225641.197681529447436 ], [ 298280.273464049794711, 9225648.309022704139352 ], [ 298280.273464050143957, 9225648.309022702276707 ] ] ] ] } },
{ "type": "Feature", "properties": { "fid": 641, "Endereco": "Rua Zilda Pessoa Barreto", "Proprietario": null, "Situacao_Ocupacao": null, "Bairro": "Camboinha", "Quadra": "03", "Lote": "07", "Municipio": "Cabedelo-PB", "Inquerito_Policial": null, "Area": null, "Habite_se": null, "Fase_investigacao": "7. Sem definição", "Laudo_SPU": null, "Area_invadida": null, "Pericia_PF": null, "Pericia_PF_link": null, "Laudo_SPU_link": null, "habite-se_link": null, "alvara_municipal_link": null, "Inquerito_policial_link": null, "numero_inquerito_policial": null, "numero_alvara_municipal": null, "numero_habite-se": null, "numero_pericia_PF": null, "numero_laudo_SPU": null, "AutoJudicial": null, "area_iinquerito_PF": null, "area_spu": null, "pericia_01": null, "Pericia_02": null, "Pericia_03": null, "Loteamento": "Jardim Camboinha", "area_pecunia": null, "Situacao_recuo": null, "valor_m2": null, "valor_total": 0.0, "valor_formatado": "R$ 0,00", "Num_imovel": null, "CPF:": null, "alvara_municipal": null, "obs_pericia_pf": null, "obs_laudo_SPU": null, "obs_alvara": null, "obs_habite_se": null, "obs_pecunia": null, "obs_inquerito_pf": null }, "geometry": { "type": "MultiPolygon", "coordinates": [ [ [ [ 298249.056624863704201, 9225641.197681529447436 ], [ 298246.768090305791702, 9225652.983774373307824 ], [ 298277.984929491882212, 9225660.095115549862385 ], [ 298298.772610494110268, 9225664.83064598031342 ], [ 298301.267414225323591, 9225653.091542204841971 ], [ 298280.273464050085749, 9225648.309022702276707 ], [ 298280.273464049736504, 9225648.309022704139352 ], [ 298249.056624863704201, 9225641.197681529447436 ] ] ] ] } },
{ "type": "Feature", "properties": { "fid": 642, "Endereco": "Rua Zilda Pessoa Barreto", "Proprietario": null, "Situacao_Ocupacao": null, "Bairro": "Camboinha", "Quadra": "03", "Lote": "08", "Municipio": "Cabedelo-PB", "Inquerito_Policial": null, "Area": null, "Habite_se": null, "Fase_investigacao": "7. Sem definição", "Laudo_SPU": null, "Area_invadida": null, "Pericia_PF": null, "Pericia_PF_link": null, "Laudo_SPU_link": null, "habite-se_link": null, "alvara_municipal_link": null, "Inquerito_policial_link": null, "numero_inquerito_policial": null, "numero_alvara_municipal": null, "numero_habite-se": null, "numero_pericia_PF": null, "numero_laudo_SPU": null, "AutoJudicial": null, "area_iinquerito_PF": null, "area_spu": null, "pericia_01": null, "Pericia_02": null, "Pericia_03": null, "Loteamento": "Jardim Camboinha", "area_pecunia": null, "Situacao_recuo": null, "valor_m2": null, "valor_total": 0.0, "valor_formatado": "R$ 0,00", "Num_imovel": null, "CPF:": null, "alvara_municipal": null, "obs_pericia_pf": null, "obs_laudo_SPU": null, "obs_alvara": null, "obs_habite_se": null, "obs_pecunia": null, "obs_inquerito_pf": null }, "geometry": { "type": "MultiPolygon", "coordinates": [ [ [ [ 298246.768090305791702, 9225652.983774373307824 ], [ 298244.479555747820996, 9225664.769867217168212 ], [ 298275.696394933795091, 9225671.881208395585418 ], [ 298296.277806764293928, 9225676.569749750196934 ], [ 298298.772610494110268, 9225664.83064598031342 ], [ 298277.984929491882212, 9225660.095115549862385 ], [ 298246.768090305791702, 9225652.983774373307824 ] ] ] ] } },
{ "type": "Feature", "properties": { "fid": 643, "Endereco": "Rua Zilda Pessoa Barreto", "Proprietario": null, "Situacao_Ocupacao": null, "Bairro": "Camboinha", "Quadra": "03", "Lote": "09", "Municipio": "Cabedelo-PB", "Inquerito_Policial": null, "Area": null, "Habite_se": null, "Fase_investigacao": "7. Sem definição", "Laudo_SPU": null, "Area_invadida": null, "Pericia_PF": null, "Pericia_PF_link": null, "Laudo_SPU_link": null, "habite-se_link": null, "alvara_municipal_link": null, "Inquerito_policial_link": null, "numero_inquerito_policial": null, "numero_alvara_municipal": null, "numero_habite-se": null, "numero_pericia_PF": null, "numero_laudo_SPU": null, "AutoJudicial": null, "area_iinquerito_PF": null, "area_spu": null, "pericia_01": null, "Pericia_02": null, "Pericia_03": null, "Loteamento": "Jardim Camboinha", "area_pecunia": null, "Situacao_recuo": null, "valor_m2": null, "valor_total": 0.0, "valor_formatado": "R$ 0,00", "Num_imovel": null, "CPF:": null, "alvara_municipal": null, "obs_pericia_pf": null, "obs_laudo_SPU": null, "obs_alvara": null, "obs_habite_se": null, "obs_pecunia": null, "obs_inquerito_pf": null }, "geometry": { "type": "MultiPolygon", "coordinates": [ [ [ [ 298244.479555747820996, 9225664.769867217168212 ], [ 298242.191021189908497, 9225676.555960066616535 ], [ 298273.407860375999007, 9225683.667301241308451 ], [ 298273.407860375707969, 9225683.667301243171096 ], [ 298293.783003034186549, 9225688.308853518217802 ], [ 298296.277806764293928, 9225676.569749750196934 ], [ 298275.696394934027921, 9225671.881208395585418 ], [ 298244.479555747820996, 9225664.769867217168212 ] ] ] ] } },
{ "type": "Feature", "properties": { "fid": 644, "Endereco": "Rua Zilda Pessoa Barreto", "Proprietario": null, "Situacao_Ocupacao": null, "Bairro": "Camboinha", "Quadra": "03", "Lote": "10", "Municipio": "Cabedelo-PB", "Inquerito_Policial": null, "Area": null, "Habite_se": null, "Fase_investigacao": "7. Sem definição", "Laudo_SPU": null, "Area_invadida": null, "Pericia_PF": null, "Pericia_PF_link": null, "Laudo_SPU_link": null, "habite-se_link": null, "alvara_municipal_link": null, "Inquerito_policial_link": null, "numero_inquerito_policial": null, "numero_alvara_municipal": null, "numero_habite-se": null, "numero_pericia_PF": null, "numero_laudo_SPU": null, "AutoJudicial": null, "area_iinquerito_PF": null, "area_spu": null, "pericia_01": null, "Pericia_02": null, "Pericia_03": null, "Loteamento": "Jardim Camboinha", "area_pecunia": null, "Situacao_recuo": null, "valor_m2": null, "valor_total": 0.0, "valor_formatado": "R$ 0,00", "Num_imovel": null, "CPF:": null, "alvara_municipal": null, "obs_pericia_pf": null, "obs_laudo_SPU": null, "obs_alvara": null, "obs_habite_se": null, "obs_pecunia": null, "obs_inquerito_pf": null }, "geometry": { "type": "MultiPolygon", "coordinates": [ [ [ [ 298273.407860375999007, 9225683.667301241308451 ], [ 298242.191021189908497, 9225676.555960066616535 ], [ 298239.902486631879583, 9225688.342052910476923 ], [ 298271.11932581779547, 9225695.453394085168839 ], [ 298291.288199305010494, 9225700.047957284376025 ], [ 298293.783003034186549, 9225688.308853518217802 ], [ 298273.407860375707969, 9225683.667301243171096 ], [ 298273.407860375999007, 9225683.667301241308451 ] ] ] ] } },
{ "type": "Feature", "properties": { "fid": 645, "Endereco": "Rua Zilda Pessoa Barreto", "Proprietario": null, "Situacao_Ocupacao": null, "Bairro": "Camboinha", "Quadra": "04", "Lote": "06", "Municipio": "Cabedelo-PB", "Inquerito_Policial": null, "Area": null, "Habite_se": null, "Fase_investigacao": "7. Sem definição", "Laudo_SPU": null, "Area_invadida": null, "Pericia_PF": null, "Pericia_PF_link": null, "Laudo_SPU_link": null, "habite-se_link": null, "alvara_municipal_link": null, "Inquerito_policial_link": null, "numero_inquerito_policial": null, "numero_alvara_municipal": null, "numero_habite-se": null, "numero_pericia_PF": null, "numero_laudo_SPU": null, "AutoJudicial": null, "area_iinquerito_PF": null, "area_spu": null, "pericia_01": null, "Pericia_02": null, "Pericia_03": null, "Loteamento": "Jardim Camboinha", "area_pecunia": null, "Situacao_recuo": null, "valor_m2": null, "valor_total": 0.0, "valor_formatado": "R$ 0,00", "Num_imovel": null, "CPF:": null, "alvara_municipal": null, "obs_pericia_pf": null, "obs_laudo_SPU": null, "obs_alvara": null, "obs_habite_se": null, "obs_pecunia": null, "obs_inquerito_pf": null }, "geometry": { "type": "MultiPolygon", "coordinates": [ [ [ [ 298226.62262398697203, 9225761.543337032198906 ], [ 298224.446253797679674, 9225773.351513290777802 ], [ 298255.717130357515998, 9225780.23180553689599 ], [ 298258.360845988325309, 9225780.813482105731964 ], [ 298260.390309823211282, 9225768.972983162850142 ], [ 298257.893500546982978, 9225768.423629278317094 ], [ 298226.62262398697203, 9225761.543337032198906 ] ] ] ] } },
{ "type": "Feature", "properties": { "fid": 646, "Endereco": "Rua Zilda Pessoa Barreto", "Proprietario": null, "Situacao_Ocupacao": null, "Bairro": "Camboinha", "Quadra": "11", "Lote": "Granjinha", "Municipio": "Cabedelo-PB", "Inquerito_Policial": null, "Area": null, "Habite_se": null, "Fase_investigacao": "7. Sem definição", "Laudo_SPU": null, "Area_invadida": null, "Pericia_PF": null, "Pericia_PF_link": null, "Laudo_SPU_link": null, "habite-se_link": null, "alvara_municipal_link": null, "Inquerito_policial_link": null, "numero_inquerito_policial": null, "numero_alvara_municipal": null, "numero_habite-se": null, "numero_pericia_PF": null, "numero_laudo_SPU": null, "AutoJudicial": null, "area_iinquerito_PF": null, "area_spu": null, "pericia_01": null, "Pericia_02": null, "Pericia_03": null, "Loteamento": "Jardim Camboinha", "area_pecunia": null, "Situacao_recuo": null, "valor_m2": null, "valor_total": 0.0, "valor_formatado": "R$ 0,00", "Num_imovel": null, "CPF:": null, "alvara_municipal": null, "obs_pericia_pf": null, "obs_laudo_SPU": null, "obs_alvara": null, "obs_habite_se": null, "obs_pecunia": null, "obs_inquerito_pf": null }, "geometry": { "type": "MultiPolygon", "coordinates": [ [ [ [ 298207.659094786911737, 9225977.970222955569625 ], [ 298176.841794052510522, 9225969.209915848448873 ], [ 298165.974956683581695, 9226016.022543495520949 ], [ 298197.245042308582924, 9226022.832324450835586 ], [ 298226.336975284677465, 9226029.167762529104948 ], [ 298236.540638351812959, 9225986.180260349065065 ], [ 298207.659094786911737, 9225977.970222955569625 ] ] ] ] } },
{ "type": "Feature", "properties": { "fid": 647, "Endereco": "Rua Zilda Pessoa Barreto", "Proprietario": null, "Situacao_Ocupacao": null, "Bairro": "Camboinha", "Quadra": "SN", "Lote": "SN", "Municipio": "Cabedelo-PB", "Inquerito_Policial": null, "Area": null, "Habite_se": null, "Fase_investigacao": "7. Sem definição", "Laudo_SPU": null, "Area_invadida": null, "Pericia_PF": null, "Pericia_PF_link": null, "Laudo_SPU_link": null, "habite-se_link": null, "alvara_municipal_link": null, "Inquerito_policial_link": null, "numero_inquerito_policial": null, "numero_alvara_municipal": null, "numero_habite-se": null, "numero_pericia_PF": null, "numero_laudo_SPU": null, "AutoJudicial": null, "area_iinquerito_PF": null, "area_spu": null, "pericia_01": null, "Pericia_02": null, "Pericia_03": null, "Loteamento": "Areia Dourada", "area_pecunia": null, "Situacao_recuo": null, "valor_m2": null, "valor_total": 0.0, "valor_formatado": "R$ 0,00", "Num_imovel": null, "CPF:": null, "alvara_municipal": null, "obs_pericia_pf": null, "obs_laudo_SPU": null, "obs_alvara": null, "obs_habite_se": null, "obs_pecunia": null, "obs_inquerito_pf": null }, "geometry": { "type": "MultiPolygon", "coordinates": [ [ [ [ 298197.245042308582924, 9226022.832324450835586 ], [ 298165.974956683581695, 9226016.022543495520949 ], [ 298162.603381876717322, 9226030.54675791785121 ], [ 298194.277558621193748, 9226035.615777833387256 ], [ 298224.680325143272057, 9226040.481325885280967 ], [ 298226.336975284677465, 9226029.167762529104948 ], [ 298197.245042308582924, 9226022.832324450835586 ] ] ] ] } },
{ "type": "Feature", "properties": { "fid": 648, "Endereco": "Rua Zilda Pessoa Barreto", "Proprietario": null, "Situacao_Ocupacao": null, "Bairro": "Areia Dourada", "Quadra": "04", "Lote": "01", "Municipio": "Cabedelo-PB", "Inquerito_Policial": null, "Area": null, "Habite_se": null, "Fase_investigacao": "7. Sem definição", "Laudo_SPU": null, "Area_invadida": null, "Pericia_PF": null, "Pericia_PF_link": null, "Laudo_SPU_link": null, "habite-se_link": null, "alvara_municipal_link": null, "Inquerito_policial_link": null, "numero_inquerito_policial": null, "numero_alvara_municipal": null, "numero_habite-se": null, "numero_pericia_PF": null, "numero_laudo_SPU": null, "AutoJudicial": null, "area_iinquerito_PF": null, "area_spu": null, "pericia_01": null, "Pericia_02": null, "Pericia_03": null, "Loteamento": "Areia Dourada", "area_pecunia": null, "Situacao_recuo": null, "valor_m2": null, "valor_total": 0.0, "valor_formatado": "R$ 0,00", "Num_imovel": null, "CPF:": null, "alvara_municipal": null, "obs_pericia_pf": null, "obs_laudo_SPU": null, "obs_alvara": null, "obs_habite_se": null, "obs_pecunia": null, "obs_inquerito_pf": null }, "geometry": { "type": "MultiPolygon", "coordinates": [ [ [ [ 298163.111765725479927, 9226039.848789408802986 ], [ 298163.08547375514172, 9226039.843299604952335 ], [ 298163.05913368955953, 9226039.838045412674546 ], [ 298163.032747638935689, 9226039.833027249202132 ], [ 298163.006317718769424, 9226039.828245518729091 ], [ 298162.979846047295723, 9226039.823700604960322 ], [ 298162.953334746416658, 9226039.819392872974277 ], [ 298162.926785941876005, 9226039.815322665497661 ], [ 298162.900201760872733, 9226039.811490310356021 ], [ 298162.873584334156476, 9226039.807896114885807 ], [ 298162.846935796726029, 9226039.804540367797017 ], [ 298162.820258282823488, 9226039.801423335447907 ], [ 298162.793553931929637, 9226039.798545271158218 ], [ 298162.766824883467052, 9226039.795906400308013 ], [ 298162.740073281689547, 9226039.793506940826774 ], [ 298162.713301269861404, 9226039.791347082704306 ], [ 298162.686510993575212, 9226039.789426997303963 ], [ 298162.659704600344412, 9226039.787746839225292 ], [ 298162.632884240010753, 9226039.78630674444139 ], [ 298162.606052060669754, 9226039.785106828436255 ], [ 298162.579210214666091, 9226039.784147186204791 ], [ 298162.552360852540005, 9226039.783427894115448 ], [ 298162.525506126694381, 9226039.782949009910226 ], [ 298162.498648189532105, 9226039.782710574567318 ], [ 298162.471789195027668, 9226039.782712604850531 ], [ 298162.444931293895934, 9226039.782955100759864 ], [ 298162.418076641508378, 9226039.783438045531511 ], [ 298162.39122738817241, 9226039.784161396324635 ], [ 298162.3643856869312, 9226039.785125095397234 ], [ 298162.337553689721972, 9226039.786329070106149 ], [ 298162.310733547550626, 9226039.787773219868541 ], [ 298162.283927408279851, 9226039.789457429200411 ], [ 298162.25713742262451, 9226039.791381563991308 ], [ 298162.230365737923421, 9226039.793545471504331 ], [ 298162.203614498954266, 9226039.795948976650834 ], [ 298162.176885849970859, 9226039.798591885715723 ], [ 298162.150181934412103, 9226039.801473988220096 ], [ 298162.1235048918752, 9226039.804595053195953 ], [ 298162.09685686219018, 9226039.807954831048846 ], [ 298162.070239979540929, 9226039.811553049832582 ], [ 298162.043656378402375, 9226039.815389424562454 ], [ 298162.017108188592829, 9226039.819463644176722 ], [ 298161.990597539464943, 9226039.823775384575129 ], [ 298161.964126555831172, 9226039.828324301168323 ], [ 298161.937697358545847, 9226039.833110027015209 ], [ 298161.911312066658866, 9226039.838132178410888 ], [ 298161.884972796309739, 9226039.843390354886651 ], [ 298161.858681656129193, 9226039.84888413362205 ], [ 298161.832440755853895, 9226039.854613073170185 ], [ 298161.806252197478898, 9226039.860576717182994 ], [ 298161.780118080612738, 9226039.866774585098028 ], [ 298161.754040500032715, 9226039.873206179589033 ], [ 298161.728021545743104, 9226039.879870986565948 ], [ 298161.702063304779585, 9226039.886768475174904 ], [ 298161.676167856028769, 9226039.893898086622357 ], [ 298161.650337275117636, 9226039.901259250938892 ], [ 298161.624573634413537, 9226039.908851379528642 ], [ 298161.598878997494467, 9226039.916673865169287 ], [ 298161.573255424678791, 9226039.924726078286767 ], [ 298161.547704969067127, 9226039.933007372543216 ], [ 298161.522229680151213, 9226039.94151708856225 ], [ 298161.496831598167773, 9226039.95025453902781 ], [ 298161.471512759162579, 9226039.95921902731061 ], [ 298161.446275193884503, 9226039.968409832566977 ], [ 298161.421120924584102, 9226039.977826220914721 ], [ 298161.396051966876257, 9226039.987467434257269 ], [ 298161.371070331544615, 9226039.997332701459527 ], [ 298161.346178019593935, 9226040.007421232759953 ], [ 298161.321377026790287, 9226040.01773221604526 ], [ 298161.296669341973029, 9226040.028264828026295 ], [ 298161.272056944435462, 9226040.039018224924803 ], [ 298161.247541808057576, 9226040.049991542473435 ], [ 298161.223125897115096, 9226040.061183901503682 ], [ 298161.198811168025713, 9226040.072594406083226 ], [ 298161.174599571619183, 9226040.084222139790654 ], [ 298161.150493047258351, 9226040.096066173166037 ], [ 298161.126493527495768, 9226040.108125554397702 ], [ 298161.102602936385665, 9226040.120399318635464 ], [ 298161.078823188552633, 9226040.132886480540037 ], [ 298161.055156190937851, 9226040.145586041733623 ], [ 298161.031603838899173, 9226040.158496979624033 ], [ 298161.00816802069312, 9226040.171618262305856 ], [ 298160.984850616776384, 9226040.184948839247227 ], [ 298160.961653494217899, 9226040.19848764128983 ], [ 298160.938578512868844, 9226040.212233580648899 ], [ 298160.915627522103023, 9226040.22618555650115 ], [ 298160.892802362795919, 9226040.240342453122139 ], [ 298160.870104863890447, 9226040.254703134298325 ], [ 298160.847536843444686, 9226040.26926644705236 ], [ 298160.825100111600477, 9226040.284031227231026 ], [ 298160.802796467440203, 9226040.298996288329363 ], [ 298160.780627697356977, 9226040.31416043266654 ], [ 298160.758595579536632, 9226040.329522443935275 ], [ 298160.736701879592147, 9226040.345081092789769 ], [ 298160.71494835120393, 9226040.360835127532482 ], [ 298160.693336739321239, 9226040.376783289015293 ], [ 298160.671868776844349, 9226040.39292429946363 ], [ 298160.650546183402184, 9226040.409256862476468 ], [ 298160.629370668320917, 9226040.425779670476913 ], [ 298160.608343928586692, 9226040.442491399124265 ], [ 298160.587467651406769, 9226040.45939070917666 ], [ 298160.566743508446962, 9226040.476476244628429 ], [ 298160.546173160197213, 9226040.493746634572744 ], [ 298160.525758257484995, 9226040.511200498789549 ], [ 298160.505500435712747, 9226040.528836436569691 ], [ 298160.485401318990625, 9226040.546653034165502 ], [ 298160.465462517982814, 9226040.564648861065507 ], [ 298160.445685630838852, 9226040.582822479307652 ], [ 298160.426072244008537, 9226040.601172430440784 ], [ 298160.406623927876353, 9226040.61969724111259 ], [ 298160.387342241941951, 9226040.638395428657532 ], [ 298160.368228732491843, 9226040.657265493646264 ], [ 298160.349284930562135, 9226040.676305923610926 ], [ 298160.330512355722021, 9226040.695515194907784 ], [ 298160.311912512057461, 9226040.714891763404012 ], [ 298160.293486889684573, 9226040.734434079378843 ], [ 298160.27523696719436, 9226040.754140574485064 ], [ 298160.257164206006564, 9226040.774009669199586 ], [ 298160.239270055259112, 9226040.794039770960808 ], [ 298160.221555950236507, 9226040.814229276031256 ], [ 298160.204023309401236, 9226040.83457656390965 ], [ 298160.186673537828028, 9226040.855080002918839 ], [ 298160.169508028018754, 9226040.875737953931093 ], [ 298160.152528154547326, 9226040.896548757329583 ], [ 298160.135735279007349, 9226040.917510744184256 ], [ 298160.119130746927112, 9226040.938622238114476 ], [ 298160.102715890738182, 9226040.959881545975804 ], [ 298160.086492024245672, 9226040.981286959722638 ], [ 298160.070460447983351, 9226041.00283676572144 ], [ 298160.054622448864393, 9226041.024529241025448 ], [ 298160.038979294884484, 9226041.046362640336156 ], [ 298160.023532240185887, 9226041.06833521835506 ], [ 298160.008282523020171, 9226041.090445209294558 ], [ 298159.993231365340762, 9226041.112690843641758 ], [ 298159.978379974840209, 9226041.135070340707898 ], [ 298159.963729539886117, 9226041.157581901177764 ], [ 298159.949281237088144, 9226041.180223723873496 ], [ 298159.935036223672796, 9226041.202993994578719 ], [ 298159.920995640626643, 9226041.225890886038542 ], [ 298159.907160614500754, 9226041.248912565410137 ], [ 298159.893532254442107, 9226041.272057184949517 ], [ 298159.880111651320476, 9226041.295322889462113 ], [ 298159.866899882035796, 9226041.318707816302776 ], [ 298159.853898004803341, 9226041.342210087925196 ], [ 298159.841107063286472, 9226041.365827824920416 ], [ 298159.828528081416152, 9226041.38955912925303 ], [ 298159.816162068513222, 9226041.41340210288763 ], [ 298159.80401001451537, 9226041.437354831025004 ], [ 298159.792072893644217, 9226041.461415395140648 ], [ 298159.780351663939655, 9226041.485581867396832 ], [ 298159.768847264931537, 9226041.509852312505245 ], [ 298159.757560616650153, 9226041.534224780276418 ], [ 298159.746492625854444, 9226041.558697318658233 ], [ 298159.735644179454539, 9226041.583267970010638 ], [ 298159.725016146432608, 9226041.607934759929776 ], [ 298159.714609378075693, 9226041.632695712149143 ], [ 298159.704424710478634, 9226041.657548844814301 ], [ 298159.694462957617361, 9226041.682492163032293 ], [ 298159.684724920312874, 9226041.707523668184876 ], [ 298159.675211377791129, 9226041.732641354203224 ], [ 298159.665923092863522, 9226041.75784320756793 ], [ 298159.656860809714999, 9226041.783127205446362 ], [ 298159.64802525594132, 9226041.808491326868534 ], [ 298159.639417138008866, 9226041.833933534100652 ], [ 298159.63103714765748, 9226041.859451791271567 ], [ 298159.622885955439415, 9226041.885044049471617 ], [ 298159.614964214735664, 9226041.910708257928491 ], [ 298159.607272560708225, 9226041.936442362144589 ], [ 298159.599811611173209, 9226041.962244298309088 ], [ 298159.592581962060649, 9226041.98811199516058 ], [ 298159.585584194224793, 9226042.014043383300304 ], [ 298159.57881886739051, 9226042.04003638215363 ], [ 298159.57228652574122, 9226042.06608890928328 ], [ 298159.565987691341434, 9226042.092198874801397 ], [ 298159.559922869142611, 9226042.118364185094833 ], [ 298159.554092546284664, 9226042.144582746550441 ], [ 298159.548497189360205, 9226042.170852456241846 ], [ 298159.543137246742845, 9226042.197171207517385 ], [ 298159.538013148412574, 9226042.223536890000105 ], [ 298159.533125304733403, 9226042.249947391450405 ], [ 298159.528474108374212, 9226042.276400595903397 ], [ 298157.186214057495818, 9226055.956544421613216 ], [ 298188.844663611380383, 9226060.671064058318734 ], [ 298210.180370676273014, 9226063.848339356482029 ], [ 298212.44105942331953, 9226050.379488803446293 ], [ 298191.376666566997301, 9226045.882712699472904 ], [ 298163.111765725479927, 9226039.848789408802986 ] ] ] ] } },
{ "type": "Feature", "properties": { "fid": 649, "Endereco": "Rua Zilda Pessoa Barreto", "Proprietario": null, "Situacao_Ocupacao": null, "Bairro": "Areia Dourada", "Quadra": "04", "Lote": "03", "Municipio": "Cabedelo-PB", "Inquerito_Policial": null, "Area": null, "Habite_se": null, "Fase_investigacao": "7. Sem definição", "Laudo_SPU": null, "Area_invadida": null, "Pericia_PF": null, "Pericia_PF_link": null, "Laudo_SPU_link": null, "habite-se_link": null, "alvara_municipal_link": null, "Inquerito_policial_link": null, "numero_inquerito_policial": null, "numero_alvara_municipal": null, "numero_habite-se": null, "numero_pericia_PF": null, "numero_laudo_SPU": null, "AutoJudicial": null, "area_iinquerito_PF": null, "area_spu": null, "pericia_01": null, "Pericia_02": null, "Pericia_03": null, "Loteamento": "Areia Dourada", "area_pecunia": null, "Situacao_recuo": null, "valor_m2": null, "valor_total": 0.0, "valor_formatado": "R$ 0,00", "Num_imovel": null, "CPF:": null, "alvara_municipal": null, "obs_pericia_pf": null, "obs_laudo_SPU": null, "obs_alvara": null, "obs_habite_se": null, "obs_pecunia": null, "obs_inquerito_pf": null }, "geometry": { "type": "MultiPolygon", "coordinates": [ [ [ [ 298186.312660655588843, 9226075.459415413439274 ], [ 298154.654211101587862, 9226070.744895778596401 ], [ 298152.122208145796321, 9226085.533247133716941 ], [ 298183.780657699680887, 9226090.247766768559813 ], [ 298205.213617237226572, 9226093.439524736255407 ], [ 298207.696993956284132, 9226078.643932050094008 ], [ 298186.312660655472428, 9226075.459415415301919 ], [ 298186.312660655588843, 9226075.459415413439274 ] ] ] ] } },
{ "type": "Feature", "properties": { "fid": 650, "Endereco": "Rua Zilda Pessoa Barreto", "Proprietario": null, "Situacao_Ocupacao": null, "Bairro": "Areia Dourada", "Quadra": "04", "Lote": "04", "Municipio": "Cabedelo-PB", "Inquerito_Policial": null, "Area": null, "Habite_se": null, "Fase_investigacao": "7. Sem definição", "Laudo_SPU": null, "Area_invadida": null, "Pericia_PF": null, "Pericia_PF_link": null, "Laudo_SPU_link": null, "habite-se_link": null, "alvara_municipal_link": null, "Inquerito_policial_link": null, "numero_inquerito_policial": null, "numero_alvara_municipal": null, "numero_habite-se": null, "numero_pericia_PF": null, "numero_laudo_SPU": null, "AutoJudicial": null, "area_iinquerito_PF": null, "area_spu": null, "pericia_01": null, "Pericia_02": null, "Pericia_03": null, "Loteamento": "Areia Dourada", "area_pecunia": null, "Situacao_recuo": null, "valor_m2": null, "valor_total": 0.0, "valor_formatado": "R$ 0,00", "Num_imovel": null, "CPF:": null, "alvara_municipal": null, "obs_pericia_pf": null, "obs_laudo_SPU": null, "obs_alvara": null, "obs_habite_se": null, "obs_pecunia": null, "obs_inquerito_pf": null }, "geometry": { "type": "MultiPolygon", "coordinates": [ [ [ [ 298152.122208145796321, 9226085.533247133716941 ], [ 298149.590205190004781, 9226100.321598490700126 ], [ 298181.248654744005762, 9226105.036118125542998 ], [ 298202.730240518110804, 9226108.235117422416806 ], [ 298205.213617237226572, 9226093.439524736255407 ], [ 298183.780657699797302, 9226090.247766768559813 ], [ 298152.122208145796321, 9226085.533247133716941 ] ] ] ] } },
{ "type": "Feature", "properties": { "fid": 651, "Endereco": "Rua Zilda Pessoa Barreto", "Proprietario": null, "Situacao_Ocupacao": null, "Bairro": "Areia Dourada", "Quadra": "04", "Lote": "05", "Municipio": "Cabedelo-PB", "Inquerito_Policial": null, "Area": null, "Habite_se": null, "Fase_investigacao": "7. Sem definição", "Laudo_SPU": null, "Area_invadida": null, "Pericia_PF": null, "Pericia_PF_link": null, "Laudo_SPU_link": null, "habite-se_link": null, "alvara_municipal_link": null, "Inquerito_policial_link": null, "numero_inquerito_policial": null, "numero_alvara_municipal": null, "numero_habite-se": null, "numero_pericia_PF": null, "numero_laudo_SPU": null, "AutoJudicial": null, "area_iinquerito_PF": null, "area_spu": null, "pericia_01": null, "Pericia_02": null, "Pericia_03": null, "Loteamento": "Areia Dourada", "area_pecunia": null, "Situacao_recuo": null, "valor_m2": null, "valor_total": 0.0, "valor_formatado": "R$ 0,00", "Num_imovel": null, "CPF:": null, "alvara_municipal": null, "obs_pericia_pf": null, "obs_laudo_SPU": null, "obs_alvara": null, "obs_habite_se": null, "obs_pecunia": null, "obs_inquerito_pf": null }, "geometry": { "type": "MultiPolygon", "coordinates": [ [ [ [ 298149.590205190004781, 9226100.321598490700126 ], [ 298147.05820223421324, 9226115.109949847683311 ], [ 298178.716651788097806, 9226119.824469482526183 ], [ 298200.24686379841296, 9226123.030710114166141 ], [ 298202.730240518110804, 9226108.235117422416806 ], [ 298181.248654744005762, 9226105.036118125542998 ], [ 298149.590205190004781, 9226100.321598490700126 ] ] ] ] } },
{ "type": "Feature", "properties": { "fid": 652, "Endereco": "Rua Zilda Pessoa Barreto", "Proprietario": null, "Situacao_Ocupacao": null, "Bairro": "Areia Dourada", "Quadra": "04", "Lote": "06", "Municipio": "Cabedelo-PB", "Inquerito_Policial": null, "Area": null, "Habite_se": null, "Fase_investigacao": "7. Sem definição", "Laudo_SPU": null, "Area_invadida": null, "Pericia_PF": null, "Pericia_PF_link": null, "Laudo_SPU_link": null, "habite-se_link": null, "alvara_municipal_link": null, "Inquerito_policial_link": null, "numero_inquerito_policial": null, "numero_alvara_municipal": null, "numero_habite-se": null, "numero_pericia_PF": null, "numero_laudo_SPU": null, "AutoJudicial": null, "area_iinquerito_PF": null, "area_spu": null, "pericia_01": null, "Pericia_02": null, "Pericia_03": null, "Loteamento": "Areia Dourada", "area_pecunia": null, "Situacao_recuo": null, "valor_m2": null, "valor_total": 0.0, "valor_formatado": "R$ 0,00", "Num_imovel": null, "CPF:": null, "alvara_municipal": null, "obs_pericia_pf": null, "obs_laudo_SPU": null, "obs_alvara": null, "obs_habite_se": null, "obs_pecunia": null, "obs_inquerito_pf": null }, "geometry": { "type": "MultiPolygon", "coordinates": [ [ [ [ 298176.197064365958795, 9226134.540306994691491 ], [ 298187.79866423580097, 9226136.172742148861289 ], [ 298191.228794070309959, 9226121.687755312770605 ], [ 298178.716651788097806, 9226119.824469482526183 ], [ 298147.05820223421324, 9226115.109949847683311 ], [ 298144.526199278305285, 9226129.898301204666495 ], [ 298176.184648832306266, 9226134.612820841372013 ], [ 298176.197064365958795, 9226134.540306994691491 ] ] ] ] } },
{ "type": "Feature", "properties": { "fid": 653, "Endereco": "Rua Zilda Pessoa Barreto", "Proprietario": null, "Situacao_Ocupacao": null, "Bairro": "Areia Dourada", "Quadra": "04", "Lote": "02", "Municipio": "Cabedelo-PB", "Inquerito_Policial": null, "Area": null, "Habite_se": null, "Fase_investigacao": "7. Sem definição", "Laudo_SPU": null, "Area_invadida": null, "Pericia_PF": null, "Pericia_PF_link": null, "Laudo_SPU_link": null, "habite-se_link": null, "alvara_municipal_link": null, "Inquerito_policial_link": null, "numero_inquerito_policial": null, "numero_alvara_municipal": null, "numero_habite-se": null, "numero_pericia_PF": null, "numero_laudo_SPU": null, "AutoJudicial": null, "area_iinquerito_PF": null, "area_spu": null, "pericia_01": null, "Pericia_02": null, "Pericia_03": null, "Loteamento": "Areia Dourada", "area_pecunia": null, "Situacao_recuo": null, "valor_m2": null, "valor_total": 0.0, "valor_formatado": "R$ 0,00", "Num_imovel": null, "CPF:": null, "alvara_municipal": null, "obs_pericia_pf": null, "obs_laudo_SPU": null, "obs_alvara": null, "obs_habite_se": null, "obs_pecunia": null, "obs_inquerito_pf": null }, "geometry": { "type": "MultiPolygon", "coordinates": [ [ [ [ 298157.186214057495818, 9226055.956544421613216 ], [ 298154.654211101587862, 9226070.744895778596401 ], [ 298186.312660655472428, 9226075.459415415301919 ], [ 298207.696993956284132, 9226078.643932050094008 ], [ 298210.180370676273014, 9226063.848339356482029 ], [ 298188.844663611380383, 9226060.671064058318734 ], [ 298157.186214057495818, 9226055.956544421613216 ] ] ] ] } },
{ "type": "Feature", "properties": { "fid": 654, "Endereco": "Rua Zilda Pessoa Barreto", "Proprietario": null, "Situacao_Ocupacao": null, "Bairro": "Areia Dourada", "Quadra": "05", "Lote": "01", "Municipio": "Cabedelo-PB", "Inquerito_Policial": null, "Area": null, "Habite_se": null, "Fase_investigacao": "5. Denúncia", "Laudo_SPU": null, "Area_invadida": null, "Pericia_PF": null, "Pericia_PF_link": null, "Laudo_SPU_link": null, "habite-se_link": null, "alvara_municipal_link": null, "Inquerito_policial_link": null, "numero_inquerito_policial": null, "numero_alvara_municipal": null, "numero_habite-se": null, "numero_pericia_PF": null, "numero_laudo_SPU": null, "AutoJudicial": null, "area_iinquerito_PF": null, "area_spu": null, "pericia_01": null, "Pericia_02": null, "Pericia_03": null, "Loteamento": "Areia Dourada", "area_pecunia": null, "Situacao_recuo": null, "valor_m2": null, "valor_total": 0.0, "valor_formatado": "R$ 0,00", "Num_imovel": null, "CPF:": null, "alvara_municipal": null, "obs_pericia_pf": null, "obs_laudo_SPU": null, "obs_alvara": null, "obs_habite_se": null, "obs_pecunia": null, "obs_inquerito_pf": null }, "geometry": { "type": "MultiPolygon", "coordinates": [ [ [ [ 298130.826253249018919, 9226230.835838127881289 ], [ 298130.800598060246557, 9226230.832048138603568 ], [ 298130.774911068438087, 9226230.828480066731572 ], [ 298130.749194191303104, 9226230.825134178623557 ], [ 298130.723449351615272, 9226230.822010722011328 ], [ 298130.697678473894484, 9226230.819109933450818 ], [ 298130.671883483999409, 9226230.816432030871511 ], [ 298130.64606630714843, 9226230.813977207988501 ], [ 298130.620228875486646, 9226230.811745654791594 ], [ 298130.594373118889052, 9226230.809737537056208 ], [ 298130.568500968569424, 9226230.807953 ], [ 298130.542614358011633, 9226230.806392181664705 ], [ 298130.516715223726351, 9226230.805055199190974 ], [ 298130.490805498848204, 9226230.803942147642374 ], [ 298130.464887120586354, 9226230.803053116425872 ], [ 298130.438962024578359, 9226230.802388165146112 ], [ 298130.413032150652725, 9226230.801947351545095 ], [ 298130.387099433457479, 9226230.801730699837208 ], [ 298130.36116581375245, 9226230.801738234236836 ], [ 298130.335233226942364, 9226230.801969947293401 ], [ 298130.30930361332139, 9226230.80242582783103 ], [ 298130.283378908759914, 9226230.803105836734176 ], [ 298130.257461050408892, 9226230.804009925574064 ], [ 298130.231551976583432, 9226230.80513802729547 ], [ 298130.205653622979298, 9226230.806490056216717 ], [ 298130.179767924244516, 9226230.808065911754966 ], [ 298130.153896814619657, 9226230.809865476563573 ], [ 298130.128042229043785, 9226230.811888616532087 ], [ 298130.102206097450107, 9226230.814135178923607 ], [ 298130.07639035145985, 9226230.816604996100068 ], [ 298130.050596920831595, 9226230.819297885522246 ], [ 298130.024827732297126, 9226230.82221364416182 ], [ 298129.999084712879267, 9226230.825352055951953 ], [ 298129.973369783954695, 9226230.82871288433671 ], [ 298129.947684868238866, 9226230.832295877858996 ], [ 298129.922031885827892, 9226230.836100770160556 ], [ 298129.896412752510514, 9226230.840127274394035 ], [ 298129.870829384599347, 9226230.844375096261501 ], [ 298129.845283691422082, 9226230.848843909800053 ], [ 298129.819777584110852, 9226230.853533387184143 ], [ 298129.794312967453152, 9226230.858443174511194 ], [ 298129.768891744490247, 9226230.863572906702757 ], [ 298129.74351581512019, 9226230.86892220005393 ], [ 298129.718187076214235, 9226230.874490655958652 ], [ 298129.6929074190557, 9226230.880277855321765 ], [ 298129.667678734869696, 9226230.886283367872238 ], [ 298129.642502907023299, 9226230.892506744712591 ], [ 298129.617381817486603, 9226230.898947520181537 ], [ 298129.592317343398463, 9226230.905605213716626 ], [ 298129.567311359220184, 9226230.912479327991605 ], [ 298129.542365731031168, 9226230.919569347053766 ], [ 298129.517482325318269, 9226230.926874743774533 ], [ 298129.492662998964079, 9226230.934394968673587 ], [ 298129.46790961001534, 9226230.942129466682673 ], [ 298129.443224005633965, 9226230.950077651068568 ], [ 298129.418608031759504, 9226230.958238935098052 ], [ 298129.394063527521212, 9226230.96661270596087 ], [ 298129.369592326402199, 9226230.975198335945606 ], [ 298129.345196257927455, 9226230.983995186164975 ], [ 298129.320877145859413, 9226230.993002599105239 ], [ 298129.296636805462185, 9226231.002219900488853 ], [ 298129.272477050195448, 9226231.011646401137114 ], [ 298129.248399684962351, 9226231.021281400695443 ], [ 298129.224406508204993, 9226231.031124174594879 ], [ 298129.200499312835746, 9226231.041173987090588 ], [ 298129.17667988629546, 9226231.051430089399219 ], [ 298129.152950008981861, 9226231.061891715973616 ], [ 298129.129311452386901, 9226231.072558082640171 ], [ 298129.105765985266771, 9226231.083428395912051 ], [ 298129.08231536479434, 9226231.094501838088036 ], [ 298129.058961344242562, 9226231.105777584016323 ], [ 298129.035705670539755, 9226231.117254793643951 ], [ 298129.01255007868167, 9226231.128932604566216 ], [ 298128.989496300520841, 9226231.140810148790479 ], [ 298128.966546059062239, 9226231.152886535972357 ], [ 298128.943701068346854, 9226231.165160864591599 ], [ 298128.920963036594912, 9226231.177632216364145 ], [ 298128.898333662946243, 9226231.190299661830068 ], [ 298128.875814637169242, 9226231.203162251040339 ], [ 298128.853407644026447, 9226231.216219026595354 ], [ 298128.831114356580656, 9226231.229469008743763 ], [ 298128.808936440385878, 9226231.242911210283637 ], [ 298128.786875553545542, 9226231.256544625386596 ], [ 298128.764933344151359, 9226231.270368233323097 ], [ 298128.743111453659367, 9226231.284381007775664 ], [ 298128.721411510079633, 9226231.298581892624497 ], [ 298128.699835136823822, 9226231.312969833612442 ], [ 298128.678383945662063, 9226231.327543752267957 ], [ 298128.657059538993053, 9226231.342302560806274 ], [ 298128.635863512172364, 9226231.357245156541467 ], [ 298128.614797447400633, 9226231.372370421886444 ], [ 298128.593862919486128, 9226231.387677226215601 ], [ 298128.573061492352281, 9226231.403164425864816 ], [ 298128.552394721889868, 9226231.418830864131451 ], [ 298128.531864151009358, 9226231.434675371274352 ], [ 298128.511471314413939, 9226231.45069676078856 ], [ 298128.491217736387625, 9226231.466893836855888 ], [ 298128.471104928874411, 9226231.48326538875699 ], [ 298128.45113439753186, 9226231.499810194596648 ], [ 298128.431307632941753, 9226231.516527015715837 ], [ 298128.411626117129344, 9226231.533414606004953 ], [ 298128.392091320187319, 9226231.550471698865294 ], [ 298128.372704702196643, 9226231.567697022110224 ], [ 298128.353467713284772, 9226231.585089290514588 ], [ 298128.334381789027248, 9226231.602647200226784 ], [ 298128.315448356908746, 9226231.62036944180727 ], [ 298128.296668831957504, 9226231.638254692777991 ], [ 298128.278044616337866, 9226231.65630161203444 ], [ 298128.259577102842741, 9226231.674508854746819 ], [ 298128.241267671226524, 9226231.692875057458878 ], [ 298128.223117688379716, 9226231.711398849263787 ], [ 298128.205128513334785, 9226231.730078846216202 ], [ 298128.187301488651428, 9226231.748913653194904 ], [ 298128.169637945771683, 9226231.767901858314872 ], [ 298128.152139206824359, 9226231.787042047828436 ], [ 298128.134806577349082, 9226231.806332787498832 ], [ 298128.117641354328953, 9226231.825772641226649 ], [ 298128.100644819962326, 9226231.845360150560737 ], [ 298128.083818243583664, 9226231.865093853324652 ], [ 298128.06716288253665, 9226231.884972276166081 ], [ 298128.050679982407019, 9226231.904993932694197 ], [ 298128.034370775392745, 9226231.925157327204943 ], [ 298128.018236478208564, 9226231.945460950955749 ], [ 298128.00227829843061, 9226231.965903291478753 ], [ 298127.986497428209987, 9226231.986482815816998 ], [ 298127.970895045786165, 9226232.007197989150882 ], [ 298127.955472317815293, 9226232.028047261759639 ], [ 298127.940230397100095, 9226232.049029076471925 ], [ 298127.925170421542134, 9226232.070141864940524 ], [ 298127.910293519147672, 9226232.091384053230286 ], [ 298127.895600798190571, 9226232.112754046916962 ], [ 298127.881093359319493, 9226232.134250255301595 ], [ 298127.866772284265608, 9226232.155871067196131 ], [ 298127.852638645796105, 9226232.177614871412516 ], [ 298127.838693498633802, 9226232.199480038136244 ], [ 298127.824937884928659, 9226232.221464939415455 ], [ 298127.811372832104098, 9226232.243567926809192 ], [ 298127.79799935570918, 9226232.265787351876497 ], [ 298127.78481845301576, 9226232.288121551275253 ], [ 298127.771831110469066, 9226232.310568859800696 ], [ 298127.759038298099767, 9226232.333127599209547 ], [ 298127.746440971503034, 9226232.3557960819453 ], [ 298127.734040072071366, 9226232.37857261300087 ], [ 298127.721836527634878, 9226232.40145549364388 ], [ 298127.709831248095725, 9226232.424443012103438 ], [ 298127.698025132995099, 9226232.447533451020718 ], [ 298127.686419062665664, 9226232.470725083723664 ], [ 298127.675013905798551, 9226232.494016179814935 ], [ 298127.663810513855424, 9226232.517404995858669 ], [ 298127.652809722989332, 9226232.540889784693718 ], [ 298127.642012357478961, 9226232.56446879170835 ], [ 298127.631419222976547, 9226232.5881402567029 ], [ 298127.621031111862976, 9226232.61190240830183 ], [ 298127.610848799813539, 9226232.635753473266959 ], [ 298127.600873046787456, 9226232.659691665321589 ], [ 298127.591104600403924, 9226232.683715200051665 ], [ 298127.581544188898988, 9226232.707822278141975 ], [ 298127.572192526888102, 9226232.732011100277305 ], [ 298127.563050314085558, 9226232.756279859691858 ], [ 298127.554118233791087, 9226232.780626742169261 ], [ 298127.54539695213316, 9226232.805049927905202 ], [ 298127.536887121095788, 9226232.82954758964479 ], [ 298127.528589378111064, 9226232.854117901995778 ], [ 298127.520504341169726, 9226232.878759022802114 ], [ 298127.512632616795599, 9226232.903469115495682 ], [ 298127.504974790441338, 9226232.928246330469847 ], [ 298127.497531437315047, 9226232.953088819980621 ], [ 298127.490303111437242, 9226232.977994723245502 ], [ 298127.483290353848133, 9226233.002962181344628 ], [ 298127.476493687718175, 9226233.027989326044917 ], [ 298127.469913623179309, 9226233.053074292838573 ], [ 298127.463550649757963, 9226233.078215200453997 ], [ 298127.457405243068933, 9226233.103410175070167 ], [ 298127.451477863243781, 9226233.128657329827547 ], [ 298127.445768953941297, 9226233.153954783454537 ], [ 298127.440278939029668, 9226233.17930063791573 ], [ 298127.435008231201209, 9226233.20469300635159 ], [ 298127.429957224230748, 9226233.230129988864064 ], [ 298127.42512629495468, 9226233.255609683692455 ], [ 298127.420515803387389, 9226233.281130187213421 ], [ 298127.416126095689833, 9226233.306689592078328 ], [ 298125.428529065509792, 9226245.187211250886321 ], [ 298157.067909421923105, 9226250.001061962917447 ], [ 298182.786759622278623, 9226253.914119170978665 ], [ 298185.043005877989344, 9226239.084778223186731 ], [ 298159.543263202125672, 9226235.205057665705681 ], [ 298159.543263201834634, 9226235.205057667568326 ], [ 298130.826253249018919, 9226230.835838127881289 ] ] ] ] } },
{ "type": "Feature", "properties": { "fid": 655, "Endereco": "Rua Zilda Pessoa Barreto", "Proprietario": null, "Situacao_Ocupacao": null, "Bairro": "Areia Dourada", "Quadra": "05", "Lote": "02", "Municipio": "Cabedelo-PB", "Inquerito_Policial": null, "Area": null, "Habite_se": null, "Fase_investigacao": "7. Sem definição", "Laudo_SPU": null, "Area_invadida": null, "Pericia_PF": null, "Pericia_PF_link": null, "Laudo_SPU_link": null, "habite-se_link": null, "alvara_municipal_link": null, "Inquerito_policial_link": null, "numero_inquerito_policial": null, "numero_alvara_municipal": null, "numero_habite-se": null, "numero_pericia_PF": null, "numero_laudo_SPU": null, "AutoJudicial": null, "area_iinquerito_PF": null, "area_spu": null, "pericia_01": null, "Pericia_02": null, "Pericia_03": null, "Loteamento": "Areia Dourada", "area_pecunia": null, "Situacao_recuo": null, "valor_m2": null, "valor_total": 0.0, "valor_formatado": "R$ 0,00", "Num_imovel": null, "CPF:": null, "alvara_municipal": null, "obs_pericia_pf": null, "obs_laudo_SPU": null, "obs_alvara": null, "obs_habite_se": null, "obs_pecunia": null, "obs_inquerito_pf": null }, "geometry": { "type": "MultiPolygon", "coordinates": [ [ [ [ 298125.428529065509792, 9226245.187211250886321 ], [ 298122.95317528542364, 9226259.983215546235442 ], [ 298154.59255564189516, 9226264.797066258266568 ], [ 298175.968376574572176, 9226268.049342680722475 ], [ 298178.497201595688239, 9226253.261473899707198 ], [ 298157.067909421923105, 9226250.001061962917447 ], [ 298125.428529065509792, 9226245.187211250886321 ] ] ] ] } },
{ "type": "Feature", "properties": { "fid": 656, "Endereco": "Rua Zilda Pessoa Barreto", "Proprietario": null, "Situacao_Ocupacao": null, "Bairro": "Areia Dourada", "Quadra": "05", "Lote": "03", "Municipio": "Cabedelo-PB", "Inquerito_Policial": null, "Area": null, "Habite_se": null, "Fase_investigacao": "2. ANPP", "Laudo_SPU": null, "Area_invadida": null, "Pericia_PF": null, "Pericia_PF_link": null, "Laudo_SPU_link": null, "habite-se_link": null, "alvara_municipal_link": null, "Inquerito_policial_link": null, "numero_inquerito_policial": null, "numero_alvara_municipal": null, "numero_habite-se": null, "numero_pericia_PF": null, "numero_laudo_SPU": null, "AutoJudicial": null, "area_iinquerito_PF": null, "area_spu": null, "pericia_01": null, "Pericia_02": null, "Pericia_03": null, "Loteamento": "Areia Dourada", "area_pecunia": null, "Situacao_recuo": null, "valor_m2": null, "valor_total": 0.0, "valor_formatado": "R$ 0,00", "Num_imovel": null, "CPF:": null, "alvara_municipal": null, "obs_pericia_pf": null, "obs_laudo_SPU": null, "obs_alvara": null, "obs_habite_se": null, "obs_pecunia": null, "obs_inquerito_pf": null }, "geometry": { "type": "MultiPolygon", "coordinates": [ [ [ [ 298152.117201862216461, 9226279.593070553615689 ], [ 298173.712130318512209, 9226282.878683626651764 ], [ 298175.968376574572176, 9226268.049342680722475 ], [ 298154.592555642127991, 9226264.797066258266568 ], [ 298154.59255564189516, 9226264.797066258266568 ], [ 298122.95317528542364, 9226259.983215546235442 ], [ 298120.477821505395696, 9226274.779219843447208 ], [ 298152.117201861925423, 9226279.593070555478334 ], [ 298152.117201862216461, 9226279.593070553615689 ] ] ] ] } },
{ "type": "Feature", "properties": { "fid": 657, "Endereco": "Rua Zilda Pessoa Barreto", "Proprietario": null, "Situacao_Ocupacao": null, "Bairro": "Areia Dourada", "Quadra": "05", "Lote": "04", "Municipio": "Cabedelo-PB", "Inquerito_Policial": null, "Area": null, "Habite_se": null, "Fase_investigacao": "7. Sem definição", "Laudo_SPU": null, "Area_invadida": null, "Pericia_PF": null, "Pericia_PF_link": null, "Laudo_SPU_link": null, "habite-se_link": null, "alvara_municipal_link": null, "Inquerito_policial_link": null, "numero_inquerito_policial": null, "numero_alvara_municipal": null, "numero_habite-se": null, "numero_pericia_PF": null, "numero_laudo_SPU": null, "AutoJudicial": null, "area_iinquerito_PF": null, "area_spu": null, "pericia_01": null, "Pericia_02": null, "Pericia_03": null, "Loteamento": "Areia Dourada", "area_pecunia": null, "Situacao_recuo": null, "valor_m2": null, "valor_total": 0.0, "valor_formatado": "R$ 0,00", "Num_imovel": null, "CPF:": null, "alvara_municipal": null, "obs_pericia_pf": null, "obs_laudo_SPU": null, "obs_alvara": null, "obs_habite_se": null, "obs_pecunia": null, "obs_inquerito_pf": null }, "geometry": { "type": "MultiPolygon", "coordinates": [ [ [ [ 298120.477821505395696, 9226274.779219843447208 ], [ 298118.002467725309543, 9226289.575224138796329 ], [ 298149.641848081897479, 9226294.389074850827456 ], [ 298171.455884062510449, 9226297.708024570718408 ], [ 298173.712130318279378, 9226282.878683626651764 ], [ 298152.117201861983631, 9226279.593070553615689 ], [ 298152.117201861692593, 9226279.593070555478334 ], [ 298120.477821505395696, 9226274.779219843447208 ] ] ] ] } },
{ "type": "Feature", "properties": { "fid": 658, "Endereco": "Rua Zilda Pessoa Barreto", "Proprietario": "Teste", "Situacao_Ocupacao": "Irregular", "Bairro": "Areia Dourada", "Quadra": "05", "Lote": "05", "Municipio": "Cabedelo-PB", "Inquerito_Policial": "Sim", "Area": null, "Habite_se": "Sim", "Fase_investigacao": "7. Sem definição", "Laudo_SPU": "Sim", "Area_invadida": "Sim", "Pericia_PF": "Sim", "Pericia_PF_link": null, "Laudo_SPU_link": null, "habite-se_link": null, "alvara_municipal_link": null, "Inquerito_policial_link": null, "numero_inquerito_policial": "013", "numero_alvara_municipal": "15", "numero_habite-se": "015", "numero_pericia_PF": "012", "numero_laudo_SPU": "012", "AutoJudicial": "013", "area_iinquerito_PF": "120,00", "area_spu": "120,50", "pericia_01": null, "Pericia_02": null, "Pericia_03": null, "Loteamento": "Areia Dourada", "area_pecunia": 125.0, "Situacao_recuo": "RECUOU", "valor_m2": 70.0, "valor_total": 8750.0, "valor_formatado": "R$ 8.750,00", "Num_imovel": "SN", "CPF:": "000.000.000-00", "alvara_municipal": "Sim", "obs_pericia_pf": "Observações aqui.", "obs_laudo_SPU": "Observações aqui.", "obs_alvara": "Observações aqui.", "obs_habite_se": "Observações aqui.", "obs_pecunia": "Observações aqui.", "obs_inquerito_pf": "Observações aqui." }, "geometry": { "type": "MultiPolygon", "coordinates": [ [ [ [ 298149.641848081897479, 9226294.389074850827456 ], [ 298118.002467725309543, 9226289.575224138796329 ], [ 298115.527113945281599, 9226304.371228434145451 ], [ 298147.166494301811326, 9226309.185079148039222 ], [ 298172.583214449114166, 9226313.052168041467667 ], [ 298174.839460704417434, 9226298.222827093675733 ], [ 298171.455884062510449, 9226297.708024570718408 ], [ 298149.641848081897479, 9226294.389074850827456 ] ] ] ] } },
{ "type": "Feature", "properties": { "fid": 659, "Endereco": "Rua Zilda Pessoa Barreto", "Proprietario": null, "Situacao_Ocupacao": null, "Bairro": "Areia Dourada", "Quadra": "05", "Lote": "06", "Municipio": "Cabedelo-PB", "Inquerito_Policial": null, "Area": null, "Habite_se": null, "Fase_investigacao": "7. Sem definição", "Laudo_SPU": null, "Area_invadida": null, "Pericia_PF": null, "Pericia_PF_link": null, "Laudo_SPU_link": null, "habite-se_link": null, "alvara_municipal_link": null, "Inquerito_policial_link": null, "numero_inquerito_policial": null, "numero_alvara_municipal": null, "numero_habite-se": null, "numero_pericia_PF": null, "numero_laudo_SPU": null, "AutoJudicial": null, "area_iinquerito_PF": null, "area_spu": null, "pericia_01": null, "Pericia_02": null, "Pericia_03": null, "Loteamento": "Areia Dourada", "area_pecunia": null, "Situacao_recuo": null, "valor_m2": null, "valor_total": 0.0, "valor_formatado": "R$ 0,00", "Num_imovel": null, "CPF:": null, "alvara_municipal": null, "obs_pericia_pf": null, "obs_laudo_SPU": null, "obs_alvara": null, "obs_habite_se": null, "obs_pecunia": null, "obs_inquerito_pf": null }, "geometry": { "type": "MultiPolygon", "coordinates": [ [ [ [ 298115.527113945281599, 9226304.371228434145451 ], [ 298113.051760165311862, 9226319.167232731357217 ], [ 298144.691140521608759, 9226323.981083443388343 ], [ 298182.823377329274081, 9226329.78280564211309 ], [ 298185.079623584577348, 9226314.953464694321156 ], [ 298172.583214449114166, 9226313.052168041467667 ], [ 298147.166494301811326, 9226309.185079148039222 ], [ 298115.527113945281599, 9226304.371228434145451 ] ] ] ] } },
{ "type": "Feature", "properties": { "fid": 660, "Endereco": "Rua Zilda Pessoa Barreto", "Proprietario": null, "Situacao_Ocupacao": null, "Bairro": "Areia Dourada", "Quadra": "05", "Lote": "07", "Municipio": "Cabedelo-PB", "Inquerito_Policial": null, "Area": null, "Habite_se": null, "Fase_investigacao": "7. Sem definição", "Laudo_SPU": null, "Area_invadida": null, "Pericia_PF": null, "Pericia_PF_link": null, "Laudo_SPU_link": null, "habite-se_link": null, "alvara_municipal_link": null, "Inquerito_policial_link": null, "numero_inquerito_policial": null, "numero_alvara_municipal": null, "numero_habite-se": null, "numero_pericia_PF": null, "numero_laudo_SPU": null, "AutoJudicial": null, "area_iinquerito_PF": null, "area_spu": null, "pericia_01": null, "Pericia_02": null, "Pericia_03": null, "Loteamento": "Areia Dourada", "area_pecunia": null, "Situacao_recuo": null, "valor_m2": null, "valor_total": 0.0, "valor_formatado": "R$ 0,00", "Num_imovel": null, "CPF:": null, "alvara_municipal": null, "obs_pericia_pf": null, "obs_laudo_SPU": null, "obs_alvara": null, "obs_habite_se": null, "obs_pecunia": null, "obs_inquerito_pf": null }, "geometry": { "type": "MultiPolygon", "coordinates": [ [ [ [ 298142.215786741697229, 9226338.777087740600109 ], [ 298142.215786741813645, 9226338.777087740600109 ], [ 298142.215786741697229, 9226338.777087740600109 ], [ 298168.070721939904615, 9226342.710849929600954 ], [ 298180.567131075018551, 9226344.612146582454443 ], [ 298182.823377329274081, 9226329.78280564211309 ], [ 298144.691140521783382, 9226323.981083443388343 ], [ 298113.051760165311862, 9226319.167232731357217 ], [ 298110.576406385283917, 9226333.963237028568983 ], [ 298142.215786741697229, 9226338.777087740600109 ] ] ] ] } },
{ "type": "Feature", "properties": { "fid": 661, "Endereco": "Rua Zilda Pessoa Barreto", "Proprietario": null, "Situacao_Ocupacao": null, "Bairro": "Areia Dourada", "Quadra": "05", "Lote": "08", "Municipio": "Cabedelo-PB", "Inquerito_Policial": null, "Area": null, "Habite_se": null, "Fase_investigacao": "7. Sem definição", "Laudo_SPU": null, "Area_invadida": null, "Pericia_PF": null, "Pericia_PF_link": null, "Laudo_SPU_link": null, "habite-se_link": null, "alvara_municipal_link": null, "Inquerito_policial_link": null, "numero_inquerito_policial": null, "numero_alvara_municipal": null, "numero_habite-se": null, "numero_pericia_PF": null, "numero_laudo_SPU": null, "AutoJudicial": null, "area_iinquerito_PF": null, "area_spu": null, "pericia_01": null, "Pericia_02": null, "Pericia_03": null, "Loteamento": "Areia Dourada", "area_pecunia": null, "Situacao_recuo": null, "valor_m2": null, "valor_total": 0.0, "valor_formatado": "R$ 0,00", "Num_imovel": null, "CPF:": null, "alvara_municipal": null, "obs_pericia_pf": null, "obs_laudo_SPU": null, "obs_alvara": null, "obs_habite_se": null, "obs_pecunia": null, "obs_inquerito_pf": null }, "geometry": { "type": "MultiPolygon", "coordinates": [ [ [ [ 298110.576406385283917, 9226333.963237028568983 ], [ 298105.625698825402651, 9226363.555245619267225 ], [ 298137.265079181874171, 9226368.369096329435706 ], [ 298163.558229431509972, 9226372.369531814008951 ], [ 298168.070721939904615, 9226342.710849929600954 ], [ 298110.576406385283917, 9226333.963237028568983 ] ] ] ] } },
{ "type": "Feature", "properties": { "fid": 662, "Endereco": "Rua Zilda Pessoa Barreto", "Proprietario": null, "Situacao_Ocupacao": null, "Bairro": "Areia Dourada", "Quadra": "05", "Lote": "09", "Municipio": "Cabedelo-PB", "Inquerito_Policial": null, "Area": null, "Habite_se": null, "Fase_investigacao": "7. Sem definição", "Laudo_SPU": null, "Area_invadida": null, "Pericia_PF": null, "Pericia_PF_link": null, "Laudo_SPU_link": null, "habite-se_link": null, "alvara_municipal_link": null, "Inquerito_policial_link": null, "numero_inquerito_policial": null, "numero_alvara_municipal": null, "numero_habite-se": null, "numero_pericia_PF": null, "numero_laudo_SPU": null, "AutoJudicial": null, "area_iinquerito_PF": null, "area_spu": null, "pericia_01": null, "Pericia_02": null, "Pericia_03": null, "Loteamento": "Areia Dourada", "area_pecunia": null, "Situacao_recuo": null, "valor_m2": null, "valor_total": 0.0, "valor_formatado": "R$ 0,00", "Num_imovel": null, "CPF:": null, "alvara_municipal": null, "obs_pericia_pf": null, "obs_laudo_SPU": null, "obs_alvara": null, "obs_habite_se": null, "obs_pecunia": null, "obs_inquerito_pf": null }, "geometry": { "type": "MultiPolygon", "coordinates": [ [ [ [ 298137.265079181874171, 9226368.369096329435706 ], [ 298105.625698825402651, 9226363.555245619267225 ], [ 298103.652729807421565, 9226375.348330833017826 ], [ 298103.648484192148317, 9226375.374413643032312 ], [ 298103.644468494225293, 9226375.400532839819789 ], [ 298103.640683027042542, 9226375.426686394959688 ], [ 298103.637128082802519, 9226375.452872280031443 ], [ 298103.633803937525954, 9226375.479088462889194 ], [ 298103.6307108491892, 9226375.505332911387086 ], [ 298103.627849058131687, 9226375.531603585928679 ], [ 298103.625218785426114, 9226375.557898450642824 ], [ 298103.62282023759326, 9226375.584215464070439 ], [ 298103.62065359740518, 9226375.61055258475244 ], [ 298103.618719036341645, 9226375.636907767504454 ], [ 298103.617016702250112, 9226375.663278970867395 ], [ 298103.615546727378387, 9226375.689664144068956 ], [ 298103.614309227967169, 9226375.716061241924763 ], [ 298103.613304297206923, 9226375.742468217387795 ], [ 298103.61253201396903, 9226375.76888302154839 ], [ 298103.611992438673042, 9226375.795303601771593 ], [ 298103.611685613228474, 9226375.821727909147739 ], [ 298103.61161155969603, 9226375.84815389662981 ], [ 298103.611770286166575, 9226375.874579509720206 ], [ 298103.612161780998576, 9226375.901002699509263 ], [ 298103.612786009907722, 9226375.927421415224671 ], [ 298103.613642927957699, 9226375.953833607956767 ], [ 298103.614732467627618, 9226375.980237228795886 ], [ 298103.616054543526843, 9226376.006630226969719 ], [ 298103.617609055305365, 9226376.033010553568602 ], [ 298103.619395878806245, 9226376.059376167133451 ], [ 298103.6214148781728, 9226376.085725016891956 ], [ 298103.623665896884631, 9226376.112055057659745 ], [ 298103.626148757815827, 9226376.138364251703024 ], [ 298103.628863270976581, 9226376.164650553837419 ], [ 298103.631809224199969, 9226376.190911924466491 ], [ 298103.634986389777623, 9226376.217146325856447 ], [ 298103.638394521083683, 9226376.24335172213614 ], [ 298103.64203335280763, 9226376.269526083022356 ], [ 298103.645902602642309, 9226376.295667374506593 ], [ 298103.65000197122572, 9226376.321773570030928 ], [ 298103.654331140744034, 9226376.347842641174793 ], [ 298103.658889773651026, 9226376.373872568830848 ], [ 298103.66367751697544, 9226376.399861330166459 ], [ 298103.668693999701645, 9226376.425806911662221 ], [ 298103.673938832653221, 9226376.451707296073437 ], [ 298103.679411608667579, 9226376.477560477331281 ], [ 298103.685111902712379, 9226376.503364447504282 ], [ 298103.691039273398928, 9226376.529117204248905 ], [ 298103.697193259955384, 9226376.55481675080955 ], [ 298103.703573384089395, 9226376.580461092293262 ], [ 298103.710179152840283, 9226376.606048237532377 ], [ 298103.717010051419493, 9226376.631576204672456 ], [ 298103.724065551941749, 9226376.657043008133769 ], [ 298103.731345106265508, 9226376.682446675375104 ], [ 298103.73884814750636, 9226376.707785235717893 ], [ 298103.746574096148834, 9226376.733056720346212 ], [ 298103.754522352654021, 9226376.758259169757366 ], [ 298103.76269229745958, 9226376.783390630036592 ], [ 298103.771083300176542, 9226376.80844914726913 ], [ 298103.77969470754033, 9226376.833432778716087 ], [ 298103.788525851094164, 9226376.85833958722651 ], [ 298103.797576047363691, 9226376.883167639374733 ], [ 298103.806844593316782, 9226376.907915009185672 ], [ 298103.816330769448541, 9226376.932579776272178 ], [ 298103.826033839839511, 9226376.957160023972392 ], [ 298103.835953050875105, 9226376.981653850525618 ], [ 298103.846087634447031, 9226377.006059350445867 ], [ 298103.856436803063843, 9226377.030374633148313 ], [ 298103.866999754973222, 9226377.054597808048129 ], [ 298103.877775667933747, 9226377.078727001324296 ], [ 298103.888763708411716, 9226377.102760337293148 ], [ 298103.899963022675365, 9226377.126695949584246 ], [ 298103.911372742906678, 9226377.15053198300302 ], [ 298103.922991982719395, 9226377.174266589805484 ], [ 298103.934819838788826, 9226377.197897925972939 ], [ 298103.946855396905448, 9226377.221424156799912 ], [ 298103.959097721730359, 9226377.244843458756804 ], [ 298103.971545862557832, 9226377.268154015764594 ], [ 298103.984198853897396, 9226377.291354015469551 ], [ 298103.997055713494774, 9226377.314441662281752 ], [ 298104.010115445998963, 9226377.337415160611272 ], [ 298104.023377034871373, 9226377.360272729769349 ], [ 298104.036839453852735, 9226377.383012594655156 ], [ 298104.050501657300629, 9226377.405632993206382 ], [ 298104.06436258344911, 9226377.428132170811296 ], [ 298104.078421159414575, 9226377.450508378446102 ], [ 298104.092676293221302, 9226377.472759881988168 ], [ 298104.107126878923737, 9226377.494884952902794 ], [ 298104.121771794627421, 9226377.516881877556443 ], [ 298104.136609904642683, 9226377.538748946040869 ], [ 298104.151640057738405, 9226377.56048446521163 ], [ 298104.166861088771839, 9226377.582086743786931 ], [ 298104.182271812867839, 9226377.603554109111428 ], [ 298104.197871039097663, 9226377.624884894117713 ], [ 298104.213657552201767, 9226377.646077444776893 ], [ 298104.229630131099839, 9226377.667130116373301 ], [ 298104.245787535328418, 9226377.688041273504496 ], [ 298104.262128511152696, 9226377.708809295669198 ], [ 298104.278651789936703, 9226377.729432571679354 ], [ 298104.295356090064161, 9226377.749909499660134 ], [ 298104.312240115483291, 9226377.770238490775228 ], [ 298104.329302557045594, 9226377.790417969226837 ], [ 298104.346542088431306, 9226377.810446368530393 ], [ 298104.363957373367157, 9226377.83032213523984 ], [ 298104.381547061610036, 9226377.850043723359704 ], [ 298104.399309785861988, 9226377.869609609246254 ], [ 298104.417244170734193, 9226377.889018269255757 ], [ 298104.435348822618835, 9226377.908268198370934 ], [ 298104.453622337023262, 9226377.927357906475663 ], [ 298104.472063295776024, 9226377.946285907179117 ], [ 298104.490670268656686, 9226377.965050736442208 ], [ 298104.509441813454032, 9226377.983650933951139 ], [ 298104.528376470028888, 9226378.00208505988121 ], [ 298104.547472770849708, 9226378.020351681858301 ], [ 298104.566729235346429, 9226378.038449384272099 ], [ 298104.586144368222449, 9226378.056376760825515 ], [ 298104.605716664053034, 9226378.074132421985269 ], [ 298104.625444601522759, 9226378.09171498939395 ], [ 298104.645326652564108, 9226378.109123099595308 ], [ 298104.665361273277085, 9226378.126355400308967 ], [ 298104.685546909982804, 9226378.143410556018353 ], [ 298104.705881995148957, 9226378.160287242382765 ], [ 298104.726364951522555, 9226378.176984149962664 ], [ 298104.746994189510588, 9226378.193499982357025 ], [ 298104.76776810886804, 9226378.209833461791277 ], [ 298104.788685098406859, 9226378.225983314216137 ], [ 298104.809743533551227, 9226378.241948293522 ], [ 298104.830941780412104, 9226378.257727157324553 ], [ 298104.852278196252882, 9226378.273318681865931 ], [ 298104.873751122155227, 9226378.288721656426787 ], [ 298104.895358894660603, 9226378.303934887051582 ], [ 298104.91709983733017, 9226378.318957192823291 ], [ 298104.938972260453738, 9226378.333787409588695 ], [ 298104.960974468966015, 9226378.348424384370446 ], [ 298104.983104756393004, 9226378.36286698281765 ], [ 298105.005361403163988, 9226378.377114083617926 ], [ 298105.02774268493522, 9226378.391164580360055 ], [ 298105.050246862636413, 9226378.405017385259271 ], [ 298105.072872191201895, 9226378.418671421706676 ], [ 298105.095616915612482, 9226378.432125631719828 ], [ 298105.118479270196985, 9226378.445378970354795 ], [ 298105.141457481484395, 9226378.458430407568812 ], [ 298105.16454976669047, 9226378.471278933808208 ], [ 298105.187754333892372, 9226378.483923548832536 ], [ 298105.21106938214507, 9226378.496363274753094 ], [ 298105.234493101481348, 9226378.508597144857049 ], [ 298105.258023676171433, 9226378.520624209195375 ], [ 298105.281659280066378, 9226378.532443534582853 ], [ 298105.305398078402504, 9226378.544054206460714 ], [ 298105.329238229081966, 9226378.555455321446061 ], [ 298105.353177883196622, 9226378.566645994782448 ], [ 298105.377215183223598, 9226378.577625358477235 ], [ 298105.401348263316322, 9226378.588392563164234 ], [ 298105.425575252214912, 9226378.598946768790483 ], [ 298105.44989426760003, 9226378.609287159517407 ], [ 298105.474303424882237, 9226378.619412932544947 ], [ 298105.498800829867832, 9226378.629323301836848 ], [ 298105.523384579049889, 9226378.639017499983311 ], [ 298105.548052768455818, 9226378.648494770750403 ], [ 298105.572803481598385, 9226378.657754383981228 ], [ 298105.597634799021762, 9226378.666795616969466 ], [ 298105.622544794867281, 9226378.675617769360542 ], [ 298105.647531532915309, 9226378.684220157563686 ], [ 298105.672593078226782, 9226378.692602114751935 ], [ 298105.697727485559881, 9226378.700762987136841 ], [ 298105.722932802222203, 9226378.708702145144343 ], [ 298105.748207074240781, 9226378.716418970376253 ], [ 298105.773548340541311, 9226378.723912864923477 ], [ 298105.798954634228721, 9226378.731183247640729 ], [ 298105.824423983052839, 9226378.738229556009173 ], [ 298105.849954413599335, 9226378.745051240548491 ], [ 298105.875543942674994, 9226378.751647770404816 ], [ 298105.901190584758297, 9226378.758018638938665 ], [ 298105.92689235182479, 9226378.764163346961141 ], [ 298105.952647246478591, 9226378.770081421360373 ], [ 298105.978453273419291, 9226378.775772400200367 ], [ 298106.004308427975047, 9226378.781235843896866 ], [ 298106.03021070495015, 9226378.786471325904131 ], [ 298106.056158094143029, 9226378.79147844389081 ], [ 298106.082148582150694, 9226378.796256806701422 ], [ 298106.108180152135901, 9226378.800806043669581 ], [ 298106.134250785748009, 9226378.805125802755356 ], [ 298106.160358458291739, 9226378.809215746819973 ], [ 298134.789725401380565, 9226383.165100626647472 ], [ 298161.301983175973874, 9226387.198872765526175 ], [ 298163.558229431509972, 9226372.369531814008951 ], [ 298137.265079181874171, 9226368.369096329435706 ] ] ] ] } },
{ "type": "Feature", "properties": { "fid": 663, "Endereco": "Rodovia BR-230", "Proprietario": null, "Situacao_Ocupacao": null, "Bairro": "Areia Dourada", "Quadra": "06", "Lote": "07", "Municipio": "Cabedelo-PB", "Inquerito_Policial": null, "Area": null, "Habite_se": null, "Fase_investigacao": "7. Sem definição", "Laudo_SPU": null, "Area_invadida": null, "Pericia_PF": null, "Pericia_PF_link": null, "Laudo_SPU_link": null, "habite-se_link": null, "alvara_municipal_link": null, "Inquerito_policial_link": null, "numero_inquerito_policial": null, "numero_alvara_municipal": null, "numero_habite-se": null, "numero_pericia_PF": null, "numero_laudo_SPU": null, "AutoJudicial": null, "area_iinquerito_PF": null, "area_spu": null, "pericia_01": null, "Pericia_02": null, "Pericia_03": null, "Loteamento": "Areia Dourada", "area_pecunia": null, "Situacao_recuo": null, "valor_m2": null, "valor_total": 0.0, "valor_formatado": "R$ 0,00", "Num_imovel": null, "CPF:": null, "alvara_municipal": null, "obs_pericia_pf": null, "obs_laudo_SPU": null, "obs_alvara": null, "obs_habite_se": null, "obs_pecunia": null, "obs_inquerito_pf": null }, "geometry": { "type": "MultiPolygon", "coordinates": [ [ [ [ 298054.182437593291979, 9226516.392545169219375 ], [ 298053.270040515577421, 9226531.417337909340858 ], [ 298114.042974236013833, 9226540.240333074703813 ], [ 298114.042974235722795, 9226540.240333076566458 ], [ 298135.244530554977246, 9226543.318368270993233 ], [ 298137.399632516026031, 9226528.473991030827165 ], [ 298116.244303977407981, 9226525.402667170390487 ], [ 298054.182437593291979, 9226516.392545169219375 ] ] ] ] } },
{ "type": "Feature", "properties": { "fid": 664, "Endereco": "Rodovia BR-230", "Proprietario": null, "Situacao_Ocupacao": null, "Bairro": "Areia Dourada", "Quadra": "06", "Lote": "08", "Municipio": "Cabedelo-PB", "Inquerito_Policial": null, "Area": null, "Habite_se": null, "Fase_investigacao": "7. Sem definição", "Laudo_SPU": null, "Area_invadida": null, "Pericia_PF": null, "Pericia_PF_link": null, "Laudo_SPU_link": null, "habite-se_link": null, "alvara_municipal_link": null, "Inquerito_policial_link": null, "numero_inquerito_policial": null, "numero_alvara_municipal": null, "numero_habite-se": null, "numero_pericia_PF": null, "numero_laudo_SPU": null, "AutoJudicial": null, "area_iinquerito_PF": null, "area_spu": null, "pericia_01": null, "Pericia_02": null, "Pericia_03": null, "Loteamento": "Areia Dourada", "area_pecunia": null, "Situacao_recuo": null, "valor_m2": null, "valor_total": 0.0, "valor_formatado": "R$ 0,00", "Num_imovel": null, "CPF:": null, "alvara_municipal": null, "obs_pericia_pf": null, "obs_laudo_SPU": null, "obs_alvara": null, "obs_habite_se": null, "obs_pecunia": null, "obs_inquerito_pf": null }, "geometry": { "type": "MultiPolygon", "coordinates": [ [ [ [ 298111.841644494619686, 9226555.077998973429203 ], [ 298111.841644494677894, 9226555.077998973429203 ], [ 298133.08942859567469, 9226558.16274550370872 ], [ 298135.244530554977246, 9226543.318368270993233 ], [ 298114.042974235722795, 9226540.240333076566458 ], [ 298114.042974236013833, 9226540.240333074703813 ], [ 298053.270040515577421, 9226531.417337909340858 ], [ 298052.357643437804654, 9226546.442130643874407 ], [ 298111.841644494619686, 9226555.077998973429203 ] ] ] ] } },
{ "type": "Feature", "properties": { "fid": 665, "Endereco": "Rodovia BR-230", "Proprietario": null, "Situacao_Ocupacao": null, "Bairro": "Areia Dourada", "Quadra": "07", "Lote": "04", "Municipio": "Cabedelo-PB", "Inquerito_Policial": null, "Area": null, "Habite_se": null, "Fase_investigacao": "7. Sem definição", "Laudo_SPU": null, "Area_invadida": null, "Pericia_PF": null, "Pericia_PF_link": null, "Laudo_SPU_link": null, "habite-se_link": null, "alvara_municipal_link": null, "Inquerito_policial_link": null, "numero_inquerito_policial": null, "numero_alvara_municipal": null, "numero_habite-se": null, "numero_pericia_PF": null, "numero_laudo_SPU": null, "AutoJudicial": null, "area_iinquerito_PF": null, "area_spu": null, "pericia_01": null, "Pericia_02": null, "Pericia_03": null, "Loteamento": "Areia Dourada", "area_pecunia": null, "Situacao_recuo": null, "valor_m2": null, "valor_total": 0.0, "valor_formatado": "R$ 0,00", "Num_imovel": null, "CPF:": null, "alvara_municipal": null, "obs_pericia_pf": null, "obs_laudo_SPU": null, "obs_alvara": null, "obs_habite_se": null, "obs_pecunia": null, "obs_inquerito_pf": null }, "geometry": { "type": "MultiPolygon", "coordinates": [ [ [ [ 298100.614691347524058, 9226669.967084063217044 ], [ 298100.614691347582266, 9226669.967084063217044 ], [ 298120.252360557380598, 9226672.15537397749722 ], [ 298121.913577616913244, 9226657.247645853087306 ], [ 298101.578300944587681, 9226654.98161924816668 ], [ 298045.861879425123334, 9226648.772955583408475 ], [ 298044.898269827885088, 9226663.758420396596193 ], [ 298100.614691347524058, 9226669.967084063217044 ] ] ] ] } },
{ "type": "Feature", "properties": { "fid": 666, "Endereco": "Rodovia BR-230", "Proprietario": null, "Situacao_Ocupacao": null, "Bairro": "Areia Dourada", "Quadra": "07", "Lote": "05", "Municipio": "Cabedelo-PB", "Inquerito_Policial": null, "Area": null, "Habite_se": null, "Fase_investigacao": "7. Sem definição", "Laudo_SPU": null, "Area_invadida": null, "Pericia_PF": null, "Pericia_PF_link": null, "Laudo_SPU_link": null, "habite-se_link": null, "alvara_municipal_link": null, "Inquerito_policial_link": null, "numero_inquerito_policial": null, "numero_alvara_municipal": null, "numero_habite-se": null, "numero_pericia_PF": null, "numero_laudo_SPU": null, "AutoJudicial": null, "area_iinquerito_PF": null, "area_spu": null, "pericia_01": null, "Pericia_02": null, "Pericia_03": null, "Loteamento": "Areia Dourada", "area_pecunia": null, "Situacao_recuo": null, "valor_m2": null, "valor_total": 0.0, "valor_formatado": "R$ 0,00", "Num_imovel": null, "CPF:": null, "alvara_municipal": null, "obs_pericia_pf": null, "obs_laudo_SPU": null, "obs_alvara": null, "obs_habite_se": null, "obs_pecunia": null, "obs_inquerito_pf": null }, "geometry": { "type": "MultiPolygon", "coordinates": [ [ [ [ 298100.614691347524058, 9226669.967084063217044 ], [ 298044.898269827885088, 9226663.758420396596193 ], [ 298043.934660230705049, 9226678.743885209783912 ], [ 298099.651081750285812, 9226684.952548876404762 ], [ 298118.591143497498706, 9226687.063102103769779 ], [ 298120.252360557380598, 9226672.15537397749722 ], [ 298100.614691347524058, 9226669.967084063217044 ] ] ] ] } },
{ "type": "Feature", "properties": { "fid": 667, "Endereco": "Rodovia BR-230", "Proprietario": null, "Situacao_Ocupacao": null, "Bairro": "Areia Dourada", "Quadra": "07", "Lote": "06", "Municipio": "Cabedelo-PB", "Inquerito_Policial": null, "Area": null, "Habite_se": null, "Fase_investigacao": "7. Sem definição", "Laudo_SPU": null, "Area_invadida": null, "Pericia_PF": null, "Pericia_PF_link": null, "Laudo_SPU_link": null, "habite-se_link": null, "alvara_municipal_link": null, "Inquerito_policial_link": null, "numero_inquerito_policial": null, "numero_alvara_municipal": null, "numero_habite-se": null, "numero_pericia_PF": null, "numero_laudo_SPU": null, "AutoJudicial": null, "area_iinquerito_PF": null, "area_spu": null, "pericia_01": null, "Pericia_02": null, "Pericia_03": null, "Loteamento": "Areia Dourada", "area_pecunia": null, "Situacao_recuo": null, "valor_m2": null, "valor_total": 0.0, "valor_formatado": "R$ 0,00", "Num_imovel": null, "CPF:": null, "alvara_municipal": null, "obs_pericia_pf": null, "obs_laudo_SPU": null, "obs_alvara": null, "obs_habite_se": null, "obs_pecunia": null, "obs_inquerito_pf": null }, "geometry": { "type": "MultiPolygon", "coordinates": [ [ [ [ 298043.934660230705049, 9226678.743885209783912 ], [ 298042.97105063352501, 9226693.72935002669692 ], [ 298098.687472153222188, 9226699.938013691455126 ], [ 298116.929926437907852, 9226701.970830228179693 ], [ 298118.591143497498706, 9226687.063102103769779 ], [ 298099.651081750285812, 9226684.952548876404762 ], [ 298043.934660230705049, 9226678.743885209783912 ] ] ] ] } },
{ "type": "Feature", "properties": { "fid": 668, "Endereco": "Rodovia BR-230", "Proprietario": null, "Situacao_Ocupacao": null, "Bairro": "Areia Dourada", "Quadra": "07", "Lote": "07", "Municipio": "Cabedelo-PB", "Inquerito_Policial": null, "Area": null, "Habite_se": null, "Fase_investigacao": "7. Sem definição", "Laudo_SPU": null, "Area_invadida": null, "Pericia_PF": null, "Pericia_PF_link": null, "Laudo_SPU_link": null, "habite-se_link": null, "alvara_municipal_link": null, "Inquerito_policial_link": null, "numero_inquerito_policial": null, "numero_alvara_municipal": null, "numero_habite-se": null, "numero_pericia_PF": null, "numero_laudo_SPU": null, "AutoJudicial": null, "area_iinquerito_PF": null, "area_spu": null, "pericia_01": null, "Pericia_02": null, "Pericia_03": null, "Loteamento": "Areia Dourada", "area_pecunia": null, "Situacao_recuo": null, "valor_m2": null, "valor_total": 0.0, "valor_formatado": "R$ 0,00", "Num_imovel": null, "CPF:": null, "alvara_municipal": null, "obs_pericia_pf": null, "obs_laudo_SPU": null, "obs_alvara": null, "obs_habite_se": null, "obs_pecunia": null, "obs_inquerito_pf": null }, "geometry": { "type": "MultiPolygon", "coordinates": [ [ [ [ 298042.97105063352501, 9226693.72935002669692 ], [ 298042.007441036403179, 9226708.714814838021994 ], [ 298097.723862555983942, 9226714.923478506505489 ], [ 298108.132755225582514, 9226716.083375571295619 ], [ 298109.793972286221106, 9226701.175647443160415 ], [ 298098.687472153222188, 9226699.938013691455126 ], [ 298042.97105063352501, 9226693.72935002669692 ] ] ] ] } },
{ "type": "Feature", "properties": { "fid": 669, "Endereco": "Rodovia BR-230", "Proprietario": null, "Situacao_Ocupacao": null, "Bairro": "Areia Dourada", "Quadra": "07", "Lote": "08", "Municipio": "Cabedelo-PB", "Inquerito_Policial": null, "Area": null, "Habite_se": null, "Fase_investigacao": "7. Sem definição", "Laudo_SPU": null, "Area_invadida": null, "Pericia_PF": null, "Pericia_PF_link": null, "Laudo_SPU_link": null, "habite-se_link": null, "alvara_municipal_link": null, "Inquerito_policial_link": null, "numero_inquerito_policial": null, "numero_alvara_municipal": null, "numero_habite-se": null, "numero_pericia_PF": null, "numero_laudo_SPU": null, "AutoJudicial": null, "area_iinquerito_PF": null, "area_spu": null, "pericia_01": null, "Pericia_02": null, "Pericia_03": null, "Loteamento": "Areia Dourada", "area_pecunia": null, "Situacao_recuo": null, "valor_m2": null, "valor_total": 0.0, "valor_formatado": "R$ 0,00", "Num_imovel": null, "CPF:": null, "alvara_municipal": null, "obs_pericia_pf": null, "obs_laudo_SPU": null, "obs_alvara": null, "obs_habite_se": null, "obs_pecunia": null, "obs_inquerito_pf": null }, "geometry": { "type": "MultiPolygon", "coordinates": [ [ [ [ 298042.007441036403179, 9226708.714814838021994 ], [ 298041.04383143922314, 9226723.700279653072357 ], [ 298096.760252958803903, 9226729.908943323418498 ], [ 298099.750924194813706, 9226730.242203630506992 ], [ 298101.412141255510505, 9226715.334475504234433 ], [ 298097.723862555983942, 9226714.923478506505489 ], [ 298042.007441036403179, 9226708.714814838021994 ] ] ] ] } },
{ "type": "Feature", "properties": { "fid": 670, "Endereco": "Rodovia BR-230", "Proprietario": null, "Situacao_Ocupacao": null, "Bairro": "Areia Dourada", "Quadra": "07", "Lote": "09", "Municipio": "Cabedelo-PB", "Inquerito_Policial": null, "Area": null, "Habite_se": null, "Fase_investigacao": "7. Sem definição", "Laudo_SPU": null, "Area_invadida": null, "Pericia_PF": null, "Pericia_PF_link": null, "Laudo_SPU_link": null, "habite-se_link": null, "alvara_municipal_link": null, "Inquerito_policial_link": null, "numero_inquerito_policial": null, "numero_alvara_municipal": null, "numero_habite-se": null, "numero_pericia_PF": null, "numero_laudo_SPU": null, "AutoJudicial": null, "area_iinquerito_PF": null, "area_spu": null, "pericia_01": null, "Pericia_02": null, "Pericia_03": null, "Loteamento": "Areia Dourada", "area_pecunia": null, "Situacao_recuo": null, "valor_m2": null, "valor_total": 0.0, "valor_formatado": "R$ 0,00", "Num_imovel": null, "CPF:": null, "alvara_municipal": null, "obs_pericia_pf": null, "obs_laudo_SPU": null, "obs_alvara": null, "obs_habite_se": null, "obs_pecunia": null, "obs_inquerito_pf": null }, "geometry": { "type": "MultiPolygon", "coordinates": [ [ [ [ 298095.796643361623865, 9226744.894408136606216 ], [ 298112.960725301876664, 9226746.738631973043084 ], [ 298114.614410934213083, 9226731.89849072881043 ], [ 298096.760252958803903, 9226729.908943323418498 ], [ 298041.04383143922314, 9226723.700279653072357 ], [ 298040.080221841984894, 9226738.685744468122721 ], [ 298095.796643361623865, 9226744.894408136606216 ] ] ] ] } },
{ "type": "Feature", "properties": { "fid": 671, "Endereco": "Rodovia BR-230", "Proprietario": null, "Situacao_Ocupacao": null, "Bairro": "Areia Dourada", "Quadra": "08", "Lote": "01", "Municipio": "Cabedelo-PB", "Inquerito_Policial": null, "Area": null, "Habite_se": null, "Fase_investigacao": "7. Sem definição", "Laudo_SPU": null, "Area_invadida": null, "Pericia_PF": null, "Pericia_PF_link": null, "Laudo_SPU_link": null, "habite-se_link": null, "alvara_municipal_link": null, "Inquerito_policial_link": null, "numero_inquerito_policial": null, "numero_alvara_municipal": null, "numero_habite-se": null, "numero_pericia_PF": null, "numero_laudo_SPU": null, "AutoJudicial": null, "area_iinquerito_PF": null, "area_spu": null, "pericia_01": null, "Pericia_02": null, "Pericia_03": null, "Loteamento": "Areia Dourada", "area_pecunia": null, "Situacao_recuo": null, "valor_m2": null, "valor_total": 0.0, "valor_formatado": "R$ 0,00", "Num_imovel": null, "CPF:": null, "alvara_municipal": null, "obs_pericia_pf": null, "obs_laudo_SPU": null, "obs_alvara": null, "obs_habite_se": null, "obs_pecunia": null, "obs_inquerito_pf": null }, "geometry": { "type": "MultiPolygon", "coordinates": [ [ [ [ 298094.366755925701, 9226787.888986486941576 ], [ 298108.206540141545702, 9226789.417850667610765 ], [ 298109.814642365789041, 9226774.808178456500173 ], [ 298041.03111764829373, 9226765.676772233098745 ], [ 298041.00418538635131, 9226765.673320775851607 ], [ 298040.977222988847643, 9226765.6701132170856 ], [ 298040.950232665170915, 9226765.667149819433689 ], [ 298040.923216626397334, 9226765.66443082690239 ], [ 298040.896177084126975, 9226765.661956459283829 ], [ 298040.869116255023982, 9226765.659726921468973 ], [ 298040.842036356101744, 9226765.657742395997047 ], [ 298040.814939604490064, 9226765.65600304491818 ], [ 298040.787828219763469, 9226765.654509011656046 ], [ 298040.760704423941206, 9226765.653260417282581 ], [ 298040.733570438751485, 9226765.652257366105914 ], [ 298040.706428485864308, 9226765.651499936357141 ], [ 298040.679280788812321, 9226765.650988193228841 ], [ 298040.652129573165439, 9226765.650722179561853 ], [ 298040.624977061408572, 9226765.65070191398263 ], [ 298040.597825478063896, 9226765.65092740021646 ], [ 298040.57067704887595, 9226765.651398619636893 ], [ 298040.543533995340113, 9226765.652115533128381 ], [ 298040.516398542677052, 9226765.653078082948923 ], [ 298040.48927291383734, 9226765.654286189004779 ], [ 298040.462159329268616, 9226765.655739752575755 ], [ 298040.43506001069909, 9226765.657438652589917 ], [ 298040.407977179274894, 9226765.659382754936814 ], [ 298040.380913052416872, 9226765.661571895703673 ], [ 298040.353869848244358, 9226765.66400589980185 ], [ 298040.326849780569319, 9226765.666684564203024 ], [ 298040.299855063844007, 9226765.669607670977712 ], [ 298040.272887908096891, 9226765.672774977982044 ], [ 298040.245950524578802, 9226765.676186231896281 ], [ 298040.21904511784669, 9226765.679841147735715 ], [ 298040.192173893388826, 9226765.683739427477121 ], [ 298040.165339051920455, 9226765.68788075260818 ], [ 298040.138542791537475, 9226765.692264784127474 ], [ 298040.111787307541817, 9226765.696891160681844 ], [ 298040.085074791219085, 9226765.70175950601697 ], [ 298040.05840743216686, 9226765.706869419664145 ], [ 298040.031787413114216, 9226765.712220484390855 ], [ 298040.005216914811172, 9226765.7178122587502 ], [ 298039.978698115854058, 9226765.72364429011941 ], [ 298039.952233186631929, 9226765.729716096073389 ], [ 298039.925824296369683, 9226765.736027181148529 ], [ 298039.899473606783431, 9226765.742577027529478 ], [ 298039.873183278250508, 9226765.749365098774433 ], [ 298039.846955463581253, 9226765.75639083981514 ], [ 298039.820792311395053, 9226765.763653673231602 ], [ 298039.794695965072606, 9226765.771153006702662 ], [ 298039.768668562115636, 9226765.778888223692775 ], [ 298039.742712233506609, 9226765.786858689039946 ], [ 298039.716829107608646, 9226765.795063754543662 ], [ 298039.691021304752212, 9226765.803502747789025 ], [ 298039.665290936711244, 9226765.812174972146749 ], [ 298039.639640113688074, 9226765.821079721674323 ], [ 298039.614070934883785, 9226765.830216264352202 ], [ 298039.588585496589076, 9226765.839583853259683 ], [ 298039.563185886072461, 9226765.849181720986962 ], [ 298039.537874183966778, 9226765.859009081497788 ], [ 298039.512652462581173, 9226765.869065128266811 ], [ 298039.487522789859213, 9226765.87934903986752 ], [ 298039.462487222917844, 9226765.889859972521663 ], [ 298039.437547812703997, 9226765.900597063824534 ], [ 298039.412706604052801, 9226765.91155943647027 ], [ 298039.387965629459359, 9226765.922746190801263 ], [ 298039.363326917227823, 9226765.934156414121389 ], [ 298039.338792485592421, 9226765.945789165794849 ], [ 298039.314364343474153, 9226765.957643497735262 ], [ 298039.290044491819572, 9226765.969718435779214 ], [ 298039.265834924532101, 9226765.982012992724776 ], [ 298039.241737623407971, 9226765.994526160880923 ], [ 298039.217754561919719, 9226766.007256913930178 ], [ 298039.193887707137037, 9226766.020204212516546 ], [ 298039.170139011461288, 9226766.033366991207004 ], [ 298039.146510421938729, 9226766.046744175255299 ], [ 298039.123003873042762, 9226766.060334667563438 ], [ 298039.099621292203665, 9226766.074137356132269 ], [ 298039.076364592881873, 9226766.088151106610894 ], [ 298039.053235681494698, 9226766.102374775335193 ], [ 298039.030236452410463, 9226766.116807196289301 ], [ 298039.007368788938038, 9226766.131447184830904 ], [ 298038.984634565829765, 9226766.146293545141816 ], [ 298038.962035644100979, 9226766.161345057189465 ], [ 298038.939573874697089, 9226766.176600489765406 ], [ 298038.917251099250279, 9226766.192058593034744 ], [ 298038.895069145597517, 9226766.207718102261424 ], [ 298038.873029829526786, 9226766.223577732220292 ], [ 298038.851134958618786, 9226766.239636186510324 ], [ 298038.829386325960513, 9226766.255892146378756 ], [ 298038.807785711309407, 9226766.272344281896949 ], [ 298038.786334886564873, 9226766.288991246372461 ], [ 298038.765035607793834, 9226766.305831674486399 ], [ 298038.743889619538095, 9226766.322864186018705 ], [ 298038.722898654697929, 9226766.340087389573455 ], [ 298038.702064432145562, 9226766.357499869540334 ], [ 298038.681388658820651, 9226766.375100200995803 ], [ 298038.660873029613867, 9226766.392886944115162 ], [ 298038.640519222535659, 9226766.410858640447259 ], [ 298038.620328906865325, 9226766.429013816639781 ], [ 298038.60030373709742, 9226766.447350990027189 ], [ 298038.580445351428352, 9226766.465868651866913 ], [ 298038.560755377809983, 9226766.484565287828445 ], [ 298038.541235430166125, 9226766.503439370542765 ], [ 298038.521887105831411, 9226766.522489346563816 ], [ 298038.502711990091484, 9226766.5417136605829 ], [ 298038.483711654960644, 9226766.56111073680222 ], [ 298038.464887655572966, 9226766.58067898452282 ], [ 298038.446241534606088, 9226766.600416803732514 ], [ 298038.427774819720071, 9226766.62032257579267 ], [ 298038.409489022567868, 9226766.640394667163491 ], [ 298038.391385643044487, 9226766.660631440579891 ], [ 298038.373466162069235, 9226766.681031232699752 ], [ 298038.355732048861682, 9226766.701592372730374 ], [ 298038.338184754538815, 9226766.722313178703189 ], [ 298038.320825719332788, 9226766.743191951885819 ], [ 298038.303656362753827, 9226766.764226982370019 ], [ 298038.286678091797512, 9226766.785416545346379 ], [ 298038.269892298616469, 9226766.806758908554912 ], [ 298038.253300356620457, 9226766.828252321109176 ], [ 298038.236903625249397, 9226766.84989502094686 ], [ 298038.220703448401764, 9226766.871685238555074 ], [ 298038.20470115338685, 9226766.893621187657118 ], [ 298038.188898049469572, 9226766.915701068937778 ], [ 298038.173295433574822, 9226766.937923077493906 ], [ 298038.157894582138397, 9226766.960285391658545 ], [ 298038.142696756520309, 9226766.982786178588867 ], [ 298038.127703203062993, 9226767.005423596128821 ], [ 298038.112915148492903, 9226767.028195787221193 ], [ 298038.098333805042785, 9226767.051100889220834 ], [ 298038.083960367366672, 9226767.074137026444077 ], [ 298038.069796013354789, 9226767.097302310168743 ], [ 298038.055841901572421, 9226767.120594842359424 ], [ 298038.042099177255295, 9226767.144012717530131 ], [ 298038.028568963636644, 9226767.167554011568427 ], [ 298038.015252371318638, 9226767.191216804087162 ], [ 298038.002150491403881, 9226767.2149991504848 ], [ 298037.989264394796919, 9226767.238899106159806 ], [ 298037.976595138490666, 9226767.262914709746838 ], [ 298037.964143760327715, 9226767.287043996155262 ], [ 298037.95191128028091, 9226767.311284989118576 ], [ 298037.939898700336926, 9226767.335635701194406 ], [ 298037.928107005252969, 9226767.360094141215086 ], [ 298037.916537159355357, 9226767.384658301249146 ], [ 298037.905190111836419, 9226767.409326169639826 ], [ 298037.894066791050136, 9226767.434095729142427 ], [ 298037.883168110216502, 9226767.458964947611094 ], [ 298037.872494960087352, 9226767.483931789174676 ], [ 298037.862048214941751, 9226767.508994206786156 ], [ 298037.851828732178546, 9226767.534150151535869 ], [ 298037.841837347717956, 9226767.559397557750344 ], [ 298037.832074880541768, 9226767.584734359756112 ], [ 298037.82254213001579, 9226767.610158480703831 ], [ 298037.813239877286833, 9226767.635667840018868 ], [ 298037.804168884875253, 9226767.661260345950723 ], [ 298037.795329894288443, 9226767.686933903023601 ], [ 298037.786723631958012, 9226767.712686410173774 ], [ 298037.778350800450426, 9226767.738515753298998 ], [ 298037.770212087023538, 9226767.764419818297029 ], [ 298037.762308157456573, 9226767.790396485477686 ], [ 298037.754639660706744, 9226767.816443623974919 ], [ 298037.747207223728765, 9226767.842559101060033 ], [ 298037.740011456771754, 9226767.86874078027904 ], [ 298037.733052947674878, 9226767.89498651213944 ], [ 298037.726332266174722, 9226767.921294147148728 ], [ 298037.719849964312743, 9226767.947661533951759 ], [ 298037.713606573001016, 9226767.974086510017514 ], [ 298037.707602602022234, 9226768.00056691095233 ], [ 298037.701838545617647, 9226768.027100568637252 ], [ 298037.696314874279778, 9226768.053685307502747 ], [ 298037.691032040573191, 9226768.080318950116634 ], [ 298037.685990478552412, 9226768.106999317184091 ], [ 298037.68119059986202, 9226768.133724220097065 ], [ 298037.676632797287311, 9226768.160491472110152 ], [ 298037.672317445452791, 9226768.187298877164721 ], [ 298037.668244897969998, 9226768.214144242927432 ], [ 298037.664415487379301, 9226768.241025369614363 ], [ 298037.660829527536407, 9226768.267940051853657 ], [ 298037.657487313263118, 9226768.294886089861393 ], [ 298037.654389118251856, 9226768.321861272677779 ], [ 298037.651535194483586, 9226768.348863391205668 ], [ 298037.648925777350087, 9226768.375890234485269 ], [ 298037.646561080473475, 9226768.402939587831497 ], [ 298037.64444129698677, 9226768.430009234696627 ], [ 298036.773144051898271, 9226780.243105184286833 ], [ 298094.366755925701, 9226787.888986486941576 ] ] ] ] } },
{ "type": "Feature", "properties": { "fid": 672, "Endereco": "Rodovia BR-230", "Proprietario": null, "Situacao_Ocupacao": null, "Bairro": "Areia Dourada", "Quadra": "08", "Lote": "02", "Municipio": "Cabedelo-PB", "Inquerito_Policial": null, "Area": null, "Habite_se": null, "Fase_investigacao": "7. Sem definição", "Laudo_SPU": null, "Area_invadida": null, "Pericia_PF": null, "Pericia_PF_link": null, "Laudo_SPU_link": null, "habite-se_link": null, "alvara_municipal_link": null, "Inquerito_policial_link": null, "numero_inquerito_policial": null, "numero_alvara_municipal": null, "numero_habite-se": null, "numero_pericia_PF": null, "numero_laudo_SPU": null, "AutoJudicial": null, "area_iinquerito_PF": null, "area_spu": null, "pericia_01": null, "Pericia_02": null, "Pericia_03": null, "Loteamento": "Areia Dourada", "area_pecunia": null, "Situacao_recuo": null, "valor_m2": null, "valor_total": 0.0, "valor_formatado": "R$ 0,00", "Num_imovel": null, "CPF:": null, "alvara_municipal": null, "obs_pericia_pf": null, "obs_laudo_SPU": null, "obs_alvara": null, "obs_habite_se": null, "obs_pecunia": null, "obs_inquerito_pf": null }, "geometry": { "type": "MultiPolygon", "coordinates": [ [ [ [ 298093.261517993872985, 9226802.873863123357296 ], [ 298106.533645254734438, 9226804.616166777908802 ], [ 298108.206540141545702, 9226789.417850667610765 ], [ 298094.366755925701, 9226787.888986486941576 ], [ 298036.773144051898271, 9226780.243105184286833 ], [ 298035.667906120186672, 9226795.227981818839908 ], [ 298093.261517993872985, 9226802.873863123357296 ] ] ] ] } },
{ "type": "Feature", "properties": { "fid": 673, "Endereco": "Rodovia BR-230", "Proprietario": null, "Situacao_Ocupacao": null, "Bairro": "Areia Dourada", "Quadra": "08", "Lote": "05", "Municipio": "Cabedelo-PB", "Inquerito_Policial": null, "Area": null, "Habite_se": null, "Fase_investigacao": "7. Sem definição", "Laudo_SPU": null, "Area_invadida": null, "Pericia_PF": null, "Pericia_PF_link": null, "Laudo_SPU_link": null, "habite-se_link": null, "alvara_municipal_link": null, "Inquerito_policial_link": null, "numero_inquerito_policial": null, "numero_alvara_municipal": null, "numero_habite-se": null, "numero_pericia_PF": null, "numero_laudo_SPU": null, "AutoJudicial": null, "area_iinquerito_PF": null, "area_spu": null, "pericia_01": null, "Pericia_02": null, "Pericia_03": null, "Loteamento": "Areia Dourada", "area_pecunia": null, "Situacao_recuo": null, "valor_m2": null, "valor_total": 0.0, "valor_formatado": "R$ 0,00", "Num_imovel": null, "CPF:": null, "alvara_municipal": null, "obs_pericia_pf": null, "obs_laudo_SPU": null, "obs_alvara": null, "obs_habite_se": null, "obs_pecunia": null, "obs_inquerito_pf": null }, "geometry": { "type": "MultiPolygon", "coordinates": [ [ [ [ 298091.051042130507994, 9226832.843616396188736 ], [ 298033.457430256705265, 9226825.197735093533993 ], [ 298032.352192324877251, 9226840.182611726224422 ], [ 298089.945804198796395, 9226847.828493034467101 ], [ 298111.167899871594273, 9226850.645847586914897 ], [ 298112.170299842720851, 9226835.647318620234728 ], [ 298091.051042130507994, 9226832.843616396188736 ] ] ] ] } },
{ "type": "Feature", "properties": { "fid": 674, "Endereco": "Rodovia BR-230", "Proprietario": null, "Situacao_Ocupacao": null, "Bairro": "Areia Dourada", "Quadra": "08", "Lote": "08", "Municipio": "Cabedelo-PB", "Inquerito_Policial": null, "Area": null, "Habite_se": null, "Fase_investigacao": "7. Sem definição", "Laudo_SPU": null, "Area_invadida": null, "Pericia_PF": null, "Pericia_PF_link": null, "Laudo_SPU_link": null, "habite-se_link": null, "alvara_municipal_link": null, "Inquerito_policial_link": null, "numero_inquerito_policial": null, "numero_alvara_municipal": null, "numero_habite-se": null, "numero_pericia_PF": null, "numero_laudo_SPU": null, "AutoJudicial": null, "area_iinquerito_PF": null, "area_spu": null, "pericia_01": null, "Pericia_02": null, "Pericia_03": null, "Loteamento": "Areia Dourada", "area_pecunia": null, "Situacao_recuo": null, "valor_m2": null, "valor_total": 0.0, "valor_formatado": "R$ 0,00", "Num_imovel": null, "CPF:": null, "alvara_municipal": null, "obs_pericia_pf": null, "obs_laudo_SPU": null, "obs_alvara": null, "obs_habite_se": null, "obs_pecunia": null, "obs_inquerito_pf": null }, "geometry": { "type": "MultiPolygon", "coordinates": [ [ [ [ 298087.735328335314989, 9226877.798246305435896 ], [ 298030.141716461628675, 9226870.152365000918508 ], [ 298029.036478529917076, 9226885.137241639196873 ], [ 298086.630090403486975, 9226892.783122943714261 ], [ 298108.160699959087651, 9226895.641434473916888 ], [ 298109.163099929981399, 9226880.642905512824655 ], [ 298087.735328335198574, 9226877.798246307298541 ], [ 298087.735328335314989, 9226877.798246305435896 ] ] ] ] } },
{ "type": "Feature", "properties": { "fid": 675, "Endereco": "Rodovia BR-230", "Proprietario": null, "Situacao_Ocupacao": null, "Bairro": "Areia Dourada", "Quadra": "08", "Lote": "09", "Municipio": "Cabedelo-PB", "Inquerito_Policial": null, "Area": null, "Habite_se": null, "Fase_investigacao": "7. Sem definição", "Laudo_SPU": null, "Area_invadida": null, "Pericia_PF": null, "Pericia_PF_link": null, "Laudo_SPU_link": null, "habite-se_link": null, "alvara_municipal_link": null, "Inquerito_policial_link": null, "numero_inquerito_policial": null, "numero_alvara_municipal": null, "numero_habite-se": null, "numero_pericia_PF": null, "numero_laudo_SPU": null, "AutoJudicial": null, "area_iinquerito_PF": null, "area_spu": null, "pericia_01": null, "Pericia_02": null, "Pericia_03": null, "Loteamento": "Areia Dourada", "area_pecunia": null, "Situacao_recuo": null, "valor_m2": null, "valor_total": 0.0, "valor_formatado": "R$ 0,00", "Num_imovel": null, "CPF:": null, "alvara_municipal": null, "obs_pericia_pf": null, "obs_laudo_SPU": null, "obs_alvara": null, "obs_habite_se": null, "obs_pecunia": null, "obs_inquerito_pf": null }, "geometry": { "type": "MultiPolygon", "coordinates": [ [ [ [ 298029.036478529917076, 9226885.137241639196873 ], [ 298027.931240597972646, 9226900.122118275612593 ], [ 298085.524852471891791, 9226907.767999578267336 ], [ 298107.158299988310318, 9226910.639963438734412 ], [ 298108.160699959087651, 9226895.641434473916888 ], [ 298086.63009040360339, 9226892.783122943714261 ], [ 298029.036478529917076, 9226885.137241639196873 ] ] ] ] } },
{ "type": "Feature", "properties": { "fid": 676, "Endereco": "Rodovia BR-230", "Proprietario": null, "Situacao_Ocupacao": null, "Bairro": "Areia Dourada", "Quadra": "08", "Lote": "10", "Municipio": "Cabedelo-PB", "Inquerito_Policial": null, "Area": null, "Habite_se": null, "Fase_investigacao": "7. Sem definição", "Laudo_SPU": null, "Area_invadida": null, "Pericia_PF": null, "Pericia_PF_link": null, "Laudo_SPU_link": null, "habite-se_link": null, "alvara_municipal_link": null, "Inquerito_policial_link": null, "numero_inquerito_policial": null, "numero_alvara_municipal": null, "numero_habite-se": null, "numero_pericia_PF": null, "numero_laudo_SPU": null, "AutoJudicial": null, "area_iinquerito_PF": null, "area_spu": null, "pericia_01": null, "Pericia_02": null, "Pericia_03": null, "Loteamento": "Areia Dourada", "area_pecunia": null, "Situacao_recuo": null, "valor_m2": null, "valor_total": 0.0, "valor_formatado": "R$ 0,00", "Num_imovel": null, "CPF:": null, "alvara_municipal": null, "obs_pericia_pf": null, "obs_laudo_SPU": null, "obs_alvara": null, "obs_habite_se": null, "obs_pecunia": null, "obs_inquerito_pf": null }, "geometry": { "type": "MultiPolygon", "coordinates": [ [ [ [ 298027.931240597972646, 9226900.122118275612593 ], [ 298027.034157152287662, 9226912.284824948757887 ], [ 298027.03415715234587, 9226912.284824948757887 ], [ 298027.032408615865279, 9226912.309971421957016 ], [ 298027.030871428141836, 9226912.335131699219346 ], [ 298027.029545700817835, 9226912.360304003581405 ], [ 298027.028431524930056, 9226912.385486559942365 ], [ 298027.027528980688658, 9226912.410677589476109 ], [ 298027.026838132005651, 9226912.435875311493874 ], [ 298027.026359026553109, 9226912.461077949032187 ], [ 298027.026091698615346, 9226912.486283723264933 ], [ 298027.026036167750135, 9226912.511490853503346 ], [ 298027.026192435994744, 9226912.536697560921311 ], [ 298027.026560495025478, 9226912.561902064830065 ], [ 298027.027140316262376, 9226912.587102588266134 ], [ 298027.027931860997342, 9226912.612297348678112 ], [ 298027.028935071604792, 9226912.637484569102526 ], [ 298027.030149879283272, 9226912.662662470713258 ], [ 298027.031576196372043, 9226912.687829276546836 ], [ 298027.033213922462892, 9226912.712983209639788 ], [ 298027.035062941547949, 9226912.738122494891286 ], [ 298027.037123123649508, 9226912.763245355337858 ], [ 298027.039394324470777, 9226912.788350019603968 ], [ 298027.041876383125782, 9226912.813434714451432 ], [ 298027.044569121790119, 9226912.838497668504715 ], [ 298027.047472354664933, 9226912.863537112250924 ], [ 298027.050585873366799, 9226912.888551278039813 ], [ 298027.053909458860289, 9226912.91353840008378 ], [ 298027.057442878372967, 9226912.93849671445787 ], [ 298027.061185879865661, 9226912.96342445909977 ], [ 298027.065138200530782, 9226912.988319873809814 ], [ 298027.06929955992382, 9226913.013181202113628 ], [ 298027.073669667064678, 9226913.038006685674191 ], [ 298027.07824821054237, 9226913.062794573605061 ], [ 298027.08303486846853, 9226913.087543118745089 ], [ 298027.088029303005897, 9226913.112250568345189 ], [ 298027.093231161765289, 9226913.136915182694793 ], [ 298027.098640074953437, 9226913.16153521835804 ], [ 298027.104255664220545, 9226913.186108937487006 ], [ 298027.110077531076968, 9226913.210634605959058 ], [ 298027.116105265682563, 9226913.235110489651561 ], [ 298027.122338441200554, 9226913.259534863755107 ], [ 298027.128776617988478, 9226913.283906001597643 ], [ 298027.135419342492241, 9226913.308222183957696 ], [ 298027.142266144161113, 9226913.332481693476439 ], [ 298027.149316541617736, 9226913.356682816520333 ], [ 298027.156570033810567, 9226913.380823848769069 ], [ 298027.164026111655403, 9226913.404903080314398 ], [ 298027.171684248140082, 9226913.42891881428659 ], [ 298027.179543902631849, 9226913.452869351953268 ], [ 298027.187604519538581, 9226913.476753007620573 ], [ 298027.195865529763978, 9226913.500568091869354 ], [ 298027.2043263494852, 9226913.524312922731042 ], [ 298027.212986384343822, 9226913.547985825687647 ], [ 298027.221845019666944, 9226913.571585128083825 ], [ 298027.230901630362496, 9226913.595109164714813 ], [ 298027.240155579871498, 9226913.618556274101138 ], [ 298027.249606211262289, 9226913.641924800351262 ], [ 298027.25925285910489, 9226913.665213096886873 ], [ 298027.269094843592029, 9226913.688419515267015 ], [ 298027.279131466522813, 9226913.711542420089245 ], [ 298027.289362022536807, 9226913.734580175951123 ], [ 298027.299785788112786, 9226913.75753115862608 ], [ 298027.310402026923839, 9226913.780393747612834 ], [ 298027.321209990477655, 9226913.803166327998042 ], [ 298027.332208914740477, 9226913.82584729231894 ], [ 298027.343398023513146, 9226913.848435040563345 ], [ 298027.35477652674308, 9226913.870927976444364 ], [ 298027.366343621048145, 9226913.893324512988329 ], [ 298027.378098489250988, 9226913.915623068809509 ], [ 298027.390040303755086, 9226913.937822068110108 ], [ 298027.40216821921058, 9226913.959919944405556 ], [ 298027.414481379848439, 9226913.981915140524507 ], [ 298027.426978916744702, 9226914.003806099295616 ], [ 298027.439659947762266, 9226914.025591276586056 ], [ 298027.452523576328531, 9226914.047269135713577 ], [ 298027.465568895684555, 9226914.068838143721223 ], [ 298027.47879498481052, 9226914.090296780690551 ], [ 298027.492200908309314, 9226914.11164353042841 ], [ 298027.505785721121356, 9226914.132876884192228 ], [ 298027.519548465264961, 9226914.153995346277952 ], [ 298027.53348816599464, 9226914.174997422844172 ], [ 298027.547603841812816, 9226914.195881633087993 ], [ 298027.561894495855086, 9226914.216646499931812 ], [ 298027.576359117578249, 9226914.237290559336543 ], [ 298027.59099668689305, 9226914.257812354713678 ], [ 298027.605806170031428, 9226914.278210435062647 ], [ 298027.620786521409173, 9226914.298483362421393 ], [ 298027.635936684557237, 9226914.318629704415798 ], [ 298027.651255588280037, 9226914.338648037984967 ], [ 298027.666742152301595, 9226914.358536951243877 ], [ 298027.682395281794015, 9226914.378295037895441 ], [ 298027.698213873023633, 9226914.397920906543732 ], [ 298027.714196809160057, 9226914.417413167655468 ], [ 298027.730342961789574, 9226914.43677044659853 ], [ 298027.746651189634576, 9226914.455991378054023 ], [ 298027.76312034286093, 9226914.475074604153633 ], [ 298027.779749257490039, 9226914.494018778204918 ], [ 298027.79653676104499, 9226914.51282255910337 ], [ 298027.813481667137239, 9226914.531484624370933 ], [ 298027.830582779599354, 9226914.550003655254841 ], [ 298027.847838891495485, 9226914.568378340452909 ], [ 298027.865248783142306, 9226914.58660738915205 ], [ 298027.882811227289494, 9226914.604689508676529 ], [ 298027.90052498417208, 9226914.622623423114419 ], [ 298027.918388800637331, 9226914.640407871454954 ], [ 298027.936401418584865, 9226914.658041592687368 ], [ 298027.954561565071344, 9226914.675523342564702 ], [ 298027.97286795679247, 9226914.692851888015866 ], [ 298027.991319302702323, 9226914.710026007145643 ], [ 298028.009914300404489, 9226914.72704448364675 ], [ 298028.028651635453571, 9226914.743906119838357 ], [ 298028.047529986361042, 9226914.760609723627567 ], [ 298028.06654802011326, 9226914.777154115960002 ], [ 298028.085704393684864, 9226914.793538128957152 ], [ 298028.104997754096985, 9226914.809760604053736 ], [ 298028.124426741502248, 9226914.82582039758563 ], [ 298028.143989982025232, 9226914.841716377064586 ], [ 298028.163686094805598, 9226914.857447417452931 ], [ 298028.183513689553365, 9226914.873012410476804 ], [ 298028.203471366432495, 9226914.88841025531292 ], [ 298028.223557716177311, 9226914.903639866039157 ], [ 298028.243771321547683, 9226914.918700166046619 ], [ 298028.264110754535068, 9226914.933590095490217 ], [ 298028.284574579563923, 9226914.948308600112796 ], [ 298028.305161353142466, 9226914.962854638695717 ], [ 298028.32586961844936, 9226914.977227190509439 ], [ 298028.34669791709166, 9226914.991425236687064 ], [ 298028.367644777172245, 9226915.005447775125504 ], [ 298028.388708718062844, 9226915.019293816760182 ], [ 298028.409888256224804, 9226915.032962381839752 ], [ 298028.43118189368397, 9226915.046452509239316 ], [ 298028.452588126587216, 9226915.059763243421912 ], [ 298028.474105447065085, 9226915.072893645614386 ], [ 298028.495732332929038, 9226915.085842788219452 ], [ 298028.517467257857788, 9226915.098609758540988 ], [ 298028.539308687497396, 9226915.111193655058742 ], [ 298028.561255080450792, 9226915.123593589290977 ], [ 298028.58330488728825, 9226915.135808682069182 ], [ 298028.605456551944371, 9226915.147838074713945 ], [ 298028.627708507410716, 9226915.159680919721723 ], [ 298028.650059185980354, 9226915.171336377039552 ], [ 298028.672507007780951, 9226915.182803625240922 ], [ 298028.695050389447715, 9226915.194081854075193 ], [ 298028.717687738593668, 9226915.205170268192887 ], [ 298028.740417456370778, 9226915.216068087145686 ], [ 298028.763237939449027, 9226915.226774536073208 ], [ 298028.786147575534414, 9226915.237288862466812 ], [ 298028.809144749189727, 9226915.247610323131084 ], [ 298028.832227833336219, 9226915.257738191634417 ], [ 298028.85539520077873, 9226915.267671750858426 ], [ 298028.878645215649158, 9226915.277410298585892 ], [ 298028.901976236549672, 9226915.286953147500753 ], [ 298028.925386614748277, 9226915.296299627050757 ], [ 298028.948874700407032, 9226915.305449074134231 ], [ 298028.972438832570333, 9226915.314400842413306 ], [ 298028.996077348885592, 9226915.323154302313924 ], [ 298029.019788579025771, 9226915.331708835437894 ], [ 298029.043570851557888, 9226915.340063836425543 ], [ 298029.06742248556111, 9226915.348218716681004 ], [ 298029.091341796447523, 9226915.356172900646925 ], [ 298029.115327098756097, 9226915.363925823941827 ], [ 298029.13937669491861, 9226915.371476942673326 ], [ 298029.163488889462315, 9226915.378825722262263 ], [ 298029.187661980860867, 9226915.385971644893289 ], [ 298029.211894261068664, 9226915.392914202064276 ], [ 298029.236184018896893, 9226915.399652909487486 ], [ 298029.260529539780691, 9226915.406187288463116 ], [ 298029.284929104673211, 9226915.412516877055168 ], [ 298029.309380992723163, 9226915.418641230091453 ], [ 298029.333883475803304, 9226915.424559913575649 ], [ 298029.358434825669974, 9226915.430272510275245 ], [ 298029.383033306745347, 9226915.435778617858887 ], [ 298029.407677185023203, 9226915.441077845171094 ], [ 298029.432364717882592, 9226915.446169819682837 ], [ 298029.45709416421596, 9226915.451054181903601 ], [ 298029.48186377750244, 9226915.455730587244034 ], [ 298029.506671808543615, 9226915.460198706015944 ], [ 298029.531516506918706, 9226915.464458221569657 ], [ 298029.556396118539851, 9226915.468508832156658 ], [ 298029.581308885128237, 9226915.472350256517529 ], [ 298029.60625305067515, 9226915.475982217118144 ], [ 298029.631226850673556, 9226915.479404462501407 ], [ 298084.419614540180191, 9226922.752876216545701 ], [ 298106.155900017591193, 9226925.638492401689291 ], [ 298107.158299988310318, 9226910.639963438734412 ], [ 298085.524852471891791, 9226907.767999578267336 ], [ 298027.931240597972646, 9226900.122118275612593 ] ] ] ] } },
{ "type": "Feature", "properties": { "fid": 677, "Endereco": "Rodovia BR-230", "Proprietario": null, "Situacao_Ocupacao": null, "Bairro": "Areia Dourada", "Quadra": "08", "Lote": "06", "Municipio": "Cabedelo-PB", "Inquerito_Policial": null, "Area": null, "Habite_se": null, "Fase_investigacao": "7. Sem definição", "Laudo_SPU": null, "Area_invadida": null, "Pericia_PF": null, "Pericia_PF_link": null, "Laudo_SPU_link": null, "habite-se_link": null, "alvara_municipal_link": null, "Inquerito_policial_link": null, "numero_inquerito_policial": null, "numero_alvara_municipal": null, "numero_habite-se": null, "numero_pericia_PF": null, "numero_laudo_SPU": null, "AutoJudicial": null, "area_iinquerito_PF": null, "area_spu": null, "pericia_01": null, "Pericia_02": null, "Pericia_03": null, "Loteamento": "Areia Dourada", "area_pecunia": null, "Situacao_recuo": null, "valor_m2": null, "valor_total": 0.0, "valor_formatado": "R$ 0,00", "Num_imovel": null, "CPF:": null, "alvara_municipal": null, "obs_pericia_pf": null, "obs_laudo_SPU": null, "obs_alvara": null, "obs_habite_se": null, "obs_pecunia": null, "obs_inquerito_pf": null }, "geometry": { "type": "MultiPolygon", "coordinates": [ [ [ [ 298032.352192324877251, 9226840.182611726224422 ], [ 298031.246954393223859, 9226855.167488366365433 ], [ 298088.840566267026588, 9226862.813369670882821 ], [ 298110.165499901107978, 9226865.644376546144485 ], [ 298111.167899871594273, 9226850.645847586914897 ], [ 298089.945804198796395, 9226847.828493034467101 ], [ 298032.352192324877251, 9226840.182611726224422 ] ] ] ] } },
{ "type": "Feature", "properties": { "fid": 678, "Endereco": "Rodovia BR-230", "Proprietario": null, "Situacao_Ocupacao": null, "Bairro": "Areia Dourada", "Quadra": "08", "Lote": "07", "Municipio": "Cabedelo-PB", "Inquerito_Policial": null, "Area": null, "Habite_se": null, "Fase_investigacao": "7. Sem definição", "Laudo_SPU": null, "Area_invadida": null, "Pericia_PF": null, "Pericia_PF_link": null, "Laudo_SPU_link": null, "habite-se_link": null, "alvara_municipal_link": null, "Inquerito_policial_link": null, "numero_inquerito_policial": null, "numero_alvara_municipal": null, "numero_habite-se": null, "numero_pericia_PF": null, "numero_laudo_SPU": null, "AutoJudicial": null, "area_iinquerito_PF": null, "area_spu": null, "pericia_01": null, "Pericia_02": null, "Pericia_03": null, "Loteamento": "Areia Dourada", "area_pecunia": null, "Situacao_recuo": null, "valor_m2": null, "valor_total": 0.0, "valor_formatado": "R$ 0,00", "Num_imovel": null, "CPF:": null, "alvara_municipal": null, "obs_pericia_pf": null, "obs_laudo_SPU": null, "obs_alvara": null, "obs_habite_se": null, "obs_pecunia": null, "obs_inquerito_pf": null }, "geometry": { "type": "MultiPolygon", "coordinates": [ [ [ [ 298031.246954393223859, 9226855.167488366365433 ], [ 298030.141716461628675, 9226870.152365000918508 ], [ 298109.163099929981399, 9226880.642905512824655 ], [ 298110.165499901107978, 9226865.644376546144485 ], [ 298088.840566267026588, 9226862.813369670882821 ], [ 298031.246954393223859, 9226855.167488366365433 ] ] ] ] } },
{ "type": "Feature", "properties": { "fid": 679, "Endereco": "Rodovia BR-230", "Proprietario": null, "Situacao_Ocupacao": null, "Bairro": "Areia Dourada", "Quadra": "09", "Lote": "01", "Municipio": "Cabedelo-PB", "Inquerito_Policial": null, "Area": null, "Habite_se": null, "Fase_investigacao": "7. Sem definição", "Laudo_SPU": null, "Area_invadida": null, "Pericia_PF": null, "Pericia_PF_link": null, "Laudo_SPU_link": null, "habite-se_link": null, "alvara_municipal_link": null, "Inquerito_policial_link": null, "numero_inquerito_policial": null, "numero_alvara_municipal": null, "numero_habite-se": null, "numero_pericia_PF": null, "numero_laudo_SPU": null, "AutoJudicial": null, "area_iinquerito_PF": null, "area_spu": null, "pericia_01": null, "Pericia_02": null, "Pericia_03": null, "Loteamento": "Areia Dourada", "area_pecunia": null, "Situacao_recuo": null, "valor_m2": null, "valor_total": 0.0, "valor_formatado": "R$ 0,00", "Num_imovel": null, "CPF:": null, "alvara_municipal": null, "obs_pericia_pf": null, "obs_laudo_SPU": null, "obs_alvara": null, "obs_habite_se": null, "obs_pecunia": null, "obs_inquerito_pf": null }, "geometry": { "type": "MultiPolygon", "coordinates": [ [ [ [ 298025.632348551414907, 9226927.830191366374493 ], [ 298024.582731495494954, 9226943.795726247131824 ], [ 298082.61774997797329, 9226951.156883059069514 ], [ 298108.56982331268955, 9226954.105109941214323 ], [ 298110.411457992100623, 9226938.583566401153803 ], [ 298083.667367049492896, 9226935.191348180174828 ], [ 298025.632348551414907, 9226927.830191366374493 ] ] ] ] } },
{ "type": "Feature", "properties": { "fid": 680, "Endereco": "Rodovia BR-230", "Proprietario": null, "Situacao_Ocupacao": null, "Bairro": "Areia Dourada", "Quadra": "09", "Lote": "02", "Municipio": "Cabedelo-PB", "Inquerito_Policial": null, "Area": null, "Habite_se": null, "Fase_investigacao": "7. Sem definição", "Laudo_SPU": null, "Area_invadida": null, "Pericia_PF": null, "Pericia_PF_link": null, "Laudo_SPU_link": null, "habite-se_link": null, "alvara_municipal_link": null, "Inquerito_policial_link": null, "numero_inquerito_policial": null, "numero_alvara_municipal": null, "numero_habite-se": null, "numero_pericia_PF": null, "numero_laudo_SPU": null, "AutoJudicial": null, "area_iinquerito_PF": null, "area_spu": null, "pericia_01": null, "Pericia_02": null, "Pericia_03": null, "Loteamento": "Areia Dourada", "area_pecunia": null, "Situacao_recuo": null, "valor_m2": null, "valor_total": 0.0, "valor_formatado": "R$ 0,00", "Num_imovel": null, "CPF:": null, "alvara_municipal": null, "obs_pericia_pf": null, "obs_laudo_SPU": null, "obs_alvara": null, "obs_habite_se": null, "obs_pecunia": null, "obs_inquerito_pf": null }, "geometry": { "type": "MultiPolygon", "coordinates": [ [ [ [ 298081.272928105085157, 9226971.612724622711539 ], [ 298106.148990845074877, 9226974.508209956809878 ], [ 298107.901002369995695, 9226959.742022354155779 ], [ 298108.56982331268955, 9226954.105109941214323 ], [ 298082.61774997797329, 9226951.156883059069514 ], [ 298024.582731494389009, 9226943.795726247131824 ], [ 298022.678208640601952, 9226964.709185637533665 ], [ 298081.272928105085157, 9226971.612724622711539 ] ] ] ] } },
{ "type": "Feature", "properties": { "fid": 681, "Endereco": "Rodovia BR-230", "Proprietario": null, "Situacao_Ocupacao": null, "Bairro": "Areia Dourada", "Quadra": "09", "Lote": "04", "Municipio": "Cabedelo-PB", "Inquerito_Policial": null, "Area": null, "Habite_se": null, "Fase_investigacao": "7. Sem definição", "Laudo_SPU": null, "Area_invadida": null, "Pericia_PF": null, "Pericia_PF_link": null, "Laudo_SPU_link": null, "habite-se_link": null, "alvara_municipal_link": null, "Inquerito_policial_link": null, "numero_inquerito_policial": null, "numero_alvara_municipal": null, "numero_habite-se": null, "numero_pericia_PF": null, "numero_laudo_SPU": null, "AutoJudicial": null, "area_iinquerito_PF": null, "area_spu": null, "pericia_01": null, "Pericia_02": null, "Pericia_03": null, "Loteamento": "Areia Dourada", "area_pecunia": null, "Situacao_recuo": null, "valor_m2": null, "valor_total": 0.0, "valor_formatado": "R$ 0,00", "Num_imovel": null, "CPF:": null, "alvara_municipal": null, "obs_pericia_pf": null, "obs_laudo_SPU": null, "obs_alvara": null, "obs_habite_se": null, "obs_pecunia": null, "obs_inquerito_pf": null }, "geometry": { "type": "MultiPolygon", "coordinates": [ [ [ [ 298079.304896096407901, 9227001.548102518543601 ], [ 298102.614848393481225, 9227004.294435508549213 ], [ 298104.379849443794228, 9226989.418770449236035 ], [ 298080.288912100775633, 9226986.58041357062757 ], [ 298020.70106179441791, 9226979.559865452349186 ], [ 298019.716582376975566, 9226994.527523931115866 ], [ 298079.304896096291486, 9227001.548102520406246 ], [ 298079.304896096407901, 9227001.548102518543601 ] ] ] ] } },
{ "type": "Feature", "properties": { "fid": 682, "Endereco": "Rodovia BR-230", "Proprietario": null, "Situacao_Ocupacao": null, "Bairro": "Areia Dourada", "Quadra": "09", "Lote": "05", "Municipio": "Cabedelo-PB", "Inquerito_Policial": null, "Area": null, "Habite_se": null, "Fase_investigacao": "7. Sem definição", "Laudo_SPU": null, "Area_invadida": null, "Pericia_PF": null, "Pericia_PF_link": null, "Laudo_SPU_link": null, "habite-se_link": null, "alvara_municipal_link": null, "Inquerito_policial_link": null, "numero_inquerito_policial": null, "numero_alvara_municipal": null, "numero_habite-se": null, "numero_pericia_PF": null, "numero_laudo_SPU": null, "AutoJudicial": null, "area_iinquerito_PF": null, "area_spu": null, "pericia_01": null, "Pericia_02": null, "Pericia_03": null, "Loteamento": "Areia Dourada", "area_pecunia": null, "Situacao_recuo": null, "valor_m2": null, "valor_total": 0.0, "valor_formatado": "R$ 0,00", "Num_imovel": null, "CPF:": null, "alvara_municipal": null, "obs_pericia_pf": null, "obs_laudo_SPU": null, "obs_alvara": null, "obs_habite_se": null, "obs_pecunia": null, "obs_inquerito_pf": null }, "geometry": { "type": "MultiPolygon", "coordinates": [ [ [ [ 298078.320880091632716, 9227016.515791472047567 ], [ 298110.659189121681266, 9227020.324606822803617 ], [ 298111.130036120710429, 9227005.297678273171186 ], [ 298102.614848393481225, 9227004.294435508549213 ], [ 298079.304896096291486, 9227001.548102518543601 ], [ 298079.304896096175071, 9227001.548102520406246 ], [ 298019.716582376975566, 9226994.527523931115866 ], [ 298018.690060960827395, 9227009.492456423118711 ], [ 298078.320880091516301, 9227016.515791473910213 ], [ 298078.320880091632716, 9227016.515791472047567 ] ] ] ] } },
{ "type": "Feature", "properties": { "fid": 683, "Endereco": "Rodovia BR-230", "Proprietario": null, "Situacao_Ocupacao": null, "Bairro": "Areia Dourada", "Quadra": "09", "Lote": "06", "Municipio": "Cabedelo-PB", "Inquerito_Policial": null, "Area": null, "Habite_se": null, "Fase_investigacao": "7. Sem definição", "Laudo_SPU": null, "Area_invadida": null, "Pericia_PF": null, "Pericia_PF_link": null, "Laudo_SPU_link": null, "habite-se_link": null, "alvara_municipal_link": null, "Inquerito_policial_link": null, "numero_inquerito_policial": null, "numero_alvara_municipal": null, "numero_habite-se": null, "numero_pericia_PF": null, "numero_laudo_SPU": null, "AutoJudicial": null, "area_iinquerito_PF": null, "area_spu": null, "pericia_01": null, "Pericia_02": null, "Pericia_03": null, "Loteamento": "Areia Dourada", "area_pecunia": null, "Situacao_recuo": null, "valor_m2": null, "valor_total": 0.0, "valor_formatado": "R$ 0,00", "Num_imovel": null, "CPF:": null, "alvara_municipal": null, "obs_pericia_pf": null, "obs_laudo_SPU": null, "obs_alvara": null, "obs_habite_se": null, "obs_pecunia": null, "obs_inquerito_pf": null }, "geometry": { "type": "MultiPolygon", "coordinates": [ [ [ [ 298077.336864086915739, 9227031.483480427414179 ], [ 298077.336864086973947, 9227031.483480427414179 ], [ 298110.188265058503021, 9227035.353994844481349 ], [ 298110.659189121681266, 9227020.324606822803617 ], [ 298078.320880091574509, 9227016.515791472047567 ], [ 298078.320880091458093, 9227016.515791473910213 ], [ 298018.690060960827395, 9227009.492456423118711 ], [ 298017.74901658447925, 9227024.462908508256078 ], [ 298077.336864086915739, 9227031.483480427414179 ] ] ] ] } },
{ "type": "Feature", "properties": { "fid": 684, "Endereco": "Rodovia BR-230", "Proprietario": null, "Situacao_Ocupacao": null, "Bairro": "Areia Dourada", "Quadra": "09", "Lote": "07", "Municipio": "Cabedelo-PB", "Inquerito_Policial": null, "Area": null, "Habite_se": null, "Fase_investigacao": "7. Sem definição", "Laudo_SPU": null, "Area_invadida": null, "Pericia_PF": null, "Pericia_PF_link": null, "Laudo_SPU_link": null, "habite-se_link": null, "alvara_municipal_link": null, "Inquerito_policial_link": null, "numero_inquerito_policial": null, "numero_alvara_municipal": null, "numero_habite-se": null, "numero_pericia_PF": null, "numero_laudo_SPU": null, "AutoJudicial": null, "area_iinquerito_PF": null, "area_spu": null, "pericia_01": null, "Pericia_02": null, "Pericia_03": null, "Loteamento": "Areia Dourada", "area_pecunia": null, "Situacao_recuo": null, "valor_m2": null, "valor_total": 0.0, "valor_formatado": "R$ 0,00", "Num_imovel": null, "CPF:": null, "alvara_municipal": null, "obs_pericia_pf": null, "obs_laudo_SPU": null, "obs_alvara": null, "obs_habite_se": null, "obs_pecunia": null, "obs_inquerito_pf": null }, "geometry": { "type": "MultiPolygon", "coordinates": [ [ [ [ 298017.74901658447925, 9227024.462908508256078 ], [ 298016.721784372814, 9227039.427693635225296 ], [ 298076.35284808272263, 9227046.451169369742274 ], [ 298109.717418145912234, 9227050.380920637398958 ], [ 298110.188265058503021, 9227035.353994844481349 ], [ 298077.336864086915739, 9227031.483480427414179 ], [ 298017.74901658447925, 9227024.462908508256078 ] ] ] ] } },
{ "type": "Feature", "properties": { "fid": 685, "Endereco": "Rodovia BR-230", "Proprietario": null, "Situacao_Ocupacao": null, "Bairro": "Areia Dourada", "Quadra": "09", "Lote": "08", "Municipio": "Cabedelo-PB", "Inquerito_Policial": null, "Area": null, "Habite_se": null, "Fase_investigacao": "7. Sem definição", "Laudo_SPU": null, "Area_invadida": null, "Pericia_PF": null, "Pericia_PF_link": null, "Laudo_SPU_link": null, "habite-se_link": null, "alvara_municipal_link": null, "Inquerito_policial_link": null, "numero_inquerito_policial": null, "numero_alvara_municipal": null, "numero_habite-se": null, "numero_pericia_PF": null, "numero_laudo_SPU": null, "AutoJudicial": null, "area_iinquerito_PF": null, "area_spu": null, "pericia_01": null, "Pericia_02": null, "Pericia_03": null, "Loteamento": "Areia Dourada", "area_pecunia": null, "Situacao_recuo": null, "valor_m2": null, "valor_total": 0.0, "valor_formatado": "R$ 0,00", "Num_imovel": null, "CPF:": null, "alvara_municipal": null, "obs_pericia_pf": null, "obs_laudo_SPU": null, "obs_alvara": null, "obs_habite_se": null, "obs_pecunia": null, "obs_inquerito_pf": null }, "geometry": { "type": "MultiPolygon", "coordinates": [ [ [ [ 298016.721784372814, 9227039.427693635225296 ], [ 298015.672167301294394, 9227055.393228515982628 ], [ 298075.368832078180276, 9227061.418858321383595 ], [ 298109.264358028012794, 9227064.840186664834619 ], [ 298109.717418145912234, 9227050.380920637398958 ], [ 298076.35284808272263, 9227046.451169369742274 ], [ 298016.721784372814, 9227039.427693635225296 ] ] ] ] } },
{ "type": "Feature", "properties": { "fid": 686, "Endereco": "Rodovia BR-230", "Proprietario": null, "Situacao_Ocupacao": null, "Bairro": "Areia Dourada", "Quadra": "Não encontrado", "Lote": "SN", "Municipio": "Cabedelo-PB", "Inquerito_Policial": null, "Area": null, "Habite_se": null, "Fase_investigacao": "7. Sem definição", "Laudo_SPU": null, "Area_invadida": null, "Pericia_PF": null, "Pericia_PF_link": null, "Laudo_SPU_link": null, "habite-se_link": null, "alvara_municipal_link": null, "Inquerito_policial_link": null, "numero_inquerito_policial": null, "numero_alvara_municipal": null, "numero_habite-se": null, "numero_pericia_PF": null, "numero_laudo_SPU": null, "AutoJudicial": null, "area_iinquerito_PF": null, "area_spu": null, "pericia_01": null, "Pericia_02": null, "Pericia_03": null, "Loteamento": "Não encontrado", "area_pecunia": null, "Situacao_recuo": null, "valor_m2": null, "valor_total": 0.0, "valor_formatado": "R$ 0,00", "Num_imovel": null, "CPF:": null, "alvara_municipal": null, "obs_pericia_pf": null, "obs_laudo_SPU": null, "obs_alvara": null, "obs_habite_se": null, "obs_pecunia": null, "obs_inquerito_pf": null }, "geometry": { "type": "MultiPolygon", "coordinates": [ [ [ [ 298075.368832078180276, 9227061.418858321383595 ], [ 298015.672167301294394, 9227055.393228515982628 ], [ 298013.240334725822322, 9227088.510359264910221 ], [ 298075.670579853875097, 9227091.435125583782792 ], [ 298075.670579853933305, 9227091.435125583782792 ], [ 298108.3415473572677, 9227092.861640118062496 ], [ 298109.264358028012794, 9227064.840186664834619 ], [ 298075.368832078296691, 9227061.418858317658305 ], [ 298075.368832078180276, 9227061.418858321383595 ] ] ] ] } },
{ "type": "Feature", "properties": { "fid": 687, "Endereco": "Rodovia BR-230", "Proprietario": null, "Situacao_Ocupacao": null, "Bairro": "Areia Dourada", "Quadra": "Não encontrado", "Lote": "SN", "Municipio": "Cabedelo-PB", "Inquerito_Policial": null, "Area": null, "Habite_se": null, "Fase_investigacao": "7. Sem definição", "Laudo_SPU": null, "Area_invadida": null, "Pericia_PF": null, "Pericia_PF_link": null, "Laudo_SPU_link": null, "habite-se_link": null, "alvara_municipal_link": null, "Inquerito_policial_link": null, "numero_inquerito_policial": null, "numero_alvara_municipal": null, "numero_habite-se": null, "numero_pericia_PF": null, "numero_laudo_SPU": null, "AutoJudicial": null, "area_iinquerito_PF": null, "area_spu": null, "pericia_01": null, "Pericia_02": null, "Pericia_03": null, "Loteamento": "Não encontrado", "area_pecunia": null, "Situacao_recuo": null, "valor_m2": null, "valor_total": 0.0, "valor_formatado": "R$ 0,00", "Num_imovel": null, "CPF:": null, "alvara_municipal": null, "obs_pericia_pf": null, "obs_laudo_SPU": null, "obs_alvara": null, "obs_habite_se": null, "obs_pecunia": null, "obs_inquerito_pf": null }, "geometry": { "type": "MultiPolygon", "coordinates": [ [ [ [ 298011.152900079905521, 9227120.823847584426403 ], [ 298075.965991790639237, 9227120.82113722153008 ], [ 298107.41813503036974, 9227120.901363059878349 ], [ 298108.3415473572677, 9227092.861640118062496 ], [ 298075.670579853933305, 9227091.435125583782792 ], [ 298013.240334725822322, 9227088.510359264910221 ], [ 298011.152900079905521, 9227120.823847584426403 ] ] ] ] } },
{ "type": "Feature", "properties": { "fid": 688, "Endereco": "Rodovia BR-230", "Proprietario": null, "Situacao_Ocupacao": null, "Bairro": "Areia Dourada", "Quadra": "Não encontrado", "Lote": "SN", "Municipio": "Cabedelo-PB", "Inquerito_Policial": null, "Area": null, "Habite_se": null, "Fase_investigacao": "7. Sem definição", "Laudo_SPU": null, "Area_invadida": null, "Pericia_PF": null, "Pericia_PF_link": null, "Laudo_SPU_link": null, "habite-se_link": null, "alvara_municipal_link": null, "Inquerito_policial_link": null, "numero_inquerito_policial": null, "numero_alvara_municipal": null, "numero_habite-se": null, "numero_pericia_PF": null, "numero_laudo_SPU": null, "AutoJudicial": null, "area_iinquerito_PF": null, "area_spu": null, "pericia_01": null, "Pericia_02": null, "Pericia_03": null, "Loteamento": "Não encontrado", "area_pecunia": null, "Situacao_recuo": null, "valor_m2": null, "valor_total": 0.0, "valor_formatado": "R$ 0,00", "Num_imovel": null, "CPF:": null, "alvara_municipal": null, "obs_pericia_pf": null, "obs_laudo_SPU": null, "obs_alvara": null, "obs_habite_se": null, "obs_pecunia": null, "obs_inquerito_pf": null }, "geometry": { "type": "MultiPolygon", "coordinates": [ [ [ [ 298010.234428835683502, 9227135.185397949069738 ], [ 298076.10199187748367, 9227134.349704077467322 ], [ 298106.975229819363449, 9227134.350327346473932 ], [ 298107.41813503036974, 9227120.901363059878349 ], [ 298075.965991790639237, 9227120.82113722153008 ], [ 298075.965991790581029, 9227120.82113722153008 ], [ 298011.152900079905521, 9227120.823847584426403 ], [ 298010.234428835683502, 9227135.185397949069738 ] ] ] ] } },
{ "type": "Feature", "properties": { "fid": 689, "Endereco": "Rodovia BR-230", "Proprietario": null, "Situacao_Ocupacao": null, "Bairro": "Areia Dourada", "Quadra": "Não encontrado", "Lote": "SN", "Municipio": "Cabedelo-PB", "Inquerito_Policial": null, "Area": null, "Habite_se": null, "Fase_investigacao": "7. Sem definição", "Laudo_SPU": null, "Area_invadida": null, "Pericia_PF": null, "Pericia_PF_link": null, "Laudo_SPU_link": null, "habite-se_link": null, "alvara_municipal_link": null, "Inquerito_policial_link": null, "numero_inquerito_policial": null, "numero_alvara_municipal": null, "numero_habite-se": null, "numero_pericia_PF": null, "numero_laudo_SPU": null, "AutoJudicial": null, "area_iinquerito_PF": null, "area_spu": null, "pericia_01": null, "Pericia_02": null, "Pericia_03": null, "Loteamento": "Não encontrado", "area_pecunia": null, "Situacao_recuo": null, "valor_m2": null, "valor_total": 0.0, "valor_formatado": "R$ 0,00", "Num_imovel": null, "CPF:": null, "alvara_municipal": null, "obs_pericia_pf": null, "obs_laudo_SPU": null, "obs_alvara": null, "obs_habite_se": null, "obs_pecunia": null, "obs_inquerito_pf": null }, "geometry": { "type": "MultiPolygon", "coordinates": [ [ [ [ 298009.065465433930513, 9227149.880937855690718 ], [ 298076.260661457956303, 9227150.133311841636896 ], [ 298098.064101178490091, 9227150.412959899753332 ], [ 298106.446250523382332, 9227150.412959899753332 ], [ 298106.975229819363449, 9227134.350327346473932 ], [ 298076.10199187748367, 9227134.349704077467322 ], [ 298010.234428835683502, 9227135.185397949069738 ], [ 298009.065465433930513, 9227149.880937855690718 ] ] ] ] } },
{ "type": "Feature", "properties": { "fid": 690, "Endereco": "Rodovia BR-230", "Proprietario": null, "Situacao_Ocupacao": null, "Bairro": "Areia Dourada", "Quadra": "Não encontrado", "Lote": "SN", "Municipio": "Cabedelo-PB", "Inquerito_Policial": null, "Area": null, "Habite_se": null, "Fase_investigacao": "7. Sem definição", "Laudo_SPU": null, "Area_invadida": null, "Pericia_PF": null, "Pericia_PF_link": null, "Laudo_SPU_link": null, "habite-se_link": null, "alvara_municipal_link": null, "Inquerito_policial_link": null, "numero_inquerito_policial": null, "numero_alvara_municipal": null, "numero_habite-se": null, "numero_pericia_PF": null, "numero_laudo_SPU": null, "AutoJudicial": null, "area_iinquerito_PF": null, "area_spu": null, "pericia_01": null, "Pericia_02": null, "Pericia_03": null, "Loteamento": "Não encontrado", "area_pecunia": null, "Situacao_recuo": null, "valor_m2": null, "valor_total": 0.0, "valor_formatado": "R$ 0,00", "Num_imovel": null, "CPF:": null, "alvara_municipal": null, "obs_pericia_pf": null, "obs_laudo_SPU": null, "obs_alvara": null, "obs_habite_se": null, "obs_pecunia": null, "obs_inquerito_pf": null }, "geometry": { "type": "MultiPolygon", "coordinates": [ [ [ [ 298006.059559543733485, 9227188.874217042699456 ], [ 298076.651799815241247, 9227189.041679754853249 ], [ 298097.91229085548548, 9227188.62744115665555 ], [ 298098.064101178490091, 9227150.412959899753332 ], [ 298076.260661457956303, 9227150.133311841636896 ], [ 298009.065465433930513, 9227149.880937855690718 ], [ 298006.059559543733485, 9227188.874217042699456 ] ] ] ] } },
{ "type": "Feature", "properties": { "fid": 691, "Endereco": "Rodovia BR-230", "Proprietario": null, "Situacao_Ocupacao": null, "Bairro": "Areia Dourada", "Quadra": "Não encontrado", "Lote": "SN", "Municipio": "Cabedelo-PB", "Inquerito_Policial": null, "Area": null, "Habite_se": null, "Fase_investigacao": "7. Sem definição", "Laudo_SPU": null, "Area_invadida": null, "Pericia_PF": null, "Pericia_PF_link": null, "Laudo_SPU_link": null, "habite-se_link": null, "alvara_municipal_link": null, "Inquerito_policial_link": null, "numero_inquerito_policial": null, "numero_alvara_municipal": null, "numero_habite-se": null, "numero_pericia_PF": null, "numero_laudo_SPU": null, "AutoJudicial": null, "area_iinquerito_PF": null, "area_spu": null, "pericia_01": null, "Pericia_02": null, "Pericia_03": null, "Loteamento": "Não encontrado", "area_pecunia": null, "Situacao_recuo": null, "valor_m2": null, "valor_total": 0.0, "valor_formatado": "R$ 0,00", "Num_imovel": null, "CPF:": null, "alvara_municipal": null, "obs_pericia_pf": null, "obs_laudo_SPU": null, "obs_alvara": null, "obs_habite_se": null, "obs_pecunia": null, "obs_inquerito_pf": null }, "geometry": { "type": "MultiPolygon", "coordinates": [ [ [ [ 298004.931905513978563, 9227207.069299455732107 ], [ 298036.867571784823667, 9227205.041192004457116 ], [ 298076.787154623190872, 9227202.506057685241103 ], [ 298076.787154623307288, 9227202.506057685241103 ], [ 298097.86247380299028, 9227201.16764778830111 ], [ 298097.91229085548548, 9227188.62744115665555 ], [ 298076.651799815241247, 9227189.041679754853249 ], [ 298006.059559543733485, 9227188.874217042699456 ], [ 298004.931905513978563, 9227207.069299455732107 ] ] ] ] } },
{ "type": "Feature", "properties": { "fid": 692, "Endereco": "Rodovia BR-230", "Proprietario": null, "Situacao_Ocupacao": null, "Bairro": "Areia Dourada", "Quadra": "E", "Lote": "08", "Municipio": "Cabedelo-PB", "Inquerito_Policial": null, "Area": null, "Habite_se": null, "Fase_investigacao": "7. Sem definição", "Laudo_SPU": null, "Area_invadida": null, "Pericia_PF": null, "Pericia_PF_link": null, "Laudo_SPU_link": null, "habite-se_link": null, "alvara_municipal_link": null, "Inquerito_policial_link": null, "numero_inquerito_policial": null, "numero_alvara_municipal": null, "numero_habite-se": null, "numero_pericia_PF": null, "numero_laudo_SPU": null, "AutoJudicial": null, "area_iinquerito_PF": null, "area_spu": null, "pericia_01": null, "Pericia_02": null, "Pericia_03": null, "Loteamento": "Jardim Maralina", "area_pecunia": null, "Situacao_recuo": null, "valor_m2": null, "valor_total": 0.0, "valor_formatado": "R$ 0,00", "Num_imovel": null, "CPF:": null, "alvara_municipal": null, "obs_pericia_pf": null, "obs_laudo_SPU": null, "obs_alvara": null, "obs_habite_se": null, "obs_pecunia": null, "obs_inquerito_pf": null }, "geometry": { "type": "MultiPolygon", "coordinates": [ [ [ [ 298036.867571784823667, 9227205.041192004457116 ], [ 298036.587847697373945, 9227219.038397239521146 ], [ 298076.507430533703882, 9227216.503262925893068 ], [ 298098.272968989796937, 9227215.121019940823317 ], [ 298097.86247380299028, 9227201.16764778830111 ], [ 298076.787154623190872, 9227202.506057687103748 ], [ 298076.787154623132665, 9227202.506057690829039 ], [ 298036.867571784823667, 9227205.041192004457116 ] ] ] ] } },
{ "type": "Feature", "properties": { "fid": 693, "Endereco": "Rodovia BR-230", "Proprietario": null, "Situacao_Ocupacao": null, "Bairro": "Areia Dourada", "Quadra": "E", "Lote": "09", "Municipio": "Cabedelo-PB", "Inquerito_Policial": null, "Area": null, "Habite_se": null, "Fase_investigacao": "7. Sem definição", "Laudo_SPU": null, "Area_invadida": null, "Pericia_PF": null, "Pericia_PF_link": null, "Laudo_SPU_link": null, "habite-se_link": null, "alvara_municipal_link": null, "Inquerito_policial_link": null, "numero_inquerito_policial": null, "numero_alvara_municipal": null, "numero_habite-se": null, "numero_pericia_PF": null, "numero_laudo_SPU": null, "AutoJudicial": null, "area_iinquerito_PF": null, "area_spu": null, "pericia_01": null, "Pericia_02": null, "Pericia_03": null, "Loteamento": "Jardim Maralina", "area_pecunia": null, "Situacao_recuo": null, "valor_m2": null, "valor_total": 0.0, "valor_formatado": "R$ 0,00", "Num_imovel": null, "CPF:": null, "alvara_municipal": null, "obs_pericia_pf": null, "obs_laudo_SPU": null, "obs_alvara": null, "obs_habite_se": null, "obs_pecunia": null, "obs_inquerito_pf": null }, "geometry": { "type": "MultiPolygon", "coordinates": [ [ [ [ 298036.587847697373945, 9227219.038397239521146 ], [ 298036.328103902109433, 9227232.035802105441689 ], [ 298076.247686736227479, 9227229.500667786225677 ], [ 298098.654143091698643, 9227228.077722646296024 ], [ 298098.272968989796937, 9227215.121019940823317 ], [ 298076.507430533703882, 9227216.503262925893068 ], [ 298036.587847697373945, 9227219.038397239521146 ] ] ] ] } },
{ "type": "Feature", "properties": { "fid": 694, "Endereco": "Rodovia BR-230", "Proprietario": null, "Situacao_Ocupacao": null, "Bairro": "Areia Dourada", "Quadra": "E", "Lote": "10", "Municipio": "Cabedelo-PB", "Inquerito_Policial": null, "Area": null, "Habite_se": null, "Fase_investigacao": "7. Sem definição", "Laudo_SPU": null, "Area_invadida": null, "Pericia_PF": null, "Pericia_PF_link": null, "Laudo_SPU_link": null, "habite-se_link": null, "alvara_municipal_link": null, "Inquerito_policial_link": null, "numero_inquerito_policial": null, "numero_alvara_municipal": null, "numero_habite-se": null, "numero_pericia_PF": null, "numero_laudo_SPU": null, "AutoJudicial": null, "area_iinquerito_PF": null, "area_spu": null, "pericia_01": null, "Pericia_02": null, "Pericia_03": null, "Loteamento": "Jardim Maralina", "area_pecunia": null, "Situacao_recuo": null, "valor_m2": null, "valor_total": 0.0, "valor_formatado": "R$ 0,00", "Num_imovel": null, "CPF:": null, "alvara_municipal": null, "obs_pericia_pf": null, "obs_laudo_SPU": null, "obs_alvara": null, "obs_habite_se": null, "obs_pecunia": null, "obs_inquerito_pf": null }, "geometry": { "type": "MultiPolygon", "coordinates": [ [ [ [ 298036.328103902109433, 9227232.035802105441689 ], [ 298036.068360106728505, 9227245.033206965774298 ], [ 298075.987942938576452, 9227242.498072650283575 ], [ 298099.035317193774972, 9227241.034425357356668 ], [ 298098.654143091698643, 9227228.077722646296024 ], [ 298076.247686736227479, 9227229.500667786225677 ], [ 298036.328103902109433, 9227232.035802105441689 ] ] ] ] } },
{ "type": "Feature", "properties": { "fid": 695, "Endereco": "Rodovia BR-230", "Proprietario": null, "Situacao_Ocupacao": null, "Bairro": "Areia Dourada", "Quadra": "E", "Lote": "11", "Municipio": "Cabedelo-PB", "Inquerito_Policial": null, "Area": null, "Habite_se": null, "Fase_investigacao": "7. Sem definição", "Laudo_SPU": null, "Area_invadida": null, "Pericia_PF": null, "Pericia_PF_link": null, "Laudo_SPU_link": null, "habite-se_link": null, "alvara_municipal_link": null, "Inquerito_policial_link": null, "numero_inquerito_policial": null, "numero_alvara_municipal": null, "numero_habite-se": null, "numero_pericia_PF": null, "numero_laudo_SPU": null, "AutoJudicial": null, "area_iinquerito_PF": null, "area_spu": null, "pericia_01": null, "Pericia_02": null, "Pericia_03": null, "Loteamento": "Jardim Maralina", "area_pecunia": null, "Situacao_recuo": null, "valor_m2": null, "valor_total": 0.0, "valor_formatado": "R$ 0,00", "Num_imovel": null, "CPF:": null, "alvara_municipal": null, "obs_pericia_pf": null, "obs_laudo_SPU": null, "obs_alvara": null, "obs_habite_se": null, "obs_pecunia": null, "obs_inquerito_pf": null }, "geometry": { "type": "MultiPolygon", "coordinates": [ [ [ [ 298036.06836010661209, 9227245.033206965774298 ], [ 298035.808616312511731, 9227258.030611829832196 ], [ 298075.728199140983634, 9227255.495477512478828 ], [ 298099.416491295676678, 9227253.991128066554666 ], [ 298099.035317193774972, 9227241.034425357356668 ], [ 298075.987942938576452, 9227242.498072650283575 ], [ 298036.06836010661209, 9227245.033206965774298 ] ] ] ] } },
{ "type": "Feature", "properties": { "fid": 696, "Endereco": "Rodovia BR-230", "Proprietario": null, "Situacao_Ocupacao": null, "Bairro": "Areia Dourada", "Quadra": "E", "Lote": "12", "Municipio": "Cabedelo-PB", "Inquerito_Policial": null, "Area": null, "Habite_se": null, "Fase_investigacao": "7. Sem definição", "Laudo_SPU": null, "Area_invadida": null, "Pericia_PF": null, "Pericia_PF_link": null, "Laudo_SPU_link": null, "habite-se_link": null, "alvara_municipal_link": null, "Inquerito_policial_link": null, "numero_inquerito_policial": null, "numero_alvara_municipal": null, "numero_habite-se": null, "numero_pericia_PF": null, "numero_laudo_SPU": null, "AutoJudicial": null, "area_iinquerito_PF": null, "area_spu": null, "pericia_01": null, "Pericia_02": null, "Pericia_03": null, "Loteamento": "Jardim Maralina", "area_pecunia": null, "Situacao_recuo": null, "valor_m2": null, "valor_total": 0.0, "valor_formatado": "R$ 0,00", "Num_imovel": null, "CPF:": null, "alvara_municipal": null, "obs_pericia_pf": null, "obs_laudo_SPU": null, "obs_alvara": null, "obs_habite_se": null, "obs_pecunia": null, "obs_inquerito_pf": null }, "geometry": { "type": "MultiPolygon", "coordinates": [ [ [ [ 298075.46845534350723, 9227268.492882376536727 ], [ 298089.740415499371011, 9227267.658834801986814 ], [ 298089.219683494709898, 9227254.638686869293451 ], [ 298075.728199140983634, 9227255.495477512478828 ], [ 298035.808616312511731, 9227258.030611829832196 ], [ 298035.54887251497712, 9227271.02801669202745 ], [ 298075.46845534350723, 9227268.492882376536727 ] ] ] ] } },
{ "type": "Feature", "properties": { "fid": 697, "Endereco": "Rua João Castro de Sena", "Proprietario": null, "Situacao_Ocupacao": null, "Bairro": "Areia Dourada", "Quadra": "H", "Lote": "10", "Municipio": "Cabedelo-PB", "Inquerito_Policial": null, "Area": null, "Habite_se": null, "Fase_investigacao": "7. Sem definição", "Laudo_SPU": null, "Area_invadida": null, "Pericia_PF": null, "Pericia_PF_link": null, "Laudo_SPU_link": null, "habite-se_link": null, "alvara_municipal_link": null, "Inquerito_policial_link": null, "numero_inquerito_policial": null, "numero_alvara_municipal": null, "numero_habite-se": null, "numero_pericia_PF": null, "numero_laudo_SPU": null, "AutoJudicial": null, "area_iinquerito_PF": null, "area_spu": null, "pericia_01": null, "Pericia_02": null, "Pericia_03": null, "Loteamento": "Jardim Maralina", "area_pecunia": null, "Situacao_recuo": null, "valor_m2": null, "valor_total": 0.0, "valor_formatado": "R$ 0,00", "Num_imovel": null, "CPF:": null, "alvara_municipal": null, "obs_pericia_pf": null, "obs_laudo_SPU": null, "obs_alvara": null, "obs_habite_se": null, "obs_pecunia": null, "obs_inquerito_pf": null }, "geometry": { "type": "MultiPolygon", "coordinates": [ [ [ [ 298025.49472349131247, 9227299.986688271164894 ], [ 298025.347159060824197, 9227314.938003176823258 ], [ 298065.233275406528264, 9227313.796392694115639 ], [ 298089.744011081813369, 9227312.879993604496121 ], [ 298090.651465968694538, 9227297.453081395477057 ], [ 298065.378317196620628, 9227298.397985326126218 ], [ 298025.49472349131247, 9227299.986688271164894 ] ] ] ] } },
{ "type": "Feature", "properties": { "fid": 698, "Endereco": "Rodovia BR-230", "Proprietario": null, "Situacao_Ocupacao": null, "Bairro": "Areia Dourada", "Quadra": "H", "Lote": "11", "Municipio": "Cabedelo-PB", "Inquerito_Policial": null, "Area": null, "Habite_se": null, "Fase_investigacao": "7. Sem definição", "Laudo_SPU": null, "Area_invadida": null, "Pericia_PF": null, "Pericia_PF_link": null, "Laudo_SPU_link": null, "habite-se_link": null, "alvara_municipal_link": null, "Inquerito_policial_link": null, "numero_inquerito_policial": null, "numero_alvara_municipal": null, "numero_habite-se": null, "numero_pericia_PF": null, "numero_laudo_SPU": null, "AutoJudicial": null, "area_iinquerito_PF": null, "area_spu": null, "pericia_01": null, "Pericia_02": null, "Pericia_03": null, "Loteamento": "Jardim Maralina", "area_pecunia": null, "Situacao_recuo": null, "valor_m2": null, "valor_total": 0.0, "valor_formatado": "R$ 0,00", "Num_imovel": null, "CPF:": null, "alvara_municipal": null, "obs_pericia_pf": null, "obs_laudo_SPU": null, "obs_alvara": null, "obs_habite_se": null, "obs_pecunia": null, "obs_inquerito_pf": null }, "geometry": { "type": "MultiPolygon", "coordinates": [ [ [ [ 298025.347159060824197, 9227314.938003176823258 ], [ 298025.229539891588502, 9227326.855246596038342 ], [ 298065.120422487496398, 9227325.777458431199193 ], [ 298089.03794607159216, 9227324.883238153532147 ], [ 298089.744011081813369, 9227312.879993604496121 ], [ 298065.233275406528264, 9227313.796392694115639 ], [ 298025.347159060824197, 9227314.938003176823258 ] ] ] ] } },
{ "type": "Feature", "properties": { "fid": 699, "Endereco": "Rodovia BR-230", "Proprietario": null, "Situacao_Ocupacao": null, "Bairro": "Areia Dourada", "Quadra": "H", "Lote": "12", "Municipio": "Cabedelo-PB", "Inquerito_Policial": null, "Area": null, "Habite_se": null, "Fase_investigacao": "7. Sem definição", "Laudo_SPU": null, "Area_invadida": null, "Pericia_PF": null, "Pericia_PF_link": null, "Laudo_SPU_link": null, "habite-se_link": null, "alvara_municipal_link": null, "Inquerito_policial_link": null, "numero_inquerito_policial": null, "numero_alvara_municipal": null, "numero_habite-se": null, "numero_pericia_PF": null, "numero_laudo_SPU": null, "AutoJudicial": null, "area_iinquerito_PF": null, "area_spu": null, "pericia_01": null, "Pericia_02": null, "Pericia_03": null, "Loteamento": "Jardim Maralina", "area_pecunia": null, "Situacao_recuo": null, "valor_m2": null, "valor_total": 0.0, "valor_formatado": "R$ 0,00", "Num_imovel": null, "CPF:": null, "alvara_municipal": null, "obs_pericia_pf": null, "obs_laudo_SPU": null, "obs_alvara": null, "obs_habite_se": null, "obs_pecunia": null, "obs_inquerito_pf": null }, "geometry": { "type": "MultiPolygon", "coordinates": [ [ [ [ 298025.229539891588502, 9227326.855246596038342 ], [ 298025.11164811719209, 9227338.800110526382923 ], [ 298065.015109256608412, 9227336.958070788532495 ], [ 298088.372146219247952, 9227336.201967069879174 ], [ 298089.03794607159216, 9227324.883238153532147 ], [ 298065.120422487496398, 9227325.777458431199193 ], [ 298025.229539891588502, 9227326.855246596038342 ] ] ] ] } },
{ "type": "Feature", "properties": { "fid": 700, "Endereco": "Rodovia BR-230", "Proprietario": null, "Situacao_Ocupacao": null, "Bairro": "Areia Dourada", "Quadra": "H", "Lote": "13", "Municipio": "Cabedelo-PB", "Inquerito_Policial": null, "Area": null, "Habite_se": null, "Fase_investigacao": "7. Sem definição", "Laudo_SPU": null, "Area_invadida": null, "Pericia_PF": null, "Pericia_PF_link": null, "Laudo_SPU_link": null, "habite-se_link": null, "alvara_municipal_link": null, "Inquerito_policial_link": null, "numero_inquerito_policial": null, "numero_alvara_municipal": null, "numero_habite-se": null, "numero_pericia_PF": null, "numero_laudo_SPU": null, "AutoJudicial": null, "area_iinquerito_PF": null, "area_spu": null, "pericia_01": null, "Pericia_02": null, "Pericia_03": null, "Loteamento": "Jardim Maralina", "area_pecunia": null, "Situacao_recuo": null, "valor_m2": null, "valor_total": 0.0, "valor_formatado": "R$ 0,00", "Num_imovel": null, "CPF:": null, "alvara_municipal": null, "obs_pericia_pf": null, "obs_laudo_SPU": null, "obs_alvara": null, "obs_habite_se": null, "obs_pecunia": null, "obs_inquerito_pf": null }, "geometry": { "type": "MultiPolygon", "coordinates": [ [ [ [ 298064.909823639725801, 9227348.13575149141252 ], [ 298087.745884384261444, 9227346.848541891202331 ], [ 298088.372146219247952, 9227336.201967069879174 ], [ 298065.015109256608412, 9227336.958070788532495 ], [ 298019.124967850977555, 9227339.199684536084533 ], [ 298019.010855347791221, 9227350.896853407844901 ], [ 298064.909823639725801, 9227348.13575149141252 ] ] ] ] } },
{ "type": "Feature", "properties": { "fid": 701, "Endereco": "Rodovia BR-230", "Proprietario": null, "Situacao_Ocupacao": null, "Bairro": "Areia Dourada", "Quadra": "H", "Lote": "15", "Municipio": "Cabedelo-PB", "Inquerito_Policial": null, "Area": null, "Habite_se": null, "Fase_investigacao": "7. Sem definição", "Laudo_SPU": null, "Area_invadida": null, "Pericia_PF": null, "Pericia_PF_link": null, "Laudo_SPU_link": null, "habite-se_link": null, "alvara_municipal_link": null, "Inquerito_policial_link": null, "numero_inquerito_policial": null, "numero_alvara_municipal": null, "numero_habite-se": null, "numero_pericia_PF": null, "numero_laudo_SPU": null, "AutoJudicial": null, "area_iinquerito_PF": null, "area_spu": null, "pericia_01": null, "Pericia_02": null, "Pericia_03": null, "Loteamento": "Jardim Maralina", "area_pecunia": null, "Situacao_recuo": null, "valor_m2": null, "valor_total": 0.0, "valor_formatado": "R$ 0,00", "Num_imovel": null, "CPF:": null, "alvara_municipal": null, "obs_pericia_pf": null, "obs_laudo_SPU": null, "obs_alvara": null, "obs_habite_se": null, "obs_pecunia": null, "obs_inquerito_pf": null }, "geometry": { "type": "MultiPolygon", "coordinates": [ [ [ [ 298064.796797387476545, 9227360.135219190269709 ], [ 298018.894463986100163, 9227362.827617989853024 ], [ 298018.775363486725837, 9227375.036084337159991 ], [ 298064.672704455209896, 9227373.309584466740489 ], [ 298086.221807957685087, 9227372.758141992613673 ], [ 298087.020936301618349, 9227359.172802401706576 ], [ 298064.796797387476545, 9227360.135219190269709 ] ] ] ] } },
{ "type": "Feature", "properties": { "fid": 702, "Endereco": "Rodovia BR-230", "Proprietario": null, "Situacao_Ocupacao": null, "Bairro": "Areia Dourada", "Quadra": "H", "Lote": "16", "Municipio": "Cabedelo-PB", "Inquerito_Policial": null, "Area": null, "Habite_se": null, "Fase_investigacao": "7. Sem definição", "Laudo_SPU": null, "Area_invadida": null, "Pericia_PF": null, "Pericia_PF_link": null, "Laudo_SPU_link": null, "habite-se_link": null, "alvara_municipal_link": null, "Inquerito_policial_link": null, "numero_inquerito_policial": null, "numero_alvara_municipal": null, "numero_habite-se": null, "numero_pericia_PF": null, "numero_laudo_SPU": null, "AutoJudicial": null, "area_iinquerito_PF": null, "area_spu": null, "pericia_01": null, "Pericia_02": null, "Pericia_03": null, "Loteamento": "Jardim Maralina", "area_pecunia": null, "Situacao_recuo": null, "valor_m2": null, "valor_total": 0.0, "valor_formatado": "R$ 0,00", "Num_imovel": null, "CPF:": null, "alvara_municipal": null, "obs_pericia_pf": null, "obs_laudo_SPU": null, "obs_alvara": null, "obs_habite_se": null, "obs_pecunia": null, "obs_inquerito_pf": null }, "geometry": { "type": "MultiPolygon", "coordinates": [ [ [ [ 298024.763416658272035, 9227374.657641192898154 ], [ 298024.647264087107033, 9227386.60714490711689 ], [ 298064.564266385801602, 9227384.821946296840906 ], [ 298085.558351865096483, 9227384.037026533856988 ], [ 298086.221807957685087, 9227372.758141992613673 ], [ 298064.672704455209896, 9227373.309584466740489 ], [ 298024.763416658272035, 9227374.657641192898154 ] ] ] ] } },
{ "type": "Feature", "properties": { "fid": 703, "Endereco": "Rodovia BR-230", "Proprietario": null, "Situacao_Ocupacao": null, "Bairro": "Areia Dourada", "Quadra": "H", "Lote": "17", "Municipio": "Cabedelo-PB", "Inquerito_Policial": null, "Area": null, "Habite_se": null, "Fase_investigacao": "7. Sem definição", "Laudo_SPU": null, "Area_invadida": null, "Pericia_PF": null, "Pericia_PF_link": null, "Laudo_SPU_link": null, "habite-se_link": null, "alvara_municipal_link": null, "Inquerito_policial_link": null, "numero_inquerito_policial": null, "numero_alvara_municipal": null, "numero_habite-se": null, "numero_pericia_PF": null, "numero_laudo_SPU": null, "AutoJudicial": null, "area_iinquerito_PF": null, "area_spu": null, "pericia_01": null, "Pericia_02": null, "Pericia_03": null, "Loteamento": "Jardim Maralina", "area_pecunia": null, "Situacao_recuo": null, "valor_m2": null, "valor_total": 0.0, "valor_formatado": "R$ 0,00", "Num_imovel": null, "CPF:": null, "alvara_municipal": null, "obs_pericia_pf": null, "obs_laudo_SPU": null, "obs_alvara": null, "obs_habite_se": null, "obs_pecunia": null, "obs_inquerito_pf": null }, "geometry": { "type": "MultiPolygon", "coordinates": [ [ [ [ 298064.4577186309034, 9227396.133622284978628 ], [ 298084.908380438399035, 9227395.086669091135263 ], [ 298085.558351865096483, 9227384.037026533856988 ], [ 298064.564266385801602, 9227384.821946296840906 ], [ 298024.647264087107033, 9227386.60714490711689 ], [ 298024.531242593075149, 9227398.557773927226663 ], [ 298064.4577186309034, 9227396.133622284978628 ] ] ] ] } },
{ "type": "Feature", "properties": { "fid": 704, "Endereco": "Rua Múcio Abílio Wanderley", "Proprietario": null, "Situacao_Ocupacao": null, "Bairro": "Areia Dourada", "Quadra": "D", "Lote": "03", "Municipio": "Cabedelo-PB", "Inquerito_Policial": null, "Area": null, "Habite_se": null, "Fase_investigacao": "7. Sem definição", "Laudo_SPU": null, "Area_invadida": null, "Pericia_PF": null, "Pericia_PF_link": null, "Laudo_SPU_link": null, "habite-se_link": null, "alvara_municipal_link": null, "Inquerito_policial_link": null, "numero_inquerito_policial": null, "numero_alvara_municipal": null, "numero_habite-se": null, "numero_pericia_PF": null, "numero_laudo_SPU": null, "AutoJudicial": null, "area_iinquerito_PF": null, "area_spu": null, "pericia_01": null, "Pericia_02": null, "Pericia_03": null, "Loteamento": "Jardim Maralina", "area_pecunia": null, "Situacao_recuo": null, "valor_m2": null, "valor_total": 0.0, "valor_formatado": "R$ 0,00", "Num_imovel": null, "CPF:": null, "alvara_municipal": null, "obs_pericia_pf": null, "obs_laudo_SPU": null, "obs_alvara": null, "obs_habite_se": null, "obs_pecunia": null, "obs_inquerito_pf": null }, "geometry": { "type": "MultiPolygon", "coordinates": [ [ [ [ 298064.110511357779615, 9227443.353144098073244 ], [ 298074.717023673874792, 9227443.481361176818609 ], [ 298075.02975123131182, 9227429.484420295804739 ], [ 298064.132572035305202, 9227429.352383755147457 ], [ 298012.63256620982429, 9227428.728379832580686 ], [ 298012.611454164900351, 9227442.730596523731947 ], [ 298064.110511357779615, 9227443.353144098073244 ] ] ] ] } },
{ "type": "Feature", "properties": { "fid": 705, "Endereco": "Rodovia BR-230", "Proprietario": null, "Situacao_Ocupacao": null, "Bairro": "Areia Dourada", "Quadra": "D", "Lote": "04", "Municipio": "Cabedelo-PB", "Inquerito_Policial": null, "Area": null, "Habite_se": null, "Fase_investigacao": "7. Sem definição", "Laudo_SPU": null, "Area_invadida": null, "Pericia_PF": null, "Pericia_PF_link": null, "Laudo_SPU_link": null, "habite-se_link": null, "alvara_municipal_link": null, "Inquerito_policial_link": null, "numero_inquerito_policial": null, "numero_alvara_municipal": null, "numero_habite-se": null, "numero_pericia_PF": null, "numero_laudo_SPU": null, "AutoJudicial": null, "area_iinquerito_PF": null, "area_spu": null, "pericia_01": null, "Pericia_02": null, "Pericia_03": null, "Loteamento": "Jardim Maralina", "area_pecunia": null, "Situacao_recuo": null, "valor_m2": null, "valor_total": 0.0, "valor_formatado": "R$ 0,00", "Num_imovel": null, "CPF:": null, "alvara_municipal": null, "obs_pericia_pf": null, "obs_laudo_SPU": null, "obs_alvara": null, "obs_habite_se": null, "obs_pecunia": null, "obs_inquerito_pf": null }, "geometry": { "type": "MultiPolygon", "coordinates": [ [ [ [ 298064.090080482827034, 9227456.352405933663249 ], [ 298074.426659730903339, 9227456.477359917014837 ], [ 298074.717023673874792, 9227443.481361176818609 ], [ 298064.110538199485745, 9227443.353144424036145 ], [ 298012.611454164900351, 9227442.730596521869302 ], [ 298012.590996448299848, 9227455.729858031496406 ], [ 298064.090080482827034, 9227456.352405933663249 ] ] ] ] } },
{ "type": "Feature", "properties": { "fid": 706, "Endereco": "Rodovia BR-230", "Proprietario": null, "Situacao_Ocupacao": null, "Bairro": "Areia Dourada", "Quadra": "01", "Lote": "05", "Municipio": "Cabedelo-PB", "Inquerito_Policial": null, "Area": null, "Habite_se": null, "Fase_investigacao": "7. Sem definição", "Laudo_SPU": null, "Area_invadida": null, "Pericia_PF": null, "Pericia_PF_link": null, "Laudo_SPU_link": null, "habite-se_link": null, "alvara_municipal_link": null, "Inquerito_policial_link": null, "numero_inquerito_policial": null, "numero_alvara_municipal": null, "numero_habite-se": null, "numero_pericia_PF": null, "numero_laudo_SPU": null, "AutoJudicial": null, "area_iinquerito_PF": null, "area_spu": null, "pericia_01": null, "Pericia_02": null, "Pericia_03": null, "Loteamento": "Jardim Maralina", "area_pecunia": null, "Situacao_recuo": null, "valor_m2": null, "valor_total": 0.0, "valor_formatado": "R$ 0,00", "Num_imovel": null, "CPF:": null, "alvara_municipal": null, "obs_pericia_pf": null, "obs_laudo_SPU": null, "obs_alvara": null, "obs_habite_se": null, "obs_pecunia": null, "obs_inquerito_pf": null }, "geometry": { "type": "MultiPolygon", "coordinates": [ [ [ [ 298058.974430579924956, 9227477.27407225780189 ], [ 298073.786739529052284, 9227477.195977911353111 ], [ 298074.150022357702255, 9227462.108751362189651 ], [ 298058.811902501794975, 9227462.274952795356512 ], [ 298010.014767186716199, 9227462.803710808977485 ], [ 298010.177295264904387, 9227477.802830271422863 ], [ 298058.974430579924956, 9227477.27407225780189 ] ] ] ] } },
{ "type": "Feature", "properties": { "fid": 707, "Endereco": "Rodovia BR-230", "Proprietario": null, "Situacao_Ocupacao": null, "Bairro": "Areia Dourada", "Quadra": "01", "Lote": "02", "Municipio": "Cabedelo-PB", "Inquerito_Policial": null, "Area": null, "Habite_se": null, "Fase_investigacao": "7. Sem definição", "Laudo_SPU": null, "Area_invadida": null, "Pericia_PF": null, "Pericia_PF_link": null, "Laudo_SPU_link": null, "habite-se_link": null, "alvara_municipal_link": null, "Inquerito_policial_link": null, "numero_inquerito_policial": null, "numero_alvara_municipal": null, "numero_habite-se": null, "numero_pericia_PF": null, "numero_laudo_SPU": null, "AutoJudicial": null, "area_iinquerito_PF": null, "area_spu": null, "pericia_01": null, "Pericia_02": null, "Pericia_03": null, "Loteamento": "Jardim Maralina", "area_pecunia": null, "Situacao_recuo": null, "valor_m2": null, "valor_total": 0.0, "valor_formatado": "R$ 0,00", "Num_imovel": null, "CPF:": null, "alvara_municipal": null, "obs_pericia_pf": null, "obs_laudo_SPU": null, "obs_alvara": null, "obs_habite_se": null, "obs_pecunia": null, "obs_inquerito_pf": null }, "geometry": { "type": "MultiPolygon", "coordinates": [ [ [ [ 298056.293218685488682, 9227507.304886622354388 ], [ 298010.502351421106141, 9227507.801069192588329 ], [ 298010.66542125941487, 9227522.850185718387365 ], [ 298056.456288523797411, 9227522.354003148153424 ], [ 298065.15577781148022, 9227522.259736865758896 ], [ 298065.429646619828418, 9227547.534083422273397 ], [ 298066.70997318206355, 9227547.474614875391126 ], [ 298070.917952643474564, 9227507.146415324881673 ], [ 298056.293218685488682, 9227507.304886622354388 ] ] ] ] } },
{ "type": "Feature", "properties": { "fid": 708, "Endereco": "Rua Alfredo Nóbrega", "Proprietario": null, "Situacao_Ocupacao": null, "Bairro": "Poço", "Quadra": "D", "Lote": "03", "Municipio": "Cabedelo-PB", "Inquerito_Policial": null, "Area": null, "Habite_se": null, "Fase_investigacao": "7. Sem definição", "Laudo_SPU": null, "Area_invadida": null, "Pericia_PF": null, "Pericia_PF_link": null, "Laudo_SPU_link": null, "habite-se_link": null, "alvara_municipal_link": null, "Inquerito_policial_link": null, "numero_inquerito_policial": null, "numero_alvara_municipal": null, "numero_habite-se": null, "numero_pericia_PF": null, "numero_laudo_SPU": null, "AutoJudicial": null, "area_iinquerito_PF": null, "area_spu": null, "pericia_01": null, "Pericia_02": null, "Pericia_03": null, "Loteamento": "Jardim Nazareth", "area_pecunia": null, "Situacao_recuo": null, "valor_m2": null, "valor_total": 0.0, "valor_formatado": "R$ 0,00", "Num_imovel": null, "CPF:": null, "alvara_municipal": null, "obs_pericia_pf": null, "obs_laudo_SPU": null, "obs_alvara": null, "obs_habite_se": null, "obs_pecunia": null, "obs_inquerito_pf": null }, "geometry": { "type": "MultiPolygon", "coordinates": [ [ [ [ 297834.960858374484815, 9223716.740327429026365 ], [ 297884.581885409075767, 9223712.371062677353621 ], [ 297899.511736032902263, 9223711.056449219584465 ], [ 297900.0266090168152, 9223725.065281404182315 ], [ 297886.512038778222632, 9223726.255275623872876 ], [ 297836.891011743573472, 9223730.624540375545621 ], [ 297834.960858374484815, 9223716.740327429026365 ] ] ] ] } },
{ "type": "Feature", "properties": { "fid": 709, "Endereco": "Rua Vitorino Cardoso", "Proprietario": null, "Situacao_Ocupacao": null, "Bairro": "Poço", "Quadra": "E", "Lote": "02", "Municipio": "Cabedelo-PB", "Inquerito_Policial": null, "Area": null, "Habite_se": null, "Fase_investigacao": "7. Sem definição", "Laudo_SPU": null, "Area_invadida": null, "Pericia_PF": null, "Pericia_PF_link": null, "Laudo_SPU_link": null, "habite-se_link": null, "alvara_municipal_link": null, "Inquerito_policial_link": null, "numero_inquerito_policial": null, "numero_alvara_municipal": null, "numero_habite-se": null, "numero_pericia_PF": null, "numero_laudo_SPU": null, "AutoJudicial": null, "area_iinquerito_PF": null, "area_spu": null, "pericia_01": null, "Pericia_02": null, "Pericia_03": null, "Loteamento": "Jardim Nazareth", "area_pecunia": null, "Situacao_recuo": null, "valor_m2": null, "valor_total": 0.0, "valor_formatado": "R$ 0,00", "Num_imovel": null, "CPF:": null, "alvara_municipal": null, "obs_pericia_pf": null, "obs_laudo_SPU": null, "obs_alvara": null, "obs_habite_se": null, "obs_pecunia": null, "obs_inquerito_pf": null }, "geometry": { "type": "MultiPolygon", "coordinates": [ [ [ [ 297826.620711141324136, 9223512.41372630558908 ], [ 297826.507883610785939, 9223524.698652643710375 ], [ 297847.119917785283178, 9223522.822331072762609 ], [ 297848.000858016195707, 9223526.847311459481716 ], [ 297868.787081718328409, 9223522.297867996618152 ], [ 297883.65966962557286, 9223520.692455450072885 ], [ 297887.270695890998468, 9223513.385628219693899 ], [ 297886.644912055926397, 9223506.07429732196033 ], [ 297867.622861903393641, 9223508.083302592858672 ], [ 297826.620711141324136, 9223512.41372630558908 ] ] ] ] } },
{ "type": "Feature", "properties": { "fid": 710, "Endereco": "Rua Vitorino Cardoso", "Proprietario": null, "Situacao_Ocupacao": null, "Bairro": "Poço", "Quadra": "Não encontrado", "Lote": "SN", "Municipio": "Cabedelo-PB", "Inquerito_Policial": null, "Area": null, "Habite_se": null, "Fase_investigacao": "7. Sem definição", "Laudo_SPU": null, "Area_invadida": null, "Pericia_PF": null, "Pericia_PF_link": null, "Laudo_SPU_link": null, "habite-se_link": null, "alvara_municipal_link": null, "Inquerito_policial_link": null, "numero_inquerito_policial": null, "numero_alvara_municipal": null, "numero_habite-se": null, "numero_pericia_PF": null, "numero_laudo_SPU": null, "AutoJudicial": null, "area_iinquerito_PF": null, "area_spu": null, "pericia_01": null, "Pericia_02": null, "Pericia_03": null, "Loteamento": "'Não encontrado'", "area_pecunia": null, "Situacao_recuo": null, "valor_m2": null, "valor_total": 0.0, "valor_formatado": "R$ 0,00", "Num_imovel": null, "CPF:": null, "alvara_municipal": null, "obs_pericia_pf": null, "obs_laudo_SPU": null, "obs_alvara": null, "obs_habite_se": null, "obs_pecunia": null, "obs_inquerito_pf": null }, "geometry": { "type": "MultiPolygon", "coordinates": [ [ [ [ 297877.138414206390735, 9223225.242366977035999 ], [ 297869.174631095782388, 9223145.162714429199696 ], [ 297829.799011514289305, 9223149.078551776707172 ], [ 297789.558675228909124, 9223153.307655971497297 ], [ 297799.382939617382362, 9223233.906697204336524 ], [ 297839.132801797823049, 9223229.476356636732817 ], [ 297877.138414206390735, 9223225.242366977035999 ] ] ] ] } },
{ "type": "Feature", "properties": { "fid": 711, "Endereco": "Rodovia BR-230", "Proprietario": null, "Situacao_Ocupacao": null, "Bairro": "Areia Dourada", "Quadra": "07", "Lote": "09", "Municipio": "Cabedelo-PB", "Inquerito_Policial": null, "Area": null, "Habite_se": null, "Fase_investigacao": "7. Sem definição", "Laudo_SPU": null, "Area_invadida": null, "Pericia_PF": null, "Pericia_PF_link": null, "Laudo_SPU_link": null, "habite-se_link": null, "alvara_municipal_link": null, "Inquerito_policial_link": null, "numero_inquerito_policial": null, "numero_alvara_municipal": null, "numero_habite-se": null, "numero_pericia_PF": null, "numero_laudo_SPU": null, "AutoJudicial": null, "area_iinquerito_PF": null, "area_spu": null, "pericia_01": null, "Pericia_02": null, "Pericia_03": null, "Loteamento": "Areia Dourada", "area_pecunia": null, "Situacao_recuo": null, "valor_m2": null, "valor_total": 0.0, "valor_formatado": "R$ 0,00", "Num_imovel": null, "CPF:": null, "alvara_municipal": null, "obs_pericia_pf": null, "obs_laudo_SPU": null, "obs_alvara": null, "obs_habite_se": null, "obs_pecunia": null, "obs_inquerito_pf": null }, "geometry": { "type": "MultiPolygon", "coordinates": [ [ [ [ 298095.796643361623865, 9226744.894408136606216 ], [ 298040.080221841984894, 9226738.685744468122721 ], [ 298039.300325595890172, 9226750.81421204470098 ], [ 298039.298802958102897, 9226750.839566880837083 ], [ 298039.297495049424469, 9226750.864933699369431 ], [ 298039.296401960833464, 9226750.890310682356358 ], [ 298039.295523772540037, 9226750.915696011856198 ], [ 298039.294860547874123, 9226750.941087866201997 ], [ 298039.294412333809305, 9226750.966484425589442 ], [ 298039.294179162068758, 9226750.991883870214224 ], [ 298039.294161049358081, 9226751.017284378409386 ], [ 298039.29435799899511, 9226751.042684128507972 ], [ 298039.294769993401133, 9226751.068081300705671 ], [ 298039.295397006149869, 9226751.093474075198174 ], [ 298039.296238990209531, 9226751.118860630318522 ], [ 298039.297295885218773, 9226751.144239148125052 ], [ 298039.298567617719527, 9226751.169607806950808 ], [ 298039.300054095336236, 9226751.194964786991477 ], [ 298039.301755209744442, 9226751.220308274030685 ], [ 298039.303670841094572, 9226751.245636450126767 ], [ 298039.305800850794185, 9226751.270947499200702 ], [ 298039.308145087445155, 9226751.296239607036114 ], [ 298039.310703382594511, 9226751.321510959416628 ], [ 298039.313475552073214, 9226751.346759745851159 ], [ 298039.316461397684179, 9226751.371984155848622 ], [ 298039.31966070580529, 9226751.397182380780578 ], [ 298039.323073247331195, 9226751.42235261388123 ], [ 298039.326698775170371, 9226751.447493053972721 ], [ 298039.330537032452412, 9226751.4726018961519 ], [ 298039.334587741701398, 9226751.497677339240909 ], [ 298039.338850614323746, 9226751.522717587649822 ], [ 298039.343325344147161, 9226751.547720845788717 ], [ 298039.348011609748937, 9226751.57268532179296 ], [ 298039.35290907509625, 9226751.597609225660563 ], [ 298039.358017390593886, 9226751.622490769252181 ], [ 298039.363336189067923, 9226751.647328171879053 ], [ 298039.368865088792518, 9226751.672119649127126 ], [ 298039.374603694770485, 9226751.696863427758217 ], [ 298039.380551593261771, 9226751.721557730808854 ], [ 298039.386708360339981, 9226751.746200790628791 ], [ 298039.393073553568684, 9226751.770790837705135 ], [ 298039.399646717356518, 9226751.795326111838222 ], [ 298039.406427379290108, 9226751.819804852828383 ], [ 298039.413415054208599, 9226751.84422530606389 ], [ 298039.420609240012709, 9226751.868585720658302 ], [ 298039.428009421972092, 9226751.892884351313114 ], [ 298039.435615070105996, 9226751.917119454592466 ], [ 298039.443425637786277, 9226751.94128929451108 ], [ 298039.451440565986559, 9226751.965392138808966 ], [ 298039.459659279207699, 9226751.98942625708878 ], [ 298039.468081191007514, 9226752.013389928266406 ], [ 298039.476705693232361, 9226752.037281434983015 ], [ 298039.485532171092927, 9226752.06109906360507 ], [ 298039.494559992337599, 9226752.084841106086969 ], [ 298039.503788505622651, 9226752.108505861833692 ], [ 298039.513217053608969, 9226752.132091633975506 ], [ 298039.522844958759379, 9226752.155596729367971 ], [ 298039.532671530265361, 9226752.179019467905164 ], [ 298039.542696064570919, 9226752.202358165755868 ], [ 298039.552917842229363, 9226752.225611152127385 ], [ 298039.563336131221149, 9226752.248776759952307 ], [ 298039.573950185091235, 9226752.27185332775116 ], [ 298039.584759242134169, 9226752.294839203357697 ], [ 298039.595762527838815, 9226752.31773273460567 ], [ 298039.606959252560046, 9226752.340532286092639 ], [ 298039.618348614196293, 9226752.363236218690872 ], [ 298039.629929796908982, 9226752.385842906311154 ], [ 298039.641701969667338, 9226752.408350730314851 ], [ 298039.653664289449807, 9226752.430758072063327 ], [ 298039.665815898159053, 9226752.453063331544399 ], [ 298039.678155924426392, 9226752.475264905020595 ], [ 298039.690683483378962, 9226752.497361203655601 ], [ 298039.703397677105386, 9226752.519350642338395 ], [ 298039.716297595761716, 9226752.541231643408537 ], [ 298039.729382312099915, 9226752.563002640381455 ], [ 298039.742650889034849, 9226752.584662072360516 ], [ 298039.75610237615183, 9226752.606208385899663 ], [ 298039.769735809124541, 9226752.627640036866069 ], [ 298039.783550210588146, 9226752.648955488577485 ], [ 298039.797544587869197, 9226752.670153211802244 ], [ 298039.811717941251118, 9226752.691231690347195 ], [ 298039.826069252914749, 9226752.712189408019185 ], [ 298039.840597493981477, 9226752.733024867251515 ], [ 298039.855301621835679, 9226752.753736572340131 ], [ 298039.870180585829075, 9226752.774323038756847 ], [ 298039.885233316104859, 9226752.794782791286707 ], [ 298039.900458734948188, 9226752.815114360302687 ], [ 298039.915855749801267, 9226752.83531629294157 ], [ 298039.931423258967698, 9226752.855387138202786 ], [ 298039.947160144743975, 9226752.875325456261635 ], [ 298039.963065278949216, 9226752.895129820331931 ], [ 298039.979137523390818, 9226752.914798809215426 ], [ 298039.995375722355675, 9226752.934331012889743 ], [ 298040.011778715881519, 9226752.953725030645728 ], [ 298040.028345323924441, 9226752.972979476675391 ], [ 298040.045074362424202, 9226752.992092963308096 ], [ 298040.061964630207513, 9226753.011064125224948 ], [ 298040.079014916438609, 9226753.029891602694988 ], [ 298040.096224000502843, 9226753.048574041575193 ], [ 298040.113590646709781, 9226753.067110108211637 ], [ 298040.131113611103501, 9226753.085498468950391 ], [ 298040.148791636165697, 9226753.103737810626626 ], [ 298040.16662345797522, 9226753.121826820075512 ], [ 298040.184607794566546, 9226753.139764204621315 ], [ 298040.202743357862346, 9226753.157548677176237 ], [ 298040.221028847852722, 9226753.175178963690996 ], [ 298040.239462955563795, 9226753.192653797566891 ], [ 298040.258044355781749, 9226753.209971928969026 ], [ 298040.276771719101816, 9226753.227132115513086 ], [ 298040.295643702731468, 9226753.244133125990629 ], [ 298040.314658954041079, 9226753.260973742231727 ], [ 298040.333816108934116, 9226753.277652757242322 ], [ 298040.353113793360535, 9226753.294168977066875 ], [ 298040.372550626227167, 9226753.310521215200424 ], [ 298040.392125212587416, 9226753.326708298176527 ], [ 298040.411836149112787, 9226753.342729069292545 ], [ 298040.431682022928726, 9226753.358582379296422 ], [ 298040.451661411731038, 9226753.374267090111971 ], [ 298040.471772883669473, 9226753.389782078564167 ], [ 298040.49201499618357, 9226753.405126230791211 ], [ 298040.512386298913043, 9226753.420298447832465 ], [ 298040.53288533090381, 9226753.435297641903162 ], [ 298040.553510622004978, 9226753.450122738257051 ], [ 298040.574260694673285, 9226753.46477267332375 ], [ 298040.595134060829878, 9226753.479246398434043 ], [ 298040.616129225061741, 9226753.493542874231935 ], [ 298040.637244681711309, 9226753.507661076262593 ], [ 298040.658478916506283, 9226753.521599993109703 ], [ 298040.679830407898407, 9226753.535358624532819 ], [ 298040.701297624560539, 9226753.548935985192657 ], [ 298040.722879027889576, 9226753.562331102788448 ], [ 298040.744573072646745, 9226753.575543012470007 ], [ 298040.766378199274186, 9226753.588570773601532 ], [ 298040.788292848854326, 9226753.601413447409868 ], [ 298040.810315449896734, 9226753.614070113748312 ], [ 298040.83244442002615, 9226753.626539869233966 ], [ 298040.854678177565802, 9226753.638821814209223 ], [ 298040.877015125704929, 9226753.650915071368217 ], [ 298040.899453664082102, 9226753.662818774580956 ], [ 298040.921992183313705, 9226753.674532068893313 ], [ 298040.944629069010261, 9226753.686054116114974 ], [ 298040.96736269799294, 9226753.697384087368846 ], [ 298040.990191439457703, 9226753.708521172404289 ], [ 298041.01311365806032, 9226753.71946457400918 ], [ 298041.036127709608991, 9226753.730213506147265 ], [ 298041.059231945662759, 9226753.740767197683454 ], [ 298041.082424708933104, 9226753.751124894246459 ], [ 298041.105704338056967, 9226753.761285850778222 ], [ 298041.129069161659572, 9226753.771249338984489 ], [ 298041.152517507201992, 9226753.781014647334814 ], [ 298041.176047692308202, 9226753.790581073611975 ], [ 298041.199658030644059, 9226753.799947932362556 ], [ 298041.223346830578521, 9226753.809114553034306 ], [ 298041.247112392389681, 9226753.818080276250839 ], [ 298041.270953012688551, 9226753.826844461262226 ], [ 298041.294866982731037, 9226753.835406480357051 ], [ 298041.318852589058224, 9226753.843765716999769 ], [ 298041.342908110178541, 9226753.851921575143933 ], [ 298041.367031824076548, 9226753.859873468056321 ], [ 298041.391221998317633, 9226753.867620825767517 ], [ 298041.415476901223883, 9226753.875163095071912 ], [ 298041.439794793783221, 9226753.882499732077122 ], [ 298041.464173932326958, 9226753.889630211517215 ], [ 298041.488612568587996, 9226753.89655402302742 ], [ 298041.513108951388858, 9226753.903270671144128 ], [ 298041.537661325070076, 9226753.909779673442245 ], [ 298041.562267928267829, 9226753.916080562397838 ], [ 298041.586926998221315, 9226753.922172889113426 ], [ 298041.611636765184812, 9226753.928056214004755 ], [ 298041.636395459412597, 9226753.93373011611402 ], [ 298041.661201307259034, 9226753.939194187521935 ], [ 298041.686052528268192, 9226753.944448040798306 ], [ 298041.710947340761777, 9226753.949491294100881 ], [ 298041.735883962304797, 9226753.954323589801788 ], [ 298041.760860602080356, 9226753.958944579586387 ], [ 298041.78587547299685, 9226753.963353930041194 ], [ 298041.810926779871807, 9226753.96755133010447 ], [ 298041.836012726882473, 9226753.971536476165056 ], [ 298041.861131515935995, 9226753.975309081375599 ], [ 298041.886281347076874, 9226753.978868877515197 ], [ 298041.911460416857153, 9226753.982215607538819 ], [ 298041.936666918569244, 9226753.985349033027887 ], [ 298041.961899047950283, 9226753.988268928602338 ], [ 298041.961899047892075, 9226753.988268928602338 ], [ 298094.833033764502034, 9226759.879872949793935 ], [ 298111.291976813285146, 9226761.713946981355548 ], [ 298112.960725301876664, 9226746.738631973043084 ], [ 298095.796643361623865, 9226744.894408136606216 ] ] ] ] } }
]
}
